sample_index,original_orientation,orientation,time_ms,uncalibrated_y_g,ideal_y_g,signed_error_g
0,+X,-Y,53073,-1.124000000,-1.0,-0.124000000
1,+X,-Y,53152,-1.128000000,-1.0,-0.128000000
2,+X,-Y,53233,-1.127000000,-1.0,-0.127000000
3,+X,-Y,53312,-1.127000000,-1.0,-0.127000000
4,+X,-Y,53393,-1.121000000,-1.0,-0.121000000
5,+X,-Y,53472,-1.128000000,-1.0,-0.128000000
6,+X,-Y,53552,-1.124000000,-1.0,-0.124000000
7,+X,-Y,53633,-1.116000000,-1.0,-0.116000000
8,+X,-Y,53712,-1.121000000,-1.0,-0.121000000
9,+X,-Y,53793,-1.119000000,-1.0,-0.119000000
10,+X,-Y,53872,-1.120000000,-1.0,-0.120000000
11,+X,-Y,53953,-1.121000000,-1.0,-0.121000000
12,+X,-Y,54032,-1.127000000,-1.0,-0.127000000
13,+X,-Y,54112,-1.133000000,-1.0,-0.133000000
14,+X,-Y,54192,-1.113000000,-1.0,-0.113000000
15,+X,-Y,54272,-1.113000000,-1.0,-0.113000000
16,+X,-Y,54352,-1.121000000,-1.0,-0.121000000
17,+X,-Y,54432,-1.127000000,-1.0,-0.127000000
18,+X,-Y,54513,-1.125000000,-1.0,-0.125000000
19,+X,-Y,54592,-1.122000000,-1.0,-0.122000000
20,+X,-Y,54673,-1.125000000,-1.0,-0.125000000
21,+X,-Y,54752,-1.127000000,-1.0,-0.127000000
22,+X,-Y,54833,-1.128000000,-1.0,-0.128000000
23,+X,-Y,54912,-1.128000000,-1.0,-0.128000000
24,+X,-Y,54992,-1.128000000,-1.0,-0.128000000
25,+X,-Y,55072,-1.124000000,-1.0,-0.124000000
26,+X,-Y,55152,-1.124000000,-1.0,-0.124000000
27,+X,-Y,55233,-1.124000000,-1.0,-0.124000000
28,+X,-Y,55312,-1.122000000,-1.0,-0.122000000
29,+X,-Y,55393,-1.114000000,-1.0,-0.114000000
30,+X,-Y,55472,-1.124000000,-1.0,-0.124000000
31,+X,-Y,55553,-1.128000000,-1.0,-0.128000000
32,+X,-Y,55632,-1.121000000,-1.0,-0.121000000
33,+X,-Y,55712,-1.121000000,-1.0,-0.121000000
34,+X,-Y,55792,-1.125000000,-1.0,-0.125000000
35,+X,-Y,55872,-1.114000000,-1.0,-0.114000000
36,+X,-Y,55953,-1.122000000,-1.0,-0.122000000
37,+X,-Y,56032,-1.127000000,-1.0,-0.127000000
38,+X,-Y,56113,-1.124000000,-1.0,-0.124000000
39,+X,-Y,56192,-1.122000000,-1.0,-0.122000000
40,+X,-Y,56273,-1.122000000,-1.0,-0.122000000
41,+X,-Y,56352,-1.117000000,-1.0,-0.117000000
42,+X,-Y,56432,-1.124000000,-1.0,-0.124000000
43,+X,-Y,56513,-1.128000000,-1.0,-0.128000000
44,+X,-Y,56592,-1.125000000,-1.0,-0.125000000
45,+X,-Y,56673,-1.121000000,-1.0,-0.121000000
46,+X,-Y,56752,-1.121000000,-1.0,-0.121000000
47,+X,-Y,56833,-1.124000000,-1.0,-0.124000000
48,+X,-Y,56912,-1.137000000,-1.0,-0.137000000
49,+X,-Y,56992,-1.117000000,-1.0,-0.117000000
50,+X,-Y,57072,-1.124000000,-1.0,-0.124000000
51,+X,-Y,57152,-1.121000000,-1.0,-0.121000000
52,+X,-Y,57233,-1.121000000,-1.0,-0.121000000
53,+X,-Y,57312,-1.122000000,-1.0,-0.122000000
54,+X,-Y,57393,-1.128000000,-1.0,-0.128000000
55,+X,-Y,57472,-1.121000000,-1.0,-0.121000000
56,+X,-Y,57553,-1.124000000,-1.0,-0.124000000
57,+X,-Y,57632,-1.124000000,-1.0,-0.124000000
58,+X,-Y,57713,-1.122000000,-1.0,-0.122000000
59,+X,-Y,57792,-1.128000000,-1.0,-0.128000000
60,+X,-Y,57872,-1.133000000,-1.0,-0.133000000
61,+X,-Y,57953,-1.114000000,-1.0,-0.114000000
62,+X,-Y,58032,-1.120000000,-1.0,-0.120000000
63,+X,-Y,58113,-1.124000000,-1.0,-0.124000000
64,+X,-Y,58192,-1.124000000,-1.0,-0.124000000
65,+X,-Y,58273,-1.128000000,-1.0,-0.128000000
66,+X,-Y,58352,-1.128000000,-1.0,-0.128000000
67,+X,-Y,58433,-1.129000000,-1.0,-0.129000000
68,+X,-Y,58512,-1.120000000,-1.0,-0.120000000
69,+X,-Y,58593,-1.120000000,-1.0,-0.120000000
70,+X,-Y,58672,-1.122000000,-1.0,-0.122000000
71,+X,-Y,58752,-1.126000000,-1.0,-0.126000000
72,+X,-Y,58833,-1.124000000,-1.0,-0.124000000
73,+X,-Y,58912,-1.124000000,-1.0,-0.124000000
74,+X,-Y,58993,-1.124000000,-1.0,-0.124000000
75,+X,-Y,59072,-1.121000000,-1.0,-0.121000000
76,+X,-Y,59153,-1.121000000,-1.0,-0.121000000
77,+X,-Y,59232,-1.113000000,-1.0,-0.113000000
78,+X,-Y,59313,-1.122000000,-1.0,-0.122000000
79,+X,-Y,59392,-1.128000000,-1.0,-0.128000000
80,+X,-Y,59472,-1.124000000,-1.0,-0.124000000
81,+X,-Y,59553,-1.123000000,-1.0,-0.123000000
82,+X,-Y,59632,-1.124000000,-1.0,-0.124000000
83,+X,-Y,59713,-1.127000000,-1.0,-0.127000000
84,+X,-Y,59792,-1.124000000,-1.0,-0.124000000
85,+X,-Y,59873,-1.121000000,-1.0,-0.121000000
86,+X,-Y,59952,-1.122000000,-1.0,-0.122000000
87,+X,-Y,60033,-1.121000000,-1.0,-0.121000000
88,+X,-Y,60112,-1.121000000,-1.0,-0.121000000
89,+X,-Y,60192,-1.121000000,-1.0,-0.121000000
90,+X,-Y,60272,-1.121000000,-1.0,-0.121000000
91,+X,-Y,60352,-1.108000000,-1.0,-0.108000000
92,+X,-Y,60433,-1.121000000,-1.0,-0.121000000
93,+X,-Y,60512,-1.124000000,-1.0,-0.124000000
94,+X,-Y,60593,-1.124000000,-1.0,-0.124000000
95,+X,-Y,60672,-1.129000000,-1.0,-0.129000000
96,+X,-Y,60753,-1.124000000,-1.0,-0.124000000
97,+X,-Y,60832,-1.121000000,-1.0,-0.121000000
98,+X,-Y,60913,-1.113000000,-1.0,-0.113000000
99,+X,-Y,60992,-1.120000000,-1.0,-0.120000000
100,+X,-Y,61072,-1.120000000,-1.0,-0.120000000
101,+X,-Y,61152,-1.122000000,-1.0,-0.122000000
102,+X,-Y,61232,-1.124000000,-1.0,-0.124000000
103,+X,-Y,61313,-1.122000000,-1.0,-0.122000000
104,+X,-Y,61392,-1.124000000,-1.0,-0.124000000
105,+X,-Y,61473,-1.117000000,-1.0,-0.117000000
106,+X,-Y,61552,-1.117000000,-1.0,-0.117000000
107,+X,-Y,61633,-1.121000000,-1.0,-0.121000000
108,+X,-Y,61712,-1.122000000,-1.0,-0.122000000
109,+X,-Y,61792,-1.124000000,-1.0,-0.124000000
110,+X,-Y,61872,-1.128000000,-1.0,-0.128000000
111,+X,-Y,61952,-1.121000000,-1.0,-0.121000000
112,+X,-Y,62033,-1.124000000,-1.0,-0.124000000
113,+X,-Y,62112,-1.124000000,-1.0,-0.124000000
114,+X,-Y,62193,-1.122000000,-1.0,-0.122000000
115,+X,-Y,62272,-1.129000000,-1.0,-0.129000000
116,+X,-Y,62353,-1.127000000,-1.0,-0.127000000
117,+X,-Y,62432,-1.122000000,-1.0,-0.122000000
118,+X,-Y,62513,-1.124000000,-1.0,-0.124000000
119,+X,-Y,62592,-1.121000000,-1.0,-0.121000000
120,+X,-Y,62672,-1.124000000,-1.0,-0.124000000
121,+X,-Y,62753,-1.128000000,-1.0,-0.128000000
122,+X,-Y,62832,-1.127000000,-1.0,-0.127000000
123,+X,-Y,62913,-1.124000000,-1.0,-0.124000000
124,+X,-Y,62992,-1.137000000,-1.0,-0.137000000
125,+X,-Y,63073,-1.137000000,-1.0,-0.137000000
126,+X,-Y,63152,-1.117000000,-1.0,-0.117000000
127,+X,-Y,63233,-1.127000000,-1.0,-0.127000000
128,+X,-Y,63312,-1.128000000,-1.0,-0.128000000
129,+X,-Y,63392,-1.121000000,-1.0,-0.121000000
130,+X,-Y,63472,-1.127000000,-1.0,-0.127000000
131,+X,-Y,63552,-1.114000000,-1.0,-0.114000000
132,+X,-Y,63633,-1.124000000,-1.0,-0.124000000
133,+X,-Y,63712,-1.122000000,-1.0,-0.122000000
134,+X,-Y,63793,-1.121000000,-1.0,-0.121000000
135,+X,-Y,63872,-1.124000000,-1.0,-0.124000000
136,+X,-Y,63953,-1.124000000,-1.0,-0.124000000
137,+X,-Y,64032,-1.124000000,-1.0,-0.124000000
138,+X,-Y,64112,-1.117000000,-1.0,-0.117000000
139,+X,-Y,64192,-1.121000000,-1.0,-0.121000000
140,+X,-Y,64272,-1.121000000,-1.0,-0.121000000
141,+X,-Y,64353,-1.121000000,-1.0,-0.121000000
142,+X,-Y,64432,-1.128000000,-1.0,-0.128000000
143,+X,-Y,64513,-1.113000000,-1.0,-0.113000000
144,+X,-Y,64592,-1.121000000,-1.0,-0.121000000
145,+X,-Y,64673,-1.119000000,-1.0,-0.119000000
146,+X,-Y,64752,-1.124000000,-1.0,-0.124000000
147,+X,-Y,64832,-1.118000000,-1.0,-0.118000000
148,+X,-Y,64913,-1.117000000,-1.0,-0.117000000
149,+X,-Y,64992,-1.117000000,-1.0,-0.117000000
150,+X,-Y,65073,-1.136000000,-1.0,-0.136000000
151,+X,-Y,65152,-1.113000000,-1.0,-0.113000000
152,+X,-Y,65233,-1.124000000,-1.0,-0.124000000
153,+X,-Y,65312,-1.121000000,-1.0,-0.121000000
154,+X,-Y,65393,-1.122000000,-1.0,-0.122000000
155,+X,-Y,65472,-1.121000000,-1.0,-0.121000000
156,+X,-Y,65552,-1.124000000,-1.0,-0.124000000
157,+X,-Y,65633,-1.125000000,-1.0,-0.125000000
158,+X,-Y,65712,-1.121000000,-1.0,-0.121000000
159,+X,-Y,65793,-1.115000000,-1.0,-0.115000000
160,+X,-Y,65872,-1.121000000,-1.0,-0.121000000
161,+X,-Y,65953,-1.121000000,-1.0,-0.121000000
162,+X,-Y,66032,-1.122000000,-1.0,-0.122000000
163,+X,-Y,66113,-1.124000000,-1.0,-0.124000000
164,+X,-Y,66192,-1.125000000,-1.0,-0.125000000
165,+X,-Y,66272,-1.127000000,-1.0,-0.127000000
166,+X,-Y,66353,-1.119000000,-1.0,-0.119000000
167,+X,-Y,66432,-1.117000000,-1.0,-0.117000000
168,+X,-Y,66513,-1.122000000,-1.0,-0.122000000
169,+X,-Y,66592,-1.124000000,-1.0,-0.124000000
170,+X,-Y,66673,-1.124000000,-1.0,-0.124000000
171,+X,-Y,66752,-1.128000000,-1.0,-0.128000000
172,+X,-Y,66833,-1.124000000,-1.0,-0.124000000
173,+X,-Y,66912,-1.121000000,-1.0,-0.121000000
174,+X,-Y,66992,-1.121000000,-1.0,-0.121000000
175,+X,-Y,67073,-1.121000000,-1.0,-0.121000000
176,+X,-Y,67152,-1.117000000,-1.0,-0.117000000
177,+X,-Y,67233,-1.128000000,-1.0,-0.128000000
178,+X,-Y,67312,-1.124000000,-1.0,-0.124000000
179,+X,-Y,67393,-1.125000000,-1.0,-0.125000000
180,+X,-Y,67472,-1.124000000,-1.0,-0.124000000
181,+X,-Y,67553,-1.120000000,-1.0,-0.120000000
182,+X,-Y,67632,-1.122000000,-1.0,-0.122000000
183,+X,-Y,67712,-1.124000000,-1.0,-0.124000000
184,+X,-Y,67793,-1.121000000,-1.0,-0.121000000
185,+X,-Y,67872,-1.129000000,-1.0,-0.129000000
186,+X,-Y,67953,-1.129000000,-1.0,-0.129000000
187,+X,-Y,68032,-1.121000000,-1.0,-0.121000000
188,+X,-Y,68113,-1.124000000,-1.0,-0.124000000
189,+X,-Y,68192,-1.124000000,-1.0,-0.124000000
190,+X,-Y,68273,-1.121000000,-1.0,-0.121000000
191,+X,-Y,68352,-1.121000000,-1.0,-0.121000000
192,+X,-Y,68432,-1.128000000,-1.0,-0.128000000
193,+X,-Y,68513,-1.133000000,-1.0,-0.133000000
194,+X,-Y,68592,-1.117000000,-1.0,-0.117000000
195,+X,-Y,68673,-1.121000000,-1.0,-0.121000000
196,+X,-Y,68752,-1.121000000,-1.0,-0.121000000
197,+X,-Y,68833,-1.127000000,-1.0,-0.127000000
198,+X,-Y,68912,-1.127000000,-1.0,-0.127000000
199,+X,-Y,68993,-1.124000000,-1.0,-0.124000000
200,+X,-Y,69072,-1.124000000,-1.0,-0.124000000
201,+X,-Y,69152,-1.121000000,-1.0,-0.121000000
202,+X,-Y,69233,-1.127000000,-1.0,-0.127000000
203,+X,-Y,69312,-1.121000000,-1.0,-0.121000000
204,+X,-Y,69393,-1.121000000,-1.0,-0.121000000
205,+X,-Y,69472,-1.128000000,-1.0,-0.128000000
206,+X,-Y,69553,-1.125000000,-1.0,-0.125000000
207,+X,-Y,69632,-1.128000000,-1.0,-0.128000000
208,+X,-Y,69713,-1.128000000,-1.0,-0.128000000
209,+X,-Y,69792,-1.120000000,-1.0,-0.120000000
210,+X,-Y,69872,-1.120000000,-1.0,-0.120000000
211,+X,-Y,69953,-1.137000000,-1.0,-0.137000000
212,+X,-Y,70032,-1.108000000,-1.0,-0.108000000
213,+X,-Y,70113,-1.125000000,-1.0,-0.125000000
214,+X,-Y,70192,-1.124000000,-1.0,-0.124000000
215,+X,-Y,70273,-1.120000000,-1.0,-0.120000000
216,+X,-Y,70352,-1.121000000,-1.0,-0.121000000
217,+X,-Y,70433,-1.128000000,-1.0,-0.128000000
218,+X,-Y,70512,-1.137000000,-1.0,-0.137000000
219,+X,-Y,70592,-1.128000000,-1.0,-0.128000000
220,+X,-Y,70673,-1.125000000,-1.0,-0.125000000
221,+X,-Y,70752,-1.122000000,-1.0,-0.122000000
222,+X,-Y,70833,-1.122000000,-1.0,-0.122000000
223,+X,-Y,70912,-1.124000000,-1.0,-0.124000000
224,+X,-Y,70993,-1.128000000,-1.0,-0.128000000
225,+X,-Y,71072,-1.124000000,-1.0,-0.124000000
226,+X,-Y,71153,-1.124000000,-1.0,-0.124000000
227,+X,-Y,71232,-1.128000000,-1.0,-0.128000000
228,+X,-Y,71312,-1.124000000,-1.0,-0.124000000
229,+X,-Y,71393,-1.124000000,-1.0,-0.124000000
230,+X,-Y,71472,-1.129000000,-1.0,-0.129000000
231,+X,-Y,71553,-1.121000000,-1.0,-0.121000000
232,+X,-Y,71632,-1.133000000,-1.0,-0.133000000
233,+X,-Y,71713,-1.130000000,-1.0,-0.130000000
234,+X,-Y,71792,-1.124000000,-1.0,-0.124000000
235,+X,-Y,71872,-1.124000000,-1.0,-0.124000000
236,+X,-Y,71953,-1.124000000,-1.0,-0.124000000
237,+X,-Y,72032,-1.124000000,-1.0,-0.124000000
238,+X,-Y,72113,-1.128000000,-1.0,-0.128000000
239,+X,-Y,72192,-1.127000000,-1.0,-0.127000000
240,+X,-Y,72273,-1.121000000,-1.0,-0.121000000
241,+X,-Y,72352,-1.124000000,-1.0,-0.124000000
242,+X,-Y,72433,-1.130000000,-1.0,-0.130000000
243,+X,-Y,72512,-1.124000000,-1.0,-0.124000000
244,+X,-Y,72593,-1.133000000,-1.0,-0.133000000
245,+X,-Y,72672,-1.121000000,-1.0,-0.121000000
246,+X,-Y,72752,-1.121000000,-1.0,-0.121000000
247,+X,-Y,72833,-1.121000000,-1.0,-0.121000000
248,+X,-Y,72912,-1.124000000,-1.0,-0.124000000
249,+X,-Y,72993,-1.124000000,-1.0,-0.124000000
250,+X,-Y,73072,-1.124000000,-1.0,-0.124000000
251,+X,-Y,73153,-1.128000000,-1.0,-0.128000000
252,+X,-Y,73232,-1.124000000,-1.0,-0.124000000
253,+X,-Y,73313,-1.121000000,-1.0,-0.121000000
254,+X,-Y,73392,-1.128000000,-1.0,-0.128000000
255,+X,-Y,73473,-1.127000000,-1.0,-0.127000000
256,+X,-Y,73552,-1.124000000,-1.0,-0.124000000
257,+X,-Y,73632,-1.124000000,-1.0,-0.124000000
258,+X,-Y,73713,-1.124000000,-1.0,-0.124000000
259,+X,-Y,73792,-1.124000000,-1.0,-0.124000000
260,+X,-Y,73873,-1.140000000,-1.0,-0.140000000
261,+X,-Y,73952,-1.127000000,-1.0,-0.127000000
262,+X,-Y,74033,-1.128000000,-1.0,-0.128000000
263,+X,-Y,74112,-1.121000000,-1.0,-0.121000000
264,+X,-Y,74193,-1.125000000,-1.0,-0.125000000
265,+X,-Y,74272,-1.122000000,-1.0,-0.122000000
266,+X,-Y,74352,-1.129000000,-1.0,-0.129000000
267,+X,-Y,74433,-1.129000000,-1.0,-0.129000000
268,+X,-Y,74512,-1.113000000,-1.0,-0.113000000
269,+X,-Y,74593,-1.121000000,-1.0,-0.121000000
270,+X,-Y,74672,-1.117000000,-1.0,-0.117000000
271,+X,-Y,74753,-1.117000000,-1.0,-0.117000000
272,+X,-Y,74832,-1.121000000,-1.0,-0.121000000
273,+X,-Y,74913,-1.124000000,-1.0,-0.124000000
274,+X,-Y,74992,-1.124000000,-1.0,-0.124000000
275,+X,-Y,75072,-1.126000000,-1.0,-0.126000000
276,+X,-Y,75152,-1.121000000,-1.0,-0.121000000
277,+X,-Y,75232,-1.121000000,-1.0,-0.121000000
278,+X,-Y,75313,-1.125000000,-1.0,-0.125000000
279,+X,-Y,75392,-1.128000000,-1.0,-0.128000000
280,+X,-Y,75473,-1.122000000,-1.0,-0.122000000
281,+X,-Y,75552,-1.124000000,-1.0,-0.124000000
282,+X,-Y,75633,-1.124000000,-1.0,-0.124000000
283,+X,-Y,75712,-1.124000000,-1.0,-0.124000000
284,+X,-Y,75793,-1.137000000,-1.0,-0.137000000
285,+X,-Y,75872,-1.128000000,-1.0,-0.128000000
286,+X,-Y,75952,-1.124000000,-1.0,-0.124000000
287,+X,-Y,76032,-1.121000000,-1.0,-0.121000000
288,+X,-Y,76112,-1.121000000,-1.0,-0.121000000
289,+X,-Y,76193,-1.128000000,-1.0,-0.128000000
290,+X,-Y,76272,-1.122000000,-1.0,-0.122000000
291,+X,-Y,76353,-1.130000000,-1.0,-0.130000000
292,+X,-Y,76432,-1.129000000,-1.0,-0.129000000
293,+X,-Y,76513,-1.121000000,-1.0,-0.121000000
294,+X,-Y,76592,-1.122000000,-1.0,-0.122000000
295,+X,-Y,76672,-1.122000000,-1.0,-0.122000000
296,+X,-Y,76752,-1.124000000,-1.0,-0.124000000
297,+X,-Y,76832,-1.122000000,-1.0,-0.122000000
298,+X,-Y,76913,-1.124000000,-1.0,-0.124000000
299,+X,-Y,76992,-1.124000000,-1.0,-0.124000000
300,+X,-Y,77073,-1.121000000,-1.0,-0.121000000
301,+X,-Y,77152,-1.121000000,-1.0,-0.121000000
302,+X,-Y,77233,-1.127000000,-1.0,-0.127000000
303,+X,-Y,77312,-1.127000000,-1.0,-0.127000000
304,+X,-Y,77392,-1.121000000,-1.0,-0.121000000
305,+X,-Y,77472,-1.127000000,-1.0,-0.127000000
306,+X,-Y,77552,-1.124000000,-1.0,-0.124000000
307,+X,-Y,77633,-1.129000000,-1.0,-0.129000000
308,+X,-Y,77712,-1.129000000,-1.0,-0.129000000
309,+X,-Y,77793,-1.121000000,-1.0,-0.121000000
310,+X,-Y,77872,-1.121000000,-1.0,-0.121000000
311,+X,-Y,77953,-1.129000000,-1.0,-0.129000000
312,+X,-Y,78032,-1.117000000,-1.0,-0.117000000
313,+X,-Y,78112,-1.130000000,-1.0,-0.130000000
314,+X,-Y,78192,-1.125000000,-1.0,-0.125000000
315,+X,-Y,78272,-1.117000000,-1.0,-0.117000000
316,+X,-Y,78353,-1.122000000,-1.0,-0.122000000
317,+X,-Y,78432,-1.128000000,-1.0,-0.128000000
318,+X,-Y,78513,-1.116000000,-1.0,-0.116000000
319,+X,-Y,78592,-1.122000000,-1.0,-0.122000000
320,+X,-Y,78673,-1.122000000,-1.0,-0.122000000
321,+X,-Y,78752,-1.129000000,-1.0,-0.129000000
322,+X,-Y,78832,-1.120000000,-1.0,-0.120000000
323,+X,-Y,78912,-1.121000000,-1.0,-0.121000000
324,+X,-Y,78992,-1.124000000,-1.0,-0.124000000
325,+X,-Y,79073,-1.124000000,-1.0,-0.124000000
326,+X,-Y,79152,-1.117000000,-1.0,-0.117000000
327,+X,-Y,79233,-1.119000000,-1.0,-0.119000000
328,+X,-Y,79312,-1.119000000,-1.0,-0.119000000
329,+X,-Y,79393,-1.130000000,-1.0,-0.130000000
330,+X,-Y,79472,-1.124000000,-1.0,-0.124000000
331,+X,-Y,79552,-1.137000000,-1.0,-0.137000000
332,+X,-Y,79632,-1.137000000,-1.0,-0.137000000
333,+X,-Y,79712,-1.121000000,-1.0,-0.121000000
334,+X,-Y,79793,-1.124000000,-1.0,-0.124000000
335,+X,-Y,79872,-1.127000000,-1.0,-0.127000000
336,+X,-Y,79953,-1.121000000,-1.0,-0.121000000
337,+X,-Y,80032,-1.121000000,-1.0,-0.121000000
338,+X,-Y,80113,-1.128000000,-1.0,-0.128000000
339,+X,-Y,80192,-1.124000000,-1.0,-0.124000000
340,+X,-Y,80273,-1.121000000,-1.0,-0.121000000
341,+X,-Y,80352,-1.133000000,-1.0,-0.133000000
342,+X,-Y,80432,-1.128000000,-1.0,-0.128000000
343,+X,-Y,80513,-1.123000000,-1.0,-0.123000000
344,+X,-Y,80592,-1.123000000,-1.0,-0.123000000
345,+X,-Y,80673,-1.136000000,-1.0,-0.136000000
346,+X,-Y,80752,-1.119000000,-1.0,-0.119000000
347,+X,-Y,80833,-1.128000000,-1.0,-0.128000000
348,+X,-Y,80912,-1.120000000,-1.0,-0.120000000
349,+X,-Y,80992,-1.121000000,-1.0,-0.121000000
350,+X,-Y,81072,-1.121000000,-1.0,-0.121000000
351,+X,-Y,81152,-1.125000000,-1.0,-0.125000000
352,+X,-Y,81233,-1.129000000,-1.0,-0.129000000
353,+X,-Y,81312,-1.127000000,-1.0,-0.127000000
354,+X,-Y,81393,-1.122000000,-1.0,-0.122000000
355,+X,-Y,81472,-1.122000000,-1.0,-0.122000000
356,+X,-Y,81553,-1.122000000,-1.0,-0.122000000
357,+X,-Y,81632,-1.124000000,-1.0,-0.124000000
358,+X,-Y,81712,-1.123000000,-1.0,-0.123000000
359,+X,-Y,81792,-1.137000000,-1.0,-0.137000000
360,+X,-Y,81872,-1.121000000,-1.0,-0.121000000
361,+X,-Y,81953,-1.124000000,-1.0,-0.124000000
362,+X,-Y,82032,-1.125000000,-1.0,-0.125000000
363,+X,-Y,82113,-1.119000000,-1.0,-0.119000000
364,+X,-Y,82192,-1.120000000,-1.0,-0.120000000
365,+X,-Y,82273,-1.128000000,-1.0,-0.128000000
366,+X,-Y,82352,-1.124000000,-1.0,-0.124000000
367,+X,-Y,82433,-1.124000000,-1.0,-0.124000000
368,+X,-Y,82512,-1.124000000,-1.0,-0.124000000
369,+X,-Y,82592,-1.127000000,-1.0,-0.127000000
370,+X,-Y,82673,-1.128000000,-1.0,-0.128000000
371,+X,-Y,82752,-1.125000000,-1.0,-0.125000000
372,+X,-Y,82833,-1.119000000,-1.0,-0.119000000
373,+X,-Y,82912,-1.122000000,-1.0,-0.122000000
374,+X,-Y,82993,-1.121000000,-1.0,-0.121000000
375,+X,-Y,83072,-1.122000000,-1.0,-0.122000000
376,+X,-Y,83152,-1.124000000,-1.0,-0.124000000
377,+X,-Y,83233,-1.125000000,-1.0,-0.125000000
378,+X,-Y,83312,-1.124000000,-1.0,-0.124000000
379,+X,-Y,83393,-1.121000000,-1.0,-0.121000000
380,+X,-Y,83472,-1.121000000,-1.0,-0.121000000
381,+X,-Y,83553,-1.121000000,-1.0,-0.121000000
382,+X,-Y,83632,-1.125000000,-1.0,-0.125000000
383,+X,-Y,83713,-1.129000000,-1.0,-0.129000000
384,+X,-Y,83792,-1.125000000,-1.0,-0.125000000
385,+X,-Y,83873,-1.127000000,-1.0,-0.127000000
386,+X,-Y,83952,-1.127000000,-1.0,-0.127000000
387,+X,-Y,84032,-1.128000000,-1.0,-0.128000000
388,+X,-Y,84113,-1.122000000,-1.0,-0.122000000
389,+X,-Y,84192,-1.117000000,-1.0,-0.117000000
390,+X,-Y,84273,-1.120000000,-1.0,-0.120000000
391,+X,-Y,84352,-1.127000000,-1.0,-0.127000000
392,+X,-Y,84433,-1.122000000,-1.0,-0.122000000
393,+X,-Y,84512,-1.122000000,-1.0,-0.122000000
394,+X,-Y,84593,-1.117000000,-1.0,-0.117000000
395,+X,-Y,84672,-1.121000000,-1.0,-0.121000000
396,+X,-Y,84752,-1.137000000,-1.0,-0.137000000
397,+X,-Y,84833,-1.117000000,-1.0,-0.117000000
398,+X,-Y,84912,-1.124000000,-1.0,-0.124000000
399,+X,-Y,84993,-1.122000000,-1.0,-0.122000000
400,+X,-Y,85072,-1.127000000,-1.0,-0.127000000
401,+X,-Y,85153,-1.121000000,-1.0,-0.121000000
402,+X,-Y,85232,-1.128000000,-1.0,-0.128000000
403,+X,-Y,85313,-1.116000000,-1.0,-0.116000000
404,+X,-Y,85392,-1.127000000,-1.0,-0.127000000
405,+X,-Y,85472,-1.127000000,-1.0,-0.127000000
406,+X,-Y,85553,-1.125000000,-1.0,-0.125000000
407,+X,-Y,85632,-1.124000000,-1.0,-0.124000000
408,+X,-Y,85713,-1.128000000,-1.0,-0.128000000
409,+X,-Y,85792,-1.121000000,-1.0,-0.121000000
410,+X,-Y,85873,-1.124000000,-1.0,-0.124000000
411,+X,-Y,85952,-1.128000000,-1.0,-0.128000000
412,+X,-Y,86033,-1.124000000,-1.0,-0.124000000
413,+X,-Y,86112,-1.124000000,-1.0,-0.124000000
414,+X,-Y,86192,-1.127000000,-1.0,-0.127000000
415,+X,-Y,86273,-1.120000000,-1.0,-0.120000000
416,+X,-Y,86352,-1.108000000,-1.0,-0.108000000
417,+X,-Y,86433,-1.108000000,-1.0,-0.108000000
418,+X,-Y,86512,-1.114000000,-1.0,-0.114000000
419,+X,-Y,86593,-1.124000000,-1.0,-0.124000000
420,+X,-Y,86672,-1.127000000,-1.0,-0.127000000
421,+X,-Y,86753,-1.127000000,-1.0,-0.127000000
422,+X,-Y,86832,-1.120000000,-1.0,-0.120000000
423,+X,-Y,86912,-1.127000000,-1.0,-0.127000000
424,+X,-Y,86993,-1.124000000,-1.0,-0.124000000
425,+X,-Y,87072,-1.122000000,-1.0,-0.122000000
426,+X,-Y,87153,-1.120000000,-1.0,-0.120000000
427,+X,-Y,87232,-1.120000000,-1.0,-0.120000000
428,+X,-Y,87313,-1.124000000,-1.0,-0.124000000
429,+X,-Y,87392,-1.124000000,-1.0,-0.124000000
430,+X,-Y,87473,-1.137000000,-1.0,-0.137000000
431,+X,-Y,87552,-1.117000000,-1.0,-0.117000000
432,+X,-Y,87632,-1.127000000,-1.0,-0.127000000
433,+X,-Y,87713,-1.124000000,-1.0,-0.124000000
434,+X,-Y,87792,-1.120000000,-1.0,-0.120000000
435,+X,-Y,87873,-1.117000000,-1.0,-0.117000000
436,+X,-Y,87952,-1.119000000,-1.0,-0.119000000
437,+X,-Y,88033,-1.122000000,-1.0,-0.122000000
438,+X,-Y,88112,-1.124000000,-1.0,-0.124000000
439,+X,-Y,88193,-1.121000000,-1.0,-0.121000000
440,+X,-Y,88272,-1.121000000,-1.0,-0.121000000
441,+X,-Y,88352,-1.121000000,-1.0,-0.121000000
442,+X,-Y,88433,-1.121000000,-1.0,-0.121000000
443,+X,-Y,88512,-1.128000000,-1.0,-0.128000000
444,+X,-Y,88593,-1.124000000,-1.0,-0.124000000
445,+X,-Y,88672,-1.125000000,-1.0,-0.125000000
446,+X,-Y,88753,-1.124000000,-1.0,-0.124000000
447,+X,-Y,88832,-1.127000000,-1.0,-0.127000000
448,+X,-Y,88913,-1.124000000,-1.0,-0.124000000
449,+X,-Y,88992,-1.133000000,-1.0,-0.133000000
450,+X,-Y,89073,-1.128000000,-1.0,-0.128000000
451,+X,-Y,89152,-1.124000000,-1.0,-0.124000000
452,+X,-Y,89232,-1.121000000,-1.0,-0.121000000
453,+X,-Y,89313,-1.124000000,-1.0,-0.124000000
454,+X,-Y,89392,-1.124000000,-1.0,-0.124000000
455,+X,-Y,89473,-1.128000000,-1.0,-0.128000000
456,+X,-Y,89552,-1.127000000,-1.0,-0.127000000
457,+X,-Y,89633,-1.133000000,-1.0,-0.133000000
458,+X,-Y,89712,-1.113000000,-1.0,-0.113000000
459,+X,-Y,89793,-1.124000000,-1.0,-0.124000000
460,+X,-Y,89872,-1.121000000,-1.0,-0.121000000
461,+X,-Y,89952,-1.121000000,-1.0,-0.121000000
462,+X,-Y,90033,-1.128000000,-1.0,-0.128000000
463,+X,-Y,90112,-1.121000000,-1.0,-0.121000000
464,+X,-Y,90193,-1.113000000,-1.0,-0.113000000
465,+X,-Y,90272,-1.124000000,-1.0,-0.124000000
466,+X,-Y,90353,-1.124000000,-1.0,-0.124000000
467,+X,-Y,90432,-1.122000000,-1.0,-0.122000000
468,+X,-Y,90513,-1.121000000,-1.0,-0.121000000
469,+X,-Y,90592,-1.121000000,-1.0,-0.121000000
470,+X,-Y,90672,-1.125000000,-1.0,-0.125000000
471,+X,-Y,90753,-1.125000000,-1.0,-0.125000000
472,+X,-Y,90832,-1.128000000,-1.0,-0.128000000
473,+X,-Y,90913,-1.127000000,-1.0,-0.127000000
474,+X,-Y,90992,-1.121000000,-1.0,-0.121000000
475,+X,-Y,91073,-1.127000000,-1.0,-0.127000000
476,+X,-Y,91152,-1.121000000,-1.0,-0.121000000
477,+X,-Y,91233,-1.128000000,-1.0,-0.128000000
478,+X,-Y,91312,-1.128000000,-1.0,-0.128000000
479,+X,-Y,91392,-1.125000000,-1.0,-0.125000000
480,+X,-Y,91473,-1.117000000,-1.0,-0.117000000
481,+X,-Y,91552,-1.124000000,-1.0,-0.124000000
482,+X,-Y,91633,-1.125000000,-1.0,-0.125000000
483,+X,-Y,91712,-1.122000000,-1.0,-0.122000000
484,+X,-Y,91793,-1.121000000,-1.0,-0.121000000
485,+X,-Y,91872,-1.111000000,-1.0,-0.111000000
486,+X,-Y,91953,-1.121000000,-1.0,-0.121000000
487,+X,-Y,92032,-1.125000000,-1.0,-0.125000000
488,+X,-Y,92112,-1.120000000,-1.0,-0.120000000
489,+X,-Y,92193,-1.121000000,-1.0,-0.121000000
490,+X,-Y,92272,-1.121000000,-1.0,-0.121000000
491,+X,-Y,92353,-1.124000000,-1.0,-0.124000000
492,+X,-Y,92432,-1.120000000,-1.0,-0.120000000
493,+X,-Y,92513,-1.121000000,-1.0,-0.121000000
494,+X,-Y,92592,-1.116000000,-1.0,-0.116000000
495,+X,-Y,92673,-1.121000000,-1.0,-0.121000000
496,+X,-Y,92752,-1.124000000,-1.0,-0.124000000
497,+X,-Y,92832,-1.122000000,-1.0,-0.122000000
498,+X,-Y,92913,-1.128000000,-1.0,-0.128000000
499,+X,-Y,92992,-1.124000000,-1.0,-0.124000000
500,+X,-Y,93073,-1.121000000,-1.0,-0.121000000
501,+X,-Y,93152,-1.120000000,-1.0,-0.120000000
502,+X,-Y,93233,-1.120000000,-1.0,-0.120000000
503,+X,-Y,93312,-1.124000000,-1.0,-0.124000000
504,+X,-Y,93393,-1.128000000,-1.0,-0.128000000
505,+X,-Y,93472,-1.127000000,-1.0,-0.127000000
506,+X,-Y,93552,-1.124000000,-1.0,-0.124000000
507,+X,-Y,93633,-1.128000000,-1.0,-0.128000000
508,+X,-Y,93712,-1.127000000,-1.0,-0.127000000
509,+X,-Y,93793,-1.117000000,-1.0,-0.117000000
510,+X,-Y,93872,-1.127000000,-1.0,-0.127000000
511,+X,-Y,93953,-1.124000000,-1.0,-0.124000000
512,+X,-Y,94032,-1.117000000,-1.0,-0.117000000
513,+X,-Y,94113,-1.124000000,-1.0,-0.124000000
514,+X,-Y,94192,-1.125000000,-1.0,-0.125000000
515,+X,-Y,94272,-1.125000000,-1.0,-0.125000000
516,+X,-Y,94353,-1.129000000,-1.0,-0.129000000
517,+X,-Y,94432,-1.124000000,-1.0,-0.124000000
518,+X,-Y,94513,-1.121000000,-1.0,-0.121000000
519,+X,-Y,94592,-1.121000000,-1.0,-0.121000000
520,+X,-Y,94673,-1.125000000,-1.0,-0.125000000
521,+X,-Y,94752,-1.129000000,-1.0,-0.129000000
522,+X,-Y,94833,-1.128000000,-1.0,-0.128000000
523,+X,-Y,94912,-1.124000000,-1.0,-0.124000000
524,+X,-Y,94992,-1.122000000,-1.0,-0.122000000
525,+X,-Y,95073,-1.126000000,-1.0,-0.126000000
526,+X,-Y,95152,-1.124000000,-1.0,-0.124000000
527,+X,-Y,95233,-1.124000000,-1.0,-0.124000000
528,+X,-Y,95312,-1.119000000,-1.0,-0.119000000
529,+X,-Y,95393,-1.128000000,-1.0,-0.128000000
530,+X,-Y,95472,-1.128000000,-1.0,-0.128000000
531,+X,-Y,95553,-1.128000000,-1.0,-0.128000000
532,+X,-Y,95632,-1.128000000,-1.0,-0.128000000
533,+X,-Y,95712,-1.128000000,-1.0,-0.128000000
534,+X,-Y,95793,-1.124000000,-1.0,-0.124000000
535,+X,-Y,95872,-1.120000000,-1.0,-0.120000000
536,+X,-Y,95953,-1.121000000,-1.0,-0.121000000
537,+X,-Y,96032,-1.124000000,-1.0,-0.124000000
538,+X,-Y,96113,-1.121000000,-1.0,-0.121000000
539,+X,-Y,96192,-1.121000000,-1.0,-0.121000000
540,+X,-Y,96273,-1.128000000,-1.0,-0.128000000
541,+X,-Y,96352,-1.129000000,-1.0,-0.129000000
542,+X,-Y,96432,-1.127000000,-1.0,-0.127000000
543,+X,-Y,96513,-1.128000000,-1.0,-0.128000000
544,+X,-Y,96592,-1.124000000,-1.0,-0.124000000
545,+X,-Y,96673,-1.117000000,-1.0,-0.117000000
546,+X,-Y,96752,-1.122000000,-1.0,-0.122000000
547,+X,-Y,96833,-1.120000000,-1.0,-0.120000000
548,+X,-Y,96912,-1.121000000,-1.0,-0.121000000
549,+X,-Y,96993,-1.121000000,-1.0,-0.121000000
550,+X,-Y,97072,-1.122000000,-1.0,-0.122000000
551,+X,-Y,97153,-1.122000000,-1.0,-0.122000000
552,+X,-Y,97232,-1.128000000,-1.0,-0.128000000
553,+X,-Y,97312,-1.121000000,-1.0,-0.121000000
554,+X,-Y,97393,-1.124000000,-1.0,-0.124000000
555,+X,-Y,97472,-1.122000000,-1.0,-0.122000000
556,+X,-Y,97553,-1.121000000,-1.0,-0.121000000
557,+X,-Y,97632,-1.124000000,-1.0,-0.124000000
558,+X,-Y,97713,-1.122000000,-1.0,-0.122000000
559,+X,-Y,97792,-1.127000000,-1.0,-0.127000000
560,+X,-Y,97873,-1.122000000,-1.0,-0.122000000
561,+X,-Y,97952,-1.121000000,-1.0,-0.121000000
562,+X,-Y,98032,-1.121000000,-1.0,-0.121000000
563,+X,-Y,98113,-1.121000000,-1.0,-0.121000000
564,+X,-Y,98192,-1.121000000,-1.0,-0.121000000
565,+X,-Y,98273,-1.121000000,-1.0,-0.121000000
566,+X,-Y,98352,-1.121000000,-1.0,-0.121000000
567,+X,-Y,98433,-1.128000000,-1.0,-0.128000000
568,+X,-Y,98512,-1.125000000,-1.0,-0.125000000
569,+X,-Y,98593,-1.122000000,-1.0,-0.122000000
570,+X,-Y,98672,-1.133000000,-1.0,-0.133000000
571,+X,-Y,98753,-1.125000000,-1.0,-0.125000000
572,+X,-Y,98832,-1.121000000,-1.0,-0.121000000
573,+X,-Y,98912,-1.121000000,-1.0,-0.121000000
574,+X,-Y,98992,-1.124000000,-1.0,-0.124000000
575,+X,-Y,99072,-1.113000000,-1.0,-0.113000000
576,+X,-Y,99153,-1.113000000,-1.0,-0.113000000
577,+X,-Y,99232,-1.133000000,-1.0,-0.133000000
578,+X,-Y,99313,-1.128000000,-1.0,-0.128000000
579,+X,-Y,99392,-1.128000000,-1.0,-0.128000000
580,+X,-Y,99473,-1.125000000,-1.0,-0.125000000
581,+X,-Y,99552,-1.128000000,-1.0,-0.128000000
582,+X,-Y,99633,-1.122000000,-1.0,-0.122000000
583,+X,-Y,99712,-1.124000000,-1.0,-0.124000000
584,+X,-Y,99792,-1.122000000,-1.0,-0.122000000
585,+X,-Y,99873,-1.127000000,-1.0,-0.127000000
586,+X,-Y,99952,-1.124000000,-1.0,-0.124000000
587,+X,-Y,100033,-1.125000000,-1.0,-0.125000000
588,+X,-Y,100112,-1.125000000,-1.0,-0.125000000
589,+X,-Y,100193,-1.124000000,-1.0,-0.124000000
590,+X,-Y,100273,-1.127000000,-1.0,-0.127000000
591,+X,-Y,100352,-1.124000000,-1.0,-0.124000000
592,+X,-Y,100433,-1.120000000,-1.0,-0.120000000
593,+X,-Y,100512,-1.121000000,-1.0,-0.121000000
594,+X,-Y,100592,-1.122000000,-1.0,-0.122000000
595,+X,-Y,100673,-1.127000000,-1.0,-0.127000000
596,+X,-Y,100752,-1.125000000,-1.0,-0.125000000
597,+X,-Y,100832,-1.124000000,-1.0,-0.124000000
598,+X,-Y,100913,-1.122000000,-1.0,-0.122000000
599,+X,-Y,100992,-1.122000000,-1.0,-0.122000000
600,+X,-Y,101072,-1.122000000,-1.0,-0.122000000
601,+X,-Y,101153,-1.122000000,-1.0,-0.122000000
602,+X,-Y,101232,-1.124000000,-1.0,-0.124000000
603,+X,-Y,101313,-1.124000000,-1.0,-0.124000000
604,+X,-Y,101392,-1.122000000,-1.0,-0.122000000
605,+X,-Y,101472,-1.120000000,-1.0,-0.120000000
606,+X,-Y,101553,-1.121000000,-1.0,-0.121000000
607,+X,-Y,101632,-1.127000000,-1.0,-0.127000000
608,+X,-Y,101712,-1.128000000,-1.0,-0.128000000
609,+X,-Y,101793,-1.121000000,-1.0,-0.121000000
610,+X,-Y,101872,-1.124000000,-1.0,-0.124000000
611,+X,-Y,101953,-1.128000000,-1.0,-0.128000000
612,+X,-Y,102033,-1.128000000,-1.0,-0.128000000
613,+X,-Y,102112,-1.137000000,-1.0,-0.137000000
614,+X,-Y,102193,-1.122000000,-1.0,-0.122000000
615,+X,-Y,102272,-1.124000000,-1.0,-0.124000000
616,+X,-Y,102352,-1.124000000,-1.0,-0.124000000
617,+X,-Y,102433,-1.122000000,-1.0,-0.122000000
618,+X,-Y,102512,-1.119000000,-1.0,-0.119000000
619,+X,-Y,102592,-1.121000000,-1.0,-0.121000000
620,+X,-Y,102673,-1.121000000,-1.0,-0.121000000
621,+X,-Y,102752,-1.121000000,-1.0,-0.121000000
622,+X,-Y,102833,-1.128000000,-1.0,-0.128000000
623,+X,-Y,102913,-1.130000000,-1.0,-0.130000000
624,+X,-Y,102992,-1.130000000,-1.0,-0.130000000
625,+X,-Y,103073,-1.124000000,-1.0,-0.124000000
626,+X,-Y,103152,-1.124000000,-1.0,-0.124000000
627,+X,-Y,103232,-1.127000000,-1.0,-0.127000000
628,+X,-Y,103313,-1.124000000,-1.0,-0.124000000
629,+X,-Y,103392,-1.121000000,-1.0,-0.121000000
630,+X,-Y,103472,-1.122000000,-1.0,-0.122000000
631,+X,-Y,103553,-1.124000000,-1.0,-0.124000000
632,+X,-Y,103632,-1.124000000,-1.0,-0.124000000
633,+X,-Y,103713,-1.119000000,-1.0,-0.119000000
634,+X,-Y,103792,-1.117000000,-1.0,-0.117000000
635,+X,-Y,103872,-1.124000000,-1.0,-0.124000000
636,+X,-Y,103953,-1.128000000,-1.0,-0.128000000
637,+X,-Y,104032,-1.128000000,-1.0,-0.128000000
638,+X,-Y,104112,-1.129000000,-1.0,-0.129000000
639,+X,-Y,104193,-1.124000000,-1.0,-0.124000000
640,+X,-Y,104272,-1.126000000,-1.0,-0.126000000
641,+X,-Y,104353,-1.124000000,-1.0,-0.124000000
642,+X,-Y,104432,-1.124000000,-1.0,-0.124000000
643,+X,-Y,104512,-1.124000000,-1.0,-0.124000000
644,+X,-Y,104593,-1.124000000,-1.0,-0.124000000
645,+X,-Y,104672,-1.122000000,-1.0,-0.122000000
646,+X,-Y,104752,-1.124000000,-1.0,-0.124000000
647,+X,-Y,104833,-1.113000000,-1.0,-0.113000000
648,+X,-Y,104912,-1.121000000,-1.0,-0.121000000
649,+X,-Y,104993,-1.121000000,-1.0,-0.121000000
650,+X,-Y,105072,-1.122000000,-1.0,-0.122000000
651,+X,-Y,105152,-1.122000000,-1.0,-0.122000000
652,+X,-Y,105233,-1.124000000,-1.0,-0.124000000
653,+X,-Y,105312,-1.117000000,-1.0,-0.117000000
654,+X,-Y,105392,-1.124000000,-1.0,-0.124000000
655,+X,-Y,105473,-1.117000000,-1.0,-0.117000000
656,+X,-Y,105552,-1.119000000,-1.0,-0.119000000
657,+X,-Y,105632,-1.133000000,-1.0,-0.133000000
658,+X,-Y,105713,-1.127000000,-1.0,-0.127000000
659,+X,-Y,105792,-1.124000000,-1.0,-0.124000000
660,+X,-Y,105873,-1.127000000,-1.0,-0.127000000
661,+X,-Y,105953,-1.127000000,-1.0,-0.127000000
662,+X,-Y,106032,-1.128000000,-1.0,-0.128000000
663,+X,-Y,106113,-1.121000000,-1.0,-0.121000000
664,+X,-Y,106192,-1.133000000,-1.0,-0.133000000
665,+X,-Y,106272,-1.127000000,-1.0,-0.127000000
666,+X,-Y,106353,-1.121000000,-1.0,-0.121000000
667,+X,-Y,106432,-1.122000000,-1.0,-0.122000000
668,+X,-Y,106512,-1.128000000,-1.0,-0.128000000
669,+X,-Y,106593,-1.121000000,-1.0,-0.121000000
670,+X,-Y,106672,-1.124000000,-1.0,-0.124000000
671,+X,-Y,106753,-1.124000000,-1.0,-0.124000000
672,+X,-Y,106833,-1.121000000,-1.0,-0.121000000
673,+X,-Y,106912,-1.121000000,-1.0,-0.121000000
674,+X,-Y,106993,-1.123000000,-1.0,-0.123000000
675,+X,-Y,107072,-1.127000000,-1.0,-0.127000000
676,+X,-Y,107152,-1.119000000,-1.0,-0.119000000
677,+X,-Y,107233,-1.129000000,-1.0,-0.129000000
678,+X,-Y,107312,-1.124000000,-1.0,-0.124000000
679,+X,-Y,107392,-1.128000000,-1.0,-0.128000000
680,+X,-Y,107473,-1.124000000,-1.0,-0.124000000
681,+X,-Y,107552,-1.121000000,-1.0,-0.121000000
682,+X,-Y,107633,-1.128000000,-1.0,-0.128000000
683,+X,-Y,107712,-1.125000000,-1.0,-0.125000000
684,+X,-Y,107792,-1.113000000,-1.0,-0.113000000
685,+X,-Y,107873,-1.113000000,-1.0,-0.113000000
686,+X,-Y,107952,-1.121000000,-1.0,-0.121000000
687,+X,-Y,108032,-1.124000000,-1.0,-0.124000000
688,+X,-Y,108113,-1.124000000,-1.0,-0.124000000
689,+X,-Y,108192,-1.124000000,-1.0,-0.124000000
690,+X,-Y,108272,-1.128000000,-1.0,-0.128000000
691,+X,-Y,108353,-1.121000000,-1.0,-0.121000000
692,+X,-Y,108432,-1.121000000,-1.0,-0.121000000
693,+X,-Y,108513,-1.122000000,-1.0,-0.122000000
694,+X,-Y,108592,-1.127000000,-1.0,-0.127000000
695,+X,-Y,108672,-1.122000000,-1.0,-0.122000000
696,+X,-Y,108753,-1.121000000,-1.0,-0.121000000
697,+X,-Y,108832,-1.121000000,-1.0,-0.121000000
698,+X,-Y,108912,-1.117000000,-1.0,-0.117000000
699,+X,-Y,108993,-1.121000000,-1.0,-0.121000000
700,+X,-Y,109072,-1.119000000,-1.0,-0.119000000
701,+X,-Y,109153,-1.119000000,-1.0,-0.119000000
702,+X,-Y,109233,-1.122000000,-1.0,-0.122000000
703,+X,-Y,109312,-1.128000000,-1.0,-0.128000000
704,+X,-Y,109393,-1.124000000,-1.0,-0.124000000
705,+X,-Y,109472,-1.122000000,-1.0,-0.122000000
706,+X,-Y,109552,-1.127000000,-1.0,-0.127000000
707,+X,-Y,109633,-1.121000000,-1.0,-0.121000000
708,+X,-Y,109712,-1.118000000,-1.0,-0.118000000
709,+X,-Y,109792,-1.118000000,-1.0,-0.118000000
710,+X,-Y,109873,-1.128000000,-1.0,-0.128000000
711,+X,-Y,109952,-1.124000000,-1.0,-0.124000000
712,+X,-Y,110032,-1.124000000,-1.0,-0.124000000
713,+X,-Y,110113,-1.122000000,-1.0,-0.122000000
714,+X,-Y,110192,-1.124000000,-1.0,-0.124000000
715,+X,-Y,110273,-1.122000000,-1.0,-0.122000000
716,+X,-Y,110352,-1.124000000,-1.0,-0.124000000
717,+X,-Y,110432,-1.122000000,-1.0,-0.122000000
718,+X,-Y,110513,-1.122000000,-1.0,-0.122000000
719,+X,-Y,110592,-1.127000000,-1.0,-0.127000000
720,+X,-Y,110672,-1.124000000,-1.0,-0.124000000
721,+X,-Y,110753,-1.124000000,-1.0,-0.124000000
722,+X,-Y,110832,-1.124000000,-1.0,-0.124000000
723,+X,-Y,110913,-1.121000000,-1.0,-0.121000000
724,+X,-Y,110993,-1.124000000,-1.0,-0.124000000
725,+X,-Y,111072,-1.124000000,-1.0,-0.124000000
726,+X,-Y,111153,-1.121000000,-1.0,-0.121000000
727,+X,-Y,111232,-1.119000000,-1.0,-0.119000000
728,+X,-Y,111312,-1.125000000,-1.0,-0.125000000
729,+X,-Y,111393,-1.124000000,-1.0,-0.124000000
730,+X,-Y,111472,-1.121000000,-1.0,-0.121000000
731,+X,-Y,111552,-1.121000000,-1.0,-0.121000000
732,+X,-Y,111633,-1.121000000,-1.0,-0.121000000
733,+X,-Y,111712,-1.129000000,-1.0,-0.129000000
734,+X,-Y,111793,-1.129000000,-1.0,-0.129000000
735,+X,-Y,111872,-1.122000000,-1.0,-0.122000000
736,+X,-Y,111952,-1.122000000,-1.0,-0.122000000
737,+X,-Y,112033,-1.117000000,-1.0,-0.117000000
738,+X,-Y,112112,-1.119000000,-1.0,-0.119000000
739,+X,-Y,112192,-1.121000000,-1.0,-0.121000000
740,+X,-Y,112273,-1.124000000,-1.0,-0.124000000
741,+X,-Y,112352,-1.133000000,-1.0,-0.133000000
742,+X,-Y,112432,-1.120000000,-1.0,-0.120000000
743,+X,-Y,112513,-1.124000000,-1.0,-0.124000000
744,+X,-Y,112592,-1.121000000,-1.0,-0.121000000
745,+X,-Y,112673,-1.128000000,-1.0,-0.128000000
746,+X,-Y,112752,-1.128000000,-1.0,-0.128000000
747,+X,-Y,112832,-1.121000000,-1.0,-0.121000000
748,+X,-Y,112913,-1.120000000,-1.0,-0.120000000
749,+X,-Y,112992,-1.111000000,-1.0,-0.111000000
750,+X,-Y,113072,-1.122000000,-1.0,-0.122000000
751,+X,-Y,113153,-1.120000000,-1.0,-0.120000000
752,+X,-Y,113232,-1.124000000,-1.0,-0.124000000
753,+X,-Y,113313,-1.122000000,-1.0,-0.122000000
754,+X,-Y,113392,-1.121000000,-1.0,-0.121000000
755,+X,-Y,113472,-1.121000000,-1.0,-0.121000000
756,+X,-Y,113553,-1.121000000,-1.0,-0.121000000
757,+X,-Y,113632,-1.114000000,-1.0,-0.114000000
758,+X,-Y,113712,-1.114000000,-1.0,-0.114000000
759,+X,-Y,113793,-1.125000000,-1.0,-0.125000000
760,+X,-Y,113872,-1.125000000,-1.0,-0.125000000
761,+X,-Y,113952,-1.126000000,-1.0,-0.126000000
762,+X,-Y,114033,-1.124000000,-1.0,-0.124000000
763,+X,-Y,114112,-1.129000000,-1.0,-0.129000000
764,+X,-Y,114193,-1.119000000,-1.0,-0.119000000
765,+X,-Y,114272,-1.124000000,-1.0,-0.124000000
766,+X,-Y,114352,-1.129000000,-1.0,-0.129000000
767,+X,-Y,114433,-1.121000000,-1.0,-0.121000000
768,+X,-Y,114512,-1.117000000,-1.0,-0.117000000
769,+X,-Y,114592,-1.129000000,-1.0,-0.129000000
770,+X,-Y,114673,-1.129000000,-1.0,-0.129000000
771,+X,-Y,114752,-1.113000000,-1.0,-0.113000000
772,+X,-Y,114833,-1.124000000,-1.0,-0.124000000
773,+X,-Y,114913,-1.124000000,-1.0,-0.124000000
774,+X,-Y,114992,-1.122000000,-1.0,-0.122000000
775,+X,-Y,115073,-1.127000000,-1.0,-0.127000000
776,+X,-Y,115152,-1.128000000,-1.0,-0.128000000
777,+X,-Y,115232,-1.128000000,-1.0,-0.128000000
778,+X,-Y,115313,-1.121000000,-1.0,-0.121000000
779,+X,-Y,115392,-1.124000000,-1.0,-0.124000000
780,+X,-Y,115472,-1.122000000,-1.0,-0.122000000
781,+X,-Y,115553,-1.120000000,-1.0,-0.120000000
782,+X,-Y,115632,-1.120000000,-1.0,-0.120000000
783,+X,-Y,115713,-1.128000000,-1.0,-0.128000000
784,+X,-Y,115792,-1.120000000,-1.0,-0.120000000
785,+X,-Y,115872,-1.117000000,-1.0,-0.117000000
786,+X,-Y,115953,-1.126000000,-1.0,-0.126000000
787,+X,-Y,116032,-1.127000000,-1.0,-0.127000000
788,+X,-Y,116113,-1.124000000,-1.0,-0.124000000
789,+X,-Y,116193,-1.127000000,-1.0,-0.127000000
790,+X,-Y,116272,-1.121000000,-1.0,-0.121000000
791,+X,-Y,116353,-1.120000000,-1.0,-0.120000000
792,+X,-Y,116432,-1.128000000,-1.0,-0.128000000
793,+X,-Y,116512,-1.117000000,-1.0,-0.117000000
794,+X,-Y,116593,-1.128000000,-1.0,-0.128000000
795,+X,-Y,116672,-1.128000000,-1.0,-0.128000000
796,+X,-Y,116752,-1.133000000,-1.0,-0.133000000
797,+X,-Y,116833,-1.121000000,-1.0,-0.121000000
798,+X,-Y,116912,-1.127000000,-1.0,-0.127000000
799,+X,-Y,116993,-1.122000000,-1.0,-0.122000000
800,+X,-Y,117073,-1.113000000,-1.0,-0.113000000
801,+X,-Y,117152,-1.119000000,-1.0,-0.119000000
802,+X,-Y,117233,-1.127000000,-1.0,-0.127000000
803,+X,-Y,117312,-1.113000000,-1.0,-0.113000000
804,+X,-Y,117392,-1.128000000,-1.0,-0.128000000
805,+X,-Y,117473,-1.128000000,-1.0,-0.128000000
806,+X,-Y,117552,-1.128000000,-1.0,-0.128000000
807,+X,-Y,117632,-1.128000000,-1.0,-0.128000000
808,+X,-Y,117713,-1.136000000,-1.0,-0.136000000
809,+X,-Y,117792,-1.113000000,-1.0,-0.113000000
810,+X,-Y,117873,-1.121000000,-1.0,-0.121000000
811,+X,-Y,117952,-1.117000000,-1.0,-0.117000000
812,+X,-Y,118032,-1.121000000,-1.0,-0.121000000
813,+X,-Y,118113,-1.125000000,-1.0,-0.125000000
814,+X,-Y,118192,-1.124000000,-1.0,-0.124000000
815,+X,-Y,118272,-1.128000000,-1.0,-0.128000000
816,+X,-Y,118353,-1.128000000,-1.0,-0.128000000
817,+X,-Y,118432,-1.128000000,-1.0,-0.128000000
818,+X,-Y,118512,-1.124000000,-1.0,-0.124000000
819,+X,-Y,118593,-1.124000000,-1.0,-0.124000000
820,+X,-Y,118672,-1.128000000,-1.0,-0.128000000
821,+X,-Y,118753,-1.119000000,-1.0,-0.119000000
822,+X,-Y,118832,-1.124000000,-1.0,-0.124000000
823,+X,-Y,118912,-1.121000000,-1.0,-0.121000000
824,+X,-Y,118993,-1.122000000,-1.0,-0.122000000
825,+X,-Y,119072,-1.127000000,-1.0,-0.127000000
826,+X,-Y,119152,-1.124000000,-1.0,-0.124000000
827,+X,-Y,119233,-1.119000000,-1.0,-0.119000000
828,+X,-Y,119312,-1.121000000,-1.0,-0.121000000
829,+X,-Y,119392,-1.128000000,-1.0,-0.128000000
830,+X,-Y,119473,-1.128000000,-1.0,-0.128000000
831,+X,-Y,119552,-1.128000000,-1.0,-0.128000000
832,+X,-Y,119633,-1.122000000,-1.0,-0.122000000
833,+X,-Y,119712,-1.124000000,-1.0,-0.124000000
834,+X,-Y,119792,-1.124000000,-1.0,-0.124000000
835,+X,-Y,119873,-1.124000000,-1.0,-0.124000000
836,+X,-Y,119952,-1.121000000,-1.0,-0.121000000
837,+X,-Y,120032,-1.121000000,-1.0,-0.121000000
838,+X,-Y,120113,-1.120000000,-1.0,-0.120000000
839,+X,-Y,120192,-1.121000000,-1.0,-0.121000000
840,+X,-Y,120273,-1.121000000,-1.0,-0.121000000
841,+X,-Y,120353,-1.125000000,-1.0,-0.125000000
842,+X,-Y,120432,-1.121000000,-1.0,-0.121000000
843,+X,-Y,120513,-1.121000000,-1.0,-0.121000000
844,+X,-Y,120592,-1.121000000,-1.0,-0.121000000
845,+X,-Y,120672,-1.128000000,-1.0,-0.128000000
846,+X,-Y,120753,-1.133000000,-1.0,-0.133000000
847,+X,-Y,120832,-1.124000000,-1.0,-0.124000000
848,+X,-Y,120912,-1.121000000,-1.0,-0.121000000
849,+X,-Y,120993,-1.121000000,-1.0,-0.121000000
850,+X,-Y,121072,-1.124000000,-1.0,-0.124000000
851,+X,-Y,121153,-1.117000000,-1.0,-0.117000000
852,+X,-Y,121232,-1.122000000,-1.0,-0.122000000
853,+X,-Y,121312,-1.120000000,-1.0,-0.120000000
854,+X,-Y,121393,-1.124000000,-1.0,-0.124000000
855,+X,-Y,121472,-1.124000000,-1.0,-0.124000000
856,+X,-Y,121552,-1.112000000,-1.0,-0.112000000
857,+X,-Y,121633,-1.121000000,-1.0,-0.121000000
858,+X,-Y,121712,-1.124000000,-1.0,-0.124000000
859,+X,-Y,121793,-1.128000000,-1.0,-0.128000000
860,+X,-Y,121872,-1.125000000,-1.0,-0.125000000
861,+X,-Y,121952,-1.127000000,-1.0,-0.127000000
862,+X,-Y,122033,-1.128000000,-1.0,-0.128000000
863,+X,-Y,122112,-1.127000000,-1.0,-0.127000000
864,+X,-Y,122192,-1.122000000,-1.0,-0.122000000
865,+X,-Y,122273,-1.120000000,-1.0,-0.120000000
866,+X,-Y,122352,-1.117000000,-1.0,-0.117000000
867,+X,-Y,122432,-1.120000000,-1.0,-0.120000000
868,+X,-Y,122513,-1.120000000,-1.0,-0.120000000
869,+X,-Y,122592,-1.120000000,-1.0,-0.120000000
870,+X,-Y,122673,-1.123000000,-1.0,-0.123000000
871,+X,-Y,122752,-1.124000000,-1.0,-0.124000000
872,+X,-Y,122832,-1.128000000,-1.0,-0.128000000
873,+X,-Y,122913,-1.127000000,-1.0,-0.127000000
874,+X,-Y,122992,-1.125000000,-1.0,-0.125000000
875,+X,-Y,123072,-1.127000000,-1.0,-0.127000000
876,+X,-Y,123153,-1.108000000,-1.0,-0.108000000
877,+X,-Y,123232,-1.124000000,-1.0,-0.124000000
878,+X,-Y,123313,-1.121000000,-1.0,-0.121000000
879,+X,-Y,123393,-1.124000000,-1.0,-0.124000000
880,+X,-Y,123472,-1.124000000,-1.0,-0.124000000
881,+X,-Y,123553,-1.121000000,-1.0,-0.121000000
882,+X,-Y,123632,-1.119000000,-1.0,-0.119000000
883,+X,-Y,123712,-1.124000000,-1.0,-0.124000000
884,+X,-Y,123793,-1.113000000,-1.0,-0.113000000
885,+X,-Y,123872,-1.119000000,-1.0,-0.119000000
886,+X,-Y,123953,-1.121000000,-1.0,-0.121000000
887,+X,-Y,124033,-1.124000000,-1.0,-0.124000000
888,+X,-Y,124112,-1.127000000,-1.0,-0.127000000
889,+X,-Y,124193,-1.124000000,-1.0,-0.124000000
890,+X,-Y,124272,-1.121000000,-1.0,-0.121000000
891,+X,-Y,124352,-1.124000000,-1.0,-0.124000000
892,+X,-Y,124433,-1.124000000,-1.0,-0.124000000
893,+X,-Y,124512,-1.120000000,-1.0,-0.120000000
894,+X,-Y,124592,-1.121000000,-1.0,-0.121000000
895,+X,-Y,124673,-1.121000000,-1.0,-0.121000000
896,+X,-Y,124752,-1.124000000,-1.0,-0.124000000
897,+X,-Y,124833,-1.127000000,-1.0,-0.127000000
898,+X,-Y,124912,-1.121000000,-1.0,-0.121000000
899,+X,-Y,124992,-1.127000000,-1.0,-0.127000000
900,+X,-Y,125073,-1.126000000,-1.0,-0.126000000
901,+X,-Y,125152,-1.127000000,-1.0,-0.127000000
902,+X,-Y,125232,-1.122000000,-1.0,-0.122000000
903,+X,-Y,125313,-1.124000000,-1.0,-0.124000000
904,+X,-Y,125392,-1.124000000,-1.0,-0.124000000
905,+X,-Y,125472,-1.137000000,-1.0,-0.137000000
906,+X,-Y,125553,-1.113000000,-1.0,-0.113000000
907,+X,-Y,125632,-1.121000000,-1.0,-0.121000000
908,+X,-Y,125713,-1.121000000,-1.0,-0.121000000
909,+X,-Y,125792,-1.122000000,-1.0,-0.122000000
910,+X,-Y,125872,-1.123000000,-1.0,-0.123000000
911,+X,-Y,125953,-1.128000000,-1.0,-0.128000000
912,+X,-Y,126032,-1.127000000,-1.0,-0.127000000
913,+X,-Y,126112,-1.117000000,-1.0,-0.117000000
914,+X,-Y,126193,-1.124000000,-1.0,-0.124000000
915,+X,-Y,126272,-1.124000000,-1.0,-0.124000000
916,+X,-Y,126353,-1.124000000,-1.0,-0.124000000
917,+X,-Y,126432,-1.125000000,-1.0,-0.125000000
918,+X,-Y,126512,-1.121000000,-1.0,-0.121000000
919,+X,-Y,126593,-1.120000000,-1.0,-0.120000000
920,+X,-Y,126672,-1.121000000,-1.0,-0.121000000
921,+X,-Y,126752,-1.113000000,-1.0,-0.113000000
922,+X,-Y,126833,-1.128000000,-1.0,-0.128000000
923,+X,-Y,126912,-1.127000000,-1.0,-0.127000000
924,+X,-Y,126993,-1.124000000,-1.0,-0.124000000
925,+X,-Y,127072,-1.128000000,-1.0,-0.128000000
926,+X,-Y,127152,-1.124000000,-1.0,-0.124000000
927,+X,-Y,127233,-1.124000000,-1.0,-0.124000000
928,+X,-Y,127312,-1.117000000,-1.0,-0.117000000
929,+X,-Y,127392,-1.117000000,-1.0,-0.117000000
930,+X,-Y,127473,-1.121000000,-1.0,-0.121000000
931,+X,-Y,127552,-1.128000000,-1.0,-0.128000000
932,+X,-Y,127632,-1.127000000,-1.0,-0.127000000
933,+X,-Y,127713,-1.129000000,-1.0,-0.129000000
934,+X,-Y,127792,-1.128000000,-1.0,-0.128000000
935,+X,-Y,127873,-1.124000000,-1.0,-0.124000000
936,+X,-Y,127952,-1.122000000,-1.0,-0.122000000
937,+X,-Y,128032,-1.121000000,-1.0,-0.121000000
938,+X,-Y,128113,-1.121000000,-1.0,-0.121000000
939,+X,-Y,128192,-1.127000000,-1.0,-0.127000000
940,+X,-Y,128272,-1.128000000,-1.0,-0.128000000
941,+X,-Y,128353,-1.128000000,-1.0,-0.128000000
942,+X,-Y,128432,-1.121000000,-1.0,-0.121000000
943,+X,-Y,128513,-1.127000000,-1.0,-0.127000000
944,+X,-Y,128592,-1.125000000,-1.0,-0.125000000
945,+X,-Y,128672,-1.121000000,-1.0,-0.121000000
946,+X,-Y,128753,-1.128000000,-1.0,-0.128000000
947,+X,-Y,128832,-1.124000000,-1.0,-0.124000000
948,+X,-Y,128912,-1.128000000,-1.0,-0.128000000
949,+X,-Y,128993,-1.124000000,-1.0,-0.124000000
950,+X,-Y,129072,-1.124000000,-1.0,-0.124000000
951,+X,-Y,129152,-1.121000000,-1.0,-0.121000000
952,+X,-Y,129233,-1.127000000,-1.0,-0.127000000
953,+X,-Y,129312,-1.127000000,-1.0,-0.127000000
954,+X,-Y,129393,-1.137000000,-1.0,-0.137000000
955,+X,-Y,129472,-1.117000000,-1.0,-0.117000000
956,+X,-Y,129552,-1.121000000,-1.0,-0.121000000
957,+X,-Y,129633,-1.124000000,-1.0,-0.124000000
958,+X,-Y,129712,-1.124000000,-1.0,-0.124000000
959,+X,-Y,129792,-1.119000000,-1.0,-0.119000000
960,+X,-Y,129873,-1.121000000,-1.0,-0.121000000
961,+X,-Y,129952,-1.113000000,-1.0,-0.113000000
962,+X,-Y,130032,-1.121000000,-1.0,-0.121000000
963,+X,-Y,130113,-1.124000000,-1.0,-0.124000000
964,+X,-Y,130192,-1.127000000,-1.0,-0.127000000
965,+X,-Y,130273,-1.127000000,-1.0,-0.127000000
966,+X,-Y,130352,-1.125000000,-1.0,-0.125000000
967,+X,-Y,130432,-1.117000000,-1.0,-0.117000000
968,+X,-Y,130513,-1.120000000,-1.0,-0.120000000
969,+X,-Y,130592,-1.125000000,-1.0,-0.125000000
970,+X,-Y,130672,-1.121000000,-1.0,-0.121000000
971,+X,-Y,130753,-1.125000000,-1.0,-0.125000000
972,+X,-Y,130832,-1.121000000,-1.0,-0.121000000
973,+X,-Y,130913,-1.121000000,-1.0,-0.121000000
974,+X,-Y,130993,-1.127000000,-1.0,-0.127000000
975,+X,-Y,131072,-1.121000000,-1.0,-0.121000000
976,+X,-Y,131153,-1.121000000,-1.0,-0.121000000
977,+X,-Y,131232,-1.121000000,-1.0,-0.121000000
978,+X,-Y,131312,-1.120000000,-1.0,-0.120000000
979,+X,-Y,131393,-1.120000000,-1.0,-0.120000000
980,+X,-Y,131472,-1.127000000,-1.0,-0.127000000
981,+X,-Y,131552,-1.122000000,-1.0,-0.122000000
982,+X,-Y,131633,-1.124000000,-1.0,-0.124000000
983,+X,-Y,131712,-1.121000000,-1.0,-0.121000000
984,+X,-Y,131793,-1.121000000,-1.0,-0.121000000
985,+X,-Y,131873,-1.121000000,-1.0,-0.121000000
986,+X,-Y,131952,-1.127000000,-1.0,-0.127000000
987,+X,-Y,132033,-1.126000000,-1.0,-0.126000000
988,+X,-Y,132112,-1.114000000,-1.0,-0.114000000
989,+X,-Y,132192,-1.114000000,-1.0,-0.114000000
990,+X,-Y,132273,-1.121000000,-1.0,-0.121000000
991,+X,-Y,132352,-1.124000000,-1.0,-0.124000000
992,+X,-Y,132432,-1.128000000,-1.0,-0.128000000
993,+X,-Y,132513,-1.126000000,-1.0,-0.126000000
994,+X,-Y,132592,-1.122000000,-1.0,-0.122000000
995,+X,-Y,132673,-1.120000000,-1.0,-0.120000000
996,+X,-Y,132752,-1.121000000,-1.0,-0.121000000
997,+X,-Y,132832,-1.128000000,-1.0,-0.128000000
998,+X,-Y,132913,-1.124000000,-1.0,-0.124000000
999,+X,-Y,132992,-1.122000000,-1.0,-0.122000000
1000,-X,+Y,161007,1.016000000,1.0,0.016000000
1001,-X,+Y,161088,1.011000000,1.0,0.011000000
1002,-X,+Y,161167,1.017000000,1.0,0.017000000
1003,-X,+Y,161248,1.019000000,1.0,0.019000000
1004,-X,+Y,161327,1.025000000,1.0,0.025000000
1005,-X,+Y,161408,1.028000000,1.0,0.028000000
1006,-X,+Y,161487,1.019000000,1.0,0.019000000
1007,-X,+Y,161568,1.015000000,1.0,0.015000000
1008,-X,+Y,161647,1.015000000,1.0,0.015000000
1009,-X,+Y,161728,1.017000000,1.0,0.017000000
1010,-X,+Y,161807,1.016000000,1.0,0.016000000
1011,-X,+Y,161888,1.016000000,1.0,0.016000000
1012,-X,+Y,161967,1.016000000,1.0,0.016000000
1013,-X,+Y,162047,1.022000000,1.0,0.022000000
1014,-X,+Y,162128,1.016000000,1.0,0.016000000
1015,-X,+Y,162207,1.020000000,1.0,0.020000000
1016,-X,+Y,162288,1.022000000,1.0,0.022000000
1017,-X,+Y,162367,1.012000000,1.0,0.012000000
1018,-X,+Y,162448,1.016000000,1.0,0.016000000
1019,-X,+Y,162527,1.020000000,1.0,0.020000000
1020,-X,+Y,162608,1.024000000,1.0,0.024000000
1021,-X,+Y,162687,1.024000000,1.0,0.024000000
1022,-X,+Y,162768,1.020000000,1.0,0.020000000
1023,-X,+Y,162847,1.016000000,1.0,0.016000000
1024,-X,+Y,162927,1.016000000,1.0,0.016000000
1025,-X,+Y,163008,1.020000000,1.0,0.020000000
1026,-X,+Y,163087,1.016000000,1.0,0.016000000
1027,-X,+Y,163168,1.022000000,1.0,0.022000000
1028,-X,+Y,163247,1.020000000,1.0,0.020000000
1029,-X,+Y,163328,1.022000000,1.0,0.022000000
1030,-X,+Y,163407,1.020000000,1.0,0.020000000
1031,-X,+Y,163488,1.017000000,1.0,0.017000000
1032,-X,+Y,163567,1.016000000,1.0,0.016000000
1033,-X,+Y,163648,1.016000000,1.0,0.016000000
1034,-X,+Y,163727,1.027000000,1.0,0.027000000
1035,-X,+Y,163807,1.023000000,1.0,0.023000000
1036,-X,+Y,163888,1.023000000,1.0,0.023000000
1037,-X,+Y,163967,1.022000000,1.0,0.022000000
1038,-X,+Y,164048,1.016000000,1.0,0.016000000
1039,-X,+Y,164127,1.020000000,1.0,0.020000000
1040,-X,+Y,164208,1.016000000,1.0,0.016000000
1041,-X,+Y,164287,1.016000000,1.0,0.016000000
1042,-X,+Y,164368,1.014000000,1.0,0.014000000
1043,-X,+Y,164447,1.025000000,1.0,0.025000000
1044,-X,+Y,164528,1.020000000,1.0,0.020000000
1045,-X,+Y,164607,1.020000000,1.0,0.020000000
1046,-X,+Y,164688,1.020000000,1.0,0.020000000
1047,-X,+Y,164767,1.020000000,1.0,0.020000000
1048,-X,+Y,164847,1.020000000,1.0,0.020000000
1049,-X,+Y,164928,1.017000000,1.0,0.017000000
1050,-X,+Y,165007,1.016000000,1.0,0.016000000
1051,-X,+Y,165088,1.022000000,1.0,0.022000000
1052,-X,+Y,165167,1.023000000,1.0,0.023000000
1053,-X,+Y,165248,1.016000000,1.0,0.016000000
1054,-X,+Y,165327,1.016000000,1.0,0.016000000
1055,-X,+Y,165408,1.020000000,1.0,0.020000000
1056,-X,+Y,165487,1.016000000,1.0,0.016000000
1057,-X,+Y,165567,1.016000000,1.0,0.016000000
1058,-X,+Y,165647,1.016000000,1.0,0.016000000
1059,-X,+Y,165727,1.019000000,1.0,0.019000000
1060,-X,+Y,165808,1.020000000,1.0,0.020000000
1061,-X,+Y,165887,1.015000000,1.0,0.015000000
1062,-X,+Y,165968,1.022000000,1.0,0.022000000
1063,-X,+Y,166047,1.011000000,1.0,0.011000000
1064,-X,+Y,166128,1.016000000,1.0,0.016000000
1065,-X,+Y,166207,1.016000000,1.0,0.016000000
1066,-X,+Y,166288,1.022000000,1.0,0.022000000
1067,-X,+Y,166367,1.020000000,1.0,0.020000000
1068,-X,+Y,166448,1.016000000,1.0,0.016000000
1069,-X,+Y,166527,1.016000000,1.0,0.016000000
1070,-X,+Y,166607,1.016000000,1.0,0.016000000
1071,-X,+Y,166687,1.020000000,1.0,0.020000000
1072,-X,+Y,166767,1.019000000,1.0,0.019000000
1073,-X,+Y,166848,1.030000000,1.0,0.030000000
1074,-X,+Y,166927,1.017000000,1.0,0.017000000
1075,-X,+Y,167008,1.016000000,1.0,0.016000000
1076,-X,+Y,167087,1.020000000,1.0,0.020000000
1077,-X,+Y,167168,1.020000000,1.0,0.020000000
1078,-X,+Y,167247,1.017000000,1.0,0.017000000
1079,-X,+Y,167328,1.016000000,1.0,0.016000000
1080,-X,+Y,167407,1.019000000,1.0,0.019000000
1081,-X,+Y,167487,1.022000000,1.0,0.022000000
1082,-X,+Y,167567,1.022000000,1.0,0.022000000
1083,-X,+Y,167647,1.035000000,1.0,0.035000000
1084,-X,+Y,167728,1.020000000,1.0,0.020000000
1085,-X,+Y,167807,1.015000000,1.0,0.015000000
1086,-X,+Y,167888,1.011000000,1.0,0.011000000
1087,-X,+Y,167967,1.016000000,1.0,0.016000000
1088,-X,+Y,168048,1.020000000,1.0,0.020000000
1089,-X,+Y,168127,1.020000000,1.0,0.020000000
1090,-X,+Y,168208,1.017000000,1.0,0.017000000
1091,-X,+Y,168287,1.023000000,1.0,0.023000000
1092,-X,+Y,168368,1.016000000,1.0,0.016000000
1093,-X,+Y,168447,1.020000000,1.0,0.020000000
1094,-X,+Y,168527,1.020000000,1.0,0.020000000
1095,-X,+Y,168608,1.024000000,1.0,0.024000000
1096,-X,+Y,168687,1.019000000,1.0,0.019000000
1097,-X,+Y,168768,1.020000000,1.0,0.020000000
1098,-X,+Y,168847,1.016000000,1.0,0.016000000
1099,-X,+Y,168928,1.024000000,1.0,0.024000000
1100,-X,+Y,169007,1.020000000,1.0,0.020000000
1101,-X,+Y,169088,1.020000000,1.0,0.020000000
1102,-X,+Y,169167,1.016000000,1.0,0.016000000
1103,-X,+Y,169248,1.016000000,1.0,0.016000000
1104,-X,+Y,169327,1.015000000,1.0,0.015000000
1105,-X,+Y,169407,1.014000000,1.0,0.014000000
1106,-X,+Y,169488,1.014000000,1.0,0.014000000
1107,-X,+Y,169567,1.017000000,1.0,0.017000000
1108,-X,+Y,169648,1.016000000,1.0,0.016000000
1109,-X,+Y,169727,1.022000000,1.0,0.022000000
1110,-X,+Y,169808,1.023000000,1.0,0.023000000
1111,-X,+Y,169887,1.022000000,1.0,0.022000000
1112,-X,+Y,169968,1.020000000,1.0,0.020000000
1113,-X,+Y,170047,1.020000000,1.0,0.020000000
1114,-X,+Y,170128,1.017000000,1.0,0.017000000
1115,-X,+Y,170207,1.015000000,1.0,0.015000000
1116,-X,+Y,170288,1.020000000,1.0,0.020000000
1117,-X,+Y,170367,1.020000000,1.0,0.020000000
1118,-X,+Y,170447,1.020000000,1.0,0.020000000
1119,-X,+Y,170528,1.020000000,1.0,0.020000000
1120,-X,+Y,170607,1.015000000,1.0,0.015000000
1121,-X,+Y,170688,1.019000000,1.0,0.019000000
1122,-X,+Y,170767,1.016000000,1.0,0.016000000
1123,-X,+Y,170848,1.025000000,1.0,0.025000000
1124,-X,+Y,170927,1.016000000,1.0,0.016000000
1125,-X,+Y,171008,1.011000000,1.0,0.011000000
1126,-X,+Y,171087,1.016000000,1.0,0.016000000
1127,-X,+Y,171168,1.014000000,1.0,0.014000000
1128,-X,+Y,171247,1.017000000,1.0,0.017000000
1129,-X,+Y,171327,1.016000000,1.0,0.016000000
1130,-X,+Y,171408,1.014000000,1.0,0.014000000
1131,-X,+Y,171487,1.014000000,1.0,0.014000000
1132,-X,+Y,171568,1.012000000,1.0,0.012000000
1133,-X,+Y,171647,1.016000000,1.0,0.016000000
1134,-X,+Y,171728,1.020000000,1.0,0.020000000
1135,-X,+Y,171807,1.027000000,1.0,0.027000000
1136,-X,+Y,171888,1.016000000,1.0,0.016000000
1137,-X,+Y,171967,1.019000000,1.0,0.019000000
1138,-X,+Y,172048,1.020000000,1.0,0.020000000
1139,-X,+Y,172127,1.014000000,1.0,0.014000000
1140,-X,+Y,172207,1.017000000,1.0,0.017000000
1141,-X,+Y,172287,1.012000000,1.0,0.012000000
1142,-X,+Y,172367,1.016000000,1.0,0.016000000
1143,-X,+Y,172448,1.016000000,1.0,0.016000000
1144,-X,+Y,172527,1.024000000,1.0,0.024000000
1145,-X,+Y,172608,1.016000000,1.0,0.016000000
1146,-X,+Y,172687,1.016000000,1.0,0.016000000
1147,-X,+Y,172768,1.015000000,1.0,0.015000000
1148,-X,+Y,172847,1.016000000,1.0,0.016000000
1149,-X,+Y,172928,1.019000000,1.0,0.019000000
1150,-X,+Y,173007,1.023000000,1.0,0.023000000
1151,-X,+Y,173088,1.022000000,1.0,0.022000000
1152,-X,+Y,173167,1.016000000,1.0,0.016000000
1153,-X,+Y,173248,1.017000000,1.0,0.017000000
1154,-X,+Y,173327,1.020000000,1.0,0.020000000
1155,-X,+Y,173407,1.020000000,1.0,0.020000000
1156,-X,+Y,173488,1.022000000,1.0,0.022000000
1157,-X,+Y,173567,1.019000000,1.0,0.019000000
1158,-X,+Y,173648,1.020000000,1.0,0.020000000
1159,-X,+Y,173727,1.017000000,1.0,0.017000000
1160,-X,+Y,173808,1.015000000,1.0,0.015000000
1161,-X,+Y,173887,1.020000000,1.0,0.020000000
1162,-X,+Y,173968,1.020000000,1.0,0.020000000
1163,-X,+Y,174047,1.010000000,1.0,0.010000000
1164,-X,+Y,174128,1.028000000,1.0,0.028000000
1165,-X,+Y,174207,1.023000000,1.0,0.023000000
1166,-X,+Y,174287,1.020000000,1.0,0.020000000
1167,-X,+Y,174368,1.020000000,1.0,0.020000000
1168,-X,+Y,174447,1.020000000,1.0,0.020000000
1169,-X,+Y,174528,1.022000000,1.0,0.022000000
1170,-X,+Y,174607,1.022000000,1.0,0.022000000
1171,-X,+Y,174688,1.012000000,1.0,0.012000000
1172,-X,+Y,174767,1.016000000,1.0,0.016000000
1173,-X,+Y,174848,1.020000000,1.0,0.020000000
1174,-X,+Y,174927,1.019000000,1.0,0.019000000
1175,-X,+Y,175007,1.027000000,1.0,0.027000000
1176,-X,+Y,175087,1.016000000,1.0,0.016000000
1177,-X,+Y,175167,1.020000000,1.0,0.020000000
1178,-X,+Y,175248,1.020000000,1.0,0.020000000
1179,-X,+Y,175327,1.020000000,1.0,0.020000000
1180,-X,+Y,175408,1.020000000,1.0,0.020000000
1181,-X,+Y,175487,1.024000000,1.0,0.024000000
1182,-X,+Y,175568,1.020000000,1.0,0.020000000
1183,-X,+Y,175647,1.019000000,1.0,0.019000000
1184,-X,+Y,175728,1.022000000,1.0,0.022000000
1185,-X,+Y,175807,1.020000000,1.0,0.020000000
1186,-X,+Y,175887,1.020000000,1.0,0.020000000
1187,-X,+Y,175967,1.033000000,1.0,0.033000000
1188,-X,+Y,176047,1.015000000,1.0,0.015000000
1189,-X,+Y,176128,1.015000000,1.0,0.015000000
1190,-X,+Y,176207,1.016000000,1.0,0.016000000
1191,-X,+Y,176288,1.020000000,1.0,0.020000000
1192,-X,+Y,176367,1.020000000,1.0,0.020000000
1193,-X,+Y,176448,1.016000000,1.0,0.016000000
1194,-X,+Y,176527,1.015000000,1.0,0.015000000
1195,-X,+Y,176608,1.016000000,1.0,0.016000000
1196,-X,+Y,176687,1.020000000,1.0,0.020000000
1197,-X,+Y,176768,1.022000000,1.0,0.022000000
1198,-X,+Y,176847,1.031000000,1.0,0.031000000
1199,-X,+Y,176927,1.016000000,1.0,0.016000000
1200,-X,+Y,177007,1.015000000,1.0,0.015000000
1201,-X,+Y,177087,1.017000000,1.0,0.017000000
1202,-X,+Y,177168,1.020000000,1.0,0.020000000
1203,-X,+Y,177247,1.016000000,1.0,0.016000000
1204,-X,+Y,177328,1.017000000,1.0,0.017000000
1205,-X,+Y,177407,1.017000000,1.0,0.017000000
1206,-X,+Y,177488,1.019000000,1.0,0.019000000
1207,-X,+Y,177567,1.017000000,1.0,0.017000000
1208,-X,+Y,177648,1.015000000,1.0,0.015000000
1209,-X,+Y,177727,1.016000000,1.0,0.016000000
1210,-X,+Y,177807,1.020000000,1.0,0.020000000
1211,-X,+Y,177887,1.020000000,1.0,0.020000000
1212,-X,+Y,177967,1.020000000,1.0,0.020000000
1213,-X,+Y,178048,1.022000000,1.0,0.022000000
1214,-X,+Y,178127,1.017000000,1.0,0.017000000
1215,-X,+Y,178208,1.021000000,1.0,0.021000000
1216,-X,+Y,178287,1.022000000,1.0,0.022000000
1217,-X,+Y,178368,1.022000000,1.0,0.022000000
1218,-X,+Y,178447,1.028000000,1.0,0.028000000
1219,-X,+Y,178528,1.014000000,1.0,0.014000000
1220,-X,+Y,178607,1.014000000,1.0,0.014000000
1221,-X,+Y,178688,1.014000000,1.0,0.014000000
1222,-X,+Y,178767,1.016000000,1.0,0.016000000
1223,-X,+Y,178847,1.019000000,1.0,0.019000000
1224,-X,+Y,178928,1.019000000,1.0,0.019000000
1225,-X,+Y,179007,1.016000000,1.0,0.016000000
1226,-X,+Y,179088,1.016000000,1.0,0.016000000
1227,-X,+Y,179167,1.016000000,1.0,0.016000000
1228,-X,+Y,179248,1.016000000,1.0,0.016000000
1229,-X,+Y,179327,1.016000000,1.0,0.016000000
1230,-X,+Y,179408,1.019000000,1.0,0.019000000
1231,-X,+Y,179487,1.031000000,1.0,0.031000000
1232,-X,+Y,179567,1.019000000,1.0,0.019000000
1233,-X,+Y,179648,1.014000000,1.0,0.014000000
1234,-X,+Y,179727,1.017000000,1.0,0.017000000
1235,-X,+Y,179808,1.016000000,1.0,0.016000000
1236,-X,+Y,179887,1.014000000,1.0,0.014000000
1237,-X,+Y,179968,1.016000000,1.0,0.016000000
1238,-X,+Y,180047,1.018000000,1.0,0.018000000
1239,-X,+Y,180128,1.024000000,1.0,0.024000000
1240,-X,+Y,180207,1.019000000,1.0,0.019000000
1241,-X,+Y,180288,1.019000000,1.0,0.019000000
1242,-X,+Y,180367,1.017000000,1.0,0.017000000
1243,-X,+Y,180447,1.016000000,1.0,0.016000000
1244,-X,+Y,180528,1.019000000,1.0,0.019000000
1245,-X,+Y,180607,1.016000000,1.0,0.016000000
1246,-X,+Y,180688,1.016000000,1.0,0.016000000
1247,-X,+Y,180767,1.015000000,1.0,0.015000000
1248,-X,+Y,180848,1.016000000,1.0,0.016000000
1249,-X,+Y,180927,1.016000000,1.0,0.016000000
1250,-X,+Y,181008,1.017000000,1.0,0.017000000
1251,-X,+Y,181087,1.027000000,1.0,0.027000000
1252,-X,+Y,181168,1.020000000,1.0,0.020000000
1253,-X,+Y,181247,1.020000000,1.0,0.020000000
1254,-X,+Y,181327,1.020000000,1.0,0.020000000
1255,-X,+Y,181408,1.022000000,1.0,0.022000000
1256,-X,+Y,181487,1.019000000,1.0,0.019000000
1257,-X,+Y,181568,1.020000000,1.0,0.020000000
1258,-X,+Y,181647,1.022000000,1.0,0.022000000
1259,-X,+Y,181728,1.016000000,1.0,0.016000000
1260,-X,+Y,181807,1.015000000,1.0,0.015000000
1261,-X,+Y,181888,1.016000000,1.0,0.016000000
1262,-X,+Y,181967,1.016000000,1.0,0.016000000
1263,-X,+Y,182047,1.017000000,1.0,0.017000000
1264,-X,+Y,182127,1.020000000,1.0,0.020000000
1265,-X,+Y,182207,1.016000000,1.0,0.016000000
1266,-X,+Y,182288,1.016000000,1.0,0.016000000
1267,-X,+Y,182367,1.020000000,1.0,0.020000000
1268,-X,+Y,182448,1.013000000,1.0,0.013000000
1269,-X,+Y,182527,1.019000000,1.0,0.019000000
1270,-X,+Y,182608,1.019000000,1.0,0.019000000
1271,-X,+Y,182687,1.022000000,1.0,0.022000000
1272,-X,+Y,182768,1.017000000,1.0,0.017000000
1273,-X,+Y,182847,1.020000000,1.0,0.020000000
1274,-X,+Y,182928,1.015000000,1.0,0.015000000
1275,-X,+Y,183007,1.011000000,1.0,0.011000000
1276,-X,+Y,183087,1.015000000,1.0,0.015000000
1277,-X,+Y,183167,1.016000000,1.0,0.016000000
1278,-X,+Y,183247,1.016000000,1.0,0.016000000
1279,-X,+Y,183328,1.020000000,1.0,0.020000000
1280,-X,+Y,183407,1.020000000,1.0,0.020000000
1281,-X,+Y,183488,1.020000000,1.0,0.020000000
1282,-X,+Y,183567,1.020000000,1.0,0.020000000
1283,-X,+Y,183648,1.016000000,1.0,0.016000000
1284,-X,+Y,183727,1.014000000,1.0,0.014000000
1285,-X,+Y,183808,1.017000000,1.0,0.017000000
1286,-X,+Y,183887,1.017000000,1.0,0.017000000
1287,-X,+Y,183967,1.024000000,1.0,0.024000000
1288,-X,+Y,184047,1.020000000,1.0,0.020000000
1289,-X,+Y,184127,1.015000000,1.0,0.015000000
1290,-X,+Y,184208,1.015000000,1.0,0.015000000
1291,-X,+Y,184287,1.023000000,1.0,0.023000000
1292,-X,+Y,184368,1.020000000,1.0,0.020000000
1293,-X,+Y,184447,1.027000000,1.0,0.027000000
1294,-X,+Y,184528,1.020000000,1.0,0.020000000
1295,-X,+Y,184607,1.016000000,1.0,0.016000000
1296,-X,+Y,184688,1.017000000,1.0,0.017000000
1297,-X,+Y,184767,1.020000000,1.0,0.020000000
1298,-X,+Y,184847,1.020000000,1.0,0.020000000
1299,-X,+Y,184927,1.012000000,1.0,0.012000000
1300,-X,+Y,185007,1.017000000,1.0,0.017000000
1301,-X,+Y,185088,1.027000000,1.0,0.027000000
1302,-X,+Y,185167,1.016000000,1.0,0.016000000
1303,-X,+Y,185248,1.016000000,1.0,0.016000000
1304,-X,+Y,185327,1.017000000,1.0,0.017000000
1305,-X,+Y,185408,1.022000000,1.0,0.022000000
1306,-X,+Y,185487,1.016000000,1.0,0.016000000
1307,-X,+Y,185567,1.017000000,1.0,0.017000000
1308,-X,+Y,185647,1.020000000,1.0,0.020000000
1309,-X,+Y,185727,1.016000000,1.0,0.016000000
1310,-X,+Y,185808,1.020000000,1.0,0.020000000
1311,-X,+Y,185887,1.025000000,1.0,0.025000000
1312,-X,+Y,185968,1.022000000,1.0,0.022000000
1313,-X,+Y,186047,1.016000000,1.0,0.016000000
1314,-X,+Y,186128,1.020000000,1.0,0.020000000
1315,-X,+Y,186207,1.020000000,1.0,0.020000000
1316,-X,+Y,186288,1.020000000,1.0,0.020000000
1317,-X,+Y,186367,1.020000000,1.0,0.020000000
1318,-X,+Y,186447,1.020000000,1.0,0.020000000
1319,-X,+Y,186528,1.016000000,1.0,0.016000000
1320,-X,+Y,186607,1.011000000,1.0,0.011000000
1321,-X,+Y,186688,1.019000000,1.0,0.019000000
1322,-X,+Y,186767,1.016000000,1.0,0.016000000
1323,-X,+Y,186848,1.020000000,1.0,0.020000000
1324,-X,+Y,186927,1.017000000,1.0,0.017000000
1325,-X,+Y,187008,1.024000000,1.0,0.024000000
1326,-X,+Y,187087,1.025000000,1.0,0.025000000
1327,-X,+Y,187168,1.025000000,1.0,0.025000000
1328,-X,+Y,187247,1.015000000,1.0,0.015000000
1329,-X,+Y,187327,1.021000000,1.0,0.021000000
1330,-X,+Y,187407,1.020000000,1.0,0.020000000
1331,-X,+Y,187487,1.017000000,1.0,0.017000000
1332,-X,+Y,187568,1.016000000,1.0,0.016000000
1333,-X,+Y,187647,1.016000000,1.0,0.016000000
1334,-X,+Y,187728,1.020000000,1.0,0.020000000
1335,-X,+Y,187807,1.023000000,1.0,0.023000000
1336,-X,+Y,187888,1.017000000,1.0,0.017000000
1337,-X,+Y,187967,1.016000000,1.0,0.016000000
1338,-X,+Y,188047,1.020000000,1.0,0.020000000
1339,-X,+Y,188127,1.020000000,1.0,0.020000000
1340,-X,+Y,188207,1.014000000,1.0,0.014000000
1341,-X,+Y,188288,1.016000000,1.0,0.016000000
1342,-X,+Y,188367,1.023000000,1.0,0.023000000
1343,-X,+Y,188448,1.017000000,1.0,0.017000000
1344,-X,+Y,188527,1.015000000,1.0,0.015000000
1345,-X,+Y,188608,1.016000000,1.0,0.016000000
1346,-X,+Y,188687,1.017000000,1.0,0.017000000
1347,-X,+Y,188768,1.019000000,1.0,0.019000000
1348,-X,+Y,188847,1.020000000,1.0,0.020000000
1349,-X,+Y,188928,1.016000000,1.0,0.016000000
1350,-X,+Y,189007,1.020000000,1.0,0.020000000
1351,-X,+Y,189087,1.017000000,1.0,0.017000000
1352,-X,+Y,189167,1.017000000,1.0,0.017000000
1353,-X,+Y,189247,1.025000000,1.0,0.025000000
1354,-X,+Y,189328,1.019000000,1.0,0.019000000
1355,-X,+Y,189407,1.020000000,1.0,0.020000000
1356,-X,+Y,189488,1.014000000,1.0,0.014000000
1357,-X,+Y,189567,1.016000000,1.0,0.016000000
1358,-X,+Y,189648,1.022000000,1.0,0.022000000
1359,-X,+Y,189727,1.016000000,1.0,0.016000000
1360,-X,+Y,189808,1.016000000,1.0,0.016000000
1361,-X,+Y,189887,1.031000000,1.0,0.031000000
1362,-X,+Y,189968,1.022000000,1.0,0.022000000
1363,-X,+Y,190047,1.020000000,1.0,0.020000000
1364,-X,+Y,190127,1.020000000,1.0,0.020000000
1365,-X,+Y,190208,1.017000000,1.0,0.017000000
1366,-X,+Y,190287,1.016000000,1.0,0.016000000
1367,-X,+Y,190368,1.017000000,1.0,0.017000000
1368,-X,+Y,190447,1.014000000,1.0,0.014000000
1369,-X,+Y,190528,1.014000000,1.0,0.014000000
1370,-X,+Y,190607,1.016000000,1.0,0.016000000
1371,-X,+Y,190688,1.020000000,1.0,0.020000000
1372,-X,+Y,190767,1.023000000,1.0,0.023000000
1373,-X,+Y,190847,1.025000000,1.0,0.025000000
1374,-X,+Y,190928,1.016000000,1.0,0.016000000
1375,-X,+Y,191007,1.016000000,1.0,0.016000000
1376,-X,+Y,191088,1.016000000,1.0,0.016000000
1377,-X,+Y,191167,1.015000000,1.0,0.015000000
1378,-X,+Y,191248,1.016000000,1.0,0.016000000
1379,-X,+Y,191327,1.016000000,1.0,0.016000000
1380,-X,+Y,191408,1.017000000,1.0,0.017000000
1381,-X,+Y,191487,1.020000000,1.0,0.020000000
1382,-X,+Y,191567,1.016000000,1.0,0.016000000
1383,-X,+Y,191647,1.016000000,1.0,0.016000000
1384,-X,+Y,191727,1.023000000,1.0,0.023000000
1385,-X,+Y,191808,1.030000000,1.0,0.030000000
1386,-X,+Y,191887,1.016000000,1.0,0.016000000
1387,-X,+Y,191968,1.017000000,1.0,0.017000000
1388,-X,+Y,192047,1.015000000,1.0,0.015000000
1389,-X,+Y,192128,1.015000000,1.0,0.015000000
1390,-X,+Y,192207,1.016000000,1.0,0.016000000
1391,-X,+Y,192288,1.019000000,1.0,0.019000000
1392,-X,+Y,192367,1.016000000,1.0,0.016000000
1393,-X,+Y,192448,1.016000000,1.0,0.016000000
1394,-X,+Y,192527,1.018000000,1.0,0.018000000
1395,-X,+Y,192607,1.017000000,1.0,0.017000000
1396,-X,+Y,192687,1.023000000,1.0,0.023000000
1397,-X,+Y,192767,1.014000000,1.0,0.014000000
1398,-X,+Y,192848,1.012000000,1.0,0.012000000
1399,-X,+Y,192927,1.016000000,1.0,0.016000000
1400,-X,+Y,193008,1.020000000,1.0,0.020000000
1401,-X,+Y,193087,1.020000000,1.0,0.020000000
1402,-X,+Y,193168,1.014000000,1.0,0.014000000
1403,-X,+Y,193247,1.016000000,1.0,0.016000000
1404,-X,+Y,193328,1.020000000,1.0,0.020000000
1405,-X,+Y,193407,1.014000000,1.0,0.014000000
1406,-X,+Y,193487,1.023000000,1.0,0.023000000
1407,-X,+Y,193567,1.016000000,1.0,0.016000000
1408,-X,+Y,193647,1.020000000,1.0,0.020000000
1409,-X,+Y,193728,1.019000000,1.0,0.019000000
1410,-X,+Y,193807,1.020000000,1.0,0.020000000
1411,-X,+Y,193888,1.020000000,1.0,0.020000000
1412,-X,+Y,193967,1.024000000,1.0,0.024000000
1413,-X,+Y,194048,1.024000000,1.0,0.024000000
1414,-X,+Y,194127,1.020000000,1.0,0.020000000
1415,-X,+Y,194207,1.016000000,1.0,0.016000000
1416,-X,+Y,194287,1.027000000,1.0,0.027000000
1417,-X,+Y,194367,1.022000000,1.0,0.022000000
1418,-X,+Y,194448,1.019000000,1.0,0.019000000
1419,-X,+Y,194527,1.016000000,1.0,0.016000000
1420,-X,+Y,194608,1.017000000,1.0,0.017000000
1421,-X,+Y,194687,1.016000000,1.0,0.016000000
1422,-X,+Y,194768,1.020000000,1.0,0.020000000
1423,-X,+Y,194847,1.020000000,1.0,0.020000000
1424,-X,+Y,194928,1.016000000,1.0,0.016000000
1425,-X,+Y,195007,1.016000000,1.0,0.016000000
1426,-X,+Y,195087,1.020000000,1.0,0.020000000
1427,-X,+Y,195168,1.011000000,1.0,0.011000000
1428,-X,+Y,195247,1.023000000,1.0,0.023000000
1429,-X,+Y,195328,1.017000000,1.0,0.017000000
1430,-X,+Y,195407,1.020000000,1.0,0.020000000
1431,-X,+Y,195488,1.015000000,1.0,0.015000000
1432,-X,+Y,195567,1.019000000,1.0,0.019000000
1433,-X,+Y,195648,1.016000000,1.0,0.016000000
1434,-X,+Y,195727,1.020000000,1.0,0.020000000
1435,-X,+Y,195808,1.020000000,1.0,0.020000000
1436,-X,+Y,195887,1.017000000,1.0,0.017000000
1437,-X,+Y,195967,1.016000000,1.0,0.016000000
1438,-X,+Y,196048,1.016000000,1.0,0.016000000
1439,-X,+Y,196127,1.027000000,1.0,0.027000000
1440,-X,+Y,196208,1.015000000,1.0,0.015000000
1441,-X,+Y,196287,1.016000000,1.0,0.016000000
1442,-X,+Y,196368,1.016000000,1.0,0.016000000
1443,-X,+Y,196447,1.016000000,1.0,0.016000000
1444,-X,+Y,196528,1.012000000,1.0,0.012000000
1445,-X,+Y,196607,1.020000000,1.0,0.020000000
1446,-X,+Y,196687,1.016000000,1.0,0.016000000
1447,-X,+Y,196767,1.017000000,1.0,0.017000000
1448,-X,+Y,196847,1.016000000,1.0,0.016000000
1449,-X,+Y,196928,1.014000000,1.0,0.014000000
1450,-X,+Y,197007,1.014000000,1.0,0.014000000
1451,-X,+Y,197088,1.016000000,1.0,0.016000000
1452,-X,+Y,197167,1.022000000,1.0,0.022000000
1453,-X,+Y,197248,1.017000000,1.0,0.017000000
1454,-X,+Y,197327,1.020000000,1.0,0.020000000
1455,-X,+Y,197408,1.016000000,1.0,0.016000000
1456,-X,+Y,197487,1.014000000,1.0,0.014000000
1457,-X,+Y,197567,1.019000000,1.0,0.019000000
1458,-X,+Y,197647,1.017000000,1.0,0.017000000
1459,-X,+Y,197727,1.020000000,1.0,0.020000000
1460,-X,+Y,197808,1.016000000,1.0,0.016000000
1461,-X,+Y,197887,1.017000000,1.0,0.017000000
1462,-X,+Y,197968,1.017000000,1.0,0.017000000
1463,-X,+Y,198047,1.028000000,1.0,0.028000000
1464,-X,+Y,198128,1.020000000,1.0,0.020000000
1465,-X,+Y,198207,1.016000000,1.0,0.016000000
1466,-X,+Y,198288,1.014000000,1.0,0.014000000
1467,-X,+Y,198367,1.016000000,1.0,0.016000000
1468,-X,+Y,198448,1.015000000,1.0,0.015000000
1469,-X,+Y,198527,1.020000000,1.0,0.020000000
1470,-X,+Y,198607,1.020000000,1.0,0.020000000
1471,-X,+Y,198688,1.017000000,1.0,0.017000000
1472,-X,+Y,198767,1.016000000,1.0,0.016000000
1473,-X,+Y,198848,1.020000000,1.0,0.020000000
1474,-X,+Y,198927,1.020000000,1.0,0.020000000
1475,-X,+Y,199008,1.023000000,1.0,0.023000000
1476,-X,+Y,199087,1.019000000,1.0,0.019000000
1477,-X,+Y,199168,1.016000000,1.0,0.016000000
1478,-X,+Y,199247,1.016000000,1.0,0.016000000
1479,-X,+Y,199327,1.020000000,1.0,0.020000000
1480,-X,+Y,199408,1.016000000,1.0,0.016000000
1481,-X,+Y,199487,1.017000000,1.0,0.017000000
1482,-X,+Y,199568,1.020000000,1.0,0.020000000
1483,-X,+Y,199647,1.015000000,1.0,0.015000000
1484,-X,+Y,199728,1.017000000,1.0,0.017000000
1485,-X,+Y,199807,1.016000000,1.0,0.016000000
1486,-X,+Y,199888,1.017000000,1.0,0.017000000
1487,-X,+Y,199967,1.017000000,1.0,0.017000000
1488,-X,+Y,200048,1.019000000,1.0,0.019000000
1489,-X,+Y,200127,1.020000000,1.0,0.020000000
1490,-X,+Y,200207,1.020000000,1.0,0.020000000
1491,-X,+Y,200287,1.027000000,1.0,0.027000000
1492,-X,+Y,200367,1.020000000,1.0,0.020000000
1493,-X,+Y,200448,1.014000000,1.0,0.014000000
1494,-X,+Y,200527,1.016000000,1.0,0.016000000
1495,-X,+Y,200608,1.017000000,1.0,0.017000000
1496,-X,+Y,200687,1.027000000,1.0,0.027000000
1497,-X,+Y,200768,1.016000000,1.0,0.016000000
1498,-X,+Y,200847,1.023000000,1.0,0.023000000
1499,-X,+Y,200928,1.023000000,1.0,0.023000000
1500,-X,+Y,201007,1.022000000,1.0,0.022000000
1501,-X,+Y,201088,1.017000000,1.0,0.017000000
1502,-X,+Y,201167,1.025000000,1.0,0.025000000
1503,-X,+Y,201248,1.022000000,1.0,0.022000000
1504,-X,+Y,201327,1.020000000,1.0,0.020000000
1505,-X,+Y,201407,1.012000000,1.0,0.012000000
1506,-X,+Y,201488,1.016000000,1.0,0.016000000
1507,-X,+Y,201567,1.016000000,1.0,0.016000000
1508,-X,+Y,201648,1.023000000,1.0,0.023000000
1509,-X,+Y,201727,1.017000000,1.0,0.017000000
1510,-X,+Y,201808,1.014000000,1.0,0.014000000
1511,-X,+Y,201887,1.014000000,1.0,0.014000000
1512,-X,+Y,201968,1.020000000,1.0,0.020000000
1513,-X,+Y,202047,1.020000000,1.0,0.020000000
1514,-X,+Y,202127,1.016000000,1.0,0.016000000
1515,-X,+Y,202207,1.022000000,1.0,0.022000000
1516,-X,+Y,202287,1.017000000,1.0,0.017000000
1517,-X,+Y,202368,1.019000000,1.0,0.019000000
1518,-X,+Y,202447,1.020000000,1.0,0.020000000
1519,-X,+Y,202528,1.016000000,1.0,0.016000000
1520,-X,+Y,202607,1.023000000,1.0,0.023000000
1521,-X,+Y,202688,1.022000000,1.0,0.022000000
1522,-X,+Y,202767,1.017000000,1.0,0.017000000
1523,-X,+Y,202848,1.016000000,1.0,0.016000000
1524,-X,+Y,202927,1.016000000,1.0,0.016000000
1525,-X,+Y,203007,1.017000000,1.0,0.017000000
1526,-X,+Y,203088,1.015000000,1.0,0.015000000
1527,-X,+Y,203167,1.017000000,1.0,0.017000000
1528,-X,+Y,203248,1.017000000,1.0,0.017000000
1529,-X,+Y,203327,1.016000000,1.0,0.016000000
1530,-X,+Y,203408,1.023000000,1.0,0.023000000
1531,-X,+Y,203487,1.024000000,1.0,0.024000000
1532,-X,+Y,203568,1.020000000,1.0,0.020000000
1533,-X,+Y,203647,1.023000000,1.0,0.023000000
1534,-X,+Y,203727,1.016000000,1.0,0.016000000
1535,-X,+Y,203807,1.019000000,1.0,0.019000000
1536,-X,+Y,203887,1.019000000,1.0,0.019000000
1537,-X,+Y,203968,1.016000000,1.0,0.016000000
1538,-X,+Y,204047,1.016000000,1.0,0.016000000
1539,-X,+Y,204128,1.023000000,1.0,0.023000000
1540,-X,+Y,204207,1.016000000,1.0,0.016000000
1541,-X,+Y,204288,1.020000000,1.0,0.020000000
1542,-X,+Y,204367,1.027000000,1.0,0.027000000
1543,-X,+Y,204448,1.020000000,1.0,0.020000000
1544,-X,+Y,204527,1.020000000,1.0,0.020000000
1545,-X,+Y,204607,1.016000000,1.0,0.016000000
1546,-X,+Y,204687,1.020000000,1.0,0.020000000
1547,-X,+Y,204767,1.022000000,1.0,0.022000000
1548,-X,+Y,204848,1.022000000,1.0,0.022000000
1549,-X,+Y,204927,1.017000000,1.0,0.017000000
1550,-X,+Y,205008,1.017000000,1.0,0.017000000
1551,-X,+Y,205087,1.016000000,1.0,0.016000000
1552,-X,+Y,205168,1.016000000,1.0,0.016000000
1553,-X,+Y,205247,1.023000000,1.0,0.023000000
1554,-X,+Y,205328,1.020000000,1.0,0.020000000
1555,-X,+Y,205407,1.015000000,1.0,0.015000000
1556,-X,+Y,205488,1.011000000,1.0,0.011000000
1557,-X,+Y,205567,1.012000000,1.0,0.012000000
1558,-X,+Y,205647,1.017000000,1.0,0.017000000
1559,-X,+Y,205727,1.017000000,1.0,0.017000000
1560,-X,+Y,205807,1.017000000,1.0,0.017000000
1561,-X,+Y,205888,1.016000000,1.0,0.016000000
1562,-X,+Y,205967,1.020000000,1.0,0.020000000
1563,-X,+Y,206048,1.027000000,1.0,0.027000000
1564,-X,+Y,206127,1.017000000,1.0,0.017000000
1565,-X,+Y,206208,1.016000000,1.0,0.016000000
1566,-X,+Y,206287,1.015000000,1.0,0.015000000
1567,-X,+Y,206368,1.022000000,1.0,0.022000000
1568,-X,+Y,206447,1.014000000,1.0,0.014000000
1569,-X,+Y,206527,1.027000000,1.0,0.027000000
1570,-X,+Y,206607,1.020000000,1.0,0.020000000
1571,-X,+Y,206687,1.016000000,1.0,0.016000000
1572,-X,+Y,206768,1.011000000,1.0,0.011000000
1573,-X,+Y,206847,1.011000000,1.0,0.011000000
1574,-X,+Y,206928,1.016000000,1.0,0.016000000
1575,-X,+Y,207007,1.030000000,1.0,0.030000000
1576,-X,+Y,207088,1.020000000,1.0,0.020000000
1577,-X,+Y,207167,1.024000000,1.0,0.024000000
1578,-X,+Y,207248,1.016000000,1.0,0.016000000
1579,-X,+Y,207327,1.014000000,1.0,0.014000000
1580,-X,+Y,207407,1.015000000,1.0,0.015000000
1581,-X,+Y,207487,1.015000000,1.0,0.015000000
1582,-X,+Y,207567,1.022000000,1.0,0.022000000
1583,-X,+Y,207648,1.020000000,1.0,0.020000000
1584,-X,+Y,207727,1.020000000,1.0,0.020000000
1585,-X,+Y,207808,1.020000000,1.0,0.020000000
1586,-X,+Y,207887,1.023000000,1.0,0.023000000
1587,-X,+Y,207968,1.020000000,1.0,0.020000000
1588,-X,+Y,208047,1.016000000,1.0,0.016000000
1589,-X,+Y,208128,1.014000000,1.0,0.014000000
1590,-X,+Y,208207,1.017000000,1.0,0.017000000
1591,-X,+Y,208288,1.017000000,1.0,0.017000000
1592,-X,+Y,208367,1.017000000,1.0,0.017000000
1593,-X,+Y,208447,1.017000000,1.0,0.017000000
1594,-X,+Y,208527,1.017000000,1.0,0.017000000
1595,-X,+Y,208607,1.017000000,1.0,0.017000000
1596,-X,+Y,208688,1.022000000,1.0,0.022000000
1597,-X,+Y,208767,1.022000000,1.0,0.022000000
1598,-X,+Y,208848,1.020000000,1.0,0.020000000
1599,-X,+Y,208927,1.016000000,1.0,0.016000000
1600,-X,+Y,209008,1.016000000,1.0,0.016000000
1601,-X,+Y,209087,1.020000000,1.0,0.020000000
1602,-X,+Y,209167,1.020000000,1.0,0.020000000
1603,-X,+Y,209247,1.015000000,1.0,0.015000000
1604,-X,+Y,209327,1.020000000,1.0,0.020000000
1605,-X,+Y,209408,1.017000000,1.0,0.017000000
1606,-X,+Y,209487,1.020000000,1.0,0.020000000
1607,-X,+Y,209568,1.016000000,1.0,0.016000000
1608,-X,+Y,209647,1.016000000,1.0,0.016000000
1609,-X,+Y,209728,1.020000000,1.0,0.020000000
1610,-X,+Y,209807,1.020000000,1.0,0.020000000
1611,-X,+Y,209888,1.015000000,1.0,0.015000000
1612,-X,+Y,209967,1.016000000,1.0,0.016000000
1613,-X,+Y,210047,1.019000000,1.0,0.019000000
1614,-X,+Y,210127,1.020000000,1.0,0.020000000
1615,-X,+Y,210207,1.019000000,1.0,0.019000000
1616,-X,+Y,210288,1.016000000,1.0,0.016000000
1617,-X,+Y,210367,1.016000000,1.0,0.016000000
1618,-X,+Y,210448,1.020000000,1.0,0.020000000
1619,-X,+Y,210527,1.020000000,1.0,0.020000000
1620,-X,+Y,210608,1.016000000,1.0,0.016000000
1621,-X,+Y,210687,1.023000000,1.0,0.023000000
1622,-X,+Y,210768,1.023000000,1.0,0.023000000
1623,-X,+Y,210847,1.020000000,1.0,0.020000000
1624,-X,+Y,210927,1.017000000,1.0,0.017000000
1625,-X,+Y,211007,1.016000000,1.0,0.016000000
1626,-X,+Y,211087,1.016000000,1.0,0.016000000
1627,-X,+Y,211168,1.016000000,1.0,0.016000000
1628,-X,+Y,211247,1.008000000,1.0,0.008000000
1629,-X,+Y,211328,1.016000000,1.0,0.016000000
1630,-X,+Y,211407,1.020000000,1.0,0.020000000
1631,-X,+Y,211488,1.031000000,1.0,0.031000000
1632,-X,+Y,211567,1.020000000,1.0,0.020000000
1633,-X,+Y,211648,1.016000000,1.0,0.016000000
1634,-X,+Y,211727,1.016000000,1.0,0.016000000
1635,-X,+Y,211807,1.020000000,1.0,0.020000000
1636,-X,+Y,211888,1.016000000,1.0,0.016000000
1637,-X,+Y,211967,1.015000000,1.0,0.015000000
1638,-X,+Y,212048,1.016000000,1.0,0.016000000
1639,-X,+Y,212127,1.016000000,1.0,0.016000000
1640,-X,+Y,212208,1.016000000,1.0,0.016000000
1641,-X,+Y,212287,1.019000000,1.0,0.019000000
1642,-X,+Y,212368,1.022000000,1.0,0.022000000
1643,-X,+Y,212447,1.017000000,1.0,0.017000000
1644,-X,+Y,212528,1.017000000,1.0,0.017000000
1645,-X,+Y,212607,1.020000000,1.0,0.020000000
1646,-X,+Y,212687,1.020000000,1.0,0.020000000
1647,-X,+Y,212768,1.020000000,1.0,0.020000000
1648,-X,+Y,212847,1.020000000,1.0,0.020000000
1649,-X,+Y,212928,1.016000000,1.0,0.016000000
1650,-X,+Y,213007,1.016000000,1.0,0.016000000
1651,-X,+Y,213088,1.015000000,1.0,0.015000000
1652,-X,+Y,213167,1.020000000,1.0,0.020000000
1653,-X,+Y,213248,1.016000000,1.0,0.016000000
1654,-X,+Y,213327,1.020000000,1.0,0.020000000
1655,-X,+Y,213408,1.022000000,1.0,0.022000000
1656,-X,+Y,213487,1.022000000,1.0,0.022000000
1657,-X,+Y,213568,1.022000000,1.0,0.022000000
1658,-X,+Y,213647,1.016000000,1.0,0.016000000
1659,-X,+Y,213727,1.016000000,1.0,0.016000000
1660,-X,+Y,213808,1.011000000,1.0,0.011000000
1661,-X,+Y,213887,1.011000000,1.0,0.011000000
1662,-X,+Y,213968,1.017000000,1.0,0.017000000
1663,-X,+Y,214047,1.027000000,1.0,0.027000000
1664,-X,+Y,214128,1.016000000,1.0,0.016000000
1665,-X,+Y,214207,1.020000000,1.0,0.020000000
1666,-X,+Y,214288,1.024000000,1.0,0.024000000
1667,-X,+Y,214367,1.020000000,1.0,0.020000000
1668,-X,+Y,214448,1.016000000,1.0,0.016000000
1669,-X,+Y,214527,1.016000000,1.0,0.016000000
1670,-X,+Y,214607,1.020000000,1.0,0.020000000
1671,-X,+Y,214688,1.020000000,1.0,0.020000000
1672,-X,+Y,214767,1.019000000,1.0,0.019000000
1673,-X,+Y,214848,1.030000000,1.0,0.030000000
1674,-X,+Y,214927,1.015000000,1.0,0.015000000
1675,-X,+Y,215008,1.016000000,1.0,0.016000000
1676,-X,+Y,215087,1.020000000,1.0,0.020000000
1677,-X,+Y,215168,1.016000000,1.0,0.016000000
1678,-X,+Y,215247,1.016000000,1.0,0.016000000
1679,-X,+Y,215327,1.023000000,1.0,0.023000000
1680,-X,+Y,215407,1.014000000,1.0,0.014000000
1681,-X,+Y,215487,1.016000000,1.0,0.016000000
1682,-X,+Y,215568,1.016000000,1.0,0.016000000
1683,-X,+Y,215647,1.016000000,1.0,0.016000000
1684,-X,+Y,215728,1.015000000,1.0,0.015000000
1685,-X,+Y,215807,1.019000000,1.0,0.019000000
1686,-X,+Y,215888,1.019000000,1.0,0.019000000
1687,-X,+Y,215967,1.020000000,1.0,0.020000000
1688,-X,+Y,216048,1.016000000,1.0,0.016000000
1689,-X,+Y,216127,1.016000000,1.0,0.016000000
1690,-X,+Y,216207,1.017000000,1.0,0.017000000
1691,-X,+Y,216288,1.016000000,1.0,0.016000000
1692,-X,+Y,216367,1.020000000,1.0,0.020000000
1693,-X,+Y,216448,1.025000000,1.0,0.025000000
1694,-X,+Y,216527,1.020000000,1.0,0.020000000
1695,-X,+Y,216608,1.020000000,1.0,0.020000000
1696,-X,+Y,216687,1.019000000,1.0,0.019000000
1697,-X,+Y,216768,1.016000000,1.0,0.016000000
1698,-X,+Y,216847,1.016000000,1.0,0.016000000
1699,-X,+Y,216928,1.016000000,1.0,0.016000000
1700,-X,+Y,217007,1.017000000,1.0,0.017000000
1701,-X,+Y,217087,1.016000000,1.0,0.016000000
1702,-X,+Y,217168,1.016000000,1.0,0.016000000
1703,-X,+Y,217247,1.019000000,1.0,0.019000000
1704,-X,+Y,217328,1.015000000,1.0,0.015000000
1705,-X,+Y,217407,1.022000000,1.0,0.022000000
1706,-X,+Y,217488,1.020000000,1.0,0.020000000
1707,-X,+Y,217567,1.017000000,1.0,0.017000000
1708,-X,+Y,217648,1.017000000,1.0,0.017000000
1709,-X,+Y,217727,1.024000000,1.0,0.024000000
1710,-X,+Y,217808,1.016000000,1.0,0.016000000
1711,-X,+Y,217887,1.016000000,1.0,0.016000000
1712,-X,+Y,217968,1.016000000,1.0,0.016000000
1713,-X,+Y,218047,1.016000000,1.0,0.016000000
1714,-X,+Y,218127,1.016000000,1.0,0.016000000
1715,-X,+Y,218208,1.019000000,1.0,0.019000000
1716,-X,+Y,218287,1.015000000,1.0,0.015000000
1717,-X,+Y,218368,1.010000000,1.0,0.010000000
1718,-X,+Y,218447,1.020000000,1.0,0.020000000
1719,-X,+Y,218528,1.016000000,1.0,0.016000000
1720,-X,+Y,218607,1.016000000,1.0,0.016000000
1721,-X,+Y,218688,1.023000000,1.0,0.023000000
1722,-X,+Y,218767,1.020000000,1.0,0.020000000
1723,-X,+Y,218847,1.016000000,1.0,0.016000000
1724,-X,+Y,218928,1.020000000,1.0,0.020000000
1725,-X,+Y,219007,1.024000000,1.0,0.024000000
1726,-X,+Y,219088,1.016000000,1.0,0.016000000
1727,-X,+Y,219167,1.020000000,1.0,0.020000000
1728,-X,+Y,219248,1.022000000,1.0,0.022000000
1729,-X,+Y,219327,1.025000000,1.0,0.025000000
1730,-X,+Y,219408,1.016000000,1.0,0.016000000
1731,-X,+Y,219487,1.023000000,1.0,0.023000000
1732,-X,+Y,219567,1.023000000,1.0,0.023000000
1733,-X,+Y,219648,1.019000000,1.0,0.019000000
1734,-X,+Y,219727,1.016000000,1.0,0.016000000
1735,-X,+Y,219808,1.016000000,1.0,0.016000000
1736,-X,+Y,219887,1.016000000,1.0,0.016000000
1737,-X,+Y,219968,1.012000000,1.0,0.012000000
1738,-X,+Y,220047,1.016000000,1.0,0.016000000
1739,-X,+Y,220128,1.025000000,1.0,0.025000000
1740,-X,+Y,220207,1.023000000,1.0,0.023000000
1741,-X,+Y,220287,1.016000000,1.0,0.016000000
1742,-X,+Y,220367,1.017000000,1.0,0.017000000
1743,-X,+Y,220447,1.016000000,1.0,0.016000000
1744,-X,+Y,220528,1.016000000,1.0,0.016000000
1745,-X,+Y,220607,1.020000000,1.0,0.020000000
1746,-X,+Y,220688,1.022000000,1.0,0.022000000
1747,-X,+Y,220767,1.020000000,1.0,0.020000000
1748,-X,+Y,220848,1.016000000,1.0,0.016000000
1749,-X,+Y,220927,1.022000000,1.0,0.022000000
1750,-X,+Y,221008,1.022000000,1.0,0.022000000
1751,-X,+Y,221087,1.020000000,1.0,0.020000000
1752,-X,+Y,221167,1.017000000,1.0,0.017000000
1753,-X,+Y,221248,1.024000000,1.0,0.024000000
1754,-X,+Y,221327,1.020000000,1.0,0.020000000
1755,-X,+Y,221408,1.016000000,1.0,0.016000000
1756,-X,+Y,221487,1.016000000,1.0,0.016000000
1757,-X,+Y,221568,1.016000000,1.0,0.016000000
1758,-X,+Y,221647,1.020000000,1.0,0.020000000
1759,-X,+Y,221728,1.017000000,1.0,0.017000000
1760,-X,+Y,221807,1.016000000,1.0,0.016000000
1761,-X,+Y,221887,1.016000000,1.0,0.016000000
1762,-X,+Y,221967,1.022000000,1.0,0.022000000
1763,-X,+Y,222047,1.023000000,1.0,0.023000000
1764,-X,+Y,222128,1.024000000,1.0,0.024000000
1765,-X,+Y,222207,1.015000000,1.0,0.015000000
1766,-X,+Y,222288,1.022000000,1.0,0.022000000
1767,-X,+Y,222367,1.016000000,1.0,0.016000000
1768,-X,+Y,222448,1.016000000,1.0,0.016000000
1769,-X,+Y,222527,1.016000000,1.0,0.016000000
1770,-X,+Y,222608,1.023000000,1.0,0.023000000
1771,-X,+Y,222687,1.014000000,1.0,0.014000000
1772,-X,+Y,222767,1.014000000,1.0,0.014000000
1773,-X,+Y,222847,1.015000000,1.0,0.015000000
1774,-X,+Y,222927,1.012000000,1.0,0.012000000
1775,-X,+Y,223008,1.014000000,1.0,0.014000000
1776,-X,+Y,223087,1.020000000,1.0,0.020000000
1777,-X,+Y,223168,1.019000000,1.0,0.019000000
1778,-X,+Y,223247,1.016000000,1.0,0.016000000
1779,-X,+Y,223328,1.016000000,1.0,0.016000000
1780,-X,+Y,223407,1.023000000,1.0,0.023000000
1781,-X,+Y,223488,1.023000000,1.0,0.023000000
1782,-X,+Y,223567,1.024000000,1.0,0.024000000
1783,-X,+Y,223648,1.017000000,1.0,0.017000000
1784,-X,+Y,223727,1.017000000,1.0,0.017000000
1785,-X,+Y,223807,1.023000000,1.0,0.023000000
1786,-X,+Y,223888,1.022000000,1.0,0.022000000
1787,-X,+Y,223967,1.023000000,1.0,0.023000000
1788,-X,+Y,224048,1.017000000,1.0,0.017000000
1789,-X,+Y,224127,1.019000000,1.0,0.019000000
1790,-X,+Y,224208,1.027000000,1.0,0.027000000
1791,-X,+Y,224287,1.016000000,1.0,0.016000000
1792,-X,+Y,224368,1.019000000,1.0,0.019000000
1793,-X,+Y,224447,1.019000000,1.0,0.019000000
1794,-X,+Y,224528,1.016000000,1.0,0.016000000
1795,-X,+Y,224607,1.016000000,1.0,0.016000000
1796,-X,+Y,224688,1.017000000,1.0,0.017000000
1797,-X,+Y,224767,1.016000000,1.0,0.016000000
1798,-X,+Y,224847,1.020000000,1.0,0.020000000
1799,-X,+Y,224928,1.020000000,1.0,0.020000000
1800,-X,+Y,225007,1.020000000,1.0,0.020000000
1801,-X,+Y,225088,1.025000000,1.0,0.025000000
1802,-X,+Y,225167,1.017000000,1.0,0.017000000
1803,-X,+Y,225248,1.016000000,1.0,0.016000000
1804,-X,+Y,225327,1.016000000,1.0,0.016000000
1805,-X,+Y,225408,1.016000000,1.0,0.016000000
1806,-X,+Y,225487,1.016000000,1.0,0.016000000
1807,-X,+Y,225567,1.016000000,1.0,0.016000000
1808,-X,+Y,225647,1.016000000,1.0,0.016000000
1809,-X,+Y,225727,1.011000000,1.0,0.011000000
1810,-X,+Y,225807,1.022000000,1.0,0.022000000
1811,-X,+Y,225887,1.020000000,1.0,0.020000000
1812,-X,+Y,225968,1.016000000,1.0,0.016000000
1813,-X,+Y,226047,1.020000000,1.0,0.020000000
1814,-X,+Y,226128,1.020000000,1.0,0.020000000
1815,-X,+Y,226207,1.016000000,1.0,0.016000000
1816,-X,+Y,226288,1.012000000,1.0,0.012000000
1817,-X,+Y,226367,1.016000000,1.0,0.016000000
1818,-X,+Y,226448,1.016000000,1.0,0.016000000
1819,-X,+Y,226527,1.022000000,1.0,0.022000000
1820,-X,+Y,226607,1.016000000,1.0,0.016000000
1821,-X,+Y,226687,1.019000000,1.0,0.019000000
1822,-X,+Y,226767,1.016000000,1.0,0.016000000
1823,-X,+Y,226848,1.023000000,1.0,0.023000000
1824,-X,+Y,226927,1.020000000,1.0,0.020000000
1825,-X,+Y,227008,1.020000000,1.0,0.020000000
1826,-X,+Y,227087,1.020000000,1.0,0.020000000
1827,-X,+Y,227168,1.016000000,1.0,0.016000000
1828,-X,+Y,227247,1.014000000,1.0,0.014000000
1829,-X,+Y,227328,1.020000000,1.0,0.020000000
1830,-X,+Y,227407,1.020000000,1.0,0.020000000
1831,-X,+Y,227488,1.027000000,1.0,0.027000000
1832,-X,+Y,227567,1.016000000,1.0,0.016000000
1833,-X,+Y,227647,1.016000000,1.0,0.016000000
1834,-X,+Y,227727,1.020000000,1.0,0.020000000
1835,-X,+Y,227807,1.014000000,1.0,0.014000000
1836,-X,+Y,227888,1.022000000,1.0,0.022000000
1837,-X,+Y,227967,1.017000000,1.0,0.017000000
1838,-X,+Y,228048,1.022000000,1.0,0.022000000
1839,-X,+Y,228127,1.023000000,1.0,0.023000000
1840,-X,+Y,228208,1.020000000,1.0,0.020000000
1841,-X,+Y,228287,1.020000000,1.0,0.020000000
1842,-X,+Y,228368,1.016000000,1.0,0.016000000
1843,-X,+Y,228447,1.016000000,1.0,0.016000000
1844,-X,+Y,228527,1.027000000,1.0,0.027000000
1845,-X,+Y,228607,1.022000000,1.0,0.022000000
1846,-X,+Y,228687,1.019000000,1.0,0.019000000
1847,-X,+Y,228768,1.016000000,1.0,0.016000000
1848,-X,+Y,228847,1.012000000,1.0,0.012000000
1849,-X,+Y,228928,1.012000000,1.0,0.012000000
1850,-X,+Y,229007,1.016000000,1.0,0.016000000
1851,-X,+Y,229088,1.017000000,1.0,0.017000000
1852,-X,+Y,229167,1.015000000,1.0,0.015000000
1853,-X,+Y,229248,1.019000000,1.0,0.019000000
1854,-X,+Y,229327,1.027000000,1.0,0.027000000
1855,-X,+Y,229407,1.027000000,1.0,0.027000000
1856,-X,+Y,229487,1.016000000,1.0,0.016000000
1857,-X,+Y,229567,1.016000000,1.0,0.016000000
1858,-X,+Y,229648,1.016000000,1.0,0.016000000
1859,-X,+Y,229727,1.019000000,1.0,0.019000000
1860,-X,+Y,229808,1.022000000,1.0,0.022000000
1861,-X,+Y,229887,1.016000000,1.0,0.016000000
1862,-X,+Y,229968,1.011000000,1.0,0.011000000
1863,-X,+Y,230047,1.014000000,1.0,0.014000000
1864,-X,+Y,230128,1.023000000,1.0,0.023000000
1865,-X,+Y,230207,1.017000000,1.0,0.017000000
1866,-X,+Y,230287,1.020000000,1.0,0.020000000
1867,-X,+Y,230368,1.020000000,1.0,0.020000000
1868,-X,+Y,230447,1.020000000,1.0,0.020000000
1869,-X,+Y,230528,1.016000000,1.0,0.016000000
1870,-X,+Y,230607,1.020000000,1.0,0.020000000
1871,-X,+Y,230688,1.016000000,1.0,0.016000000
1872,-X,+Y,230767,1.013000000,1.0,0.013000000
1873,-X,+Y,230848,1.017000000,1.0,0.017000000
1874,-X,+Y,230927,1.020000000,1.0,0.020000000
1875,-X,+Y,231008,1.027000000,1.0,0.027000000
1876,-X,+Y,231087,1.020000000,1.0,0.020000000
1877,-X,+Y,231167,1.015000000,1.0,0.015000000
1878,-X,+Y,231247,1.017000000,1.0,0.017000000
1879,-X,+Y,231327,1.017000000,1.0,0.017000000
1880,-X,+Y,231408,1.019000000,1.0,0.019000000
1881,-X,+Y,231487,1.016000000,1.0,0.016000000
1882,-X,+Y,231568,1.019000000,1.0,0.019000000
1883,-X,+Y,231647,1.030000000,1.0,0.030000000
1884,-X,+Y,231728,1.016000000,1.0,0.016000000
1885,-X,+Y,231807,1.016000000,1.0,0.016000000
1886,-X,+Y,231888,1.020000000,1.0,0.020000000
1887,-X,+Y,231967,1.017000000,1.0,0.017000000
1888,-X,+Y,232047,1.016000000,1.0,0.016000000
1889,-X,+Y,232127,1.020000000,1.0,0.020000000
1890,-X,+Y,232207,1.022000000,1.0,0.022000000
1891,-X,+Y,232288,1.020000000,1.0,0.020000000
1892,-X,+Y,232367,1.020000000,1.0,0.020000000
1893,-X,+Y,232448,1.016000000,1.0,0.016000000
1894,-X,+Y,232527,1.025000000,1.0,0.025000000
1895,-X,+Y,232608,1.020000000,1.0,0.020000000
1896,-X,+Y,232687,1.016000000,1.0,0.016000000
1897,-X,+Y,232768,1.017000000,1.0,0.017000000
1898,-X,+Y,232847,1.020000000,1.0,0.020000000
1899,-X,+Y,232927,1.019000000,1.0,0.019000000
1900,-X,+Y,233007,1.022000000,1.0,0.022000000
1901,-X,+Y,233087,1.022000000,1.0,0.022000000
1902,-X,+Y,233168,1.020000000,1.0,0.020000000
1903,-X,+Y,233247,1.019000000,1.0,0.019000000
1904,-X,+Y,233328,1.019000000,1.0,0.019000000
1905,-X,+Y,233407,1.024000000,1.0,0.024000000
1906,-X,+Y,233488,1.023000000,1.0,0.023000000
1907,-X,+Y,233567,1.019000000,1.0,0.019000000
1908,-X,+Y,233648,1.022000000,1.0,0.022000000
1909,-X,+Y,233727,1.016000000,1.0,0.016000000
1910,-X,+Y,233807,1.014000000,1.0,0.014000000
1911,-X,+Y,233887,1.019000000,1.0,0.019000000
1912,-X,+Y,233967,1.012000000,1.0,0.012000000
1913,-X,+Y,234048,1.014000000,1.0,0.014000000
1914,-X,+Y,234127,1.020000000,1.0,0.020000000
1915,-X,+Y,234208,1.027000000,1.0,0.027000000
1916,-X,+Y,234287,1.027000000,1.0,0.027000000
1917,-X,+Y,234368,1.024000000,1.0,0.024000000
1918,-X,+Y,234447,1.016000000,1.0,0.016000000
1919,-X,+Y,234528,1.016000000,1.0,0.016000000
1920,-X,+Y,234607,1.016000000,1.0,0.016000000
1921,-X,+Y,234688,1.020000000,1.0,0.020000000
1922,-X,+Y,234767,1.022000000,1.0,0.022000000
1923,-X,+Y,234848,1.016000000,1.0,0.016000000
1924,-X,+Y,234927,1.024000000,1.0,0.024000000
1925,-X,+Y,235007,1.027000000,1.0,0.027000000
1926,-X,+Y,235087,1.017000000,1.0,0.017000000
1927,-X,+Y,235167,1.016000000,1.0,0.016000000
1928,-X,+Y,235248,1.016000000,1.0,0.016000000
1929,-X,+Y,235327,1.027000000,1.0,0.027000000
1930,-X,+Y,235408,1.019000000,1.0,0.019000000
1931,-X,+Y,235487,1.016000000,1.0,0.016000000
1932,-X,+Y,235568,1.020000000,1.0,0.020000000
1933,-X,+Y,235647,1.014000000,1.0,0.014000000
1934,-X,+Y,235728,1.016000000,1.0,0.016000000
1935,-X,+Y,235807,1.020000000,1.0,0.020000000
1936,-X,+Y,235888,1.025000000,1.0,0.025000000
1937,-X,+Y,235967,1.016000000,1.0,0.016000000
1938,-X,+Y,236047,1.017000000,1.0,0.017000000
1939,-X,+Y,236128,1.022000000,1.0,0.022000000
1940,-X,+Y,236207,1.019000000,1.0,0.019000000
1941,-X,+Y,236288,1.019000000,1.0,0.019000000
1942,-X,+Y,236367,1.016000000,1.0,0.016000000
1943,-X,+Y,236448,1.016000000,1.0,0.016000000
1944,-X,+Y,236527,1.019000000,1.0,0.019000000
1945,-X,+Y,236608,1.022000000,1.0,0.022000000
1946,-X,+Y,236687,1.021000000,1.0,0.021000000
1947,-X,+Y,236767,1.016000000,1.0,0.016000000
1948,-X,+Y,236847,1.014000000,1.0,0.014000000
1949,-X,+Y,236927,1.017000000,1.0,0.017000000
1950,-X,+Y,237008,1.014000000,1.0,0.014000000
1951,-X,+Y,237087,1.016000000,1.0,0.016000000
1952,-X,+Y,237168,1.016000000,1.0,0.016000000
1953,-X,+Y,237247,1.016000000,1.0,0.016000000
1954,-X,+Y,237328,1.017000000,1.0,0.017000000
1955,-X,+Y,237407,1.020000000,1.0,0.020000000
1956,-X,+Y,237488,1.020000000,1.0,0.020000000
1957,-X,+Y,237567,1.015000000,1.0,0.015000000
1958,-X,+Y,237648,1.017000000,1.0,0.017000000
1959,-X,+Y,237727,1.019000000,1.0,0.019000000
1960,-X,+Y,237807,1.014000000,1.0,0.014000000
1961,-X,+Y,237888,1.017000000,1.0,0.017000000
1962,-X,+Y,237967,1.020000000,1.0,0.020000000
1963,-X,+Y,238048,1.014000000,1.0,0.014000000
1964,-X,+Y,238127,1.016000000,1.0,0.016000000
1965,-X,+Y,238208,1.016000000,1.0,0.016000000
1966,-X,+Y,238287,1.016000000,1.0,0.016000000
1967,-X,+Y,238368,1.020000000,1.0,0.020000000
1968,-X,+Y,238447,1.019000000,1.0,0.019000000
1969,-X,+Y,238528,1.019000000,1.0,0.019000000
1970,-X,+Y,238607,1.022000000,1.0,0.022000000
1971,-X,+Y,238687,1.019000000,1.0,0.019000000
1972,-X,+Y,238768,1.016000000,1.0,0.016000000
1973,-X,+Y,238847,1.017000000,1.0,0.017000000
1974,-X,+Y,238928,1.011000000,1.0,0.011000000
1975,-X,+Y,239007,1.016000000,1.0,0.016000000
1976,-X,+Y,239088,1.016000000,1.0,0.016000000
1977,-X,+Y,239167,1.016000000,1.0,0.016000000
1978,-X,+Y,239248,1.022000000,1.0,0.022000000
1979,-X,+Y,239327,1.016000000,1.0,0.016000000
1980,-X,+Y,239407,1.023000000,1.0,0.023000000
1981,-X,+Y,239488,1.016000000,1.0,0.016000000
1982,-X,+Y,239567,1.019000000,1.0,0.019000000
1983,-X,+Y,239648,1.020000000,1.0,0.020000000
1984,-X,+Y,239727,1.024000000,1.0,0.024000000
1985,-X,+Y,239808,1.017000000,1.0,0.017000000
1986,-X,+Y,239887,1.020000000,1.0,0.020000000
1987,-X,+Y,239968,1.020000000,1.0,0.020000000
1988,-X,+Y,240047,1.016000000,1.0,0.016000000
1989,-X,+Y,240127,1.012000000,1.0,0.012000000
1990,-X,+Y,240207,1.012000000,1.0,0.012000000
1991,-X,+Y,240287,1.016000000,1.0,0.016000000
1992,-X,+Y,240368,1.020000000,1.0,0.020000000
1993,-X,+Y,240447,1.016000000,1.0,0.016000000
1994,-X,+Y,240528,1.017000000,1.0,0.017000000
1995,-X,+Y,240607,1.017000000,1.0,0.017000000
1996,-X,+Y,240688,1.020000000,1.0,0.020000000
1997,-X,+Y,240767,1.016000000,1.0,0.016000000
1998,-X,+Y,240848,1.016000000,1.0,0.016000000
1999,-X,+Y,240927,1.016000000,1.0,0.016000000
2000,+Y,-X,329155,-0.041000000,0.0,-0.041000000
2001,+Y,-X,329235,-0.039000000,0.0,-0.039000000
2002,+Y,-X,329316,-0.036000000,0.0,-0.036000000
2003,+Y,-X,329395,-0.039000000,0.0,-0.039000000
2004,+Y,-X,329476,-0.040000000,0.0,-0.040000000
2005,+Y,-X,329555,-0.040000000,0.0,-0.040000000
2006,+Y,-X,329635,-0.045000000,0.0,-0.045000000
2007,+Y,-X,329716,-0.045000000,0.0,-0.045000000
2008,+Y,-X,329795,-0.041000000,0.0,-0.041000000
2009,+Y,-X,329875,-0.040000000,0.0,-0.040000000
2010,+Y,-X,329956,-0.034000000,0.0,-0.034000000
2011,+Y,-X,330035,-0.040000000,0.0,-0.040000000
2012,+Y,-X,330116,-0.037000000,0.0,-0.037000000
2013,+Y,-X,330195,-0.034000000,0.0,-0.034000000
2014,+Y,-X,330275,-0.036000000,0.0,-0.036000000
2015,+Y,-X,330356,-0.041000000,0.0,-0.041000000
2016,+Y,-X,330435,-0.039000000,0.0,-0.039000000
2017,+Y,-X,330515,-0.040000000,0.0,-0.040000000
2018,+Y,-X,330596,-0.040000000,0.0,-0.040000000
2019,+Y,-X,330675,-0.039000000,0.0,-0.039000000
2020,+Y,-X,330756,-0.039000000,0.0,-0.039000000
2021,+Y,-X,330835,-0.033000000,0.0,-0.033000000
2022,+Y,-X,330915,-0.029000000,0.0,-0.029000000
2023,+Y,-X,330996,-0.039000000,0.0,-0.039000000
2024,+Y,-X,331075,-0.036000000,0.0,-0.036000000
2025,+Y,-X,331155,-0.039000000,0.0,-0.039000000
2026,+Y,-X,331236,-0.040000000,0.0,-0.040000000
2027,+Y,-X,331315,-0.039000000,0.0,-0.039000000
2028,+Y,-X,331396,-0.040000000,0.0,-0.040000000
2029,+Y,-X,331475,-0.036000000,0.0,-0.036000000
2030,+Y,-X,331555,-0.045000000,0.0,-0.045000000
2031,+Y,-X,331636,-0.040000000,0.0,-0.040000000
2032,+Y,-X,331715,-0.039000000,0.0,-0.039000000
2033,+Y,-X,331795,-0.039000000,0.0,-0.039000000
2034,+Y,-X,331876,-0.042000000,0.0,-0.042000000
2035,+Y,-X,331955,-0.037000000,0.0,-0.037000000
2036,+Y,-X,332036,-0.036000000,0.0,-0.036000000
2037,+Y,-X,332115,-0.036000000,0.0,-0.036000000
2038,+Y,-X,332195,-0.031000000,0.0,-0.031000000
2039,+Y,-X,332276,-0.040000000,0.0,-0.040000000
2040,+Y,-X,332355,-0.044000000,0.0,-0.044000000
2041,+Y,-X,332435,-0.041000000,0.0,-0.041000000
2042,+Y,-X,332516,-0.040000000,0.0,-0.040000000
2043,+Y,-X,332595,-0.042000000,0.0,-0.042000000
2044,+Y,-X,332676,-0.039000000,0.0,-0.039000000
2045,+Y,-X,332755,-0.039000000,0.0,-0.039000000
2046,+Y,-X,332835,-0.040000000,0.0,-0.040000000
2047,+Y,-X,332916,-0.040000000,0.0,-0.040000000
2048,+Y,-X,332995,-0.041000000,0.0,-0.041000000
2049,+Y,-X,333075,-0.040000000,0.0,-0.040000000
2050,+Y,-X,333156,-0.039000000,0.0,-0.039000000
2051,+Y,-X,333235,-0.040000000,0.0,-0.040000000
2052,+Y,-X,333316,-0.036000000,0.0,-0.036000000
2053,+Y,-X,333395,-0.041000000,0.0,-0.041000000
2054,+Y,-X,333475,-0.040000000,0.0,-0.040000000
2055,+Y,-X,333556,-0.039000000,0.0,-0.039000000
2056,+Y,-X,333635,-0.039000000,0.0,-0.039000000
2057,+Y,-X,333716,-0.039000000,0.0,-0.039000000
2058,+Y,-X,333795,-0.039000000,0.0,-0.039000000
2059,+Y,-X,333875,-0.041000000,0.0,-0.041000000
2060,+Y,-X,333956,-0.037000000,0.0,-0.037000000
2061,+Y,-X,334035,-0.037000000,0.0,-0.037000000
2062,+Y,-X,334115,-0.040000000,0.0,-0.040000000
2063,+Y,-X,334196,-0.041000000,0.0,-0.041000000
2064,+Y,-X,334275,-0.040000000,0.0,-0.040000000
2065,+Y,-X,334356,-0.041000000,0.0,-0.041000000
2066,+Y,-X,334435,-0.044000000,0.0,-0.044000000
2067,+Y,-X,334515,-0.039000000,0.0,-0.039000000
2068,+Y,-X,334596,-0.040000000,0.0,-0.040000000
2069,+Y,-X,334675,-0.041000000,0.0,-0.041000000
2070,+Y,-X,334755,-0.041000000,0.0,-0.041000000
2071,+Y,-X,334836,-0.041000000,0.0,-0.041000000
2072,+Y,-X,334915,-0.036000000,0.0,-0.036000000
2073,+Y,-X,334996,-0.039000000,0.0,-0.039000000
2074,+Y,-X,335075,-0.040000000,0.0,-0.040000000
2075,+Y,-X,335155,-0.041000000,0.0,-0.041000000
2076,+Y,-X,335236,-0.040000000,0.0,-0.040000000
2077,+Y,-X,335315,-0.037000000,0.0,-0.037000000
2078,+Y,-X,335395,-0.037000000,0.0,-0.037000000
2079,+Y,-X,335476,-0.041000000,0.0,-0.041000000
2080,+Y,-X,335555,-0.040000000,0.0,-0.040000000
2081,+Y,-X,335636,-0.041000000,0.0,-0.041000000
2082,+Y,-X,335715,-0.039000000,0.0,-0.039000000
2083,+Y,-X,335795,-0.039000000,0.0,-0.039000000
2084,+Y,-X,335876,-0.040000000,0.0,-0.040000000
2085,+Y,-X,335955,-0.039000000,0.0,-0.039000000
2086,+Y,-X,336036,-0.037000000,0.0,-0.037000000
2087,+Y,-X,336115,-0.040000000,0.0,-0.040000000
2088,+Y,-X,336195,-0.039000000,0.0,-0.039000000
2089,+Y,-X,336276,-0.036000000,0.0,-0.036000000
2090,+Y,-X,336355,-0.034000000,0.0,-0.034000000
2091,+Y,-X,336435,-0.039000000,0.0,-0.039000000
2092,+Y,-X,336516,-0.040000000,0.0,-0.040000000
2093,+Y,-X,336595,-0.039000000,0.0,-0.039000000
2094,+Y,-X,336675,-0.036000000,0.0,-0.036000000
2095,+Y,-X,336756,-0.033000000,0.0,-0.033000000
2096,+Y,-X,336835,-0.033000000,0.0,-0.033000000
2097,+Y,-X,336916,-0.045000000,0.0,-0.045000000
2098,+Y,-X,336995,-0.039000000,0.0,-0.039000000
2099,+Y,-X,337075,-0.039000000,0.0,-0.039000000
2100,+Y,-X,337156,-0.040000000,0.0,-0.040000000
2101,+Y,-X,337235,-0.040000000,0.0,-0.040000000
2102,+Y,-X,337315,-0.032000000,0.0,-0.032000000
2103,+Y,-X,337396,-0.045000000,0.0,-0.045000000
2104,+Y,-X,337475,-0.037000000,0.0,-0.037000000
2105,+Y,-X,337556,-0.039000000,0.0,-0.039000000
2106,+Y,-X,337635,-0.036000000,0.0,-0.036000000
2107,+Y,-X,337715,-0.036000000,0.0,-0.036000000
2108,+Y,-X,337796,-0.033000000,0.0,-0.033000000
2109,+Y,-X,337875,-0.033000000,0.0,-0.033000000
2110,+Y,-X,337955,-0.039000000,0.0,-0.039000000
2111,+Y,-X,338036,-0.040000000,0.0,-0.040000000
2112,+Y,-X,338115,-0.036000000,0.0,-0.036000000
2113,+Y,-X,338196,-0.036000000,0.0,-0.036000000
2114,+Y,-X,338275,-0.036000000,0.0,-0.036000000
2115,+Y,-X,338355,-0.036000000,0.0,-0.036000000
2116,+Y,-X,338436,-0.040000000,0.0,-0.040000000
2117,+Y,-X,338515,-0.040000000,0.0,-0.040000000
2118,+Y,-X,338595,-0.036000000,0.0,-0.036000000
2119,+Y,-X,338676,-0.032000000,0.0,-0.032000000
2120,+Y,-X,338755,-0.039000000,0.0,-0.039000000
2121,+Y,-X,338836,-0.039000000,0.0,-0.039000000
2122,+Y,-X,338915,-0.037000000,0.0,-0.037000000
2123,+Y,-X,338995,-0.036000000,0.0,-0.036000000
2124,+Y,-X,339076,-0.037000000,0.0,-0.037000000
2125,+Y,-X,339155,-0.040000000,0.0,-0.040000000
2126,+Y,-X,339235,-0.042000000,0.0,-0.042000000
2127,+Y,-X,339316,-0.040000000,0.0,-0.040000000
2128,+Y,-X,339395,-0.036000000,0.0,-0.036000000
2129,+Y,-X,339476,-0.040000000,0.0,-0.040000000
2130,+Y,-X,339555,-0.029000000,0.0,-0.029000000
2131,+Y,-X,339635,-0.040000000,0.0,-0.040000000
2132,+Y,-X,339716,-0.034000000,0.0,-0.034000000
2133,+Y,-X,339795,-0.041000000,0.0,-0.041000000
2134,+Y,-X,339876,-0.041000000,0.0,-0.041000000
2135,+Y,-X,339955,-0.043000000,0.0,-0.043000000
2136,+Y,-X,340035,-0.034000000,0.0,-0.034000000
2137,+Y,-X,340116,-0.040000000,0.0,-0.040000000
2138,+Y,-X,340195,-0.034000000,0.0,-0.034000000
2139,+Y,-X,340275,-0.036000000,0.0,-0.036000000
2140,+Y,-X,340356,-0.045000000,0.0,-0.045000000
2141,+Y,-X,340435,-0.040000000,0.0,-0.040000000
2142,+Y,-X,340516,-0.040000000,0.0,-0.040000000
2143,+Y,-X,340595,-0.041000000,0.0,-0.041000000
2144,+Y,-X,340675,-0.040000000,0.0,-0.040000000
2145,+Y,-X,340756,-0.040000000,0.0,-0.040000000
2146,+Y,-X,340835,-0.036000000,0.0,-0.036000000
2147,+Y,-X,340915,-0.036000000,0.0,-0.036000000
2148,+Y,-X,340996,-0.049000000,0.0,-0.049000000
2149,+Y,-X,341075,-0.041000000,0.0,-0.041000000
2150,+Y,-X,341156,-0.040000000,0.0,-0.040000000
2151,+Y,-X,341235,-0.040000000,0.0,-0.040000000
2152,+Y,-X,341315,-0.039000000,0.0,-0.039000000
2153,+Y,-X,341396,-0.037000000,0.0,-0.037000000
2154,+Y,-X,341475,-0.040000000,0.0,-0.040000000
2155,+Y,-X,341555,-0.041000000,0.0,-0.041000000
2156,+Y,-X,341636,-0.037000000,0.0,-0.037000000
2157,+Y,-X,341715,-0.039000000,0.0,-0.039000000
2158,+Y,-X,341796,-0.039000000,0.0,-0.039000000
2159,+Y,-X,341876,-0.039000000,0.0,-0.039000000
2160,+Y,-X,341955,-0.040000000,0.0,-0.040000000
2161,+Y,-X,342036,-0.040000000,0.0,-0.040000000
2162,+Y,-X,342115,-0.044000000,0.0,-0.044000000
2163,+Y,-X,342195,-0.045000000,0.0,-0.045000000
2164,+Y,-X,342276,-0.040000000,0.0,-0.040000000
2165,+Y,-X,342355,-0.037000000,0.0,-0.037000000
2166,+Y,-X,342436,-0.036000000,0.0,-0.036000000
2167,+Y,-X,342516,-0.036000000,0.0,-0.036000000
2168,+Y,-X,342595,-0.041000000,0.0,-0.041000000
2169,+Y,-X,342676,-0.036000000,0.0,-0.036000000
2170,+Y,-X,342755,-0.032000000,0.0,-0.032000000
2171,+Y,-X,342835,-0.036000000,0.0,-0.036000000
2172,+Y,-X,342916,-0.036000000,0.0,-0.036000000
2173,+Y,-X,342995,-0.048000000,0.0,-0.048000000
2174,+Y,-X,343076,-0.036000000,0.0,-0.036000000
2175,+Y,-X,343156,-0.040000000,0.0,-0.040000000
2176,+Y,-X,343235,-0.041000000,0.0,-0.041000000
2177,+Y,-X,343316,-0.040000000,0.0,-0.040000000
2178,+Y,-X,343395,-0.040000000,0.0,-0.040000000
2179,+Y,-X,343475,-0.037000000,0.0,-0.037000000
2180,+Y,-X,343556,-0.045000000,0.0,-0.045000000
2181,+Y,-X,343635,-0.033000000,0.0,-0.033000000
2182,+Y,-X,343716,-0.040000000,0.0,-0.040000000
2183,+Y,-X,343795,-0.040000000,0.0,-0.040000000
2184,+Y,-X,343875,-0.040000000,0.0,-0.040000000
2185,+Y,-X,343956,-0.040000000,0.0,-0.040000000
2186,+Y,-X,344035,-0.036000000,0.0,-0.036000000
2187,+Y,-X,344115,-0.039000000,0.0,-0.039000000
2188,+Y,-X,344196,-0.041000000,0.0,-0.041000000
2189,+Y,-X,344275,-0.039000000,0.0,-0.039000000
2190,+Y,-X,344356,-0.041000000,0.0,-0.041000000
2191,+Y,-X,344435,-0.036000000,0.0,-0.036000000
2192,+Y,-X,344515,-0.036000000,0.0,-0.036000000
2193,+Y,-X,344596,-0.037000000,0.0,-0.037000000
2194,+Y,-X,344675,-0.036000000,0.0,-0.036000000
2195,+Y,-X,344755,-0.041000000,0.0,-0.041000000
2196,+Y,-X,344836,-0.040000000,0.0,-0.040000000
2197,+Y,-X,344915,-0.040000000,0.0,-0.040000000
2198,+Y,-X,344996,-0.040000000,0.0,-0.040000000
2199,+Y,-X,345075,-0.040000000,0.0,-0.040000000
2200,+Y,-X,345155,-0.042000000,0.0,-0.042000000
2201,+Y,-X,345236,-0.040000000,0.0,-0.040000000
2202,+Y,-X,345315,-0.036000000,0.0,-0.036000000
2203,+Y,-X,345396,-0.041000000,0.0,-0.041000000
2204,+Y,-X,345476,-0.036000000,0.0,-0.036000000
2205,+Y,-X,345555,-0.032000000,0.0,-0.032000000
2206,+Y,-X,345636,-0.035000000,0.0,-0.035000000
2207,+Y,-X,345715,-0.041000000,0.0,-0.041000000
2208,+Y,-X,345795,-0.042000000,0.0,-0.042000000
2209,+Y,-X,345876,-0.032000000,0.0,-0.032000000
2210,+Y,-X,345955,-0.032000000,0.0,-0.032000000
2211,+Y,-X,346036,-0.045000000,0.0,-0.045000000
2212,+Y,-X,346115,-0.037000000,0.0,-0.037000000
2213,+Y,-X,346195,-0.040000000,0.0,-0.040000000
2214,+Y,-X,346276,-0.040000000,0.0,-0.040000000
2215,+Y,-X,346355,-0.037000000,0.0,-0.037000000
2216,+Y,-X,346435,-0.039000000,0.0,-0.039000000
2217,+Y,-X,346516,-0.029000000,0.0,-0.029000000
2218,+Y,-X,346595,-0.041000000,0.0,-0.041000000
2219,+Y,-X,346676,-0.039000000,0.0,-0.039000000
2220,+Y,-X,346755,-0.037000000,0.0,-0.037000000
2221,+Y,-X,346835,-0.039000000,0.0,-0.039000000
2222,+Y,-X,346916,-0.039000000,0.0,-0.039000000
2223,+Y,-X,346995,-0.039000000,0.0,-0.039000000
2224,+Y,-X,347075,-0.042000000,0.0,-0.042000000
2225,+Y,-X,347156,-0.039000000,0.0,-0.039000000
2226,+Y,-X,347235,-0.040000000,0.0,-0.040000000
2227,+Y,-X,347316,-0.049000000,0.0,-0.049000000
2228,+Y,-X,347395,-0.039000000,0.0,-0.039000000
2229,+Y,-X,347475,-0.040000000,0.0,-0.040000000
2230,+Y,-X,347556,-0.036000000,0.0,-0.036000000
2231,+Y,-X,347635,-0.039000000,0.0,-0.039000000
2232,+Y,-X,347715,-0.042000000,0.0,-0.042000000
2233,+Y,-X,347796,-0.040000000,0.0,-0.040000000
2234,+Y,-X,347875,-0.045000000,0.0,-0.045000000
2235,+Y,-X,347956,-0.045000000,0.0,-0.045000000
2236,+Y,-X,348035,-0.036000000,0.0,-0.036000000
2237,+Y,-X,348115,-0.036000000,0.0,-0.036000000
2238,+Y,-X,348196,-0.039000000,0.0,-0.039000000
2239,+Y,-X,348275,-0.039000000,0.0,-0.039000000
2240,+Y,-X,348356,-0.040000000,0.0,-0.040000000
2241,+Y,-X,348436,-0.040000000,0.0,-0.040000000
2242,+Y,-X,348515,-0.045000000,0.0,-0.045000000
2243,+Y,-X,348596,-0.036000000,0.0,-0.036000000
2244,+Y,-X,348675,-0.040000000,0.0,-0.040000000
2245,+Y,-X,348755,-0.039000000,0.0,-0.039000000
2246,+Y,-X,348836,-0.036000000,0.0,-0.036000000
2247,+Y,-X,348915,-0.040000000,0.0,-0.040000000
2248,+Y,-X,348996,-0.040000000,0.0,-0.040000000
2249,+Y,-X,349076,-0.029000000,0.0,-0.029000000
2250,+Y,-X,349155,-0.041000000,0.0,-0.041000000
2251,+Y,-X,349236,-0.040000000,0.0,-0.040000000
2252,+Y,-X,349315,-0.036000000,0.0,-0.036000000
2253,+Y,-X,349395,-0.034000000,0.0,-0.034000000
2254,+Y,-X,349476,-0.039000000,0.0,-0.039000000
2255,+Y,-X,349555,-0.040000000,0.0,-0.040000000
2256,+Y,-X,349635,-0.036000000,0.0,-0.036000000
2257,+Y,-X,349716,-0.040000000,0.0,-0.040000000
2258,+Y,-X,349795,-0.041000000,0.0,-0.041000000
2259,+Y,-X,349876,-0.041000000,0.0,-0.041000000
2260,+Y,-X,349955,-0.041000000,0.0,-0.041000000
2261,+Y,-X,350035,-0.040000000,0.0,-0.040000000
2262,+Y,-X,350116,-0.039000000,0.0,-0.039000000
2263,+Y,-X,350195,-0.034000000,0.0,-0.034000000
2264,+Y,-X,350275,-0.040000000,0.0,-0.040000000
2265,+Y,-X,350356,-0.045000000,0.0,-0.045000000
2266,+Y,-X,350435,-0.040000000,0.0,-0.040000000
2267,+Y,-X,350516,-0.045000000,0.0,-0.045000000
2268,+Y,-X,350595,-0.036000000,0.0,-0.036000000
2269,+Y,-X,350675,-0.040000000,0.0,-0.040000000
2270,+Y,-X,350756,-0.039000000,0.0,-0.039000000
2271,+Y,-X,350835,-0.040000000,0.0,-0.040000000
2272,+Y,-X,350916,-0.039000000,0.0,-0.039000000
2273,+Y,-X,350995,-0.039000000,0.0,-0.039000000
2274,+Y,-X,351075,-0.038000000,0.0,-0.038000000
2275,+Y,-X,351156,-0.049000000,0.0,-0.049000000
2276,+Y,-X,351235,-0.040000000,0.0,-0.040000000
2277,+Y,-X,351315,-0.036000000,0.0,-0.036000000
2278,+Y,-X,351396,-0.036000000,0.0,-0.036000000
2279,+Y,-X,351475,-0.039000000,0.0,-0.039000000
2280,+Y,-X,351556,-0.036000000,0.0,-0.036000000
2281,+Y,-X,351635,-0.039000000,0.0,-0.039000000
2282,+Y,-X,351715,-0.040000000,0.0,-0.040000000
2283,+Y,-X,351796,-0.045000000,0.0,-0.045000000
2284,+Y,-X,351875,-0.036000000,0.0,-0.036000000
2285,+Y,-X,351955,-0.045000000,0.0,-0.045000000
2286,+Y,-X,352036,-0.045000000,0.0,-0.045000000
2287,+Y,-X,352115,-0.040000000,0.0,-0.040000000
2288,+Y,-X,352196,-0.034000000,0.0,-0.034000000
2289,+Y,-X,352276,-0.036000000,0.0,-0.036000000
2290,+Y,-X,352355,-0.036000000,0.0,-0.036000000
2291,+Y,-X,352436,-0.040000000,0.0,-0.040000000
2292,+Y,-X,352515,-0.036000000,0.0,-0.036000000
2293,+Y,-X,352595,-0.036000000,0.0,-0.036000000
2294,+Y,-X,352676,-0.039000000,0.0,-0.039000000
2295,+Y,-X,352755,-0.037000000,0.0,-0.037000000
2296,+Y,-X,352836,-0.039000000,0.0,-0.039000000
2297,+Y,-X,352916,-0.036000000,0.0,-0.036000000
2298,+Y,-X,352995,-0.036000000,0.0,-0.036000000
2299,+Y,-X,353076,-0.036000000,0.0,-0.036000000
2300,+Y,-X,353155,-0.040000000,0.0,-0.040000000
2301,+Y,-X,353235,-0.042000000,0.0,-0.042000000
2302,+Y,-X,353316,-0.040000000,0.0,-0.040000000
2303,+Y,-X,353395,-0.039000000,0.0,-0.039000000
2304,+Y,-X,353476,-0.031000000,0.0,-0.031000000
2305,+Y,-X,353556,-0.045000000,0.0,-0.045000000
2306,+Y,-X,353635,-0.039000000,0.0,-0.039000000
2307,+Y,-X,353716,-0.040000000,0.0,-0.040000000
2308,+Y,-X,353795,-0.037000000,0.0,-0.037000000
2309,+Y,-X,353875,-0.039000000,0.0,-0.039000000
2310,+Y,-X,353956,-0.036000000,0.0,-0.036000000
2311,+Y,-X,354035,-0.036000000,0.0,-0.036000000
2312,+Y,-X,354116,-0.037000000,0.0,-0.037000000
2313,+Y,-X,354196,-0.041000000,0.0,-0.041000000
2314,+Y,-X,354275,-0.039000000,0.0,-0.039000000
2315,+Y,-X,354356,-0.040000000,0.0,-0.040000000
2316,+Y,-X,354435,-0.037000000,0.0,-0.037000000
2317,+Y,-X,354515,-0.040000000,0.0,-0.040000000
2318,+Y,-X,354596,-0.039000000,0.0,-0.039000000
2319,+Y,-X,354675,-0.036000000,0.0,-0.036000000
2320,+Y,-X,354756,-0.041000000,0.0,-0.041000000
2321,+Y,-X,354835,-0.040000000,0.0,-0.040000000
2322,+Y,-X,354915,-0.041000000,0.0,-0.041000000
2323,+Y,-X,354996,-0.036000000,0.0,-0.036000000
2324,+Y,-X,355075,-0.036000000,0.0,-0.036000000
2325,+Y,-X,355155,-0.039000000,0.0,-0.039000000
2326,+Y,-X,355236,-0.039000000,0.0,-0.039000000
2327,+Y,-X,355315,-0.029000000,0.0,-0.029000000
2328,+Y,-X,355396,-0.040000000,0.0,-0.040000000
2329,+Y,-X,355475,-0.038000000,0.0,-0.038000000
2330,+Y,-X,355555,-0.042000000,0.0,-0.042000000
2331,+Y,-X,355636,-0.040000000,0.0,-0.040000000
2332,+Y,-X,355715,-0.041000000,0.0,-0.041000000
2333,+Y,-X,355795,-0.040000000,0.0,-0.040000000
2334,+Y,-X,355876,-0.036000000,0.0,-0.036000000
2335,+Y,-X,355955,-0.037000000,0.0,-0.037000000
2336,+Y,-X,356036,-0.037000000,0.0,-0.037000000
2337,+Y,-X,356115,-0.040000000,0.0,-0.040000000
2338,+Y,-X,356195,-0.037000000,0.0,-0.037000000
2339,+Y,-X,356276,-0.037000000,0.0,-0.037000000
2340,+Y,-X,356355,-0.037000000,0.0,-0.037000000
2341,+Y,-X,356435,-0.036000000,0.0,-0.036000000
2342,+Y,-X,356516,-0.029000000,0.0,-0.029000000
2343,+Y,-X,356595,-0.041000000,0.0,-0.041000000
2344,+Y,-X,356676,-0.039000000,0.0,-0.039000000
2345,+Y,-X,356755,-0.040000000,0.0,-0.040000000
2346,+Y,-X,356835,-0.040000000,0.0,-0.040000000
2347,+Y,-X,356916,-0.040000000,0.0,-0.040000000
2348,+Y,-X,356995,-0.040000000,0.0,-0.040000000
2349,+Y,-X,357076,-0.040000000,0.0,-0.040000000
2350,+Y,-X,357156,-0.041000000,0.0,-0.041000000
2351,+Y,-X,357235,-0.041000000,0.0,-0.041000000
2352,+Y,-X,357316,-0.038000000,0.0,-0.038000000
2353,+Y,-X,357395,-0.040000000,0.0,-0.040000000
2354,+Y,-X,357475,-0.034000000,0.0,-0.034000000
2355,+Y,-X,357556,-0.040000000,0.0,-0.040000000
2356,+Y,-X,357635,-0.040000000,0.0,-0.040000000
2357,+Y,-X,357716,-0.040000000,0.0,-0.040000000
2358,+Y,-X,357795,-0.041000000,0.0,-0.041000000
2359,+Y,-X,357875,-0.039000000,0.0,-0.039000000
2360,+Y,-X,357956,-0.040000000,0.0,-0.040000000
2361,+Y,-X,358035,-0.041000000,0.0,-0.041000000
2362,+Y,-X,358115,-0.041000000,0.0,-0.041000000
2363,+Y,-X,358196,-0.039000000,0.0,-0.039000000
2364,+Y,-X,358275,-0.042000000,0.0,-0.042000000
2365,+Y,-X,358356,-0.039000000,0.0,-0.039000000
2366,+Y,-X,358435,-0.039000000,0.0,-0.039000000
2367,+Y,-X,358515,-0.029000000,0.0,-0.029000000
2368,+Y,-X,358596,-0.045000000,0.0,-0.045000000
2369,+Y,-X,358675,-0.040000000,0.0,-0.040000000
2370,+Y,-X,358755,-0.040000000,0.0,-0.040000000
2371,+Y,-X,358836,-0.036000000,0.0,-0.036000000
2372,+Y,-X,358915,-0.040000000,0.0,-0.040000000
2373,+Y,-X,358996,-0.037000000,0.0,-0.037000000
2374,+Y,-X,359075,-0.037000000,0.0,-0.037000000
2375,+Y,-X,359155,-0.042000000,0.0,-0.042000000
2376,+Y,-X,359236,-0.040000000,0.0,-0.040000000
2377,+Y,-X,359315,-0.041000000,0.0,-0.041000000
2378,+Y,-X,359395,-0.036000000,0.0,-0.036000000
2379,+Y,-X,359476,-0.036000000,0.0,-0.036000000
2380,+Y,-X,359555,-0.040000000,0.0,-0.040000000
2381,+Y,-X,359636,-0.036000000,0.0,-0.036000000
2382,+Y,-X,359715,-0.039000000,0.0,-0.039000000
2383,+Y,-X,359795,-0.036000000,0.0,-0.036000000
2384,+Y,-X,359876,-0.036000000,0.0,-0.036000000
2385,+Y,-X,359955,-0.040000000,0.0,-0.040000000
2386,+Y,-X,360035,-0.042000000,0.0,-0.042000000
2387,+Y,-X,360116,-0.042000000,0.0,-0.042000000
2388,+Y,-X,360195,-0.040000000,0.0,-0.040000000
2389,+Y,-X,360276,-0.042000000,0.0,-0.042000000
2390,+Y,-X,360355,-0.039000000,0.0,-0.039000000
2391,+Y,-X,360435,-0.036000000,0.0,-0.036000000
2392,+Y,-X,360516,-0.040000000,0.0,-0.040000000
2393,+Y,-X,360595,-0.045000000,0.0,-0.045000000
2394,+Y,-X,360675,-0.034000000,0.0,-0.034000000
2395,+Y,-X,360756,-0.039000000,0.0,-0.039000000
2396,+Y,-X,360835,-0.041000000,0.0,-0.041000000
2397,+Y,-X,360916,-0.036000000,0.0,-0.036000000
2398,+Y,-X,360995,-0.034000000,0.0,-0.034000000
2399,+Y,-X,361075,-0.039000000,0.0,-0.039000000
2400,+Y,-X,361156,-0.039000000,0.0,-0.039000000
2401,+Y,-X,361235,-0.036000000,0.0,-0.036000000
2402,+Y,-X,361315,-0.045000000,0.0,-0.045000000
2403,+Y,-X,361396,-0.040000000,0.0,-0.040000000
2404,+Y,-X,361475,-0.036000000,0.0,-0.036000000
2405,+Y,-X,361556,-0.040000000,0.0,-0.040000000
2406,+Y,-X,361635,-0.036000000,0.0,-0.036000000
2407,+Y,-X,361715,-0.036000000,0.0,-0.036000000
2408,+Y,-X,361796,-0.040000000,0.0,-0.040000000
2409,+Y,-X,361875,-0.036000000,0.0,-0.036000000
2410,+Y,-X,361955,-0.039000000,0.0,-0.039000000
2411,+Y,-X,362036,-0.041000000,0.0,-0.041000000
2412,+Y,-X,362115,-0.041000000,0.0,-0.041000000
2413,+Y,-X,362196,-0.037000000,0.0,-0.037000000
2414,+Y,-X,362275,-0.036000000,0.0,-0.036000000
2415,+Y,-X,362355,-0.039000000,0.0,-0.039000000
2416,+Y,-X,362436,-0.036000000,0.0,-0.036000000
2417,+Y,-X,362515,-0.040000000,0.0,-0.040000000
2418,+Y,-X,362595,-0.039000000,0.0,-0.039000000
2419,+Y,-X,362676,-0.040000000,0.0,-0.040000000
2420,+Y,-X,362755,-0.039000000,0.0,-0.039000000
2421,+Y,-X,362836,-0.039000000,0.0,-0.039000000
2422,+Y,-X,362916,-0.040000000,0.0,-0.040000000
2423,+Y,-X,362995,-0.040000000,0.0,-0.040000000
2424,+Y,-X,363076,-0.044000000,0.0,-0.044000000
2425,+Y,-X,363155,-0.044000000,0.0,-0.044000000
2426,+Y,-X,363235,-0.041000000,0.0,-0.041000000
2427,+Y,-X,363316,-0.032000000,0.0,-0.032000000
2428,+Y,-X,363395,-0.041000000,0.0,-0.041000000
2429,+Y,-X,363476,-0.040000000,0.0,-0.040000000
2430,+Y,-X,363555,-0.039000000,0.0,-0.039000000
2431,+Y,-X,363635,-0.040000000,0.0,-0.040000000
2432,+Y,-X,363716,-0.040000000,0.0,-0.040000000
2433,+Y,-X,363795,-0.040000000,0.0,-0.040000000
2434,+Y,-X,363875,-0.036000000,0.0,-0.036000000
2435,+Y,-X,363956,-0.037000000,0.0,-0.037000000
2436,+Y,-X,364035,-0.045000000,0.0,-0.045000000
2437,+Y,-X,364116,-0.040000000,0.0,-0.040000000
2438,+Y,-X,364195,-0.040000000,0.0,-0.040000000
2439,+Y,-X,364275,-0.039000000,0.0,-0.039000000
2440,+Y,-X,364356,-0.036000000,0.0,-0.036000000
2441,+Y,-X,364435,-0.036000000,0.0,-0.036000000
2442,+Y,-X,364515,-0.041000000,0.0,-0.041000000
2443,+Y,-X,364596,-0.040000000,0.0,-0.040000000
2444,+Y,-X,364675,-0.040000000,0.0,-0.040000000
2445,+Y,-X,364756,-0.045000000,0.0,-0.045000000
2446,+Y,-X,364835,-0.040000000,0.0,-0.040000000
2447,+Y,-X,364915,-0.040000000,0.0,-0.040000000
2448,+Y,-X,364996,-0.039000000,0.0,-0.039000000
2449,+Y,-X,365075,-0.039000000,0.0,-0.039000000
2450,+Y,-X,365155,-0.039000000,0.0,-0.039000000
2451,+Y,-X,365236,-0.040000000,0.0,-0.040000000
2452,+Y,-X,365315,-0.034000000,0.0,-0.034000000
2453,+Y,-X,365396,-0.049000000,0.0,-0.049000000
2454,+Y,-X,365475,-0.040000000,0.0,-0.040000000
2455,+Y,-X,365555,-0.040000000,0.0,-0.040000000
2456,+Y,-X,365636,-0.040000000,0.0,-0.040000000
2457,+Y,-X,365715,-0.037000000,0.0,-0.037000000
2458,+Y,-X,365795,-0.036000000,0.0,-0.036000000
2459,+Y,-X,365876,-0.040000000,0.0,-0.040000000
2460,+Y,-X,365955,-0.039000000,0.0,-0.039000000
2461,+Y,-X,366036,-0.036000000,0.0,-0.036000000
2462,+Y,-X,366115,-0.040000000,0.0,-0.040000000
2463,+Y,-X,366195,-0.040000000,0.0,-0.040000000
2464,+Y,-X,366276,-0.040000000,0.0,-0.040000000
2465,+Y,-X,366355,-0.040000000,0.0,-0.040000000
2466,+Y,-X,366435,-0.037000000,0.0,-0.037000000
2467,+Y,-X,366516,-0.042000000,0.0,-0.042000000
2468,+Y,-X,366595,-0.041000000,0.0,-0.041000000
2469,+Y,-X,366676,-0.038000000,0.0,-0.038000000
2470,+Y,-X,366755,-0.045000000,0.0,-0.045000000
2471,+Y,-X,366835,-0.039000000,0.0,-0.039000000
2472,+Y,-X,366916,-0.037000000,0.0,-0.037000000
2473,+Y,-X,366995,-0.045000000,0.0,-0.045000000
2474,+Y,-X,367075,-0.044000000,0.0,-0.044000000
2475,+Y,-X,367156,-0.044000000,0.0,-0.044000000
2476,+Y,-X,367235,-0.041000000,0.0,-0.041000000
2477,+Y,-X,367316,-0.036000000,0.0,-0.036000000
2478,+Y,-X,367395,-0.041000000,0.0,-0.041000000
2479,+Y,-X,367475,-0.042000000,0.0,-0.042000000
2480,+Y,-X,367556,-0.036000000,0.0,-0.036000000
2481,+Y,-X,367635,-0.040000000,0.0,-0.040000000
2482,+Y,-X,367715,-0.040000000,0.0,-0.040000000
2483,+Y,-X,367796,-0.040000000,0.0,-0.040000000
2484,+Y,-X,367875,-0.034000000,0.0,-0.034000000
2485,+Y,-X,367956,-0.039000000,0.0,-0.039000000
2486,+Y,-X,368035,-0.040000000,0.0,-0.040000000
2487,+Y,-X,368115,-0.031000000,0.0,-0.031000000
2488,+Y,-X,368196,-0.031000000,0.0,-0.031000000
2489,+Y,-X,368275,-0.047000000,0.0,-0.047000000
2490,+Y,-X,368355,-0.040000000,0.0,-0.040000000
2491,+Y,-X,368436,-0.034000000,0.0,-0.034000000
2492,+Y,-X,368515,-0.040000000,0.0,-0.040000000
2493,+Y,-X,368596,-0.036000000,0.0,-0.036000000
2494,+Y,-X,368675,-0.040000000,0.0,-0.040000000
2495,+Y,-X,368755,-0.041000000,0.0,-0.041000000
2496,+Y,-X,368836,-0.037000000,0.0,-0.037000000
2497,+Y,-X,368915,-0.041000000,0.0,-0.041000000
2498,+Y,-X,368995,-0.039000000,0.0,-0.039000000
2499,+Y,-X,369076,-0.037000000,0.0,-0.037000000
2500,+Y,-X,369155,-0.037000000,0.0,-0.037000000
2501,+Y,-X,369236,-0.037000000,0.0,-0.037000000
2502,+Y,-X,369315,-0.037000000,0.0,-0.037000000
2503,+Y,-X,369395,-0.039000000,0.0,-0.039000000
2504,+Y,-X,369476,-0.039000000,0.0,-0.039000000
2505,+Y,-X,369555,-0.040000000,0.0,-0.040000000
2506,+Y,-X,369635,-0.036000000,0.0,-0.036000000
2507,+Y,-X,369716,-0.041000000,0.0,-0.041000000
2508,+Y,-X,369795,-0.039000000,0.0,-0.039000000
2509,+Y,-X,369876,-0.036000000,0.0,-0.036000000
2510,+Y,-X,369955,-0.036000000,0.0,-0.036000000
2511,+Y,-X,370035,-0.039000000,0.0,-0.039000000
2512,+Y,-X,370116,-0.037000000,0.0,-0.037000000
2513,+Y,-X,370195,-0.037000000,0.0,-0.037000000
2514,+Y,-X,370276,-0.040000000,0.0,-0.040000000
2515,+Y,-X,370356,-0.040000000,0.0,-0.040000000
2516,+Y,-X,370435,-0.038000000,0.0,-0.038000000
2517,+Y,-X,370516,-0.040000000,0.0,-0.040000000
2518,+Y,-X,370595,-0.039000000,0.0,-0.039000000
2519,+Y,-X,370675,-0.047000000,0.0,-0.047000000
2520,+Y,-X,370756,-0.045000000,0.0,-0.045000000
2521,+Y,-X,370835,-0.040000000,0.0,-0.040000000
2522,+Y,-X,370916,-0.041000000,0.0,-0.041000000
2523,+Y,-X,370996,-0.040000000,0.0,-0.040000000
2524,+Y,-X,371075,-0.039000000,0.0,-0.039000000
2525,+Y,-X,371156,-0.037000000,0.0,-0.037000000
2526,+Y,-X,371235,-0.037000000,0.0,-0.037000000
2527,+Y,-X,371315,-0.040000000,0.0,-0.040000000
2528,+Y,-X,371396,-0.040000000,0.0,-0.040000000
2529,+Y,-X,371475,-0.032000000,0.0,-0.032000000
2530,+Y,-X,371555,-0.045000000,0.0,-0.045000000
2531,+Y,-X,371636,-0.037000000,0.0,-0.037000000
2532,+Y,-X,371715,-0.039000000,0.0,-0.039000000
2533,+Y,-X,371796,-0.040000000,0.0,-0.040000000
2534,+Y,-X,371875,-0.040000000,0.0,-0.040000000
2535,+Y,-X,371955,-0.040000000,0.0,-0.040000000
2536,+Y,-X,372036,-0.034000000,0.0,-0.034000000
2537,+Y,-X,372115,-0.041000000,0.0,-0.041000000
2538,+Y,-X,372196,-0.040000000,0.0,-0.040000000
2539,+Y,-X,372276,-0.040000000,0.0,-0.040000000
2540,+Y,-X,372355,-0.040000000,0.0,-0.040000000
2541,+Y,-X,372436,-0.045000000,0.0,-0.045000000
2542,+Y,-X,372515,-0.036000000,0.0,-0.036000000
2543,+Y,-X,372595,-0.036000000,0.0,-0.036000000
2544,+Y,-X,372676,-0.032000000,0.0,-0.032000000
2545,+Y,-X,372755,-0.040000000,0.0,-0.040000000
2546,+Y,-X,372835,-0.041000000,0.0,-0.041000000
2547,+Y,-X,372916,-0.039000000,0.0,-0.039000000
2548,+Y,-X,372995,-0.039000000,0.0,-0.039000000
2549,+Y,-X,373076,-0.037000000,0.0,-0.037000000
2550,+Y,-X,373155,-0.040000000,0.0,-0.040000000
2551,+Y,-X,373235,-0.040000000,0.0,-0.040000000
2552,+Y,-X,373316,-0.029000000,0.0,-0.029000000
2553,+Y,-X,373395,-0.032000000,0.0,-0.032000000
2554,+Y,-X,373476,-0.041000000,0.0,-0.041000000
2555,+Y,-X,373555,-0.034000000,0.0,-0.034000000
2556,+Y,-X,373635,-0.034000000,0.0,-0.034000000
2557,+Y,-X,373716,-0.036000000,0.0,-0.036000000
2558,+Y,-X,373795,-0.040000000,0.0,-0.040000000
2559,+Y,-X,373875,-0.039000000,0.0,-0.039000000
2560,+Y,-X,373956,-0.040000000,0.0,-0.040000000
2561,+Y,-X,374035,-0.045000000,0.0,-0.045000000
2562,+Y,-X,374115,-0.036000000,0.0,-0.036000000
2563,+Y,-X,374196,-0.039000000,0.0,-0.039000000
2564,+Y,-X,374275,-0.039000000,0.0,-0.039000000
2565,+Y,-X,374356,-0.036000000,0.0,-0.036000000
2566,+Y,-X,374435,-0.039000000,0.0,-0.039000000
2567,+Y,-X,374515,-0.039000000,0.0,-0.039000000
2568,+Y,-X,374596,-0.034000000,0.0,-0.034000000
2569,+Y,-X,374675,-0.039000000,0.0,-0.039000000
2570,+Y,-X,374755,-0.041000000,0.0,-0.041000000
2571,+Y,-X,374836,-0.040000000,0.0,-0.040000000
2572,+Y,-X,374915,-0.040000000,0.0,-0.040000000
2573,+Y,-X,374996,-0.040000000,0.0,-0.040000000
2574,+Y,-X,375075,-0.036000000,0.0,-0.036000000
2575,+Y,-X,375155,-0.040000000,0.0,-0.040000000
2576,+Y,-X,375236,-0.040000000,0.0,-0.040000000
2577,+Y,-X,375315,-0.040000000,0.0,-0.040000000
2578,+Y,-X,375395,-0.045000000,0.0,-0.045000000
2579,+Y,-X,375476,-0.039000000,0.0,-0.039000000
2580,+Y,-X,375555,-0.040000000,0.0,-0.040000000
2581,+Y,-X,375636,-0.039000000,0.0,-0.039000000
2582,+Y,-X,375715,-0.032000000,0.0,-0.032000000
2583,+Y,-X,375795,-0.034000000,0.0,-0.034000000
2584,+Y,-X,375876,-0.029000000,0.0,-0.029000000
2585,+Y,-X,375955,-0.041000000,0.0,-0.041000000
2586,+Y,-X,376035,-0.036000000,0.0,-0.036000000
2587,+Y,-X,376116,-0.040000000,0.0,-0.040000000
2588,+Y,-X,376195,-0.036000000,0.0,-0.036000000
2589,+Y,-X,376276,-0.036000000,0.0,-0.036000000
2590,+Y,-X,376355,-0.037000000,0.0,-0.037000000
2591,+Y,-X,376435,-0.042000000,0.0,-0.042000000
2592,+Y,-X,376516,-0.037000000,0.0,-0.037000000
2593,+Y,-X,376595,-0.041000000,0.0,-0.041000000
2594,+Y,-X,376675,-0.036000000,0.0,-0.036000000
2595,+Y,-X,376756,-0.040000000,0.0,-0.040000000
2596,+Y,-X,376835,-0.040000000,0.0,-0.040000000
2597,+Y,-X,376916,-0.039000000,0.0,-0.039000000
2598,+Y,-X,376995,-0.039000000,0.0,-0.039000000
2599,+Y,-X,377075,-0.040000000,0.0,-0.040000000
2600,+Y,-X,377156,-0.039000000,0.0,-0.039000000
2601,+Y,-X,377235,-0.036000000,0.0,-0.036000000
2602,+Y,-X,377315,-0.036000000,0.0,-0.036000000
2603,+Y,-X,377396,-0.045000000,0.0,-0.045000000
2604,+Y,-X,377475,-0.039000000,0.0,-0.039000000
2605,+Y,-X,377556,-0.036000000,0.0,-0.036000000
2606,+Y,-X,377635,-0.034000000,0.0,-0.034000000
2607,+Y,-X,377715,-0.034000000,0.0,-0.034000000
2608,+Y,-X,377796,-0.040000000,0.0,-0.040000000
2609,+Y,-X,377875,-0.037000000,0.0,-0.037000000
2610,+Y,-X,377955,-0.041000000,0.0,-0.041000000
2611,+Y,-X,378036,-0.041000000,0.0,-0.041000000
2612,+Y,-X,378115,-0.040000000,0.0,-0.040000000
2613,+Y,-X,378196,-0.040000000,0.0,-0.040000000
2614,+Y,-X,378275,-0.040000000,0.0,-0.040000000
2615,+Y,-X,378355,-0.040000000,0.0,-0.040000000
2616,+Y,-X,378436,-0.039000000,0.0,-0.039000000
2617,+Y,-X,378515,-0.041000000,0.0,-0.041000000
2618,+Y,-X,378595,-0.041000000,0.0,-0.041000000
2619,+Y,-X,378676,-0.036000000,0.0,-0.036000000
2620,+Y,-X,378755,-0.039000000,0.0,-0.039000000
2621,+Y,-X,378836,-0.039000000,0.0,-0.039000000
2622,+Y,-X,378915,-0.039000000,0.0,-0.039000000
2623,+Y,-X,378995,-0.037000000,0.0,-0.037000000
2624,+Y,-X,379076,-0.032000000,0.0,-0.032000000
2625,+Y,-X,379155,-0.040000000,0.0,-0.040000000
2626,+Y,-X,379235,-0.039000000,0.0,-0.039000000
2627,+Y,-X,379316,-0.039000000,0.0,-0.039000000
2628,+Y,-X,379395,-0.040000000,0.0,-0.040000000
2629,+Y,-X,379476,-0.039000000,0.0,-0.039000000
2630,+Y,-X,379555,-0.036000000,0.0,-0.036000000
2631,+Y,-X,379635,-0.037000000,0.0,-0.037000000
2632,+Y,-X,379716,-0.032000000,0.0,-0.032000000
2633,+Y,-X,379795,-0.041000000,0.0,-0.041000000
2634,+Y,-X,379875,-0.040000000,0.0,-0.040000000
2635,+Y,-X,379956,-0.036000000,0.0,-0.036000000
2636,+Y,-X,380035,-0.037000000,0.0,-0.037000000
2637,+Y,-X,380116,-0.039000000,0.0,-0.039000000
2638,+Y,-X,380195,-0.036000000,0.0,-0.036000000
2639,+Y,-X,380275,-0.038000000,0.0,-0.038000000
2640,+Y,-X,380356,-0.038000000,0.0,-0.038000000
2641,+Y,-X,380435,-0.047000000,0.0,-0.047000000
2642,+Y,-X,380515,-0.041000000,0.0,-0.041000000
2643,+Y,-X,380596,-0.037000000,0.0,-0.037000000
2644,+Y,-X,380675,-0.037000000,0.0,-0.037000000
2645,+Y,-X,380756,-0.036000000,0.0,-0.036000000
2646,+Y,-X,380835,-0.039000000,0.0,-0.039000000
2647,+Y,-X,380915,-0.041000000,0.0,-0.041000000
2648,+Y,-X,380996,-0.037000000,0.0,-0.037000000
2649,+Y,-X,381075,-0.041000000,0.0,-0.041000000
2650,+Y,-X,381156,-0.039000000,0.0,-0.039000000
2651,+Y,-X,381236,-0.039000000,0.0,-0.039000000
2652,+Y,-X,381315,-0.039000000,0.0,-0.039000000
2653,+Y,-X,381396,-0.039000000,0.0,-0.039000000
2654,+Y,-X,381475,-0.040000000,0.0,-0.040000000
2655,+Y,-X,381555,-0.034000000,0.0,-0.034000000
2656,+Y,-X,381636,-0.039000000,0.0,-0.039000000
2657,+Y,-X,381715,-0.039000000,0.0,-0.039000000
2658,+Y,-X,381796,-0.040000000,0.0,-0.040000000
2659,+Y,-X,381876,-0.039000000,0.0,-0.039000000
2660,+Y,-X,381955,-0.039000000,0.0,-0.039000000
2661,+Y,-X,382036,-0.036000000,0.0,-0.036000000
2662,+Y,-X,382115,-0.040000000,0.0,-0.040000000
2663,+Y,-X,382195,-0.040000000,0.0,-0.040000000
2664,+Y,-X,382276,-0.034000000,0.0,-0.034000000
2665,+Y,-X,382355,-0.034000000,0.0,-0.034000000
2666,+Y,-X,382436,-0.045000000,0.0,-0.045000000
2667,+Y,-X,382515,-0.037000000,0.0,-0.037000000
2668,+Y,-X,382595,-0.040000000,0.0,-0.040000000
2669,+Y,-X,382676,-0.040000000,0.0,-0.040000000
2670,+Y,-X,382755,-0.040000000,0.0,-0.040000000
2671,+Y,-X,382835,-0.040000000,0.0,-0.040000000
2672,+Y,-X,382916,-0.040000000,0.0,-0.040000000
2673,+Y,-X,382995,-0.045000000,0.0,-0.045000000
2674,+Y,-X,383076,-0.040000000,0.0,-0.040000000
2675,+Y,-X,383155,-0.040000000,0.0,-0.040000000
2676,+Y,-X,383235,-0.036000000,0.0,-0.036000000
2677,+Y,-X,383316,-0.041000000,0.0,-0.041000000
2678,+Y,-X,383395,-0.041000000,0.0,-0.041000000
2679,+Y,-X,383476,-0.040000000,0.0,-0.040000000
2680,+Y,-X,383555,-0.040000000,0.0,-0.040000000
2681,+Y,-X,383635,-0.041000000,0.0,-0.041000000
2682,+Y,-X,383716,-0.044000000,0.0,-0.044000000
2683,+Y,-X,383795,-0.040000000,0.0,-0.040000000
2684,+Y,-X,383875,-0.036000000,0.0,-0.036000000
2685,+Y,-X,383956,-0.039000000,0.0,-0.039000000
2686,+Y,-X,384035,-0.037000000,0.0,-0.037000000
2687,+Y,-X,384116,-0.034000000,0.0,-0.034000000
2688,+Y,-X,384195,-0.041000000,0.0,-0.041000000
2689,+Y,-X,384275,-0.039000000,0.0,-0.039000000
2690,+Y,-X,384356,-0.039000000,0.0,-0.039000000
2691,+Y,-X,384435,-0.039000000,0.0,-0.039000000
2692,+Y,-X,384515,-0.040000000,0.0,-0.040000000
2693,+Y,-X,384596,-0.040000000,0.0,-0.040000000
2694,+Y,-X,384675,-0.036000000,0.0,-0.036000000
2695,+Y,-X,384756,-0.036000000,0.0,-0.036000000
2696,+Y,-X,384835,-0.041000000,0.0,-0.041000000
2697,+Y,-X,384915,-0.040000000,0.0,-0.040000000
2698,+Y,-X,384996,-0.040000000,0.0,-0.040000000
2699,+Y,-X,385075,-0.040000000,0.0,-0.040000000
2700,+Y,-X,385156,-0.036000000,0.0,-0.036000000
2701,+Y,-X,385236,-0.040000000,0.0,-0.040000000
2702,+Y,-X,385315,-0.036000000,0.0,-0.036000000
2703,+Y,-X,385396,-0.036000000,0.0,-0.036000000
2704,+Y,-X,385475,-0.045000000,0.0,-0.045000000
2705,+Y,-X,385555,-0.036000000,0.0,-0.036000000
2706,+Y,-X,385636,-0.039000000,0.0,-0.039000000
2707,+Y,-X,385715,-0.042000000,0.0,-0.042000000
2708,+Y,-X,385795,-0.037000000,0.0,-0.037000000
2709,+Y,-X,385876,-0.036000000,0.0,-0.036000000
2710,+Y,-X,385955,-0.031000000,0.0,-0.031000000
2711,+Y,-X,386036,-0.049000000,0.0,-0.049000000
2712,+Y,-X,386115,-0.036000000,0.0,-0.036000000
2713,+Y,-X,386195,-0.041000000,0.0,-0.041000000
2714,+Y,-X,386276,-0.039000000,0.0,-0.039000000
2715,+Y,-X,386355,-0.040000000,0.0,-0.040000000
2716,+Y,-X,386436,-0.040000000,0.0,-0.040000000
2717,+Y,-X,386515,-0.036000000,0.0,-0.036000000
2718,+Y,-X,386595,-0.036000000,0.0,-0.036000000
2719,+Y,-X,386676,-0.041000000,0.0,-0.041000000
2720,+Y,-X,386755,-0.037000000,0.0,-0.037000000
2721,+Y,-X,386835,-0.040000000,0.0,-0.040000000
2722,+Y,-X,386916,-0.037000000,0.0,-0.037000000
2723,+Y,-X,386995,-0.036000000,0.0,-0.036000000
2724,+Y,-X,387076,-0.037000000,0.0,-0.037000000
2725,+Y,-X,387155,-0.040000000,0.0,-0.040000000
2726,+Y,-X,387235,-0.037000000,0.0,-0.037000000
2727,+Y,-X,387316,-0.040000000,0.0,-0.040000000
2728,+Y,-X,387395,-0.040000000,0.0,-0.040000000
2729,+Y,-X,387475,-0.040000000,0.0,-0.040000000
2730,+Y,-X,387556,-0.040000000,0.0,-0.040000000
2731,+Y,-X,387635,-0.039000000,0.0,-0.039000000
2732,+Y,-X,387716,-0.040000000,0.0,-0.040000000
2733,+Y,-X,387795,-0.039000000,0.0,-0.039000000
2734,+Y,-X,387875,-0.040000000,0.0,-0.040000000
2735,+Y,-X,387956,-0.040000000,0.0,-0.040000000
2736,+Y,-X,388035,-0.036000000,0.0,-0.036000000
2737,+Y,-X,388115,-0.039000000,0.0,-0.039000000
2738,+Y,-X,388196,-0.039000000,0.0,-0.039000000
2739,+Y,-X,388275,-0.031000000,0.0,-0.031000000
2740,+Y,-X,388356,-0.041000000,0.0,-0.041000000
2741,+Y,-X,388435,-0.041000000,0.0,-0.041000000
2742,+Y,-X,388515,-0.039000000,0.0,-0.039000000
2743,+Y,-X,388596,-0.040000000,0.0,-0.040000000
2744,+Y,-X,388675,-0.040000000,0.0,-0.040000000
2745,+Y,-X,388755,-0.041000000,0.0,-0.041000000
2746,+Y,-X,388836,-0.036000000,0.0,-0.036000000
2747,+Y,-X,388915,-0.029000000,0.0,-0.029000000
2748,+Y,-X,388996,-0.045000000,0.0,-0.045000000
2749,+Y,-X,389075,-0.036000000,0.0,-0.036000000
2750,+Y,-X,389155,-0.036000000,0.0,-0.036000000
2751,+Y,-X,389236,-0.037000000,0.0,-0.037000000
2752,+Y,-X,389315,-0.040000000,0.0,-0.040000000
2753,+Y,-X,389395,-0.037000000,0.0,-0.037000000
2754,+Y,-X,389476,-0.037000000,0.0,-0.037000000
2755,+Y,-X,389555,-0.040000000,0.0,-0.040000000
2756,+Y,-X,389636,-0.049000000,0.0,-0.049000000
2757,+Y,-X,389715,-0.039000000,0.0,-0.039000000
2758,+Y,-X,389795,-0.040000000,0.0,-0.040000000
2759,+Y,-X,389876,-0.039000000,0.0,-0.039000000
2760,+Y,-X,389955,-0.033000000,0.0,-0.033000000
2761,+Y,-X,390035,-0.033000000,0.0,-0.033000000
2762,+Y,-X,390116,-0.039000000,0.0,-0.039000000
2763,+Y,-X,390195,-0.041000000,0.0,-0.041000000
2764,+Y,-X,390276,-0.039000000,0.0,-0.039000000
2765,+Y,-X,390355,-0.039000000,0.0,-0.039000000
2766,+Y,-X,390435,-0.034000000,0.0,-0.034000000
2767,+Y,-X,390516,-0.034000000,0.0,-0.034000000
2768,+Y,-X,390595,-0.039000000,0.0,-0.039000000
2769,+Y,-X,390675,-0.034000000,0.0,-0.034000000
2770,+Y,-X,390756,-0.039000000,0.0,-0.039000000
2771,+Y,-X,390835,-0.036000000,0.0,-0.036000000
2772,+Y,-X,390916,-0.041000000,0.0,-0.041000000
2773,+Y,-X,390995,-0.044000000,0.0,-0.044000000
2774,+Y,-X,391075,-0.040000000,0.0,-0.040000000
2775,+Y,-X,391156,-0.034000000,0.0,-0.034000000
2776,+Y,-X,391235,-0.040000000,0.0,-0.040000000
2777,+Y,-X,391315,-0.036000000,0.0,-0.036000000
2778,+Y,-X,391396,-0.039000000,0.0,-0.039000000
2779,+Y,-X,391475,-0.039000000,0.0,-0.039000000
2780,+Y,-X,391556,-0.036000000,0.0,-0.036000000
2781,+Y,-X,391635,-0.041000000,0.0,-0.041000000
2782,+Y,-X,391715,-0.037000000,0.0,-0.037000000
2783,+Y,-X,391796,-0.040000000,0.0,-0.040000000
2784,+Y,-X,391875,-0.040000000,0.0,-0.040000000
2785,+Y,-X,391955,-0.041000000,0.0,-0.041000000
2786,+Y,-X,392036,-0.037000000,0.0,-0.037000000
2787,+Y,-X,392115,-0.040000000,0.0,-0.040000000
2788,+Y,-X,392196,-0.041000000,0.0,-0.041000000
2789,+Y,-X,392275,-0.042000000,0.0,-0.042000000
2790,+Y,-X,392355,-0.039000000,0.0,-0.039000000
2791,+Y,-X,392436,-0.036000000,0.0,-0.036000000
2792,+Y,-X,392515,-0.036000000,0.0,-0.036000000
2793,+Y,-X,392596,-0.039000000,0.0,-0.039000000
2794,+Y,-X,392676,-0.040000000,0.0,-0.040000000
2795,+Y,-X,392755,-0.036000000,0.0,-0.036000000
2796,+Y,-X,392836,-0.040000000,0.0,-0.040000000
2797,+Y,-X,392915,-0.041000000,0.0,-0.041000000
2798,+Y,-X,392995,-0.040000000,0.0,-0.040000000
2799,+Y,-X,393076,-0.035000000,0.0,-0.035000000
2800,+Y,-X,393155,-0.040000000,0.0,-0.040000000
2801,+Y,-X,393236,-0.037000000,0.0,-0.037000000
2802,+Y,-X,393316,-0.040000000,0.0,-0.040000000
2803,+Y,-X,393395,-0.036000000,0.0,-0.036000000
2804,+Y,-X,393476,-0.041000000,0.0,-0.041000000
2805,+Y,-X,393555,-0.041000000,0.0,-0.041000000
2806,+Y,-X,393635,-0.036000000,0.0,-0.036000000
2807,+Y,-X,393716,-0.037000000,0.0,-0.037000000
2808,+Y,-X,393795,-0.032000000,0.0,-0.032000000
2809,+Y,-X,393876,-0.036000000,0.0,-0.036000000
2810,+Y,-X,393955,-0.040000000,0.0,-0.040000000
2811,+Y,-X,394035,-0.044000000,0.0,-0.044000000
2812,+Y,-X,394116,-0.045000000,0.0,-0.045000000
2813,+Y,-X,394195,-0.039000000,0.0,-0.039000000
2814,+Y,-X,394275,-0.039000000,0.0,-0.039000000
2815,+Y,-X,394356,-0.040000000,0.0,-0.040000000
2816,+Y,-X,394435,-0.040000000,0.0,-0.040000000
2817,+Y,-X,394516,-0.040000000,0.0,-0.040000000
2818,+Y,-X,394595,-0.028000000,0.0,-0.028000000
2819,+Y,-X,394675,-0.036000000,0.0,-0.036000000
2820,+Y,-X,394756,-0.036000000,0.0,-0.036000000
2821,+Y,-X,394835,-0.040000000,0.0,-0.040000000
2822,+Y,-X,394915,-0.040000000,0.0,-0.040000000
2823,+Y,-X,394996,-0.037000000,0.0,-0.037000000
2824,+Y,-X,395075,-0.037000000,0.0,-0.037000000
2825,+Y,-X,395156,-0.040000000,0.0,-0.040000000
2826,+Y,-X,395235,-0.039000000,0.0,-0.039000000
2827,+Y,-X,395315,-0.041000000,0.0,-0.041000000
2828,+Y,-X,395396,-0.040000000,0.0,-0.040000000
2829,+Y,-X,395475,-0.037000000,0.0,-0.037000000
2830,+Y,-X,395555,-0.037000000,0.0,-0.037000000
2831,+Y,-X,395636,-0.036000000,0.0,-0.036000000
2832,+Y,-X,395715,-0.040000000,0.0,-0.040000000
2833,+Y,-X,395796,-0.039000000,0.0,-0.039000000
2834,+Y,-X,395875,-0.039000000,0.0,-0.039000000
2835,+Y,-X,395955,-0.041000000,0.0,-0.041000000
2836,+Y,-X,396036,-0.039000000,0.0,-0.039000000
2837,+Y,-X,396115,-0.034000000,0.0,-0.034000000
2838,+Y,-X,396195,-0.037000000,0.0,-0.037000000
2839,+Y,-X,396276,-0.037000000,0.0,-0.037000000
2840,+Y,-X,396355,-0.040000000,0.0,-0.040000000
2841,+Y,-X,396436,-0.040000000,0.0,-0.040000000
2842,+Y,-X,396515,-0.036000000,0.0,-0.036000000
2843,+Y,-X,396595,-0.036000000,0.0,-0.036000000
2844,+Y,-X,396676,-0.039000000,0.0,-0.039000000
2845,+Y,-X,396755,-0.037000000,0.0,-0.037000000
2846,+Y,-X,396835,-0.040000000,0.0,-0.040000000
2847,+Y,-X,396916,-0.042000000,0.0,-0.042000000
2848,+Y,-X,396995,-0.040000000,0.0,-0.040000000
2849,+Y,-X,397076,-0.039000000,0.0,-0.039000000
2850,+Y,-X,397155,-0.045000000,0.0,-0.045000000
2851,+Y,-X,397235,-0.036000000,0.0,-0.036000000
2852,+Y,-X,397316,-0.037000000,0.0,-0.037000000
2853,+Y,-X,397395,-0.036000000,0.0,-0.036000000
2854,+Y,-X,397475,-0.039000000,0.0,-0.039000000
2855,+Y,-X,397556,-0.039000000,0.0,-0.039000000
2856,+Y,-X,397635,-0.026000000,0.0,-0.026000000
2857,+Y,-X,397716,-0.032000000,0.0,-0.032000000
2858,+Y,-X,397795,-0.049000000,0.0,-0.049000000
2859,+Y,-X,397875,-0.036000000,0.0,-0.036000000
2860,+Y,-X,397956,-0.039000000,0.0,-0.039000000
2861,+Y,-X,398035,-0.037000000,0.0,-0.037000000
2862,+Y,-X,398115,-0.040000000,0.0,-0.040000000
2863,+Y,-X,398196,-0.040000000,0.0,-0.040000000
2864,+Y,-X,398275,-0.036000000,0.0,-0.036000000
2865,+Y,-X,398356,-0.033000000,0.0,-0.033000000
2866,+Y,-X,398435,-0.040000000,0.0,-0.040000000
2867,+Y,-X,398515,-0.036000000,0.0,-0.036000000
2868,+Y,-X,398596,-0.036000000,0.0,-0.036000000
2869,+Y,-X,398675,-0.039000000,0.0,-0.039000000
2870,+Y,-X,398755,-0.037000000,0.0,-0.037000000
2871,+Y,-X,398836,-0.037000000,0.0,-0.037000000
2872,+Y,-X,398915,-0.037000000,0.0,-0.037000000
2873,+Y,-X,398996,-0.041000000,0.0,-0.041000000
2874,+Y,-X,399075,-0.039000000,0.0,-0.039000000
2875,+Y,-X,399155,-0.039000000,0.0,-0.039000000
2876,+Y,-X,399236,-0.040000000,0.0,-0.040000000
2877,+Y,-X,399315,-0.036000000,0.0,-0.036000000
2878,+Y,-X,399395,-0.039000000,0.0,-0.039000000
2879,+Y,-X,399476,-0.032000000,0.0,-0.032000000
2880,+Y,-X,399555,-0.032000000,0.0,-0.032000000
2881,+Y,-X,399636,-0.041000000,0.0,-0.041000000
2882,+Y,-X,399715,-0.036000000,0.0,-0.036000000
2883,+Y,-X,399795,-0.036000000,0.0,-0.036000000
2884,+Y,-X,399876,-0.036000000,0.0,-0.036000000
2885,+Y,-X,399955,-0.037000000,0.0,-0.037000000
2886,+Y,-X,400035,-0.040000000,0.0,-0.040000000
2887,+Y,-X,400116,-0.036000000,0.0,-0.036000000
2888,+Y,-X,400195,-0.041000000,0.0,-0.041000000
2889,+Y,-X,400276,-0.042000000,0.0,-0.042000000
2890,+Y,-X,400355,-0.040000000,0.0,-0.040000000
2891,+Y,-X,400435,-0.041000000,0.0,-0.041000000
2892,+Y,-X,400516,-0.040000000,0.0,-0.040000000
2893,+Y,-X,400595,-0.040000000,0.0,-0.040000000
2894,+Y,-X,400675,-0.040000000,0.0,-0.040000000
2895,+Y,-X,400756,-0.036000000,0.0,-0.036000000
2896,+Y,-X,400835,-0.041000000,0.0,-0.041000000
2897,+Y,-X,400916,-0.040000000,0.0,-0.040000000
2898,+Y,-X,400996,-0.040000000,0.0,-0.040000000
2899,+Y,-X,401075,-0.032000000,0.0,-0.032000000
2900,+Y,-X,401156,-0.039000000,0.0,-0.039000000
2901,+Y,-X,401235,-0.040000000,0.0,-0.040000000
2902,+Y,-X,401315,-0.036000000,0.0,-0.036000000
2903,+Y,-X,401396,-0.037000000,0.0,-0.037000000
2904,+Y,-X,401475,-0.040000000,0.0,-0.040000000
2905,+Y,-X,401556,-0.039000000,0.0,-0.039000000
2906,+Y,-X,401635,-0.039000000,0.0,-0.039000000
2907,+Y,-X,401715,-0.040000000,0.0,-0.040000000
2908,+Y,-X,401796,-0.041000000,0.0,-0.041000000
2909,+Y,-X,401875,-0.041000000,0.0,-0.041000000
2910,+Y,-X,401955,-0.040000000,0.0,-0.040000000
2911,+Y,-X,402036,-0.036000000,0.0,-0.036000000
2912,+Y,-X,402115,-0.040000000,0.0,-0.040000000
2913,+Y,-X,402195,-0.036000000,0.0,-0.036000000
2914,+Y,-X,402276,-0.040000000,0.0,-0.040000000
2915,+Y,-X,402355,-0.041000000,0.0,-0.041000000
2916,+Y,-X,402436,-0.040000000,0.0,-0.040000000
2917,+Y,-X,402515,-0.040000000,0.0,-0.040000000
2918,+Y,-X,402595,-0.040000000,0.0,-0.040000000
2919,+Y,-X,402676,-0.041000000,0.0,-0.041000000
2920,+Y,-X,402755,-0.039000000,0.0,-0.039000000
2921,+Y,-X,402836,-0.040000000,0.0,-0.040000000
2922,+Y,-X,402915,-0.041000000,0.0,-0.041000000
2923,+Y,-X,402995,-0.036000000,0.0,-0.036000000
2924,+Y,-X,403076,-0.036000000,0.0,-0.036000000
2925,+Y,-X,403155,-0.042000000,0.0,-0.042000000
2926,+Y,-X,403235,-0.045000000,0.0,-0.045000000
2927,+Y,-X,403316,-0.040000000,0.0,-0.040000000
2928,+Y,-X,403395,-0.036000000,0.0,-0.036000000
2929,+Y,-X,403476,-0.037000000,0.0,-0.037000000
2930,+Y,-X,403555,-0.040000000,0.0,-0.040000000
2931,+Y,-X,403635,-0.040000000,0.0,-0.040000000
2932,+Y,-X,403716,-0.031000000,0.0,-0.031000000
2933,+Y,-X,403795,-0.026000000,0.0,-0.026000000
2934,+Y,-X,403875,-0.045000000,0.0,-0.045000000
2935,+Y,-X,403956,-0.039000000,0.0,-0.039000000
2936,+Y,-X,404035,-0.036000000,0.0,-0.036000000
2937,+Y,-X,404116,-0.033000000,0.0,-0.033000000
2938,+Y,-X,404195,-0.036000000,0.0,-0.036000000
2939,+Y,-X,404275,-0.039000000,0.0,-0.039000000
2940,+Y,-X,404356,-0.040000000,0.0,-0.040000000
2941,+Y,-X,404435,-0.041000000,0.0,-0.041000000
2942,+Y,-X,404515,-0.039000000,0.0,-0.039000000
2943,+Y,-X,404596,-0.037000000,0.0,-0.037000000
2944,+Y,-X,404675,-0.037000000,0.0,-0.037000000
2945,+Y,-X,404756,-0.037000000,0.0,-0.037000000
2946,+Y,-X,404835,-0.036000000,0.0,-0.036000000
2947,+Y,-X,404915,-0.040000000,0.0,-0.040000000
2948,+Y,-X,404996,-0.036000000,0.0,-0.036000000
2949,+Y,-X,405075,-0.040000000,0.0,-0.040000000
2950,+Y,-X,405156,-0.037000000,0.0,-0.037000000
2951,+Y,-X,405236,-0.036000000,0.0,-0.036000000
2952,+Y,-X,405315,-0.036000000,0.0,-0.036000000
2953,+Y,-X,405396,-0.036000000,0.0,-0.036000000
2954,+Y,-X,405475,-0.040000000,0.0,-0.040000000
2955,+Y,-X,405555,-0.036000000,0.0,-0.036000000
2956,+Y,-X,405636,-0.045000000,0.0,-0.045000000
2957,+Y,-X,405715,-0.045000000,0.0,-0.045000000
2958,+Y,-X,405795,-0.037000000,0.0,-0.037000000
2959,+Y,-X,405876,-0.040000000,0.0,-0.040000000
2960,+Y,-X,405955,-0.040000000,0.0,-0.040000000
2961,+Y,-X,406036,-0.036000000,0.0,-0.036000000
2962,+Y,-X,406115,-0.034000000,0.0,-0.034000000
2963,+Y,-X,406195,-0.040000000,0.0,-0.040000000
2964,+Y,-X,406276,-0.036000000,0.0,-0.036000000
2965,+Y,-X,406355,-0.039000000,0.0,-0.039000000
2966,+Y,-X,406435,-0.037000000,0.0,-0.037000000
2967,+Y,-X,406516,-0.039000000,0.0,-0.039000000
2968,+Y,-X,406595,-0.040000000,0.0,-0.040000000
2969,+Y,-X,406676,-0.040000000,0.0,-0.040000000
2970,+Y,-X,406755,-0.037000000,0.0,-0.037000000
2971,+Y,-X,406835,-0.036000000,0.0,-0.036000000
2972,+Y,-X,406916,-0.041000000,0.0,-0.041000000
2973,+Y,-X,406995,-0.045000000,0.0,-0.045000000
2974,+Y,-X,407076,-0.041000000,0.0,-0.041000000
2975,+Y,-X,407155,-0.040000000,0.0,-0.040000000
2976,+Y,-X,407235,-0.039000000,0.0,-0.039000000
2977,+Y,-X,407316,-0.039000000,0.0,-0.039000000
2978,+Y,-X,407395,-0.035000000,0.0,-0.035000000
2979,+Y,-X,407475,-0.034000000,0.0,-0.034000000
2980,+Y,-X,407556,-0.045000000,0.0,-0.045000000
2981,+Y,-X,407635,-0.040000000,0.0,-0.040000000
2982,+Y,-X,407716,-0.040000000,0.0,-0.040000000
2983,+Y,-X,407795,-0.039000000,0.0,-0.039000000
2984,+Y,-X,407875,-0.037000000,0.0,-0.037000000
2985,+Y,-X,407956,-0.040000000,0.0,-0.040000000
2986,+Y,-X,408035,-0.042000000,0.0,-0.042000000
2987,+Y,-X,408115,-0.035000000,0.0,-0.035000000
2988,+Y,-X,408196,-0.041000000,0.0,-0.041000000
2989,+Y,-X,408275,-0.041000000,0.0,-0.041000000
2990,+Y,-X,408356,-0.037000000,0.0,-0.037000000
2991,+Y,-X,408435,-0.039000000,0.0,-0.039000000
2992,+Y,-X,408515,-0.041000000,0.0,-0.041000000
2993,+Y,-X,408596,-0.040000000,0.0,-0.040000000
2994,+Y,-X,408675,-0.036000000,0.0,-0.036000000
2995,+Y,-X,408755,-0.036000000,0.0,-0.036000000
2996,+Y,-X,408835,-0.040000000,0.0,-0.040000000
2997,+Y,-X,408915,-0.037000000,0.0,-0.037000000
2998,+Y,-X,408996,-0.034000000,0.0,-0.034000000
2999,+Y,-X,409075,-0.036000000,0.0,-0.036000000
3000,-Y,+X,435582,-0.064000000,0.0,-0.064000000
3001,-Y,+X,435661,-0.068000000,0.0,-0.068000000
3002,-Y,+X,435742,-0.064000000,0.0,-0.064000000
3003,-Y,+X,435821,-0.066000000,0.0,-0.066000000
3004,-Y,+X,435902,-0.058000000,0.0,-0.058000000
3005,-Y,+X,435981,-0.069000000,0.0,-0.069000000
3006,-Y,+X,436062,-0.068000000,0.0,-0.068000000
3007,-Y,+X,436141,-0.066000000,0.0,-0.066000000
3008,-Y,+X,436222,-0.064000000,0.0,-0.064000000
3009,-Y,+X,436301,-0.064000000,0.0,-0.064000000
3010,-Y,+X,436382,-0.064000000,0.0,-0.064000000
3011,-Y,+X,436461,-0.064000000,0.0,-0.064000000
3012,-Y,+X,436541,-0.065000000,0.0,-0.065000000
3013,-Y,+X,436621,-0.064000000,0.0,-0.064000000
3014,-Y,+X,436701,-0.065000000,0.0,-0.065000000
3015,-Y,+X,436782,-0.065000000,0.0,-0.065000000
3016,-Y,+X,436861,-0.072000000,0.0,-0.072000000
3017,-Y,+X,436942,-0.072000000,0.0,-0.072000000
3018,-Y,+X,437021,-0.065000000,0.0,-0.065000000
3019,-Y,+X,437102,-0.073000000,0.0,-0.073000000
3020,-Y,+X,437181,-0.066000000,0.0,-0.066000000
3021,-Y,+X,437262,-0.063000000,0.0,-0.063000000
3022,-Y,+X,437341,-0.068000000,0.0,-0.068000000
3023,-Y,+X,437422,-0.068000000,0.0,-0.068000000
3024,-Y,+X,437501,-0.068000000,0.0,-0.068000000
3025,-Y,+X,437582,-0.065000000,0.0,-0.065000000
3026,-Y,+X,437661,-0.068000000,0.0,-0.068000000
3027,-Y,+X,437741,-0.069000000,0.0,-0.069000000
3028,-Y,+X,437821,-0.065000000,0.0,-0.065000000
3029,-Y,+X,437901,-0.071000000,0.0,-0.071000000
3030,-Y,+X,437981,-0.068000000,0.0,-0.068000000
3031,-Y,+X,438061,-0.065000000,0.0,-0.065000000
3032,-Y,+X,438142,-0.068000000,0.0,-0.068000000
3033,-Y,+X,438221,-0.077000000,0.0,-0.077000000
3034,-Y,+X,438302,-0.065000000,0.0,-0.065000000
3035,-Y,+X,438381,-0.068000000,0.0,-0.068000000
3036,-Y,+X,438462,-0.068000000,0.0,-0.068000000
3037,-Y,+X,438541,-0.066000000,0.0,-0.066000000
3038,-Y,+X,438622,-0.071000000,0.0,-0.071000000
3039,-Y,+X,438701,-0.072000000,0.0,-0.072000000
3040,-Y,+X,438782,-0.065000000,0.0,-0.065000000
3041,-Y,+X,438861,-0.072000000,0.0,-0.072000000
3042,-Y,+X,438942,-0.064000000,0.0,-0.064000000
3043,-Y,+X,439021,-0.068000000,0.0,-0.068000000
3044,-Y,+X,439101,-0.068000000,0.0,-0.068000000
3045,-Y,+X,439181,-0.064000000,0.0,-0.064000000
3046,-Y,+X,439261,-0.066000000,0.0,-0.066000000
3047,-Y,+X,439342,-0.064000000,0.0,-0.064000000
3048,-Y,+X,439421,-0.064000000,0.0,-0.064000000
3049,-Y,+X,439502,-0.064000000,0.0,-0.064000000
3050,-Y,+X,439581,-0.063000000,0.0,-0.063000000
3051,-Y,+X,439662,-0.064000000,0.0,-0.064000000
3052,-Y,+X,439741,-0.066000000,0.0,-0.066000000
3053,-Y,+X,439822,-0.064000000,0.0,-0.064000000
3054,-Y,+X,439901,-0.064000000,0.0,-0.064000000
3055,-Y,+X,439982,-0.064000000,0.0,-0.064000000
3056,-Y,+X,440061,-0.061000000,0.0,-0.061000000
3057,-Y,+X,440142,-0.068000000,0.0,-0.068000000
3058,-Y,+X,440221,-0.064000000,0.0,-0.064000000
3059,-Y,+X,440301,-0.064000000,0.0,-0.064000000
3060,-Y,+X,440381,-0.068000000,0.0,-0.068000000
3061,-Y,+X,440461,-0.068000000,0.0,-0.068000000
3062,-Y,+X,440542,-0.066000000,0.0,-0.066000000
3063,-Y,+X,440621,-0.071000000,0.0,-0.071000000
3064,-Y,+X,440702,-0.068000000,0.0,-0.068000000
3065,-Y,+X,440781,-0.069000000,0.0,-0.069000000
3066,-Y,+X,440862,-0.069000000,0.0,-0.069000000
3067,-Y,+X,440941,-0.065000000,0.0,-0.065000000
3068,-Y,+X,441022,-0.060000000,0.0,-0.060000000
3069,-Y,+X,441101,-0.077000000,0.0,-0.077000000
3070,-Y,+X,441182,-0.065000000,0.0,-0.065000000
3071,-Y,+X,441261,-0.064000000,0.0,-0.064000000
3072,-Y,+X,441342,-0.068000000,0.0,-0.068000000
3073,-Y,+X,441421,-0.068000000,0.0,-0.068000000
3074,-Y,+X,441501,-0.068000000,0.0,-0.068000000
3075,-Y,+X,441581,-0.063000000,0.0,-0.063000000
3076,-Y,+X,441661,-0.068000000,0.0,-0.068000000
3077,-Y,+X,441742,-0.065000000,0.0,-0.065000000
3078,-Y,+X,441821,-0.068000000,0.0,-0.068000000
3079,-Y,+X,441902,-0.066000000,0.0,-0.066000000
3080,-Y,+X,441981,-0.068000000,0.0,-0.068000000
3081,-Y,+X,442062,-0.068000000,0.0,-0.068000000
3082,-Y,+X,442141,-0.073000000,0.0,-0.073000000
3083,-Y,+X,442222,-0.068000000,0.0,-0.068000000
3084,-Y,+X,442301,-0.071000000,0.0,-0.071000000
3085,-Y,+X,442382,-0.071000000,0.0,-0.071000000
3086,-Y,+X,442461,-0.064000000,0.0,-0.064000000
3087,-Y,+X,442542,-0.064000000,0.0,-0.064000000
3088,-Y,+X,442621,-0.056000000,0.0,-0.056000000
3089,-Y,+X,442701,-0.073000000,0.0,-0.073000000
3090,-Y,+X,442781,-0.064000000,0.0,-0.064000000
3091,-Y,+X,442861,-0.065000000,0.0,-0.065000000
3092,-Y,+X,442942,-0.065000000,0.0,-0.065000000
3093,-Y,+X,443021,-0.068000000,0.0,-0.068000000
3094,-Y,+X,443102,-0.068000000,0.0,-0.068000000
3095,-Y,+X,443181,-0.077000000,0.0,-0.077000000
3096,-Y,+X,443262,-0.068000000,0.0,-0.068000000
3097,-Y,+X,443341,-0.064000000,0.0,-0.064000000
3098,-Y,+X,443422,-0.065000000,0.0,-0.065000000
3099,-Y,+X,443501,-0.065000000,0.0,-0.065000000
3100,-Y,+X,443582,-0.064000000,0.0,-0.064000000
3101,-Y,+X,443661,-0.068000000,0.0,-0.068000000
3102,-Y,+X,443742,-0.068000000,0.0,-0.068000000
3103,-Y,+X,443821,-0.068000000,0.0,-0.068000000
3104,-Y,+X,443902,-0.072000000,0.0,-0.072000000
3105,-Y,+X,443981,-0.064000000,0.0,-0.064000000
3106,-Y,+X,444061,-0.066000000,0.0,-0.066000000
3107,-Y,+X,444141,-0.073000000,0.0,-0.073000000
3108,-Y,+X,444221,-0.064000000,0.0,-0.064000000
3109,-Y,+X,444302,-0.065000000,0.0,-0.065000000
3110,-Y,+X,444381,-0.066000000,0.0,-0.066000000
3111,-Y,+X,444462,-0.064000000,0.0,-0.064000000
3112,-Y,+X,444541,-0.064000000,0.0,-0.064000000
3113,-Y,+X,444622,-0.061000000,0.0,-0.061000000
3114,-Y,+X,444701,-0.068000000,0.0,-0.068000000
3115,-Y,+X,444782,-0.071000000,0.0,-0.071000000
3116,-Y,+X,444861,-0.068000000,0.0,-0.068000000
3117,-Y,+X,444942,-0.066000000,0.0,-0.066000000
3118,-Y,+X,445021,-0.064000000,0.0,-0.064000000
3119,-Y,+X,445102,-0.065000000,0.0,-0.065000000
3120,-Y,+X,445181,-0.072000000,0.0,-0.072000000
3121,-Y,+X,445261,-0.068000000,0.0,-0.068000000
3122,-Y,+X,445341,-0.066000000,0.0,-0.066000000
3123,-Y,+X,445421,-0.065000000,0.0,-0.065000000
3124,-Y,+X,445502,-0.065000000,0.0,-0.065000000
3125,-Y,+X,445581,-0.065000000,0.0,-0.065000000
3126,-Y,+X,445662,-0.068000000,0.0,-0.068000000
3127,-Y,+X,445741,-0.064000000,0.0,-0.064000000
3128,-Y,+X,445822,-0.066000000,0.0,-0.066000000
3129,-Y,+X,445901,-0.066000000,0.0,-0.066000000
3130,-Y,+X,445982,-0.066000000,0.0,-0.066000000
3131,-Y,+X,446061,-0.065000000,0.0,-0.065000000
3132,-Y,+X,446142,-0.071000000,0.0,-0.071000000
3133,-Y,+X,446221,-0.061000000,0.0,-0.061000000
3134,-Y,+X,446302,-0.066000000,0.0,-0.066000000
3135,-Y,+X,446381,-0.064000000,0.0,-0.064000000
3136,-Y,+X,446461,-0.065000000,0.0,-0.065000000
3137,-Y,+X,446541,-0.065000000,0.0,-0.065000000
3138,-Y,+X,446621,-0.068000000,0.0,-0.068000000
3139,-Y,+X,446702,-0.066000000,0.0,-0.066000000
3140,-Y,+X,446781,-0.072000000,0.0,-0.072000000
3141,-Y,+X,446862,-0.071000000,0.0,-0.071000000
3142,-Y,+X,446941,-0.065000000,0.0,-0.065000000
3143,-Y,+X,447022,-0.068000000,0.0,-0.068000000
3144,-Y,+X,447101,-0.069000000,0.0,-0.069000000
3145,-Y,+X,447182,-0.069000000,0.0,-0.069000000
3146,-Y,+X,447261,-0.071000000,0.0,-0.071000000
3147,-Y,+X,447342,-0.066000000,0.0,-0.066000000
3148,-Y,+X,447421,-0.064000000,0.0,-0.064000000
3149,-Y,+X,447502,-0.064000000,0.0,-0.064000000
3150,-Y,+X,447581,-0.064000000,0.0,-0.064000000
3151,-Y,+X,447662,-0.068000000,0.0,-0.068000000
3152,-Y,+X,447741,-0.068000000,0.0,-0.068000000
3153,-Y,+X,447821,-0.068000000,0.0,-0.068000000
3154,-Y,+X,447902,-0.065000000,0.0,-0.065000000
3155,-Y,+X,447981,-0.063000000,0.0,-0.063000000
3156,-Y,+X,448062,-0.065000000,0.0,-0.065000000
3157,-Y,+X,448141,-0.069000000,0.0,-0.069000000
3158,-Y,+X,448222,-0.069000000,0.0,-0.069000000
3159,-Y,+X,448301,-0.068000000,0.0,-0.068000000
3160,-Y,+X,448382,-0.066000000,0.0,-0.066000000
3161,-Y,+X,448461,-0.064000000,0.0,-0.064000000
3162,-Y,+X,448542,-0.071000000,0.0,-0.071000000
3163,-Y,+X,448621,-0.071000000,0.0,-0.071000000
3164,-Y,+X,448702,-0.067000000,0.0,-0.067000000
3165,-Y,+X,448781,-0.065000000,0.0,-0.065000000
3166,-Y,+X,448862,-0.066000000,0.0,-0.066000000
3167,-Y,+X,448941,-0.066000000,0.0,-0.066000000
3168,-Y,+X,449021,-0.071000000,0.0,-0.071000000
3169,-Y,+X,449101,-0.066000000,0.0,-0.066000000
3170,-Y,+X,449181,-0.071000000,0.0,-0.071000000
3171,-Y,+X,449262,-0.063000000,0.0,-0.063000000
3172,-Y,+X,449341,-0.064000000,0.0,-0.064000000
3173,-Y,+X,449422,-0.065000000,0.0,-0.065000000
3174,-Y,+X,449501,-0.065000000,0.0,-0.065000000
3175,-Y,+X,449582,-0.066000000,0.0,-0.066000000
3176,-Y,+X,449661,-0.066000000,0.0,-0.066000000
3177,-Y,+X,449742,-0.072000000,0.0,-0.072000000
3178,-Y,+X,449821,-0.066000000,0.0,-0.066000000
3179,-Y,+X,449902,-0.069000000,0.0,-0.069000000
3180,-Y,+X,449981,-0.066000000,0.0,-0.066000000
3181,-Y,+X,450062,-0.072000000,0.0,-0.072000000
3182,-Y,+X,450141,-0.064000000,0.0,-0.064000000
3183,-Y,+X,450221,-0.073000000,0.0,-0.073000000
3184,-Y,+X,450301,-0.065000000,0.0,-0.065000000
3185,-Y,+X,450381,-0.064000000,0.0,-0.064000000
3186,-Y,+X,450462,-0.064000000,0.0,-0.064000000
3187,-Y,+X,450541,-0.068000000,0.0,-0.068000000
3188,-Y,+X,450622,-0.068000000,0.0,-0.068000000
3189,-Y,+X,450701,-0.072000000,0.0,-0.072000000
3190,-Y,+X,450782,-0.073000000,0.0,-0.073000000
3191,-Y,+X,450861,-0.064000000,0.0,-0.064000000
3192,-Y,+X,450942,-0.064000000,0.0,-0.064000000
3193,-Y,+X,451021,-0.065000000,0.0,-0.065000000
3194,-Y,+X,451102,-0.064000000,0.0,-0.064000000
3195,-Y,+X,451181,-0.068000000,0.0,-0.068000000
3196,-Y,+X,451262,-0.073000000,0.0,-0.073000000
3197,-Y,+X,451341,-0.066000000,0.0,-0.066000000
3198,-Y,+X,451421,-0.063000000,0.0,-0.063000000
3199,-Y,+X,451501,-0.069000000,0.0,-0.069000000
3200,-Y,+X,451581,-0.066000000,0.0,-0.066000000
3201,-Y,+X,451662,-0.066000000,0.0,-0.066000000
3202,-Y,+X,451741,-0.072000000,0.0,-0.072000000
3203,-Y,+X,451822,-0.064000000,0.0,-0.064000000
3204,-Y,+X,451901,-0.071000000,0.0,-0.071000000
3205,-Y,+X,451982,-0.072000000,0.0,-0.072000000
3206,-Y,+X,452061,-0.066000000,0.0,-0.066000000
3207,-Y,+X,452142,-0.064000000,0.0,-0.064000000
3208,-Y,+X,452221,-0.066000000,0.0,-0.066000000
3209,-Y,+X,452302,-0.073000000,0.0,-0.073000000
3210,-Y,+X,452381,-0.071000000,0.0,-0.071000000
3211,-Y,+X,452462,-0.071000000,0.0,-0.071000000
3212,-Y,+X,452541,-0.066000000,0.0,-0.066000000
3213,-Y,+X,452622,-0.065000000,0.0,-0.065000000
3214,-Y,+X,452701,-0.065000000,0.0,-0.065000000
3215,-Y,+X,452781,-0.066000000,0.0,-0.066000000
3216,-Y,+X,452861,-0.068000000,0.0,-0.068000000
3217,-Y,+X,452941,-0.064000000,0.0,-0.064000000
3218,-Y,+X,453022,-0.066000000,0.0,-0.066000000
3219,-Y,+X,453101,-0.064000000,0.0,-0.064000000
3220,-Y,+X,453182,-0.072000000,0.0,-0.072000000
3221,-Y,+X,453261,-0.065000000,0.0,-0.065000000
3222,-Y,+X,453342,-0.068000000,0.0,-0.068000000
3223,-Y,+X,453421,-0.068000000,0.0,-0.068000000
3224,-Y,+X,453502,-0.068000000,0.0,-0.068000000
3225,-Y,+X,453581,-0.072000000,0.0,-0.072000000
3226,-Y,+X,453662,-0.072000000,0.0,-0.072000000
3227,-Y,+X,453741,-0.072000000,0.0,-0.072000000
3228,-Y,+X,453822,-0.065000000,0.0,-0.065000000
3229,-Y,+X,453901,-0.073000000,0.0,-0.073000000
3230,-Y,+X,453981,-0.064000000,0.0,-0.064000000
3231,-Y,+X,454061,-0.068000000,0.0,-0.068000000
3232,-Y,+X,454141,-0.066000000,0.0,-0.066000000
3233,-Y,+X,454222,-0.068000000,0.0,-0.068000000
3234,-Y,+X,454301,-0.072000000,0.0,-0.072000000
3235,-Y,+X,454382,-0.064000000,0.0,-0.064000000
3236,-Y,+X,454461,-0.064000000,0.0,-0.064000000
3237,-Y,+X,454542,-0.071000000,0.0,-0.071000000
3238,-Y,+X,454621,-0.068000000,0.0,-0.068000000
3239,-Y,+X,454702,-0.068000000,0.0,-0.068000000
3240,-Y,+X,454781,-0.061000000,0.0,-0.061000000
3241,-Y,+X,454862,-0.064000000,0.0,-0.064000000
3242,-Y,+X,454941,-0.068000000,0.0,-0.068000000
3243,-Y,+X,455022,-0.061000000,0.0,-0.061000000
3244,-Y,+X,455101,-0.068000000,0.0,-0.068000000
3245,-Y,+X,455181,-0.066000000,0.0,-0.066000000
3246,-Y,+X,455261,-0.071000000,0.0,-0.071000000
3247,-Y,+X,455341,-0.071000000,0.0,-0.071000000
3248,-Y,+X,455422,-0.064000000,0.0,-0.064000000
3249,-Y,+X,455501,-0.072000000,0.0,-0.072000000
3250,-Y,+X,455582,-0.071000000,0.0,-0.071000000
3251,-Y,+X,455661,-0.066000000,0.0,-0.066000000
3252,-Y,+X,455742,-0.066000000,0.0,-0.066000000
3253,-Y,+X,455821,-0.066000000,0.0,-0.066000000
3254,-Y,+X,455902,-0.073000000,0.0,-0.073000000
3255,-Y,+X,455981,-0.071000000,0.0,-0.071000000
3256,-Y,+X,456062,-0.069000000,0.0,-0.069000000
3257,-Y,+X,456141,-0.068000000,0.0,-0.068000000
3258,-Y,+X,456222,-0.068000000,0.0,-0.068000000
3259,-Y,+X,456301,-0.069000000,0.0,-0.069000000
3260,-Y,+X,456382,-0.064000000,0.0,-0.064000000
3261,-Y,+X,456461,-0.065000000,0.0,-0.065000000
3262,-Y,+X,456541,-0.061000000,0.0,-0.061000000
3263,-Y,+X,456622,-0.064000000,0.0,-0.064000000
3264,-Y,+X,456701,-0.064000000,0.0,-0.064000000
3265,-Y,+X,456782,-0.064000000,0.0,-0.064000000
3266,-Y,+X,456861,-0.071000000,0.0,-0.071000000
3267,-Y,+X,456942,-0.066000000,0.0,-0.066000000
3268,-Y,+X,457021,-0.068000000,0.0,-0.068000000
3269,-Y,+X,457102,-0.068000000,0.0,-0.068000000
3270,-Y,+X,457181,-0.065000000,0.0,-0.065000000
3271,-Y,+X,457262,-0.064000000,0.0,-0.064000000
3272,-Y,+X,457341,-0.064000000,0.0,-0.064000000
3273,-Y,+X,457422,-0.068000000,0.0,-0.068000000
3274,-Y,+X,457501,-0.068000000,0.0,-0.068000000
3275,-Y,+X,457581,-0.065000000,0.0,-0.065000000
3276,-Y,+X,457661,-0.068000000,0.0,-0.068000000
3277,-Y,+X,457741,-0.068000000,0.0,-0.068000000
3278,-Y,+X,457821,-0.065000000,0.0,-0.065000000
3279,-Y,+X,457901,-0.073000000,0.0,-0.073000000
3280,-Y,+X,457982,-0.069000000,0.0,-0.069000000
3281,-Y,+X,458061,-0.068000000,0.0,-0.068000000
3282,-Y,+X,458142,-0.065000000,0.0,-0.065000000
3283,-Y,+X,458221,-0.068000000,0.0,-0.068000000
3284,-Y,+X,458302,-0.064000000,0.0,-0.064000000
3285,-Y,+X,458381,-0.069000000,0.0,-0.069000000
3286,-Y,+X,458462,-0.068000000,0.0,-0.068000000
3287,-Y,+X,458541,-0.068000000,0.0,-0.068000000
3288,-Y,+X,458622,-0.064000000,0.0,-0.064000000
3289,-Y,+X,458701,-0.071000000,0.0,-0.071000000
3290,-Y,+X,458782,-0.071000000,0.0,-0.071000000
3291,-Y,+X,458861,-0.071000000,0.0,-0.071000000
3292,-Y,+X,458941,-0.065000000,0.0,-0.065000000
3293,-Y,+X,459021,-0.063000000,0.0,-0.063000000
3294,-Y,+X,459101,-0.068000000,0.0,-0.068000000
3295,-Y,+X,459182,-0.066000000,0.0,-0.066000000
3296,-Y,+X,459261,-0.066000000,0.0,-0.066000000
3297,-Y,+X,459342,-0.071000000,0.0,-0.071000000
3298,-Y,+X,459421,-0.064000000,0.0,-0.064000000
3299,-Y,+X,459502,-0.071000000,0.0,-0.071000000
3300,-Y,+X,459581,-0.063000000,0.0,-0.063000000
3301,-Y,+X,459662,-0.065000000,0.0,-0.065000000
3302,-Y,+X,459741,-0.068000000,0.0,-0.068000000
3303,-Y,+X,459822,-0.068000000,0.0,-0.068000000
3304,-Y,+X,459901,-0.066000000,0.0,-0.066000000
3305,-Y,+X,459982,-0.060000000,0.0,-0.060000000
3306,-Y,+X,460061,-0.068000000,0.0,-0.068000000
3307,-Y,+X,460141,-0.066000000,0.0,-0.066000000
3308,-Y,+X,460221,-0.072000000,0.0,-0.072000000
3309,-Y,+X,460301,-0.066000000,0.0,-0.066000000
3310,-Y,+X,460382,-0.072000000,0.0,-0.072000000
3311,-Y,+X,460461,-0.069000000,0.0,-0.069000000
3312,-Y,+X,460542,-0.068000000,0.0,-0.068000000
3313,-Y,+X,460621,-0.065000000,0.0,-0.065000000
3314,-Y,+X,460702,-0.071000000,0.0,-0.071000000
3315,-Y,+X,460781,-0.071000000,0.0,-0.071000000
3316,-Y,+X,460862,-0.064000000,0.0,-0.064000000
3317,-Y,+X,460941,-0.068000000,0.0,-0.068000000
3318,-Y,+X,461022,-0.068000000,0.0,-0.068000000
3319,-Y,+X,461101,-0.072000000,0.0,-0.072000000
3320,-Y,+X,461182,-0.068000000,0.0,-0.068000000
3321,-Y,+X,461261,-0.072000000,0.0,-0.072000000
3322,-Y,+X,461341,-0.068000000,0.0,-0.068000000
3323,-Y,+X,461421,-0.068000000,0.0,-0.068000000
3324,-Y,+X,461501,-0.068000000,0.0,-0.068000000
3325,-Y,+X,461582,-0.072000000,0.0,-0.072000000
3326,-Y,+X,461661,-0.066000000,0.0,-0.066000000
3327,-Y,+X,461742,-0.068000000,0.0,-0.068000000
3328,-Y,+X,461821,-0.068000000,0.0,-0.068000000
3329,-Y,+X,461902,-0.068000000,0.0,-0.068000000
3330,-Y,+X,461981,-0.073000000,0.0,-0.073000000
3331,-Y,+X,462062,-0.068000000,0.0,-0.068000000
3332,-Y,+X,462141,-0.064000000,0.0,-0.064000000
3333,-Y,+X,462222,-0.064000000,0.0,-0.064000000
3334,-Y,+X,462301,-0.066000000,0.0,-0.066000000
3335,-Y,+X,462382,-0.068000000,0.0,-0.068000000
3336,-Y,+X,462461,-0.065000000,0.0,-0.065000000
3337,-Y,+X,462542,-0.064000000,0.0,-0.064000000
3338,-Y,+X,462621,-0.065000000,0.0,-0.065000000
3339,-Y,+X,462701,-0.064000000,0.0,-0.064000000
3340,-Y,+X,462781,-0.065000000,0.0,-0.065000000
3341,-Y,+X,462861,-0.065000000,0.0,-0.065000000
3342,-Y,+X,462942,-0.068000000,0.0,-0.068000000
3343,-Y,+X,463021,-0.068000000,0.0,-0.068000000
3344,-Y,+X,463102,-0.071000000,0.0,-0.071000000
3345,-Y,+X,463181,-0.071000000,0.0,-0.071000000
3346,-Y,+X,463262,-0.068000000,0.0,-0.068000000
3347,-Y,+X,463341,-0.071000000,0.0,-0.071000000
3348,-Y,+X,463422,-0.069000000,0.0,-0.069000000
3349,-Y,+X,463501,-0.064000000,0.0,-0.064000000
3350,-Y,+X,463582,-0.066000000,0.0,-0.066000000
3351,-Y,+X,463661,-0.065000000,0.0,-0.065000000
3352,-Y,+X,463742,-0.065000000,0.0,-0.065000000
3353,-Y,+X,463821,-0.064000000,0.0,-0.064000000
3354,-Y,+X,463901,-0.064000000,0.0,-0.064000000
3355,-Y,+X,463981,-0.065000000,0.0,-0.065000000
3356,-Y,+X,464061,-0.068000000,0.0,-0.068000000
3357,-Y,+X,464142,-0.066000000,0.0,-0.066000000
3358,-Y,+X,464221,-0.073000000,0.0,-0.073000000
3359,-Y,+X,464302,-0.068000000,0.0,-0.068000000
3360,-Y,+X,464381,-0.068000000,0.0,-0.068000000
3361,-Y,+X,464462,-0.065000000,0.0,-0.065000000
3362,-Y,+X,464541,-0.064000000,0.0,-0.064000000
3363,-Y,+X,464622,-0.068000000,0.0,-0.068000000
3364,-Y,+X,464701,-0.071000000,0.0,-0.071000000
3365,-Y,+X,464782,-0.065000000,0.0,-0.065000000
3366,-Y,+X,464861,-0.065000000,0.0,-0.065000000
3367,-Y,+X,464942,-0.071000000,0.0,-0.071000000
3368,-Y,+X,465021,-0.066000000,0.0,-0.066000000
3369,-Y,+X,465101,-0.071000000,0.0,-0.071000000
3370,-Y,+X,465181,-0.068000000,0.0,-0.068000000
3371,-Y,+X,465261,-0.066000000,0.0,-0.066000000
3372,-Y,+X,465342,-0.064000000,0.0,-0.064000000
3373,-Y,+X,465421,-0.064000000,0.0,-0.064000000
3374,-Y,+X,465502,-0.072000000,0.0,-0.072000000
3375,-Y,+X,465581,-0.068000000,0.0,-0.068000000
3376,-Y,+X,465662,-0.064000000,0.0,-0.064000000
3377,-Y,+X,465741,-0.071000000,0.0,-0.071000000
3378,-Y,+X,465822,-0.068000000,0.0,-0.068000000
3379,-Y,+X,465901,-0.068000000,0.0,-0.068000000
3380,-Y,+X,465982,-0.069000000,0.0,-0.069000000
3381,-Y,+X,466061,-0.064000000,0.0,-0.064000000
3382,-Y,+X,466142,-0.077000000,0.0,-0.077000000
3383,-Y,+X,466221,-0.069000000,0.0,-0.069000000
3384,-Y,+X,466302,-0.069000000,0.0,-0.069000000
3385,-Y,+X,466381,-0.066000000,0.0,-0.066000000
3386,-Y,+X,466461,-0.066000000,0.0,-0.066000000
3387,-Y,+X,466541,-0.060000000,0.0,-0.060000000
3388,-Y,+X,466621,-0.072000000,0.0,-0.072000000
3389,-Y,+X,466702,-0.066000000,0.0,-0.066000000
3390,-Y,+X,466781,-0.064000000,0.0,-0.064000000
3391,-Y,+X,466862,-0.065000000,0.0,-0.065000000
3392,-Y,+X,466941,-0.065000000,0.0,-0.065000000
3393,-Y,+X,467022,-0.061000000,0.0,-0.061000000
3394,-Y,+X,467101,-0.071000000,0.0,-0.071000000
3395,-Y,+X,467182,-0.068000000,0.0,-0.068000000
3396,-Y,+X,467261,-0.068000000,0.0,-0.068000000
3397,-Y,+X,467342,-0.066000000,0.0,-0.066000000
3398,-Y,+X,467421,-0.065000000,0.0,-0.065000000
3399,-Y,+X,467502,-0.065000000,0.0,-0.065000000
3400,-Y,+X,467581,-0.071000000,0.0,-0.071000000
3401,-Y,+X,467661,-0.068000000,0.0,-0.068000000
3402,-Y,+X,467741,-0.068000000,0.0,-0.068000000
3403,-Y,+X,467821,-0.071000000,0.0,-0.071000000
3404,-Y,+X,467902,-0.068000000,0.0,-0.068000000
3405,-Y,+X,467981,-0.068000000,0.0,-0.068000000
3406,-Y,+X,468062,-0.066000000,0.0,-0.066000000
3407,-Y,+X,468141,-0.069000000,0.0,-0.069000000
3408,-Y,+X,468222,-0.071000000,0.0,-0.071000000
3409,-Y,+X,468301,-0.066000000,0.0,-0.066000000
3410,-Y,+X,468382,-0.066000000,0.0,-0.066000000
3411,-Y,+X,468461,-0.068000000,0.0,-0.068000000
3412,-Y,+X,468542,-0.061000000,0.0,-0.061000000
3413,-Y,+X,468621,-0.072000000,0.0,-0.072000000
3414,-Y,+X,468702,-0.068000000,0.0,-0.068000000
3415,-Y,+X,468781,-0.066000000,0.0,-0.066000000
3416,-Y,+X,468861,-0.069000000,0.0,-0.069000000
3417,-Y,+X,468941,-0.069000000,0.0,-0.069000000
3418,-Y,+X,469021,-0.068000000,0.0,-0.068000000
3419,-Y,+X,469102,-0.068000000,0.0,-0.068000000
3420,-Y,+X,469181,-0.068000000,0.0,-0.068000000
3421,-Y,+X,469262,-0.068000000,0.0,-0.068000000
3422,-Y,+X,469341,-0.066000000,0.0,-0.066000000
3423,-Y,+X,469422,-0.068000000,0.0,-0.068000000
3424,-Y,+X,469501,-0.066000000,0.0,-0.066000000
3425,-Y,+X,469582,-0.068000000,0.0,-0.068000000
3426,-Y,+X,469661,-0.064000000,0.0,-0.064000000
3427,-Y,+X,469742,-0.068000000,0.0,-0.068000000
3428,-Y,+X,469821,-0.066000000,0.0,-0.066000000
3429,-Y,+X,469902,-0.069000000,0.0,-0.069000000
3430,-Y,+X,469981,-0.069000000,0.0,-0.069000000
3431,-Y,+X,470062,-0.068000000,0.0,-0.068000000
3432,-Y,+X,470141,-0.073000000,0.0,-0.073000000
3433,-Y,+X,470221,-0.064000000,0.0,-0.064000000
3434,-Y,+X,470302,-0.066000000,0.0,-0.066000000
3435,-Y,+X,470381,-0.069000000,0.0,-0.069000000
3436,-Y,+X,470462,-0.072000000,0.0,-0.072000000
3437,-Y,+X,470541,-0.064000000,0.0,-0.064000000
3438,-Y,+X,470622,-0.066000000,0.0,-0.066000000
3439,-Y,+X,470701,-0.065000000,0.0,-0.065000000
3440,-Y,+X,470782,-0.066000000,0.0,-0.066000000
3441,-Y,+X,470861,-0.072000000,0.0,-0.072000000
3442,-Y,+X,470942,-0.071000000,0.0,-0.071000000
3443,-Y,+X,471021,-0.071000000,0.0,-0.071000000
3444,-Y,+X,471102,-0.064000000,0.0,-0.064000000
3445,-Y,+X,471181,-0.068000000,0.0,-0.068000000
3446,-Y,+X,471262,-0.065000000,0.0,-0.065000000
3447,-Y,+X,471341,-0.068000000,0.0,-0.068000000
3448,-Y,+X,471421,-0.063000000,0.0,-0.063000000
3449,-Y,+X,471501,-0.069000000,0.0,-0.069000000
3450,-Y,+X,471581,-0.068000000,0.0,-0.068000000
3451,-Y,+X,471662,-0.066000000,0.0,-0.066000000
3452,-Y,+X,471741,-0.066000000,0.0,-0.066000000
3453,-Y,+X,471822,-0.065000000,0.0,-0.065000000
3454,-Y,+X,471901,-0.068000000,0.0,-0.068000000
3455,-Y,+X,471982,-0.065000000,0.0,-0.065000000
3456,-Y,+X,472061,-0.065000000,0.0,-0.065000000
3457,-Y,+X,472142,-0.065000000,0.0,-0.065000000
3458,-Y,+X,472221,-0.068000000,0.0,-0.068000000
3459,-Y,+X,472302,-0.068000000,0.0,-0.068000000
3460,-Y,+X,472381,-0.071000000,0.0,-0.071000000
3461,-Y,+X,472462,-0.065000000,0.0,-0.065000000
3462,-Y,+X,472541,-0.064000000,0.0,-0.064000000
3463,-Y,+X,472621,-0.072000000,0.0,-0.072000000
3464,-Y,+X,472701,-0.065000000,0.0,-0.065000000
3465,-Y,+X,472781,-0.066000000,0.0,-0.066000000
3466,-Y,+X,472862,-0.071000000,0.0,-0.071000000
3467,-Y,+X,472941,-0.066000000,0.0,-0.066000000
3468,-Y,+X,473022,-0.066000000,0.0,-0.066000000
3469,-Y,+X,473101,-0.066000000,0.0,-0.066000000
3470,-Y,+X,473182,-0.068000000,0.0,-0.068000000
3471,-Y,+X,473261,-0.072000000,0.0,-0.072000000
3472,-Y,+X,473342,-0.069000000,0.0,-0.069000000
3473,-Y,+X,473421,-0.068000000,0.0,-0.068000000
3474,-Y,+X,473502,-0.066000000,0.0,-0.066000000
3475,-Y,+X,473581,-0.064000000,0.0,-0.064000000
3476,-Y,+X,473662,-0.064000000,0.0,-0.064000000
3477,-Y,+X,473741,-0.068000000,0.0,-0.068000000
3478,-Y,+X,473821,-0.064000000,0.0,-0.064000000
3479,-Y,+X,473901,-0.060000000,0.0,-0.060000000
3480,-Y,+X,473981,-0.068000000,0.0,-0.068000000
3481,-Y,+X,474062,-0.068000000,0.0,-0.068000000
3482,-Y,+X,474141,-0.064000000,0.0,-0.064000000
3483,-Y,+X,474222,-0.064000000,0.0,-0.064000000
3484,-Y,+X,474301,-0.066000000,0.0,-0.066000000
3485,-Y,+X,474382,-0.064000000,0.0,-0.064000000
3486,-Y,+X,474461,-0.073000000,0.0,-0.073000000
3487,-Y,+X,474542,-0.065000000,0.0,-0.065000000
3488,-Y,+X,474621,-0.068000000,0.0,-0.068000000
3489,-Y,+X,474702,-0.068000000,0.0,-0.068000000
3490,-Y,+X,474781,-0.065000000,0.0,-0.065000000
3491,-Y,+X,474862,-0.066000000,0.0,-0.066000000
3492,-Y,+X,474941,-0.071000000,0.0,-0.071000000
3493,-Y,+X,475022,-0.073000000,0.0,-0.073000000
3494,-Y,+X,475101,-0.073000000,0.0,-0.073000000
3495,-Y,+X,475181,-0.064000000,0.0,-0.064000000
3496,-Y,+X,475261,-0.061000000,0.0,-0.061000000
3497,-Y,+X,475341,-0.069000000,0.0,-0.069000000
3498,-Y,+X,475422,-0.069000000,0.0,-0.069000000
3499,-Y,+X,475501,-0.064000000,0.0,-0.064000000
3500,-Y,+X,475582,-0.071000000,0.0,-0.071000000
3501,-Y,+X,475661,-0.069000000,0.0,-0.069000000
3502,-Y,+X,475742,-0.065000000,0.0,-0.065000000
3503,-Y,+X,475821,-0.071000000,0.0,-0.071000000
3504,-Y,+X,475902,-0.066000000,0.0,-0.066000000
3505,-Y,+X,475981,-0.077000000,0.0,-0.077000000
3506,-Y,+X,476062,-0.072000000,0.0,-0.072000000
3507,-Y,+X,476141,-0.072000000,0.0,-0.072000000
3508,-Y,+X,476222,-0.066000000,0.0,-0.066000000
3509,-Y,+X,476301,-0.065000000,0.0,-0.065000000
3510,-Y,+X,476381,-0.073000000,0.0,-0.073000000
3511,-Y,+X,476461,-0.065000000,0.0,-0.065000000
3512,-Y,+X,476541,-0.064000000,0.0,-0.064000000
3513,-Y,+X,476622,-0.064000000,0.0,-0.064000000
3514,-Y,+X,476701,-0.068000000,0.0,-0.068000000
3515,-Y,+X,476782,-0.068000000,0.0,-0.068000000
3516,-Y,+X,476861,-0.068000000,0.0,-0.068000000
3517,-Y,+X,476942,-0.068000000,0.0,-0.068000000
3518,-Y,+X,477021,-0.068000000,0.0,-0.068000000
3519,-Y,+X,477102,-0.068000000,0.0,-0.068000000
3520,-Y,+X,477181,-0.068000000,0.0,-0.068000000
3521,-Y,+X,477262,-0.068000000,0.0,-0.068000000
3522,-Y,+X,477341,-0.068000000,0.0,-0.068000000
3523,-Y,+X,477422,-0.068000000,0.0,-0.068000000
3524,-Y,+X,477501,-0.066000000,0.0,-0.066000000
3525,-Y,+X,477581,-0.064000000,0.0,-0.064000000
3526,-Y,+X,477661,-0.072000000,0.0,-0.072000000
3527,-Y,+X,477741,-0.065000000,0.0,-0.065000000
3528,-Y,+X,477822,-0.071000000,0.0,-0.071000000
3529,-Y,+X,477901,-0.065000000,0.0,-0.065000000
3530,-Y,+X,477982,-0.056000000,0.0,-0.056000000
3531,-Y,+X,478061,-0.073000000,0.0,-0.073000000
3532,-Y,+X,478142,-0.073000000,0.0,-0.073000000
3533,-Y,+X,478221,-0.068000000,0.0,-0.068000000
3534,-Y,+X,478302,-0.068000000,0.0,-0.068000000
3535,-Y,+X,478381,-0.072000000,0.0,-0.072000000
3536,-Y,+X,478462,-0.066000000,0.0,-0.066000000
3537,-Y,+X,478541,-0.066000000,0.0,-0.066000000
3538,-Y,+X,478622,-0.068000000,0.0,-0.068000000
3539,-Y,+X,478701,-0.065000000,0.0,-0.065000000
3540,-Y,+X,478782,-0.066000000,0.0,-0.066000000
3541,-Y,+X,478861,-0.065000000,0.0,-0.065000000
3542,-Y,+X,478941,-0.071000000,0.0,-0.071000000
3543,-Y,+X,479022,-0.064000000,0.0,-0.064000000
3544,-Y,+X,479101,-0.068000000,0.0,-0.068000000
3545,-Y,+X,479182,-0.068000000,0.0,-0.068000000
3546,-Y,+X,479261,-0.068000000,0.0,-0.068000000
3547,-Y,+X,479342,-0.071000000,0.0,-0.071000000
3548,-Y,+X,479421,-0.069000000,0.0,-0.069000000
3549,-Y,+X,479502,-0.071000000,0.0,-0.071000000
3550,-Y,+X,479581,-0.069000000,0.0,-0.069000000
3551,-Y,+X,479662,-0.066000000,0.0,-0.066000000
3552,-Y,+X,479741,-0.066000000,0.0,-0.066000000
3553,-Y,+X,479822,-0.066000000,0.0,-0.066000000
3554,-Y,+X,479901,-0.068000000,0.0,-0.068000000
3555,-Y,+X,479982,-0.068000000,0.0,-0.068000000
3556,-Y,+X,480061,-0.068000000,0.0,-0.068000000
3557,-Y,+X,480141,-0.068000000,0.0,-0.068000000
3558,-Y,+X,480221,-0.068000000,0.0,-0.068000000
3559,-Y,+X,480301,-0.068000000,0.0,-0.068000000
3560,-Y,+X,480382,-0.065000000,0.0,-0.065000000
3561,-Y,+X,480461,-0.065000000,0.0,-0.065000000
3562,-Y,+X,480542,-0.068000000,0.0,-0.068000000
3563,-Y,+X,480621,-0.068000000,0.0,-0.068000000
3564,-Y,+X,480702,-0.069000000,0.0,-0.069000000
3565,-Y,+X,480781,-0.072000000,0.0,-0.072000000
3566,-Y,+X,480862,-0.069000000,0.0,-0.069000000
3567,-Y,+X,480941,-0.073000000,0.0,-0.073000000
3568,-Y,+X,481022,-0.064000000,0.0,-0.064000000
3569,-Y,+X,481101,-0.064000000,0.0,-0.064000000
3570,-Y,+X,481182,-0.066000000,0.0,-0.066000000
3571,-Y,+X,481261,-0.066000000,0.0,-0.066000000
3572,-Y,+X,481341,-0.069000000,0.0,-0.069000000
3573,-Y,+X,481421,-0.077000000,0.0,-0.077000000
3574,-Y,+X,481501,-0.064000000,0.0,-0.064000000
3575,-Y,+X,481582,-0.066000000,0.0,-0.066000000
3576,-Y,+X,481661,-0.072000000,0.0,-0.072000000
3577,-Y,+X,481742,-0.072000000,0.0,-0.072000000
3578,-Y,+X,481821,-0.077000000,0.0,-0.077000000
3579,-Y,+X,481902,-0.072000000,0.0,-0.072000000
3580,-Y,+X,481981,-0.072000000,0.0,-0.072000000
3581,-Y,+X,482062,-0.068000000,0.0,-0.068000000
3582,-Y,+X,482141,-0.064000000,0.0,-0.064000000
3583,-Y,+X,482222,-0.064000000,0.0,-0.064000000
3584,-Y,+X,482301,-0.065000000,0.0,-0.065000000
3585,-Y,+X,482382,-0.071000000,0.0,-0.071000000
3586,-Y,+X,482461,-0.072000000,0.0,-0.072000000
3587,-Y,+X,482541,-0.068000000,0.0,-0.068000000
3588,-Y,+X,482621,-0.068000000,0.0,-0.068000000
3589,-Y,+X,482701,-0.068000000,0.0,-0.068000000
3590,-Y,+X,482782,-0.068000000,0.0,-0.068000000
3591,-Y,+X,482861,-0.072000000,0.0,-0.072000000
3592,-Y,+X,482942,-0.066000000,0.0,-0.066000000
3593,-Y,+X,483021,-0.065000000,0.0,-0.065000000
3594,-Y,+X,483102,-0.068000000,0.0,-0.068000000
3595,-Y,+X,483181,-0.071000000,0.0,-0.071000000
3596,-Y,+X,483262,-0.071000000,0.0,-0.071000000
3597,-Y,+X,483341,-0.068000000,0.0,-0.068000000
3598,-Y,+X,483422,-0.069000000,0.0,-0.069000000
3599,-Y,+X,483501,-0.071000000,0.0,-0.071000000
3600,-Y,+X,483582,-0.071000000,0.0,-0.071000000
3601,-Y,+X,483661,-0.063000000,0.0,-0.063000000
3602,-Y,+X,483742,-0.068000000,0.0,-0.068000000
3603,-Y,+X,483821,-0.068000000,0.0,-0.068000000
3604,-Y,+X,483901,-0.069000000,0.0,-0.069000000
3605,-Y,+X,483981,-0.071000000,0.0,-0.071000000
3606,-Y,+X,484061,-0.066000000,0.0,-0.066000000
3607,-Y,+X,484142,-0.069000000,0.0,-0.069000000
3608,-Y,+X,484221,-0.072000000,0.0,-0.072000000
3609,-Y,+X,484302,-0.072000000,0.0,-0.072000000
3610,-Y,+X,484381,-0.068000000,0.0,-0.068000000
3611,-Y,+X,484462,-0.065000000,0.0,-0.065000000
3612,-Y,+X,484541,-0.072000000,0.0,-0.072000000
3613,-Y,+X,484622,-0.071000000,0.0,-0.071000000
3614,-Y,+X,484701,-0.068000000,0.0,-0.068000000
3615,-Y,+X,484782,-0.064000000,0.0,-0.064000000
3616,-Y,+X,484861,-0.063000000,0.0,-0.063000000
3617,-Y,+X,484942,-0.068000000,0.0,-0.068000000
3618,-Y,+X,485021,-0.068000000,0.0,-0.068000000
3619,-Y,+X,485101,-0.065000000,0.0,-0.065000000
3620,-Y,+X,485181,-0.066000000,0.0,-0.066000000
3621,-Y,+X,485261,-0.066000000,0.0,-0.066000000
3622,-Y,+X,485342,-0.073000000,0.0,-0.073000000
3623,-Y,+X,485421,-0.068000000,0.0,-0.068000000
3624,-Y,+X,485502,-0.068000000,0.0,-0.068000000
3625,-Y,+X,485581,-0.068000000,0.0,-0.068000000
3626,-Y,+X,485662,-0.068000000,0.0,-0.068000000
3627,-Y,+X,485741,-0.068000000,0.0,-0.068000000
3628,-Y,+X,485822,-0.077000000,0.0,-0.077000000
3629,-Y,+X,485901,-0.068000000,0.0,-0.068000000
3630,-Y,+X,485982,-0.072000000,0.0,-0.072000000
3631,-Y,+X,486061,-0.068000000,0.0,-0.068000000
3632,-Y,+X,486142,-0.066000000,0.0,-0.066000000
3633,-Y,+X,486221,-0.068000000,0.0,-0.068000000
3634,-Y,+X,486301,-0.068000000,0.0,-0.068000000
3635,-Y,+X,486381,-0.079000000,0.0,-0.079000000
3636,-Y,+X,486461,-0.066000000,0.0,-0.066000000
3637,-Y,+X,486542,-0.064000000,0.0,-0.064000000
3638,-Y,+X,486621,-0.068000000,0.0,-0.068000000
3639,-Y,+X,486702,-0.068000000,0.0,-0.068000000
3640,-Y,+X,486781,-0.073000000,0.0,-0.073000000
3641,-Y,+X,486862,-0.068000000,0.0,-0.068000000
3642,-Y,+X,486941,-0.065000000,0.0,-0.065000000
3643,-Y,+X,487022,-0.068000000,0.0,-0.068000000
3644,-Y,+X,487101,-0.068000000,0.0,-0.068000000
3645,-Y,+X,487182,-0.072000000,0.0,-0.072000000
3646,-Y,+X,487261,-0.068000000,0.0,-0.068000000
3647,-Y,+X,487342,-0.068000000,0.0,-0.068000000
3648,-Y,+X,487421,-0.061000000,0.0,-0.061000000
3649,-Y,+X,487502,-0.068000000,0.0,-0.068000000
3650,-Y,+X,487581,-0.068000000,0.0,-0.068000000
3651,-Y,+X,487661,-0.068000000,0.0,-0.068000000
3652,-Y,+X,487742,-0.066000000,0.0,-0.066000000
3653,-Y,+X,487821,-0.071000000,0.0,-0.071000000
3654,-Y,+X,487902,-0.068000000,0.0,-0.068000000
3655,-Y,+X,487981,-0.068000000,0.0,-0.068000000
3656,-Y,+X,488062,-0.064000000,0.0,-0.064000000
3657,-Y,+X,488141,-0.066000000,0.0,-0.066000000
3658,-Y,+X,488222,-0.066000000,0.0,-0.066000000
3659,-Y,+X,488301,-0.068000000,0.0,-0.068000000
3660,-Y,+X,488382,-0.068000000,0.0,-0.068000000
3661,-Y,+X,488461,-0.072000000,0.0,-0.072000000
3662,-Y,+X,488542,-0.064000000,0.0,-0.064000000
3663,-Y,+X,488621,-0.068000000,0.0,-0.068000000
3664,-Y,+X,488702,-0.068000000,0.0,-0.068000000
3665,-Y,+X,488781,-0.072000000,0.0,-0.072000000
3666,-Y,+X,488861,-0.077000000,0.0,-0.077000000
3667,-Y,+X,488941,-0.064000000,0.0,-0.064000000
3668,-Y,+X,489021,-0.064000000,0.0,-0.064000000
3669,-Y,+X,489102,-0.066000000,0.0,-0.066000000
3670,-Y,+X,489181,-0.068000000,0.0,-0.068000000
3671,-Y,+X,489262,-0.069000000,0.0,-0.069000000
3672,-Y,+X,489341,-0.069000000,0.0,-0.069000000
3673,-Y,+X,489422,-0.074000000,0.0,-0.074000000
3674,-Y,+X,489501,-0.073000000,0.0,-0.073000000
3675,-Y,+X,489582,-0.068000000,0.0,-0.068000000
3676,-Y,+X,489661,-0.069000000,0.0,-0.069000000
3677,-Y,+X,489742,-0.068000000,0.0,-0.068000000
3678,-Y,+X,489821,-0.068000000,0.0,-0.068000000
3679,-Y,+X,489902,-0.071000000,0.0,-0.071000000
3680,-Y,+X,489981,-0.071000000,0.0,-0.071000000
3681,-Y,+X,490061,-0.069000000,0.0,-0.069000000
3682,-Y,+X,490141,-0.068000000,0.0,-0.068000000
3683,-Y,+X,490221,-0.065000000,0.0,-0.065000000
3684,-Y,+X,490302,-0.066000000,0.0,-0.066000000
3685,-Y,+X,490381,-0.066000000,0.0,-0.066000000
3686,-Y,+X,490462,-0.073000000,0.0,-0.073000000
3687,-Y,+X,490541,-0.071000000,0.0,-0.071000000
3688,-Y,+X,490622,-0.065000000,0.0,-0.065000000
3689,-Y,+X,490701,-0.069000000,0.0,-0.069000000
3690,-Y,+X,490782,-0.071000000,0.0,-0.071000000
3691,-Y,+X,490861,-0.069000000,0.0,-0.069000000
3692,-Y,+X,490942,-0.057000000,0.0,-0.057000000
3693,-Y,+X,491021,-0.073000000,0.0,-0.073000000
3694,-Y,+X,491102,-0.069000000,0.0,-0.069000000
3695,-Y,+X,491181,-0.071000000,0.0,-0.071000000
3696,-Y,+X,491261,-0.065000000,0.0,-0.065000000
3697,-Y,+X,491341,-0.068000000,0.0,-0.068000000
3698,-Y,+X,491421,-0.068000000,0.0,-0.068000000
3699,-Y,+X,491502,-0.071000000,0.0,-0.071000000
3700,-Y,+X,491581,-0.073000000,0.0,-0.073000000
3701,-Y,+X,491662,-0.068000000,0.0,-0.068000000
3702,-Y,+X,491741,-0.068000000,0.0,-0.068000000
3703,-Y,+X,491822,-0.066000000,0.0,-0.066000000
3704,-Y,+X,491901,-0.061000000,0.0,-0.061000000
3705,-Y,+X,491982,-0.064000000,0.0,-0.064000000
3706,-Y,+X,492061,-0.073000000,0.0,-0.073000000
3707,-Y,+X,492142,-0.065000000,0.0,-0.065000000
3708,-Y,+X,492221,-0.068000000,0.0,-0.068000000
3709,-Y,+X,492302,-0.064000000,0.0,-0.064000000
3710,-Y,+X,492381,-0.064000000,0.0,-0.064000000
3711,-Y,+X,492462,-0.065000000,0.0,-0.065000000
3712,-Y,+X,492541,-0.061000000,0.0,-0.061000000
3713,-Y,+X,492621,-0.077000000,0.0,-0.077000000
3714,-Y,+X,492701,-0.066000000,0.0,-0.066000000
3715,-Y,+X,492781,-0.068000000,0.0,-0.068000000
3716,-Y,+X,492862,-0.066000000,0.0,-0.066000000
3717,-Y,+X,492941,-0.071000000,0.0,-0.071000000
3718,-Y,+X,493022,-0.077000000,0.0,-0.077000000
3719,-Y,+X,493101,-0.064000000,0.0,-0.064000000
3720,-Y,+X,493182,-0.068000000,0.0,-0.068000000
3721,-Y,+X,493261,-0.071000000,0.0,-0.071000000
3722,-Y,+X,493342,-0.068000000,0.0,-0.068000000
3723,-Y,+X,493421,-0.068000000,0.0,-0.068000000
3724,-Y,+X,493502,-0.073000000,0.0,-0.073000000
3725,-Y,+X,493581,-0.071000000,0.0,-0.071000000
3726,-Y,+X,493662,-0.071000000,0.0,-0.071000000
3727,-Y,+X,493741,-0.068000000,0.0,-0.068000000
3728,-Y,+X,493821,-0.068000000,0.0,-0.068000000
3729,-Y,+X,493901,-0.065000000,0.0,-0.065000000
3730,-Y,+X,493981,-0.069000000,0.0,-0.069000000
3731,-Y,+X,494062,-0.068000000,0.0,-0.068000000
3732,-Y,+X,494141,-0.066000000,0.0,-0.066000000
3733,-Y,+X,494222,-0.068000000,0.0,-0.068000000
3734,-Y,+X,494301,-0.068000000,0.0,-0.068000000
3735,-Y,+X,494382,-0.068000000,0.0,-0.068000000
3736,-Y,+X,494461,-0.068000000,0.0,-0.068000000
3737,-Y,+X,494542,-0.077000000,0.0,-0.077000000
3738,-Y,+X,494621,-0.069000000,0.0,-0.069000000
3739,-Y,+X,494702,-0.073000000,0.0,-0.073000000
3740,-Y,+X,494781,-0.071000000,0.0,-0.071000000
3741,-Y,+X,494862,-0.069000000,0.0,-0.069000000
3742,-Y,+X,494941,-0.077000000,0.0,-0.077000000
3743,-Y,+X,495021,-0.064000000,0.0,-0.064000000
3744,-Y,+X,495101,-0.064000000,0.0,-0.064000000
3745,-Y,+X,495181,-0.064000000,0.0,-0.064000000
3746,-Y,+X,495262,-0.063000000,0.0,-0.063000000
3747,-Y,+X,495341,-0.068000000,0.0,-0.068000000
3748,-Y,+X,495422,-0.068000000,0.0,-0.068000000
3749,-Y,+X,495501,-0.068000000,0.0,-0.068000000
3750,-Y,+X,495582,-0.066000000,0.0,-0.066000000
3751,-Y,+X,495661,-0.066000000,0.0,-0.066000000
3752,-Y,+X,495742,-0.066000000,0.0,-0.066000000
3753,-Y,+X,495821,-0.066000000,0.0,-0.066000000
3754,-Y,+X,495902,-0.072000000,0.0,-0.072000000
3755,-Y,+X,495981,-0.068000000,0.0,-0.068000000
3756,-Y,+X,496062,-0.068000000,0.0,-0.068000000
3757,-Y,+X,496141,-0.068000000,0.0,-0.068000000
3758,-Y,+X,496222,-0.069000000,0.0,-0.069000000
3759,-Y,+X,496301,-0.063000000,0.0,-0.063000000
3760,-Y,+X,496381,-0.069000000,0.0,-0.069000000
3761,-Y,+X,496462,-0.065000000,0.0,-0.065000000
3762,-Y,+X,496541,-0.065000000,0.0,-0.065000000
3763,-Y,+X,496622,-0.068000000,0.0,-0.068000000
3764,-Y,+X,496701,-0.069000000,0.0,-0.069000000
3765,-Y,+X,496782,-0.068000000,0.0,-0.068000000
3766,-Y,+X,496861,-0.063000000,0.0,-0.063000000
3767,-Y,+X,496942,-0.077000000,0.0,-0.077000000
3768,-Y,+X,497021,-0.064000000,0.0,-0.064000000
3769,-Y,+X,497102,-0.064000000,0.0,-0.064000000
3770,-Y,+X,497181,-0.071000000,0.0,-0.071000000
3771,-Y,+X,497262,-0.066000000,0.0,-0.066000000
3772,-Y,+X,497341,-0.077000000,0.0,-0.077000000
3773,-Y,+X,497421,-0.068000000,0.0,-0.068000000
3774,-Y,+X,497501,-0.068000000,0.0,-0.068000000
3775,-Y,+X,497581,-0.071000000,0.0,-0.071000000
3776,-Y,+X,497661,-0.068000000,0.0,-0.068000000
3777,-Y,+X,497741,-0.065000000,0.0,-0.065000000
3778,-Y,+X,497822,-0.077000000,0.0,-0.077000000
3779,-Y,+X,497901,-0.066000000,0.0,-0.066000000
3780,-Y,+X,497982,-0.068000000,0.0,-0.068000000
3781,-Y,+X,498061,-0.064000000,0.0,-0.064000000
3782,-Y,+X,498142,-0.057000000,0.0,-0.057000000
3783,-Y,+X,498221,-0.064000000,0.0,-0.064000000
3784,-Y,+X,498302,-0.068000000,0.0,-0.068000000
3785,-Y,+X,498381,-0.068000000,0.0,-0.068000000
3786,-Y,+X,498462,-0.069000000,0.0,-0.069000000
3787,-Y,+X,498541,-0.069000000,0.0,-0.069000000
3788,-Y,+X,498622,-0.073000000,0.0,-0.073000000
3789,-Y,+X,498701,-0.071000000,0.0,-0.071000000
3790,-Y,+X,498781,-0.071000000,0.0,-0.071000000
3791,-Y,+X,498861,-0.066000000,0.0,-0.066000000
3792,-Y,+X,498941,-0.066000000,0.0,-0.066000000
3793,-Y,+X,499022,-0.069000000,0.0,-0.069000000
3794,-Y,+X,499101,-0.066000000,0.0,-0.066000000
3795,-Y,+X,499182,-0.071000000,0.0,-0.071000000
3796,-Y,+X,499261,-0.071000000,0.0,-0.071000000
3797,-Y,+X,499342,-0.068000000,0.0,-0.068000000
3798,-Y,+X,499421,-0.065000000,0.0,-0.065000000
3799,-Y,+X,499502,-0.068000000,0.0,-0.068000000
3800,-Y,+X,499581,-0.068000000,0.0,-0.068000000
3801,-Y,+X,499662,-0.068000000,0.0,-0.068000000
3802,-Y,+X,499741,-0.068000000,0.0,-0.068000000
3803,-Y,+X,499822,-0.068000000,0.0,-0.068000000
3804,-Y,+X,499901,-0.068000000,0.0,-0.068000000
3805,-Y,+X,499981,-0.072000000,0.0,-0.072000000
3806,-Y,+X,500061,-0.066000000,0.0,-0.066000000
3807,-Y,+X,500141,-0.071000000,0.0,-0.071000000
3808,-Y,+X,500222,-0.065000000,0.0,-0.065000000
3809,-Y,+X,500301,-0.065000000,0.0,-0.065000000
3810,-Y,+X,500382,-0.066000000,0.0,-0.066000000
3811,-Y,+X,500461,-0.069000000,0.0,-0.069000000
3812,-Y,+X,500542,-0.068000000,0.0,-0.068000000
3813,-Y,+X,500621,-0.068000000,0.0,-0.068000000
3814,-Y,+X,500702,-0.068000000,0.0,-0.068000000
3815,-Y,+X,500781,-0.065000000,0.0,-0.065000000
3816,-Y,+X,500862,-0.071000000,0.0,-0.071000000
3817,-Y,+X,500941,-0.073000000,0.0,-0.073000000
3818,-Y,+X,501022,-0.064000000,0.0,-0.064000000
3819,-Y,+X,501101,-0.068000000,0.0,-0.068000000
3820,-Y,+X,501181,-0.072000000,0.0,-0.072000000
3821,-Y,+X,501261,-0.069000000,0.0,-0.069000000
3822,-Y,+X,501341,-0.068000000,0.0,-0.068000000
3823,-Y,+X,501421,-0.068000000,0.0,-0.068000000
3824,-Y,+X,501501,-0.071000000,0.0,-0.071000000
3825,-Y,+X,501582,-0.071000000,0.0,-0.071000000
3826,-Y,+X,501661,-0.065000000,0.0,-0.065000000
3827,-Y,+X,501742,-0.068000000,0.0,-0.068000000
3828,-Y,+X,501821,-0.069000000,0.0,-0.069000000
3829,-Y,+X,501902,-0.066000000,0.0,-0.066000000
3830,-Y,+X,501981,-0.066000000,0.0,-0.066000000
3831,-Y,+X,502062,-0.071000000,0.0,-0.071000000
3832,-Y,+X,502141,-0.068000000,0.0,-0.068000000
3833,-Y,+X,502222,-0.065000000,0.0,-0.065000000
3834,-Y,+X,502301,-0.065000000,0.0,-0.065000000
3835,-Y,+X,502382,-0.068000000,0.0,-0.068000000
3836,-Y,+X,502461,-0.068000000,0.0,-0.068000000
3837,-Y,+X,502541,-0.064000000,0.0,-0.064000000
3838,-Y,+X,502621,-0.064000000,0.0,-0.064000000
3839,-Y,+X,502701,-0.071000000,0.0,-0.071000000
3840,-Y,+X,502782,-0.065000000,0.0,-0.065000000
3841,-Y,+X,502861,-0.064000000,0.0,-0.064000000
3842,-Y,+X,502942,-0.068000000,0.0,-0.068000000
3843,-Y,+X,503021,-0.072000000,0.0,-0.072000000
3844,-Y,+X,503102,-0.068000000,0.0,-0.068000000
3845,-Y,+X,503181,-0.068000000,0.0,-0.068000000
3846,-Y,+X,503262,-0.069000000,0.0,-0.069000000
3847,-Y,+X,503341,-0.068000000,0.0,-0.068000000
3848,-Y,+X,503422,-0.065000000,0.0,-0.065000000
3849,-Y,+X,503501,-0.065000000,0.0,-0.065000000
3850,-Y,+X,503582,-0.068000000,0.0,-0.068000000
3851,-Y,+X,503661,-0.068000000,0.0,-0.068000000
3852,-Y,+X,503741,-0.065000000,0.0,-0.065000000
3853,-Y,+X,503821,-0.066000000,0.0,-0.066000000
3854,-Y,+X,503901,-0.066000000,0.0,-0.066000000
3855,-Y,+X,503982,-0.065000000,0.0,-0.065000000
3856,-Y,+X,504061,-0.064000000,0.0,-0.064000000
3857,-Y,+X,504142,-0.064000000,0.0,-0.064000000
3858,-Y,+X,504221,-0.066000000,0.0,-0.066000000
3859,-Y,+X,504302,-0.069000000,0.0,-0.069000000
3860,-Y,+X,504381,-0.064000000,0.0,-0.064000000
3861,-Y,+X,504462,-0.066000000,0.0,-0.066000000
3862,-Y,+X,504541,-0.065000000,0.0,-0.065000000
3863,-Y,+X,504622,-0.068000000,0.0,-0.068000000
3864,-Y,+X,504701,-0.068000000,0.0,-0.068000000
3865,-Y,+X,504782,-0.077000000,0.0,-0.077000000
3866,-Y,+X,504861,-0.066000000,0.0,-0.066000000
3867,-Y,+X,504942,-0.066000000,0.0,-0.066000000
3868,-Y,+X,505021,-0.069000000,0.0,-0.069000000
3869,-Y,+X,505101,-0.068000000,0.0,-0.068000000
3870,-Y,+X,505182,-0.065000000,0.0,-0.065000000
3871,-Y,+X,505261,-0.068000000,0.0,-0.068000000
3872,-Y,+X,505342,-0.066000000,0.0,-0.066000000
3873,-Y,+X,505421,-0.069000000,0.0,-0.069000000
3874,-Y,+X,505502,-0.065000000,0.0,-0.065000000
3875,-Y,+X,505581,-0.068000000,0.0,-0.068000000
3876,-Y,+X,505662,-0.068000000,0.0,-0.068000000
3877,-Y,+X,505741,-0.064000000,0.0,-0.064000000
3878,-Y,+X,505822,-0.063000000,0.0,-0.063000000
3879,-Y,+X,505901,-0.066000000,0.0,-0.066000000
3880,-Y,+X,505982,-0.068000000,0.0,-0.068000000
3881,-Y,+X,506061,-0.066000000,0.0,-0.066000000
3882,-Y,+X,506142,-0.066000000,0.0,-0.066000000
3883,-Y,+X,506221,-0.068000000,0.0,-0.068000000
3884,-Y,+X,506301,-0.066000000,0.0,-0.066000000
3885,-Y,+X,506381,-0.073000000,0.0,-0.073000000
3886,-Y,+X,506461,-0.071000000,0.0,-0.071000000
3887,-Y,+X,506542,-0.065000000,0.0,-0.065000000
3888,-Y,+X,506621,-0.065000000,0.0,-0.065000000
3889,-Y,+X,506702,-0.065000000,0.0,-0.065000000
3890,-Y,+X,506781,-0.068000000,0.0,-0.068000000
3891,-Y,+X,506862,-0.056000000,0.0,-0.056000000
3892,-Y,+X,506941,-0.068000000,0.0,-0.068000000
3893,-Y,+X,507022,-0.066000000,0.0,-0.066000000
3894,-Y,+X,507101,-0.066000000,0.0,-0.066000000
3895,-Y,+X,507182,-0.066000000,0.0,-0.066000000
3896,-Y,+X,507261,-0.068000000,0.0,-0.068000000
3897,-Y,+X,507342,-0.068000000,0.0,-0.068000000
3898,-Y,+X,507421,-0.068000000,0.0,-0.068000000
3899,-Y,+X,507501,-0.066000000,0.0,-0.066000000
3900,-Y,+X,507581,-0.064000000,0.0,-0.064000000
3901,-Y,+X,507661,-0.077000000,0.0,-0.077000000
3902,-Y,+X,507742,-0.077000000,0.0,-0.077000000
3903,-Y,+X,507821,-0.071000000,0.0,-0.071000000
3904,-Y,+X,507902,-0.071000000,0.0,-0.071000000
3905,-Y,+X,507981,-0.068000000,0.0,-0.068000000
3906,-Y,+X,508062,-0.066000000,0.0,-0.066000000
3907,-Y,+X,508141,-0.065000000,0.0,-0.065000000
3908,-Y,+X,508222,-0.064000000,0.0,-0.064000000
3909,-Y,+X,508301,-0.065000000,0.0,-0.065000000
3910,-Y,+X,508382,-0.068000000,0.0,-0.068000000
3911,-Y,+X,508461,-0.069000000,0.0,-0.069000000
3912,-Y,+X,508542,-0.071000000,0.0,-0.071000000
3913,-Y,+X,508621,-0.073000000,0.0,-0.073000000
3914,-Y,+X,508701,-0.071000000,0.0,-0.071000000
3915,-Y,+X,508781,-0.071000000,0.0,-0.071000000
3916,-Y,+X,508861,-0.068000000,0.0,-0.068000000
3917,-Y,+X,508942,-0.066000000,0.0,-0.066000000
3918,-Y,+X,509021,-0.068000000,0.0,-0.068000000
3919,-Y,+X,509102,-0.069000000,0.0,-0.069000000
3920,-Y,+X,509181,-0.071000000,0.0,-0.071000000
3921,-Y,+X,509262,-0.071000000,0.0,-0.071000000
3922,-Y,+X,509341,-0.071000000,0.0,-0.071000000
3923,-Y,+X,509422,-0.072000000,0.0,-0.072000000
3924,-Y,+X,509501,-0.064000000,0.0,-0.064000000
3925,-Y,+X,509582,-0.064000000,0.0,-0.064000000
3926,-Y,+X,509661,-0.069000000,0.0,-0.069000000
3927,-Y,+X,509742,-0.069000000,0.0,-0.069000000
3928,-Y,+X,509821,-0.065000000,0.0,-0.065000000
3929,-Y,+X,509902,-0.068000000,0.0,-0.068000000
3930,-Y,+X,509981,-0.068000000,0.0,-0.068000000
3931,-Y,+X,510061,-0.071000000,0.0,-0.071000000
3932,-Y,+X,510141,-0.065000000,0.0,-0.065000000
3933,-Y,+X,510221,-0.071000000,0.0,-0.071000000
3934,-Y,+X,510302,-0.068000000,0.0,-0.068000000
3935,-Y,+X,510381,-0.066000000,0.0,-0.066000000
3936,-Y,+X,510462,-0.068000000,0.0,-0.068000000
3937,-Y,+X,510541,-0.065000000,0.0,-0.065000000
3938,-Y,+X,510622,-0.068000000,0.0,-0.068000000
3939,-Y,+X,510701,-0.065000000,0.0,-0.065000000
3940,-Y,+X,510782,-0.065000000,0.0,-0.065000000
3941,-Y,+X,510861,-0.064000000,0.0,-0.064000000
3942,-Y,+X,510942,-0.063000000,0.0,-0.063000000
3943,-Y,+X,511021,-0.064000000,0.0,-0.064000000
3944,-Y,+X,511102,-0.073000000,0.0,-0.073000000
3945,-Y,+X,511181,-0.066000000,0.0,-0.066000000
3946,-Y,+X,511261,-0.064000000,0.0,-0.064000000
3947,-Y,+X,511341,-0.066000000,0.0,-0.066000000
3948,-Y,+X,511421,-0.066000000,0.0,-0.066000000
3949,-Y,+X,511502,-0.066000000,0.0,-0.066000000
3950,-Y,+X,511581,-0.064000000,0.0,-0.064000000
3951,-Y,+X,511662,-0.065000000,0.0,-0.065000000
3952,-Y,+X,511741,-0.065000000,0.0,-0.065000000
3953,-Y,+X,511822,-0.065000000,0.0,-0.065000000
3954,-Y,+X,511901,-0.065000000,0.0,-0.065000000
3955,-Y,+X,511982,-0.068000000,0.0,-0.068000000
3956,-Y,+X,512061,-0.068000000,0.0,-0.068000000
3957,-Y,+X,512142,-0.071000000,0.0,-0.071000000
3958,-Y,+X,512221,-0.068000000,0.0,-0.068000000
3959,-Y,+X,512302,-0.065000000,0.0,-0.065000000
3960,-Y,+X,512381,-0.068000000,0.0,-0.068000000
3961,-Y,+X,512461,-0.064000000,0.0,-0.064000000
3962,-Y,+X,512541,-0.066000000,0.0,-0.066000000
3963,-Y,+X,512621,-0.064000000,0.0,-0.064000000
3964,-Y,+X,512702,-0.068000000,0.0,-0.068000000
3965,-Y,+X,512781,-0.069000000,0.0,-0.069000000
3966,-Y,+X,512862,-0.069000000,0.0,-0.069000000
3967,-Y,+X,512941,-0.068000000,0.0,-0.068000000
3968,-Y,+X,513022,-0.066000000,0.0,-0.066000000
3969,-Y,+X,513101,-0.066000000,0.0,-0.066000000
3970,-Y,+X,513182,-0.065000000,0.0,-0.065000000
3971,-Y,+X,513261,-0.071000000,0.0,-0.071000000
3972,-Y,+X,513342,-0.071000000,0.0,-0.071000000
3973,-Y,+X,513421,-0.068000000,0.0,-0.068000000
3974,-Y,+X,513502,-0.068000000,0.0,-0.068000000
3975,-Y,+X,513581,-0.071000000,0.0,-0.071000000
3976,-Y,+X,513662,-0.065000000,0.0,-0.065000000
3977,-Y,+X,513741,-0.066000000,0.0,-0.066000000
3978,-Y,+X,513821,-0.066000000,0.0,-0.066000000
3979,-Y,+X,513902,-0.066000000,0.0,-0.066000000
3980,-Y,+X,513981,-0.068000000,0.0,-0.068000000
3981,-Y,+X,514062,-0.068000000,0.0,-0.068000000
3982,-Y,+X,514141,-0.069000000,0.0,-0.069000000
3983,-Y,+X,514222,-0.061000000,0.0,-0.061000000
3984,-Y,+X,514301,-0.068000000,0.0,-0.068000000
3985,-Y,+X,514382,-0.069000000,0.0,-0.069000000
3986,-Y,+X,514461,-0.071000000,0.0,-0.071000000
3987,-Y,+X,514542,-0.065000000,0.0,-0.065000000
3988,-Y,+X,514621,-0.066000000,0.0,-0.066000000
3989,-Y,+X,514702,-0.064000000,0.0,-0.064000000
3990,-Y,+X,514781,-0.061000000,0.0,-0.061000000
3991,-Y,+X,514861,-0.061000000,0.0,-0.061000000
3992,-Y,+X,514941,-0.079000000,0.0,-0.079000000
3993,-Y,+X,515021,-0.064000000,0.0,-0.064000000
3994,-Y,+X,515102,-0.064000000,0.0,-0.064000000
3995,-Y,+X,515181,-0.068000000,0.0,-0.068000000
3996,-Y,+X,515262,-0.064000000,0.0,-0.064000000
3997,-Y,+X,515341,-0.064000000,0.0,-0.064000000
3998,-Y,+X,515422,-0.072000000,0.0,-0.072000000
3999,-Y,+X,515501,-0.071000000,0.0,-0.071000000
4000,+Z,+Z,536216,-0.056000000,0.0,-0.056000000
4001,+Z,+Z,536296,-0.056000000,0.0,-0.056000000
4002,+Z,+Z,536377,-0.052000000,0.0,-0.052000000
4003,+Z,+Z,536456,-0.057000000,0.0,-0.057000000
4004,+Z,+Z,536537,-0.052000000,0.0,-0.052000000
4005,+Z,+Z,536616,-0.055000000,0.0,-0.055000000
4006,+Z,+Z,536696,-0.056000000,0.0,-0.056000000
4007,+Z,+Z,536777,-0.055000000,0.0,-0.055000000
4008,+Z,+Z,536856,-0.057000000,0.0,-0.057000000
4009,+Z,+Z,536936,-0.052000000,0.0,-0.052000000
4010,+Z,+Z,537017,-0.056000000,0.0,-0.056000000
4011,+Z,+Z,537096,-0.060000000,0.0,-0.060000000
4012,+Z,+Z,537176,-0.056000000,0.0,-0.056000000
4013,+Z,+Z,537257,-0.056000000,0.0,-0.056000000
4014,+Z,+Z,537336,-0.057000000,0.0,-0.057000000
4015,+Z,+Z,537417,-0.055000000,0.0,-0.055000000
4016,+Z,+Z,537496,-0.052000000,0.0,-0.052000000
4017,+Z,+Z,537576,-0.061000000,0.0,-0.061000000
4018,+Z,+Z,537657,-0.057000000,0.0,-0.057000000
4019,+Z,+Z,537736,-0.057000000,0.0,-0.057000000
4020,+Z,+Z,537816,-0.058000000,0.0,-0.058000000
4021,+Z,+Z,537897,-0.055000000,0.0,-0.055000000
4022,+Z,+Z,537976,-0.058000000,0.0,-0.058000000
4023,+Z,+Z,538057,-0.057000000,0.0,-0.057000000
4024,+Z,+Z,538137,-0.055000000,0.0,-0.055000000
4025,+Z,+Z,538216,-0.055000000,0.0,-0.055000000
4026,+Z,+Z,538297,-0.055000000,0.0,-0.055000000
4027,+Z,+Z,538376,-0.053000000,0.0,-0.053000000
4028,+Z,+Z,538456,-0.058000000,0.0,-0.058000000
4029,+Z,+Z,538537,-0.056000000,0.0,-0.056000000
4030,+Z,+Z,538616,-0.057000000,0.0,-0.057000000
4031,+Z,+Z,538696,-0.056000000,0.0,-0.056000000
4032,+Z,+Z,538777,-0.063000000,0.0,-0.063000000
4033,+Z,+Z,538856,-0.057000000,0.0,-0.057000000
4034,+Z,+Z,538937,-0.053000000,0.0,-0.053000000
4035,+Z,+Z,539016,-0.057000000,0.0,-0.057000000
4036,+Z,+Z,539096,-0.053000000,0.0,-0.053000000
4037,+Z,+Z,539177,-0.056000000,0.0,-0.056000000
4038,+Z,+Z,539256,-0.056000000,0.0,-0.056000000
4039,+Z,+Z,539336,-0.056000000,0.0,-0.056000000
4040,+Z,+Z,539417,-0.053000000,0.0,-0.053000000
4041,+Z,+Z,539496,-0.048000000,0.0,-0.048000000
4042,+Z,+Z,539576,-0.057000000,0.0,-0.057000000
4043,+Z,+Z,539657,-0.055000000,0.0,-0.055000000
4044,+Z,+Z,539736,-0.052000000,0.0,-0.052000000
4045,+Z,+Z,539817,-0.050000000,0.0,-0.050000000
4046,+Z,+Z,539896,-0.052000000,0.0,-0.052000000
4047,+Z,+Z,539976,-0.052000000,0.0,-0.052000000
4048,+Z,+Z,540057,-0.061000000,0.0,-0.061000000
4049,+Z,+Z,540136,-0.057000000,0.0,-0.057000000
4050,+Z,+Z,540216,-0.056000000,0.0,-0.056000000
4051,+Z,+Z,540297,-0.065000000,0.0,-0.065000000
4052,+Z,+Z,540376,-0.065000000,0.0,-0.065000000
4053,+Z,+Z,540456,-0.061000000,0.0,-0.061000000
4054,+Z,+Z,540537,-0.057000000,0.0,-0.057000000
4055,+Z,+Z,540616,-0.057000000,0.0,-0.057000000
4056,+Z,+Z,540697,-0.056000000,0.0,-0.056000000
4057,+Z,+Z,540776,-0.057000000,0.0,-0.057000000
4058,+Z,+Z,540856,-0.058000000,0.0,-0.058000000
4059,+Z,+Z,540937,-0.055000000,0.0,-0.055000000
4060,+Z,+Z,541016,-0.055000000,0.0,-0.055000000
4061,+Z,+Z,541096,-0.055000000,0.0,-0.055000000
4062,+Z,+Z,541177,-0.056000000,0.0,-0.056000000
4063,+Z,+Z,541256,-0.057000000,0.0,-0.057000000
4064,+Z,+Z,541337,-0.050000000,0.0,-0.050000000
4065,+Z,+Z,541416,-0.050000000,0.0,-0.050000000
4066,+Z,+Z,541496,-0.064000000,0.0,-0.064000000
4067,+Z,+Z,541577,-0.052000000,0.0,-0.052000000
4068,+Z,+Z,541656,-0.057000000,0.0,-0.057000000
4069,+Z,+Z,541736,-0.052000000,0.0,-0.052000000
4070,+Z,+Z,541817,-0.052000000,0.0,-0.052000000
4071,+Z,+Z,541896,-0.057000000,0.0,-0.057000000
4072,+Z,+Z,541976,-0.061000000,0.0,-0.061000000
4073,+Z,+Z,542057,-0.057000000,0.0,-0.057000000
4074,+Z,+Z,542136,-0.055000000,0.0,-0.055000000
4075,+Z,+Z,542217,-0.057000000,0.0,-0.057000000
4076,+Z,+Z,542296,-0.057000000,0.0,-0.057000000
4077,+Z,+Z,542376,-0.057000000,0.0,-0.057000000
4078,+Z,+Z,542457,-0.057000000,0.0,-0.057000000
4079,+Z,+Z,542536,-0.053000000,0.0,-0.053000000
4080,+Z,+Z,542616,-0.056000000,0.0,-0.056000000
4081,+Z,+Z,542697,-0.057000000,0.0,-0.057000000
4082,+Z,+Z,542776,-0.061000000,0.0,-0.061000000
4083,+Z,+Z,542856,-0.052000000,0.0,-0.052000000
4084,+Z,+Z,542937,-0.052000000,0.0,-0.052000000
4085,+Z,+Z,543016,-0.056000000,0.0,-0.056000000
4086,+Z,+Z,543097,-0.052000000,0.0,-0.052000000
4087,+Z,+Z,543176,-0.057000000,0.0,-0.057000000
4088,+Z,+Z,543256,-0.052000000,0.0,-0.052000000
4089,+Z,+Z,543337,-0.056000000,0.0,-0.056000000
4090,+Z,+Z,543416,-0.056000000,0.0,-0.056000000
4091,+Z,+Z,543496,-0.052000000,0.0,-0.052000000
4092,+Z,+Z,543577,-0.058000000,0.0,-0.058000000
4093,+Z,+Z,543656,-0.053000000,0.0,-0.053000000
4094,+Z,+Z,543736,-0.057000000,0.0,-0.057000000
4095,+Z,+Z,543817,-0.061000000,0.0,-0.061000000
4096,+Z,+Z,543896,-0.058000000,0.0,-0.058000000
4097,+Z,+Z,543977,-0.055000000,0.0,-0.055000000
4098,+Z,+Z,544057,-0.052000000,0.0,-0.052000000
4099,+Z,+Z,544136,-0.056000000,0.0,-0.056000000
4100,+Z,+Z,544217,-0.057000000,0.0,-0.057000000
4101,+Z,+Z,544296,-0.055000000,0.0,-0.055000000
4102,+Z,+Z,544376,-0.053000000,0.0,-0.053000000
4103,+Z,+Z,544457,-0.053000000,0.0,-0.053000000
4104,+Z,+Z,544536,-0.057000000,0.0,-0.057000000
4105,+Z,+Z,544617,-0.060000000,0.0,-0.060000000
4106,+Z,+Z,544697,-0.055000000,0.0,-0.055000000
4107,+Z,+Z,544776,-0.057000000,0.0,-0.057000000
4108,+Z,+Z,544857,-0.057000000,0.0,-0.057000000
4109,+Z,+Z,544936,-0.053000000,0.0,-0.053000000
4110,+Z,+Z,545016,-0.053000000,0.0,-0.053000000
4111,+Z,+Z,545097,-0.056000000,0.0,-0.056000000
4112,+Z,+Z,545176,-0.049000000,0.0,-0.049000000
4113,+Z,+Z,545256,-0.055000000,0.0,-0.055000000
4114,+Z,+Z,545337,-0.061000000,0.0,-0.061000000
4115,+Z,+Z,545416,-0.053000000,0.0,-0.053000000
4116,+Z,+Z,545497,-0.053000000,0.0,-0.053000000
4117,+Z,+Z,545576,-0.064000000,0.0,-0.064000000
4118,+Z,+Z,545656,-0.056000000,0.0,-0.056000000
4119,+Z,+Z,545737,-0.055000000,0.0,-0.055000000
4120,+Z,+Z,545816,-0.049000000,0.0,-0.049000000
4121,+Z,+Z,545896,-0.061000000,0.0,-0.061000000
4122,+Z,+Z,545977,-0.055000000,0.0,-0.055000000
4123,+Z,+Z,546056,-0.056000000,0.0,-0.056000000
4124,+Z,+Z,546136,-0.052000000,0.0,-0.052000000
4125,+Z,+Z,546217,-0.056000000,0.0,-0.056000000
4126,+Z,+Z,546296,-0.056000000,0.0,-0.056000000
4127,+Z,+Z,546377,-0.057000000,0.0,-0.057000000
4128,+Z,+Z,546456,-0.052000000,0.0,-0.052000000
4129,+Z,+Z,546536,-0.052000000,0.0,-0.052000000
4130,+Z,+Z,546617,-0.056000000,0.0,-0.056000000
4131,+Z,+Z,546696,-0.055000000,0.0,-0.055000000
4132,+Z,+Z,546776,-0.053000000,0.0,-0.053000000
4133,+Z,+Z,546857,-0.053000000,0.0,-0.053000000
4134,+Z,+Z,546936,-0.055000000,0.0,-0.055000000
4135,+Z,+Z,547016,-0.050000000,0.0,-0.050000000
4136,+Z,+Z,547097,-0.057000000,0.0,-0.057000000
4137,+Z,+Z,547176,-0.057000000,0.0,-0.057000000
4138,+Z,+Z,547257,-0.049000000,0.0,-0.049000000
4139,+Z,+Z,547336,-0.052000000,0.0,-0.052000000
4140,+Z,+Z,547416,-0.056000000,0.0,-0.056000000
4141,+Z,+Z,547497,-0.052000000,0.0,-0.052000000
4142,+Z,+Z,547576,-0.052000000,0.0,-0.052000000
4143,+Z,+Z,547656,-0.057000000,0.0,-0.057000000
4144,+Z,+Z,547737,-0.057000000,0.0,-0.057000000
4145,+Z,+Z,547816,-0.056000000,0.0,-0.056000000
4146,+Z,+Z,547897,-0.052000000,0.0,-0.052000000
4147,+Z,+Z,547977,-0.057000000,0.0,-0.057000000
4148,+Z,+Z,548056,-0.055000000,0.0,-0.055000000
4149,+Z,+Z,548137,-0.052000000,0.0,-0.052000000
4150,+Z,+Z,548216,-0.058000000,0.0,-0.058000000
4151,+Z,+Z,548296,-0.056000000,0.0,-0.056000000
4152,+Z,+Z,548377,-0.057000000,0.0,-0.057000000
4153,+Z,+Z,548456,-0.056000000,0.0,-0.056000000
4154,+Z,+Z,548536,-0.056000000,0.0,-0.056000000
4155,+Z,+Z,548617,-0.052000000,0.0,-0.052000000
4156,+Z,+Z,548696,-0.057000000,0.0,-0.057000000
4157,+Z,+Z,548777,-0.057000000,0.0,-0.057000000
4158,+Z,+Z,548856,-0.053000000,0.0,-0.053000000
4159,+Z,+Z,548936,-0.061000000,0.0,-0.061000000
4160,+Z,+Z,549017,-0.057000000,0.0,-0.057000000
4161,+Z,+Z,549096,-0.058000000,0.0,-0.058000000
4162,+Z,+Z,549176,-0.049000000,0.0,-0.049000000
4163,+Z,+Z,549257,-0.055000000,0.0,-0.055000000
4164,+Z,+Z,549336,-0.052000000,0.0,-0.052000000
4165,+Z,+Z,549416,-0.057000000,0.0,-0.057000000
4166,+Z,+Z,549497,-0.058000000,0.0,-0.058000000
4167,+Z,+Z,549576,-0.058000000,0.0,-0.058000000
4168,+Z,+Z,549657,-0.061000000,0.0,-0.061000000
4169,+Z,+Z,549736,-0.055000000,0.0,-0.055000000
4170,+Z,+Z,549816,-0.056000000,0.0,-0.056000000
4171,+Z,+Z,549897,-0.053000000,0.0,-0.053000000
4172,+Z,+Z,549976,-0.057000000,0.0,-0.057000000
4173,+Z,+Z,550056,-0.057000000,0.0,-0.057000000
4174,+Z,+Z,550137,-0.050000000,0.0,-0.050000000
4175,+Z,+Z,550216,-0.052000000,0.0,-0.052000000
4176,+Z,+Z,550297,-0.053000000,0.0,-0.053000000
4177,+Z,+Z,550376,-0.056000000,0.0,-0.056000000
4178,+Z,+Z,550456,-0.061000000,0.0,-0.061000000
4179,+Z,+Z,550537,-0.056000000,0.0,-0.056000000
4180,+Z,+Z,550616,-0.056000000,0.0,-0.056000000
4181,+Z,+Z,550696,-0.061000000,0.0,-0.061000000
4182,+Z,+Z,550777,-0.055000000,0.0,-0.055000000
4183,+Z,+Z,550856,-0.053000000,0.0,-0.053000000
4184,+Z,+Z,550937,-0.058000000,0.0,-0.058000000
4185,+Z,+Z,551016,-0.057000000,0.0,-0.057000000
4186,+Z,+Z,551096,-0.052000000,0.0,-0.052000000
4187,+Z,+Z,551177,-0.057000000,0.0,-0.057000000
4188,+Z,+Z,551256,-0.057000000,0.0,-0.057000000
4189,+Z,+Z,551336,-0.056000000,0.0,-0.056000000
4190,+Z,+Z,551417,-0.056000000,0.0,-0.056000000
4191,+Z,+Z,551496,-0.057000000,0.0,-0.057000000
4192,+Z,+Z,551577,-0.057000000,0.0,-0.057000000
4193,+Z,+Z,551656,-0.057000000,0.0,-0.057000000
4194,+Z,+Z,551736,-0.064000000,0.0,-0.064000000
4195,+Z,+Z,551817,-0.057000000,0.0,-0.057000000
4196,+Z,+Z,551896,-0.058000000,0.0,-0.058000000
4197,+Z,+Z,551976,-0.052000000,0.0,-0.052000000
4198,+Z,+Z,552057,-0.048000000,0.0,-0.048000000
4199,+Z,+Z,552136,-0.057000000,0.0,-0.057000000
4200,+Z,+Z,552217,-0.055000000,0.0,-0.055000000
4201,+Z,+Z,552296,-0.060000000,0.0,-0.060000000
4202,+Z,+Z,552376,-0.052000000,0.0,-0.052000000
4203,+Z,+Z,552457,-0.052000000,0.0,-0.052000000
4204,+Z,+Z,552536,-0.060000000,0.0,-0.060000000
4205,+Z,+Z,552616,-0.060000000,0.0,-0.060000000
4206,+Z,+Z,552697,-0.052000000,0.0,-0.052000000
4207,+Z,+Z,552776,-0.050000000,0.0,-0.050000000
4208,+Z,+Z,552856,-0.052000000,0.0,-0.052000000
4209,+Z,+Z,552937,-0.055000000,0.0,-0.055000000
4210,+Z,+Z,553016,-0.052000000,0.0,-0.052000000
4211,+Z,+Z,553097,-0.057000000,0.0,-0.057000000
4212,+Z,+Z,553176,-0.055000000,0.0,-0.055000000
4213,+Z,+Z,553256,-0.052000000,0.0,-0.052000000
4214,+Z,+Z,553337,-0.053000000,0.0,-0.053000000
4215,+Z,+Z,553416,-0.057000000,0.0,-0.057000000
4216,+Z,+Z,553496,-0.053000000,0.0,-0.053000000
4217,+Z,+Z,553577,-0.055000000,0.0,-0.055000000
4218,+Z,+Z,553656,-0.055000000,0.0,-0.055000000
4219,+Z,+Z,553737,-0.063000000,0.0,-0.063000000
4220,+Z,+Z,553817,-0.055000000,0.0,-0.055000000
4221,+Z,+Z,553896,-0.055000000,0.0,-0.055000000
4222,+Z,+Z,553977,-0.057000000,0.0,-0.057000000
4223,+Z,+Z,554056,-0.056000000,0.0,-0.056000000
4224,+Z,+Z,554136,-0.058000000,0.0,-0.058000000
4225,+Z,+Z,554217,-0.055000000,0.0,-0.055000000
4226,+Z,+Z,554296,-0.052000000,0.0,-0.052000000
4227,+Z,+Z,554376,-0.055000000,0.0,-0.055000000
4228,+Z,+Z,554457,-0.057000000,0.0,-0.057000000
4229,+Z,+Z,554536,-0.061000000,0.0,-0.061000000
4230,+Z,+Z,554617,-0.057000000,0.0,-0.057000000
4231,+Z,+Z,554696,-0.057000000,0.0,-0.057000000
4232,+Z,+Z,554776,-0.057000000,0.0,-0.057000000
4233,+Z,+Z,554857,-0.048000000,0.0,-0.048000000
4234,+Z,+Z,554936,-0.063000000,0.0,-0.063000000
4235,+Z,+Z,555016,-0.055000000,0.0,-0.055000000
4236,+Z,+Z,555097,-0.057000000,0.0,-0.057000000
4237,+Z,+Z,555176,-0.055000000,0.0,-0.055000000
4238,+Z,+Z,555257,-0.061000000,0.0,-0.061000000
4239,+Z,+Z,555337,-0.057000000,0.0,-0.057000000
4240,+Z,+Z,555416,-0.052000000,0.0,-0.052000000
4241,+Z,+Z,555497,-0.049000000,0.0,-0.049000000
4242,+Z,+Z,555576,-0.060000000,0.0,-0.060000000
4243,+Z,+Z,555656,-0.052000000,0.0,-0.052000000
4244,+Z,+Z,555737,-0.052000000,0.0,-0.052000000
4245,+Z,+Z,555816,-0.057000000,0.0,-0.057000000
4246,+Z,+Z,555896,-0.053000000,0.0,-0.053000000
4247,+Z,+Z,555977,-0.056000000,0.0,-0.056000000
4248,+Z,+Z,556056,-0.057000000,0.0,-0.057000000
4249,+Z,+Z,556137,-0.057000000,0.0,-0.057000000
4250,+Z,+Z,556216,-0.057000000,0.0,-0.057000000
4251,+Z,+Z,556296,-0.063000000,0.0,-0.063000000
4252,+Z,+Z,556377,-0.053000000,0.0,-0.053000000
4253,+Z,+Z,556456,-0.057000000,0.0,-0.057000000
4254,+Z,+Z,556536,-0.057000000,0.0,-0.057000000
4255,+Z,+Z,556617,-0.055000000,0.0,-0.055000000
4256,+Z,+Z,556696,-0.056000000,0.0,-0.056000000
4257,+Z,+Z,556776,-0.056000000,0.0,-0.056000000
4258,+Z,+Z,556857,-0.060000000,0.0,-0.060000000
4259,+Z,+Z,556936,-0.053000000,0.0,-0.053000000
4260,+Z,+Z,557017,-0.057000000,0.0,-0.057000000
4261,+Z,+Z,557096,-0.061000000,0.0,-0.061000000
4262,+Z,+Z,557176,-0.057000000,0.0,-0.057000000
4263,+Z,+Z,557257,-0.061000000,0.0,-0.061000000
4264,+Z,+Z,557336,-0.058000000,0.0,-0.058000000
4265,+Z,+Z,557416,-0.056000000,0.0,-0.056000000
4266,+Z,+Z,557497,-0.057000000,0.0,-0.057000000
4267,+Z,+Z,557576,-0.061000000,0.0,-0.061000000
4268,+Z,+Z,557656,-0.056000000,0.0,-0.056000000
4269,+Z,+Z,557737,-0.053000000,0.0,-0.053000000
4270,+Z,+Z,557816,-0.053000000,0.0,-0.053000000
4271,+Z,+Z,557897,-0.057000000,0.0,-0.057000000
4272,+Z,+Z,557976,-0.052000000,0.0,-0.052000000
4273,+Z,+Z,558056,-0.049000000,0.0,-0.049000000
4274,+Z,+Z,558137,-0.052000000,0.0,-0.052000000
4275,+Z,+Z,558216,-0.057000000,0.0,-0.057000000
4276,+Z,+Z,558296,-0.058000000,0.0,-0.058000000
4277,+Z,+Z,558377,-0.055000000,0.0,-0.055000000
4278,+Z,+Z,558456,-0.056000000,0.0,-0.056000000
4279,+Z,+Z,558537,-0.058000000,0.0,-0.058000000
4280,+Z,+Z,558617,-0.055000000,0.0,-0.055000000
4281,+Z,+Z,558696,-0.057000000,0.0,-0.057000000
4282,+Z,+Z,558777,-0.057000000,0.0,-0.057000000
4283,+Z,+Z,558856,-0.058000000,0.0,-0.058000000
4284,+Z,+Z,558936,-0.052000000,0.0,-0.052000000
4285,+Z,+Z,559017,-0.056000000,0.0,-0.056000000
4286,+Z,+Z,559096,-0.056000000,0.0,-0.056000000
4287,+Z,+Z,559176,-0.057000000,0.0,-0.057000000
4288,+Z,+Z,559257,-0.056000000,0.0,-0.056000000
4289,+Z,+Z,559336,-0.056000000,0.0,-0.056000000
4290,+Z,+Z,559416,-0.057000000,0.0,-0.057000000
4291,+Z,+Z,559497,-0.056000000,0.0,-0.056000000
4292,+Z,+Z,559576,-0.050000000,0.0,-0.050000000
4293,+Z,+Z,559657,-0.057000000,0.0,-0.057000000
4294,+Z,+Z,559736,-0.057000000,0.0,-0.057000000
4295,+Z,+Z,559816,-0.057000000,0.0,-0.057000000
4296,+Z,+Z,559897,-0.057000000,0.0,-0.057000000
4297,+Z,+Z,559976,-0.056000000,0.0,-0.056000000
4298,+Z,+Z,560056,-0.058000000,0.0,-0.058000000
4299,+Z,+Z,560137,-0.055000000,0.0,-0.055000000
4300,+Z,+Z,560216,-0.057000000,0.0,-0.057000000
4301,+Z,+Z,560296,-0.056000000,0.0,-0.056000000
4302,+Z,+Z,560377,-0.056000000,0.0,-0.056000000
4303,+Z,+Z,560456,-0.056000000,0.0,-0.056000000
4304,+Z,+Z,560537,-0.052000000,0.0,-0.052000000
4305,+Z,+Z,560617,-0.058000000,0.0,-0.058000000
4306,+Z,+Z,560696,-0.058000000,0.0,-0.058000000
4307,+Z,+Z,560777,-0.057000000,0.0,-0.057000000
4308,+Z,+Z,560856,-0.057000000,0.0,-0.057000000
4309,+Z,+Z,560936,-0.055000000,0.0,-0.055000000
4310,+Z,+Z,561017,-0.061000000,0.0,-0.061000000
4311,+Z,+Z,561096,-0.057000000,0.0,-0.057000000
4312,+Z,+Z,561176,-0.056000000,0.0,-0.056000000
4313,+Z,+Z,561257,-0.056000000,0.0,-0.056000000
4314,+Z,+Z,561336,-0.055000000,0.0,-0.055000000
4315,+Z,+Z,561417,-0.055000000,0.0,-0.055000000
4316,+Z,+Z,561496,-0.058000000,0.0,-0.058000000
4317,+Z,+Z,561576,-0.056000000,0.0,-0.056000000
4318,+Z,+Z,561657,-0.057000000,0.0,-0.057000000
4319,+Z,+Z,561736,-0.049000000,0.0,-0.049000000
4320,+Z,+Z,561816,-0.059000000,0.0,-0.059000000
4321,+Z,+Z,561897,-0.059000000,0.0,-0.059000000
4322,+Z,+Z,561976,-0.057000000,0.0,-0.057000000
4323,+Z,+Z,562057,-0.052000000,0.0,-0.052000000
4324,+Z,+Z,562136,-0.048000000,0.0,-0.048000000
4325,+Z,+Z,562216,-0.063000000,0.0,-0.063000000
4326,+Z,+Z,562297,-0.056000000,0.0,-0.056000000
4327,+Z,+Z,562376,-0.055000000,0.0,-0.055000000
4328,+Z,+Z,562456,-0.052000000,0.0,-0.052000000
4329,+Z,+Z,562537,-0.058000000,0.0,-0.058000000
4330,+Z,+Z,562616,-0.057000000,0.0,-0.057000000
4331,+Z,+Z,562696,-0.052000000,0.0,-0.052000000
4332,+Z,+Z,562777,-0.057000000,0.0,-0.057000000
4333,+Z,+Z,562856,-0.065000000,0.0,-0.065000000
4334,+Z,+Z,562937,-0.065000000,0.0,-0.065000000
4335,+Z,+Z,563016,-0.057000000,0.0,-0.057000000
4336,+Z,+Z,563096,-0.057000000,0.0,-0.057000000
4337,+Z,+Z,563177,-0.053000000,0.0,-0.053000000
4338,+Z,+Z,563256,-0.052000000,0.0,-0.052000000
4339,+Z,+Z,563336,-0.052000000,0.0,-0.052000000
4340,+Z,+Z,563417,-0.057000000,0.0,-0.057000000
4341,+Z,+Z,563496,-0.050000000,0.0,-0.050000000
4342,+Z,+Z,563576,-0.057000000,0.0,-0.057000000
4343,+Z,+Z,563657,-0.057000000,0.0,-0.057000000
4344,+Z,+Z,563736,-0.056000000,0.0,-0.056000000
4345,+Z,+Z,563817,-0.049000000,0.0,-0.049000000
4346,+Z,+Z,563897,-0.052000000,0.0,-0.052000000
4347,+Z,+Z,563976,-0.052000000,0.0,-0.052000000
4348,+Z,+Z,564057,-0.053000000,0.0,-0.053000000
4349,+Z,+Z,564136,-0.058000000,0.0,-0.058000000
4350,+Z,+Z,564216,-0.057000000,0.0,-0.057000000
4351,+Z,+Z,564297,-0.057000000,0.0,-0.057000000
4352,+Z,+Z,564376,-0.057000000,0.0,-0.057000000
4353,+Z,+Z,564456,-0.060000000,0.0,-0.060000000
4354,+Z,+Z,564537,-0.049000000,0.0,-0.049000000
4355,+Z,+Z,564616,-0.058000000,0.0,-0.058000000
4356,+Z,+Z,564696,-0.052000000,0.0,-0.052000000
4357,+Z,+Z,564777,-0.060000000,0.0,-0.060000000
4358,+Z,+Z,564856,-0.055000000,0.0,-0.055000000
4359,+Z,+Z,564937,-0.052000000,0.0,-0.052000000
4360,+Z,+Z,565016,-0.052000000,0.0,-0.052000000
4361,+Z,+Z,565096,-0.056000000,0.0,-0.056000000
4362,+Z,+Z,565177,-0.046000000,0.0,-0.046000000
4363,+Z,+Z,565256,-0.056000000,0.0,-0.056000000
4364,+Z,+Z,565336,-0.055000000,0.0,-0.055000000
4365,+Z,+Z,565417,-0.053000000,0.0,-0.053000000
4366,+Z,+Z,565496,-0.057000000,0.0,-0.057000000
4367,+Z,+Z,565576,-0.061000000,0.0,-0.061000000
4368,+Z,+Z,565657,-0.057000000,0.0,-0.057000000
4369,+Z,+Z,565736,-0.055000000,0.0,-0.055000000
4370,+Z,+Z,565817,-0.056000000,0.0,-0.056000000
4371,+Z,+Z,565896,-0.053000000,0.0,-0.053000000
4372,+Z,+Z,565976,-0.053000000,0.0,-0.053000000
4373,+Z,+Z,566057,-0.064000000,0.0,-0.064000000
4374,+Z,+Z,566136,-0.056000000,0.0,-0.056000000
4375,+Z,+Z,566216,-0.053000000,0.0,-0.053000000
4376,+Z,+Z,566297,-0.057000000,0.0,-0.057000000
4377,+Z,+Z,566376,-0.053000000,0.0,-0.053000000
4378,+Z,+Z,566456,-0.052000000,0.0,-0.052000000
4379,+Z,+Z,566537,-0.057000000,0.0,-0.057000000
4380,+Z,+Z,566616,-0.060000000,0.0,-0.060000000
4381,+Z,+Z,566697,-0.052000000,0.0,-0.052000000
4382,+Z,+Z,566777,-0.056000000,0.0,-0.056000000
4383,+Z,+Z,566856,-0.050000000,0.0,-0.050000000
4384,+Z,+Z,566937,-0.061000000,0.0,-0.061000000
4385,+Z,+Z,567016,-0.061000000,0.0,-0.061000000
4386,+Z,+Z,567096,-0.057000000,0.0,-0.057000000
4387,+Z,+Z,567177,-0.050000000,0.0,-0.050000000
4388,+Z,+Z,567256,-0.057000000,0.0,-0.057000000
4389,+Z,+Z,567336,-0.052000000,0.0,-0.052000000
4390,+Z,+Z,567417,-0.061000000,0.0,-0.061000000
4391,+Z,+Z,567496,-0.052000000,0.0,-0.052000000
4392,+Z,+Z,567576,-0.057000000,0.0,-0.057000000
4393,+Z,+Z,567657,-0.056000000,0.0,-0.056000000
4394,+Z,+Z,567736,-0.058000000,0.0,-0.058000000
4395,+Z,+Z,567817,-0.055000000,0.0,-0.055000000
4396,+Z,+Z,567896,-0.057000000,0.0,-0.057000000
4397,+Z,+Z,567976,-0.056000000,0.0,-0.056000000
4398,+Z,+Z,568057,-0.056000000,0.0,-0.056000000
4399,+Z,+Z,568136,-0.056000000,0.0,-0.056000000
4400,+Z,+Z,568216,-0.056000000,0.0,-0.056000000
4401,+Z,+Z,568297,-0.057000000,0.0,-0.057000000
4402,+Z,+Z,568376,-0.057000000,0.0,-0.057000000
4403,+Z,+Z,568456,-0.053000000,0.0,-0.053000000
4404,+Z,+Z,568537,-0.053000000,0.0,-0.053000000
4405,+Z,+Z,568616,-0.056000000,0.0,-0.056000000
4406,+Z,+Z,568697,-0.055000000,0.0,-0.055000000
4407,+Z,+Z,568776,-0.055000000,0.0,-0.055000000
4408,+Z,+Z,568856,-0.052000000,0.0,-0.052000000
4409,+Z,+Z,568937,-0.057000000,0.0,-0.057000000
4410,+Z,+Z,569016,-0.049000000,0.0,-0.049000000
4411,+Z,+Z,569096,-0.049000000,0.0,-0.049000000
4412,+Z,+Z,569177,-0.052000000,0.0,-0.052000000
4413,+Z,+Z,569256,-0.055000000,0.0,-0.055000000
4414,+Z,+Z,569337,-0.055000000,0.0,-0.055000000
4415,+Z,+Z,569416,-0.057000000,0.0,-0.057000000
4416,+Z,+Z,569496,-0.057000000,0.0,-0.057000000
4417,+Z,+Z,569577,-0.055000000,0.0,-0.055000000
4418,+Z,+Z,569656,-0.056000000,0.0,-0.056000000
4419,+Z,+Z,569736,-0.048000000,0.0,-0.048000000
4420,+Z,+Z,569817,-0.057000000,0.0,-0.057000000
4421,+Z,+Z,569896,-0.053000000,0.0,-0.053000000
4422,+Z,+Z,569977,-0.057000000,0.0,-0.057000000
4423,+Z,+Z,570057,-0.058000000,0.0,-0.058000000
4424,+Z,+Z,570136,-0.058000000,0.0,-0.058000000
4425,+Z,+Z,570217,-0.064000000,0.0,-0.064000000
4426,+Z,+Z,570296,-0.060000000,0.0,-0.060000000
4427,+Z,+Z,570376,-0.056000000,0.0,-0.056000000
4428,+Z,+Z,570457,-0.052000000,0.0,-0.052000000
4429,+Z,+Z,570536,-0.057000000,0.0,-0.057000000
4430,+Z,+Z,570616,-0.057000000,0.0,-0.057000000
4431,+Z,+Z,570697,-0.052000000,0.0,-0.052000000
4432,+Z,+Z,570776,-0.058000000,0.0,-0.058000000
4433,+Z,+Z,570857,-0.057000000,0.0,-0.057000000
4434,+Z,+Z,570936,-0.063000000,0.0,-0.063000000
4435,+Z,+Z,571016,-0.056000000,0.0,-0.056000000
4436,+Z,+Z,571097,-0.055000000,0.0,-0.055000000
4437,+Z,+Z,571176,-0.055000000,0.0,-0.055000000
4438,+Z,+Z,571256,-0.061000000,0.0,-0.061000000
4439,+Z,+Z,571337,-0.057000000,0.0,-0.057000000
4440,+Z,+Z,571416,-0.058000000,0.0,-0.058000000
4441,+Z,+Z,571497,-0.055000000,0.0,-0.055000000
4442,+Z,+Z,571576,-0.057000000,0.0,-0.057000000
4443,+Z,+Z,571656,-0.057000000,0.0,-0.057000000
4444,+Z,+Z,571737,-0.056000000,0.0,-0.056000000
4445,+Z,+Z,571816,-0.053000000,0.0,-0.053000000
4446,+Z,+Z,571896,-0.055000000,0.0,-0.055000000
4447,+Z,+Z,571977,-0.055000000,0.0,-0.055000000
4448,+Z,+Z,572056,-0.056000000,0.0,-0.056000000
4449,+Z,+Z,572137,-0.056000000,0.0,-0.056000000
4450,+Z,+Z,572217,-0.056000000,0.0,-0.056000000
4451,+Z,+Z,572296,-0.055000000,0.0,-0.055000000
4452,+Z,+Z,572377,-0.042000000,0.0,-0.042000000
4453,+Z,+Z,572456,-0.060000000,0.0,-0.060000000
4454,+Z,+Z,572536,-0.055000000,0.0,-0.055000000
4455,+Z,+Z,572617,-0.055000000,0.0,-0.055000000
4456,+Z,+Z,572696,-0.053000000,0.0,-0.053000000
4457,+Z,+Z,572776,-0.065000000,0.0,-0.065000000
4458,+Z,+Z,572857,-0.053000000,0.0,-0.053000000
4459,+Z,+Z,572936,-0.052000000,0.0,-0.052000000
4460,+Z,+Z,573017,-0.053000000,0.0,-0.053000000
4461,+Z,+Z,573096,-0.061000000,0.0,-0.061000000
4462,+Z,+Z,573176,-0.061000000,0.0,-0.061000000
4463,+Z,+Z,573257,-0.057000000,0.0,-0.057000000
4464,+Z,+Z,573336,-0.057000000,0.0,-0.057000000
4465,+Z,+Z,573416,-0.052000000,0.0,-0.052000000
4466,+Z,+Z,573497,-0.056000000,0.0,-0.056000000
4467,+Z,+Z,573576,-0.056000000,0.0,-0.056000000
4468,+Z,+Z,573657,-0.052000000,0.0,-0.052000000
4469,+Z,+Z,573736,-0.052000000,0.0,-0.052000000
4470,+Z,+Z,573816,-0.057000000,0.0,-0.057000000
4471,+Z,+Z,573897,-0.056000000,0.0,-0.056000000
4472,+Z,+Z,573976,-0.057000000,0.0,-0.057000000
4473,+Z,+Z,574056,-0.056000000,0.0,-0.056000000
4474,+Z,+Z,574137,-0.055000000,0.0,-0.055000000
4475,+Z,+Z,574216,-0.055000000,0.0,-0.055000000
4476,+Z,+Z,574296,-0.049000000,0.0,-0.049000000
4477,+Z,+Z,574377,-0.061000000,0.0,-0.061000000
4478,+Z,+Z,574456,-0.061000000,0.0,-0.061000000
4479,+Z,+Z,574537,-0.056000000,0.0,-0.056000000
4480,+Z,+Z,574616,-0.061000000,0.0,-0.061000000
4481,+Z,+Z,574696,-0.055000000,0.0,-0.055000000
4482,+Z,+Z,574777,-0.052000000,0.0,-0.052000000
4483,+Z,+Z,574856,-0.052000000,0.0,-0.052000000
4484,+Z,+Z,574936,-0.060000000,0.0,-0.060000000
4485,+Z,+Z,575017,-0.057000000,0.0,-0.057000000
4486,+Z,+Z,575096,-0.057000000,0.0,-0.057000000
4487,+Z,+Z,575176,-0.055000000,0.0,-0.055000000
4488,+Z,+Z,575257,-0.055000000,0.0,-0.055000000
4489,+Z,+Z,575336,-0.064000000,0.0,-0.064000000
4490,+Z,+Z,575417,-0.056000000,0.0,-0.056000000
4491,+Z,+Z,575497,-0.057000000,0.0,-0.057000000
4492,+Z,+Z,575576,-0.057000000,0.0,-0.057000000
4493,+Z,+Z,575657,-0.057000000,0.0,-0.057000000
4494,+Z,+Z,575736,-0.055000000,0.0,-0.055000000
4495,+Z,+Z,575816,-0.057000000,0.0,-0.057000000
4496,+Z,+Z,575897,-0.065000000,0.0,-0.065000000
4497,+Z,+Z,575976,-0.055000000,0.0,-0.055000000
4498,+Z,+Z,576056,-0.058000000,0.0,-0.058000000
4499,+Z,+Z,576137,-0.053000000,0.0,-0.053000000
4500,+Z,+Z,576216,-0.057000000,0.0,-0.057000000
4501,+Z,+Z,576296,-0.057000000,0.0,-0.057000000
4502,+Z,+Z,576377,-0.064000000,0.0,-0.064000000
4503,+Z,+Z,576456,-0.057000000,0.0,-0.057000000
4504,+Z,+Z,576537,-0.057000000,0.0,-0.057000000
4505,+Z,+Z,576616,-0.052000000,0.0,-0.052000000
4506,+Z,+Z,576696,-0.052000000,0.0,-0.052000000
4507,+Z,+Z,576777,-0.056000000,0.0,-0.056000000
4508,+Z,+Z,576856,-0.057000000,0.0,-0.057000000
4509,+Z,+Z,576937,-0.057000000,0.0,-0.057000000
4510,+Z,+Z,577017,-0.057000000,0.0,-0.057000000
4511,+Z,+Z,577096,-0.057000000,0.0,-0.057000000
4512,+Z,+Z,577177,-0.052000000,0.0,-0.052000000
4513,+Z,+Z,577256,-0.055000000,0.0,-0.055000000
4514,+Z,+Z,577336,-0.055000000,0.0,-0.055000000
4515,+Z,+Z,577417,-0.052000000,0.0,-0.052000000
4516,+Z,+Z,577496,-0.056000000,0.0,-0.056000000
4517,+Z,+Z,577576,-0.050000000,0.0,-0.050000000
4518,+Z,+Z,577657,-0.063000000,0.0,-0.063000000
4519,+Z,+Z,577736,-0.056000000,0.0,-0.056000000
4520,+Z,+Z,577817,-0.056000000,0.0,-0.056000000
4521,+Z,+Z,577897,-0.049000000,0.0,-0.049000000
4522,+Z,+Z,577976,-0.061000000,0.0,-0.061000000
4523,+Z,+Z,578057,-0.057000000,0.0,-0.057000000
4524,+Z,+Z,578136,-0.056000000,0.0,-0.056000000
4525,+Z,+Z,578216,-0.057000000,0.0,-0.057000000
4526,+Z,+Z,578297,-0.052000000,0.0,-0.052000000
4527,+Z,+Z,578376,-0.052000000,0.0,-0.052000000
4528,+Z,+Z,578456,-0.052000000,0.0,-0.052000000
4529,+Z,+Z,578537,-0.050000000,0.0,-0.050000000
4530,+Z,+Z,578616,-0.049000000,0.0,-0.049000000
4531,+Z,+Z,578696,-0.056000000,0.0,-0.056000000
4532,+Z,+Z,578777,-0.050000000,0.0,-0.050000000
4533,+Z,+Z,578856,-0.055000000,0.0,-0.055000000
4534,+Z,+Z,578937,-0.052000000,0.0,-0.052000000
4535,+Z,+Z,579016,-0.057000000,0.0,-0.057000000
4536,+Z,+Z,579096,-0.057000000,0.0,-0.057000000
4537,+Z,+Z,579177,-0.057000000,0.0,-0.057000000
4538,+Z,+Z,579256,-0.057000000,0.0,-0.057000000
4539,+Z,+Z,579336,-0.057000000,0.0,-0.057000000
4540,+Z,+Z,579417,-0.056000000,0.0,-0.056000000
4541,+Z,+Z,579496,-0.052000000,0.0,-0.052000000
4542,+Z,+Z,579577,-0.055000000,0.0,-0.055000000
4543,+Z,+Z,579656,-0.053000000,0.0,-0.053000000
4544,+Z,+Z,579736,-0.056000000,0.0,-0.056000000
4545,+Z,+Z,579817,-0.057000000,0.0,-0.057000000
4546,+Z,+Z,579896,-0.061000000,0.0,-0.061000000
4547,+Z,+Z,579976,-0.056000000,0.0,-0.056000000
4548,+Z,+Z,580057,-0.057000000,0.0,-0.057000000
4549,+Z,+Z,580136,-0.052000000,0.0,-0.052000000
4550,+Z,+Z,580216,-0.056000000,0.0,-0.056000000
4551,+Z,+Z,580297,-0.052000000,0.0,-0.052000000
4552,+Z,+Z,580376,-0.052000000,0.0,-0.052000000
4553,+Z,+Z,580457,-0.057000000,0.0,-0.057000000
4554,+Z,+Z,580536,-0.057000000,0.0,-0.057000000
4555,+Z,+Z,580616,-0.053000000,0.0,-0.053000000
4556,+Z,+Z,580697,-0.057000000,0.0,-0.057000000
4557,+Z,+Z,580776,-0.057000000,0.0,-0.057000000
4558,+Z,+Z,580856,-0.057000000,0.0,-0.057000000
4559,+Z,+Z,580937,-0.055000000,0.0,-0.055000000
4560,+Z,+Z,581016,-0.055000000,0.0,-0.055000000
4561,+Z,+Z,581097,-0.055000000,0.0,-0.055000000
4562,+Z,+Z,581176,-0.057000000,0.0,-0.057000000
4563,+Z,+Z,581256,-0.053000000,0.0,-0.053000000
4564,+Z,+Z,581337,-0.052000000,0.0,-0.052000000
4565,+Z,+Z,581416,-0.052000000,0.0,-0.052000000
4566,+Z,+Z,581496,-0.045000000,0.0,-0.045000000
4567,+Z,+Z,581577,-0.056000000,0.0,-0.056000000
4568,+Z,+Z,581656,-0.056000000,0.0,-0.056000000
4569,+Z,+Z,581736,-0.057000000,0.0,-0.057000000
4570,+Z,+Z,581817,-0.057000000,0.0,-0.057000000
4571,+Z,+Z,581896,-0.056000000,0.0,-0.056000000
4572,+Z,+Z,581977,-0.056000000,0.0,-0.056000000
4573,+Z,+Z,582056,-0.056000000,0.0,-0.056000000
4574,+Z,+Z,582136,-0.052000000,0.0,-0.052000000
4575,+Z,+Z,582217,-0.061000000,0.0,-0.061000000
4576,+Z,+Z,582296,-0.052000000,0.0,-0.052000000
4577,+Z,+Z,582376,-0.052000000,0.0,-0.052000000
4578,+Z,+Z,582457,-0.052000000,0.0,-0.052000000
4579,+Z,+Z,582536,-0.056000000,0.0,-0.056000000
4580,+Z,+Z,582617,-0.057000000,0.0,-0.057000000
4581,+Z,+Z,582696,-0.056000000,0.0,-0.056000000
4582,+Z,+Z,582776,-0.053000000,0.0,-0.053000000
4583,+Z,+Z,582857,-0.053000000,0.0,-0.053000000
4584,+Z,+Z,582936,-0.056000000,0.0,-0.056000000
4585,+Z,+Z,583016,-0.052000000,0.0,-0.052000000
4586,+Z,+Z,583097,-0.056000000,0.0,-0.056000000
4587,+Z,+Z,583176,-0.057000000,0.0,-0.057000000
4588,+Z,+Z,583257,-0.053000000,0.0,-0.053000000
4589,+Z,+Z,583337,-0.050000000,0.0,-0.050000000
4590,+Z,+Z,583416,-0.053000000,0.0,-0.053000000
4591,+Z,+Z,583497,-0.053000000,0.0,-0.053000000
4592,+Z,+Z,583576,-0.055000000,0.0,-0.055000000
4593,+Z,+Z,583656,-0.058000000,0.0,-0.058000000
4594,+Z,+Z,583737,-0.056000000,0.0,-0.056000000
4595,+Z,+Z,583816,-0.053000000,0.0,-0.053000000
4596,+Z,+Z,583896,-0.060000000,0.0,-0.060000000
4597,+Z,+Z,583977,-0.055000000,0.0,-0.055000000
4598,+Z,+Z,584056,-0.057000000,0.0,-0.057000000
4599,+Z,+Z,584137,-0.057000000,0.0,-0.057000000
4600,+Z,+Z,584216,-0.050000000,0.0,-0.050000000
4601,+Z,+Z,584296,-0.056000000,0.0,-0.056000000
4602,+Z,+Z,584377,-0.056000000,0.0,-0.056000000
4603,+Z,+Z,584456,-0.052000000,0.0,-0.052000000
4604,+Z,+Z,584536,-0.052000000,0.0,-0.052000000
4605,+Z,+Z,584617,-0.055000000,0.0,-0.055000000
4606,+Z,+Z,584696,-0.052000000,0.0,-0.052000000
4607,+Z,+Z,584776,-0.050000000,0.0,-0.050000000
4608,+Z,+Z,584857,-0.056000000,0.0,-0.056000000
4609,+Z,+Z,584936,-0.061000000,0.0,-0.061000000
4610,+Z,+Z,585017,-0.055000000,0.0,-0.055000000
4611,+Z,+Z,585097,-0.060000000,0.0,-0.060000000
4612,+Z,+Z,585176,-0.057000000,0.0,-0.057000000
4613,+Z,+Z,585257,-0.052000000,0.0,-0.052000000
4614,+Z,+Z,585336,-0.061000000,0.0,-0.061000000
4615,+Z,+Z,585416,-0.057000000,0.0,-0.057000000
4616,+Z,+Z,585497,-0.057000000,0.0,-0.057000000
4617,+Z,+Z,585576,-0.058000000,0.0,-0.058000000
4618,+Z,+Z,585656,-0.057000000,0.0,-0.057000000
4619,+Z,+Z,585737,-0.055000000,0.0,-0.055000000
4620,+Z,+Z,585816,-0.060000000,0.0,-0.060000000
4621,+Z,+Z,585897,-0.057000000,0.0,-0.057000000
4622,+Z,+Z,585976,-0.052000000,0.0,-0.052000000
4623,+Z,+Z,586056,-0.056000000,0.0,-0.056000000
4624,+Z,+Z,586137,-0.058000000,0.0,-0.058000000
4625,+Z,+Z,586216,-0.057000000,0.0,-0.057000000
4626,+Z,+Z,586296,-0.056000000,0.0,-0.056000000
4627,+Z,+Z,586377,-0.052000000,0.0,-0.052000000
4628,+Z,+Z,586456,-0.055000000,0.0,-0.055000000
4629,+Z,+Z,586537,-0.055000000,0.0,-0.055000000
4630,+Z,+Z,586617,-0.056000000,0.0,-0.056000000
4631,+Z,+Z,586696,-0.056000000,0.0,-0.056000000
4632,+Z,+Z,586777,-0.052000000,0.0,-0.052000000
4633,+Z,+Z,586856,-0.056000000,0.0,-0.056000000
4634,+Z,+Z,586936,-0.053000000,0.0,-0.053000000
4635,+Z,+Z,587017,-0.056000000,0.0,-0.056000000
4636,+Z,+Z,587096,-0.057000000,0.0,-0.057000000
4637,+Z,+Z,587176,-0.058000000,0.0,-0.058000000
4638,+Z,+Z,587257,-0.056000000,0.0,-0.056000000
4639,+Z,+Z,587336,-0.052000000,0.0,-0.052000000
4640,+Z,+Z,587417,-0.052000000,0.0,-0.052000000
4641,+Z,+Z,587496,-0.057000000,0.0,-0.057000000
4642,+Z,+Z,587576,-0.057000000,0.0,-0.057000000
4643,+Z,+Z,587657,-0.061000000,0.0,-0.061000000
4644,+Z,+Z,587736,-0.056000000,0.0,-0.056000000
4645,+Z,+Z,587816,-0.055000000,0.0,-0.055000000
4646,+Z,+Z,587897,-0.056000000,0.0,-0.056000000
4647,+Z,+Z,587976,-0.057000000,0.0,-0.057000000
4648,+Z,+Z,588057,-0.057000000,0.0,-0.057000000
4649,+Z,+Z,588136,-0.056000000,0.0,-0.056000000
4650,+Z,+Z,588216,-0.058000000,0.0,-0.058000000
4651,+Z,+Z,588297,-0.061000000,0.0,-0.061000000
4652,+Z,+Z,588376,-0.061000000,0.0,-0.061000000
4653,+Z,+Z,588456,-0.052000000,0.0,-0.052000000
4654,+Z,+Z,588537,-0.055000000,0.0,-0.055000000
4655,+Z,+Z,588616,-0.055000000,0.0,-0.055000000
4656,+Z,+Z,588696,-0.064000000,0.0,-0.064000000
4657,+Z,+Z,588777,-0.057000000,0.0,-0.057000000
4658,+Z,+Z,588856,-0.057000000,0.0,-0.057000000
4659,+Z,+Z,588937,-0.053000000,0.0,-0.053000000
4660,+Z,+Z,589016,-0.057000000,0.0,-0.057000000
4661,+Z,+Z,589096,-0.057000000,0.0,-0.057000000
4662,+Z,+Z,589177,-0.057000000,0.0,-0.057000000
4663,+Z,+Z,589256,-0.058000000,0.0,-0.058000000
4664,+Z,+Z,589336,-0.063000000,0.0,-0.063000000
4665,+Z,+Z,589417,-0.057000000,0.0,-0.057000000
4666,+Z,+Z,589496,-0.052000000,0.0,-0.052000000
4667,+Z,+Z,589577,-0.056000000,0.0,-0.056000000
4668,+Z,+Z,589656,-0.056000000,0.0,-0.056000000
4669,+Z,+Z,589736,-0.052000000,0.0,-0.052000000
4670,+Z,+Z,589817,-0.057000000,0.0,-0.057000000
4671,+Z,+Z,589896,-0.057000000,0.0,-0.057000000
4672,+Z,+Z,589976,-0.052000000,0.0,-0.052000000
4673,+Z,+Z,590057,-0.052000000,0.0,-0.052000000
4674,+Z,+Z,590136,-0.061000000,0.0,-0.061000000
4675,+Z,+Z,590216,-0.056000000,0.0,-0.056000000
4676,+Z,+Z,590297,-0.058000000,0.0,-0.058000000
4677,+Z,+Z,590376,-0.058000000,0.0,-0.058000000
4678,+Z,+Z,590457,-0.052000000,0.0,-0.052000000
4679,+Z,+Z,590536,-0.052000000,0.0,-0.052000000
4680,+Z,+Z,590616,-0.058000000,0.0,-0.058000000
4681,+Z,+Z,590697,-0.058000000,0.0,-0.058000000
4682,+Z,+Z,590776,-0.055000000,0.0,-0.055000000
4683,+Z,+Z,590856,-0.052000000,0.0,-0.052000000
4684,+Z,+Z,590937,-0.057000000,0.0,-0.057000000
4685,+Z,+Z,591016,-0.052000000,0.0,-0.052000000
4686,+Z,+Z,591097,-0.055000000,0.0,-0.055000000
4687,+Z,+Z,591177,-0.050000000,0.0,-0.050000000
4688,+Z,+Z,591256,-0.055000000,0.0,-0.055000000
4689,+Z,+Z,591337,-0.055000000,0.0,-0.055000000
4690,+Z,+Z,591416,-0.052000000,0.0,-0.052000000
4691,+Z,+Z,591496,-0.057000000,0.0,-0.057000000
4692,+Z,+Z,591577,-0.056000000,0.0,-0.056000000
4693,+Z,+Z,591656,-0.055000000,0.0,-0.055000000
4694,+Z,+Z,591736,-0.055000000,0.0,-0.055000000
4695,+Z,+Z,591817,-0.060000000,0.0,-0.060000000
4696,+Z,+Z,591896,-0.052000000,0.0,-0.052000000
4697,+Z,+Z,591977,-0.063000000,0.0,-0.063000000
4698,+Z,+Z,592056,-0.056000000,0.0,-0.056000000
4699,+Z,+Z,592136,-0.052000000,0.0,-0.052000000
4700,+Z,+Z,592217,-0.056000000,0.0,-0.056000000
4701,+Z,+Z,592296,-0.055000000,0.0,-0.055000000
4702,+Z,+Z,592376,-0.055000000,0.0,-0.055000000
4703,+Z,+Z,592457,-0.050000000,0.0,-0.050000000
4704,+Z,+Z,592536,-0.055000000,0.0,-0.055000000
4705,+Z,+Z,592617,-0.057000000,0.0,-0.057000000
4706,+Z,+Z,592696,-0.057000000,0.0,-0.057000000
4707,+Z,+Z,592776,-0.052000000,0.0,-0.052000000
4708,+Z,+Z,592857,-0.052000000,0.0,-0.052000000
4709,+Z,+Z,592936,-0.061000000,0.0,-0.061000000
4710,+Z,+Z,593016,-0.057000000,0.0,-0.057000000
4711,+Z,+Z,593097,-0.052000000,0.0,-0.052000000
4712,+Z,+Z,593176,-0.055000000,0.0,-0.055000000
4713,+Z,+Z,593257,-0.056000000,0.0,-0.056000000
4714,+Z,+Z,593336,-0.049000000,0.0,-0.049000000
4715,+Z,+Z,593416,-0.055000000,0.0,-0.055000000
4716,+Z,+Z,593497,-0.056000000,0.0,-0.056000000
4717,+Z,+Z,593576,-0.052000000,0.0,-0.052000000
4718,+Z,+Z,593656,-0.052000000,0.0,-0.052000000
4719,+Z,+Z,593737,-0.052000000,0.0,-0.052000000
4720,+Z,+Z,593816,-0.057000000,0.0,-0.057000000
4721,+Z,+Z,593896,-0.052000000,0.0,-0.052000000
4722,+Z,+Z,593977,-0.057000000,0.0,-0.057000000
4723,+Z,+Z,594056,-0.052000000,0.0,-0.052000000
4724,+Z,+Z,594137,-0.056000000,0.0,-0.056000000
4725,+Z,+Z,594216,-0.063000000,0.0,-0.063000000
4726,+Z,+Z,594296,-0.052000000,0.0,-0.052000000
4727,+Z,+Z,594377,-0.057000000,0.0,-0.057000000
4728,+Z,+Z,594456,-0.057000000,0.0,-0.057000000
4729,+Z,+Z,594536,-0.057000000,0.0,-0.057000000
4730,+Z,+Z,594617,-0.053000000,0.0,-0.053000000
4731,+Z,+Z,594696,-0.052000000,0.0,-0.052000000
4732,+Z,+Z,594777,-0.052000000,0.0,-0.052000000
4733,+Z,+Z,594856,-0.057000000,0.0,-0.057000000
4734,+Z,+Z,594936,-0.057000000,0.0,-0.057000000
4735,+Z,+Z,595017,-0.052000000,0.0,-0.052000000
4736,+Z,+Z,595096,-0.057000000,0.0,-0.057000000
4737,+Z,+Z,595176,-0.052000000,0.0,-0.052000000
4738,+Z,+Z,595257,-0.057000000,0.0,-0.057000000
4739,+Z,+Z,595336,-0.050000000,0.0,-0.050000000
4740,+Z,+Z,595417,-0.061000000,0.0,-0.061000000
4741,+Z,+Z,595496,-0.055000000,0.0,-0.055000000
4742,+Z,+Z,595576,-0.055000000,0.0,-0.055000000
4743,+Z,+Z,595657,-0.053000000,0.0,-0.053000000
4744,+Z,+Z,595736,-0.052000000,0.0,-0.052000000
4745,+Z,+Z,595816,-0.052000000,0.0,-0.052000000
4746,+Z,+Z,595897,-0.055000000,0.0,-0.055000000
4747,+Z,+Z,595976,-0.052000000,0.0,-0.052000000
4748,+Z,+Z,596057,-0.055000000,0.0,-0.055000000
4749,+Z,+Z,596136,-0.057000000,0.0,-0.057000000
4750,+Z,+Z,596216,-0.057000000,0.0,-0.057000000
4751,+Z,+Z,596297,-0.057000000,0.0,-0.057000000
4752,+Z,+Z,596376,-0.057000000,0.0,-0.057000000
4753,+Z,+Z,596456,-0.057000000,0.0,-0.057000000
4754,+Z,+Z,596537,-0.053000000,0.0,-0.053000000
4755,+Z,+Z,596616,-0.056000000,0.0,-0.056000000
4756,+Z,+Z,596697,-0.057000000,0.0,-0.057000000
4757,+Z,+Z,596777,-0.055000000,0.0,-0.055000000
4758,+Z,+Z,596856,-0.055000000,0.0,-0.055000000
4759,+Z,+Z,596937,-0.049000000,0.0,-0.049000000
4760,+Z,+Z,597016,-0.052000000,0.0,-0.052000000
4761,+Z,+Z,597096,-0.055000000,0.0,-0.055000000
4762,+Z,+Z,597177,-0.061000000,0.0,-0.061000000
4763,+Z,+Z,597256,-0.057000000,0.0,-0.057000000
4764,+Z,+Z,597336,-0.053000000,0.0,-0.053000000
4765,+Z,+Z,597417,-0.045000000,0.0,-0.045000000
4766,+Z,+Z,597496,-0.052000000,0.0,-0.052000000
4767,+Z,+Z,597577,-0.052000000,0.0,-0.052000000
4768,+Z,+Z,597656,-0.055000000,0.0,-0.055000000
4769,+Z,+Z,597736,-0.061000000,0.0,-0.061000000
4770,+Z,+Z,597817,-0.052000000,0.0,-0.052000000
4771,+Z,+Z,597896,-0.052000000,0.0,-0.052000000
4772,+Z,+Z,597976,-0.052000000,0.0,-0.052000000
4773,+Z,+Z,598057,-0.057000000,0.0,-0.057000000
4774,+Z,+Z,598136,-0.055000000,0.0,-0.055000000
4775,+Z,+Z,598216,-0.057000000,0.0,-0.057000000
4776,+Z,+Z,598297,-0.055000000,0.0,-0.055000000
4777,+Z,+Z,598376,-0.057000000,0.0,-0.057000000
4778,+Z,+Z,598457,-0.060000000,0.0,-0.060000000
4779,+Z,+Z,598536,-0.058000000,0.0,-0.058000000
4780,+Z,+Z,598616,-0.053000000,0.0,-0.053000000
4781,+Z,+Z,598697,-0.049000000,0.0,-0.049000000
4782,+Z,+Z,598776,-0.058000000,0.0,-0.058000000
4783,+Z,+Z,598856,-0.055000000,0.0,-0.055000000
4784,+Z,+Z,598937,-0.055000000,0.0,-0.055000000
4785,+Z,+Z,599016,-0.053000000,0.0,-0.053000000
4786,+Z,+Z,599097,-0.058000000,0.0,-0.058000000
4787,+Z,+Z,599177,-0.055000000,0.0,-0.055000000
4788,+Z,+Z,599256,-0.060000000,0.0,-0.060000000
4789,+Z,+Z,599337,-0.057000000,0.0,-0.057000000
4790,+Z,+Z,599416,-0.050000000,0.0,-0.050000000
4791,+Z,+Z,599496,-0.063000000,0.0,-0.063000000
4792,+Z,+Z,599577,-0.052000000,0.0,-0.052000000
4793,+Z,+Z,599656,-0.055000000,0.0,-0.055000000
4794,+Z,+Z,599736,-0.055000000,0.0,-0.055000000
4795,+Z,+Z,599817,-0.057000000,0.0,-0.057000000
4796,+Z,+Z,599896,-0.052000000,0.0,-0.052000000
4797,+Z,+Z,599977,-0.052000000,0.0,-0.052000000
4798,+Z,+Z,600056,-0.047000000,0.0,-0.047000000
4799,+Z,+Z,600136,-0.056000000,0.0,-0.056000000
4800,+Z,+Z,600217,-0.055000000,0.0,-0.055000000
4801,+Z,+Z,600296,-0.055000000,0.0,-0.055000000
4802,+Z,+Z,600376,-0.048000000,0.0,-0.048000000
4803,+Z,+Z,600457,-0.058000000,0.0,-0.058000000
4804,+Z,+Z,600536,-0.060000000,0.0,-0.060000000
4805,+Z,+Z,600616,-0.056000000,0.0,-0.056000000
4806,+Z,+Z,600697,-0.055000000,0.0,-0.055000000
4807,+Z,+Z,600776,-0.052000000,0.0,-0.052000000
4808,+Z,+Z,600856,-0.057000000,0.0,-0.057000000
4809,+Z,+Z,600937,-0.057000000,0.0,-0.057000000
4810,+Z,+Z,601016,-0.057000000,0.0,-0.057000000
4811,+Z,+Z,601097,-0.056000000,0.0,-0.056000000
4812,+Z,+Z,601176,-0.053000000,0.0,-0.053000000
4813,+Z,+Z,601256,-0.057000000,0.0,-0.057000000
4814,+Z,+Z,601337,-0.058000000,0.0,-0.058000000
4815,+Z,+Z,601416,-0.057000000,0.0,-0.057000000
4816,+Z,+Z,601496,-0.057000000,0.0,-0.057000000
4817,+Z,+Z,601577,-0.056000000,0.0,-0.056000000
4818,+Z,+Z,601656,-0.057000000,0.0,-0.057000000
4819,+Z,+Z,601737,-0.055000000,0.0,-0.055000000
4820,+Z,+Z,601816,-0.055000000,0.0,-0.055000000
4821,+Z,+Z,601896,-0.055000000,0.0,-0.055000000
4822,+Z,+Z,601977,-0.050000000,0.0,-0.050000000
4823,+Z,+Z,602056,-0.050000000,0.0,-0.050000000
4824,+Z,+Z,602136,-0.053000000,0.0,-0.053000000
4825,+Z,+Z,602217,-0.053000000,0.0,-0.053000000
4826,+Z,+Z,602296,-0.044000000,0.0,-0.044000000
4827,+Z,+Z,602377,-0.060000000,0.0,-0.060000000
4828,+Z,+Z,602457,-0.057000000,0.0,-0.057000000
4829,+Z,+Z,602536,-0.057000000,0.0,-0.057000000
4830,+Z,+Z,602617,-0.052000000,0.0,-0.052000000
4831,+Z,+Z,602696,-0.057000000,0.0,-0.057000000
4832,+Z,+Z,602776,-0.052000000,0.0,-0.052000000
4833,+Z,+Z,602857,-0.058000000,0.0,-0.058000000
4834,+Z,+Z,602936,-0.056000000,0.0,-0.056000000
4835,+Z,+Z,603016,-0.056000000,0.0,-0.056000000
4836,+Z,+Z,603097,-0.056000000,0.0,-0.056000000
4837,+Z,+Z,603176,-0.057000000,0.0,-0.057000000
4838,+Z,+Z,603257,-0.053000000,0.0,-0.053000000
4839,+Z,+Z,603336,-0.056000000,0.0,-0.056000000
4840,+Z,+Z,603416,-0.056000000,0.0,-0.056000000
4841,+Z,+Z,603497,-0.055000000,0.0,-0.055000000
4842,+Z,+Z,603576,-0.061000000,0.0,-0.061000000
4843,+Z,+Z,603656,-0.055000000,0.0,-0.055000000
4844,+Z,+Z,603737,-0.052000000,0.0,-0.052000000
4845,+Z,+Z,603816,-0.049000000,0.0,-0.049000000
4846,+Z,+Z,603897,-0.056000000,0.0,-0.056000000
4847,+Z,+Z,603976,-0.058000000,0.0,-0.058000000
4848,+Z,+Z,604056,-0.058000000,0.0,-0.058000000
4849,+Z,+Z,604137,-0.052000000,0.0,-0.052000000
4850,+Z,+Z,604216,-0.061000000,0.0,-0.061000000
4851,+Z,+Z,604296,-0.052000000,0.0,-0.052000000
4852,+Z,+Z,604377,-0.057000000,0.0,-0.057000000
4853,+Z,+Z,604456,-0.057000000,0.0,-0.057000000
4854,+Z,+Z,604536,-0.056000000,0.0,-0.056000000
4855,+Z,+Z,604617,-0.055000000,0.0,-0.055000000
4856,+Z,+Z,604696,-0.057000000,0.0,-0.057000000
4857,+Z,+Z,604777,-0.057000000,0.0,-0.057000000
4858,+Z,+Z,604856,-0.058000000,0.0,-0.058000000
4859,+Z,+Z,604936,-0.057000000,0.0,-0.057000000
4860,+Z,+Z,605017,-0.056000000,0.0,-0.056000000
4861,+Z,+Z,605096,-0.056000000,0.0,-0.056000000
4862,+Z,+Z,605177,-0.064000000,0.0,-0.064000000
4863,+Z,+Z,605257,-0.052000000,0.0,-0.052000000
4864,+Z,+Z,605336,-0.052000000,0.0,-0.052000000
4865,+Z,+Z,605417,-0.045000000,0.0,-0.045000000
4866,+Z,+Z,605496,-0.056000000,0.0,-0.056000000
4867,+Z,+Z,605576,-0.058000000,0.0,-0.058000000
4868,+Z,+Z,605657,-0.050000000,0.0,-0.050000000
4869,+Z,+Z,605736,-0.055000000,0.0,-0.055000000
4870,+Z,+Z,605816,-0.057000000,0.0,-0.057000000
4871,+Z,+Z,605897,-0.057000000,0.0,-0.057000000
4872,+Z,+Z,605976,-0.057000000,0.0,-0.057000000
4873,+Z,+Z,606057,-0.055000000,0.0,-0.055000000
4874,+Z,+Z,606137,-0.055000000,0.0,-0.055000000
4875,+Z,+Z,606216,-0.057000000,0.0,-0.057000000
4876,+Z,+Z,606297,-0.057000000,0.0,-0.057000000
4877,+Z,+Z,606376,-0.052000000,0.0,-0.052000000
4878,+Z,+Z,606456,-0.057000000,0.0,-0.057000000
4879,+Z,+Z,606537,-0.057000000,0.0,-0.057000000
4880,+Z,+Z,606616,-0.053000000,0.0,-0.053000000
4881,+Z,+Z,606696,-0.061000000,0.0,-0.061000000
4882,+Z,+Z,606777,-0.056000000,0.0,-0.056000000
4883,+Z,+Z,606856,-0.052000000,0.0,-0.052000000
4884,+Z,+Z,606937,-0.057000000,0.0,-0.057000000
4885,+Z,+Z,607016,-0.057000000,0.0,-0.057000000
4886,+Z,+Z,607096,-0.057000000,0.0,-0.057000000
4887,+Z,+Z,607177,-0.057000000,0.0,-0.057000000
4888,+Z,+Z,607256,-0.047000000,0.0,-0.047000000
4889,+Z,+Z,607336,-0.057000000,0.0,-0.057000000
4890,+Z,+Z,607417,-0.056000000,0.0,-0.056000000
4891,+Z,+Z,607496,-0.053000000,0.0,-0.053000000
4892,+Z,+Z,607577,-0.057000000,0.0,-0.057000000
4893,+Z,+Z,607657,-0.056000000,0.0,-0.056000000
4894,+Z,+Z,607736,-0.056000000,0.0,-0.056000000
4895,+Z,+Z,607817,-0.057000000,0.0,-0.057000000
4896,+Z,+Z,607896,-0.053000000,0.0,-0.053000000
4897,+Z,+Z,607976,-0.056000000,0.0,-0.056000000
4898,+Z,+Z,608057,-0.060000000,0.0,-0.060000000
4899,+Z,+Z,608136,-0.056000000,0.0,-0.056000000
4900,+Z,+Z,608216,-0.056000000,0.0,-0.056000000
4901,+Z,+Z,608297,-0.052000000,0.0,-0.052000000
4902,+Z,+Z,608376,-0.057000000,0.0,-0.057000000
4903,+Z,+Z,608457,-0.055000000,0.0,-0.055000000
4904,+Z,+Z,608536,-0.053000000,0.0,-0.053000000
4905,+Z,+Z,608616,-0.052000000,0.0,-0.052000000
4906,+Z,+Z,608697,-0.057000000,0.0,-0.057000000
4907,+Z,+Z,608776,-0.052000000,0.0,-0.052000000
4908,+Z,+Z,608856,-0.061000000,0.0,-0.061000000
4909,+Z,+Z,608937,-0.056000000,0.0,-0.056000000
4910,+Z,+Z,609016,-0.055000000,0.0,-0.055000000
4911,+Z,+Z,609097,-0.057000000,0.0,-0.057000000
4912,+Z,+Z,609177,-0.056000000,0.0,-0.056000000
4913,+Z,+Z,609256,-0.056000000,0.0,-0.056000000
4914,+Z,+Z,609337,-0.056000000,0.0,-0.056000000
4915,+Z,+Z,609416,-0.052000000,0.0,-0.052000000
4916,+Z,+Z,609496,-0.063000000,0.0,-0.063000000
4917,+Z,+Z,609577,-0.057000000,0.0,-0.057000000
4918,+Z,+Z,609656,-0.057000000,0.0,-0.057000000
4919,+Z,+Z,609736,-0.050000000,0.0,-0.050000000
4920,+Z,+Z,609817,-0.052000000,0.0,-0.052000000
4921,+Z,+Z,609896,-0.057000000,0.0,-0.057000000
4922,+Z,+Z,609977,-0.055000000,0.0,-0.055000000
4923,+Z,+Z,610056,-0.045000000,0.0,-0.045000000
4924,+Z,+Z,610136,-0.057000000,0.0,-0.057000000
4925,+Z,+Z,610217,-0.056000000,0.0,-0.056000000
4926,+Z,+Z,610296,-0.056000000,0.0,-0.056000000
4927,+Z,+Z,610376,-0.052000000,0.0,-0.052000000
4928,+Z,+Z,610457,-0.050000000,0.0,-0.050000000
4929,+Z,+Z,610536,-0.053000000,0.0,-0.053000000
4930,+Z,+Z,610617,-0.055000000,0.0,-0.055000000
4931,+Z,+Z,610696,-0.057000000,0.0,-0.057000000
4932,+Z,+Z,610776,-0.052000000,0.0,-0.052000000
4933,+Z,+Z,610857,-0.057000000,0.0,-0.057000000
4934,+Z,+Z,610936,-0.057000000,0.0,-0.057000000
4935,+Z,+Z,611016,-0.055000000,0.0,-0.055000000
4936,+Z,+Z,611097,-0.052000000,0.0,-0.052000000
4937,+Z,+Z,611176,-0.056000000,0.0,-0.056000000
4938,+Z,+Z,611257,-0.057000000,0.0,-0.057000000
4939,+Z,+Z,611336,-0.057000000,0.0,-0.057000000
4940,+Z,+Z,611416,-0.048000000,0.0,-0.048000000
4941,+Z,+Z,611497,-0.061000000,0.0,-0.061000000
4942,+Z,+Z,611576,-0.057000000,0.0,-0.057000000
4943,+Z,+Z,611656,-0.057000000,0.0,-0.057000000
4944,+Z,+Z,611737,-0.057000000,0.0,-0.057000000
4945,+Z,+Z,611816,-0.057000000,0.0,-0.057000000
4946,+Z,+Z,611896,-0.057000000,0.0,-0.057000000
4947,+Z,+Z,611977,-0.055000000,0.0,-0.055000000
4948,+Z,+Z,612056,-0.052000000,0.0,-0.052000000
4949,+Z,+Z,612137,-0.057000000,0.0,-0.057000000
4950,+Z,+Z,612216,-0.055000000,0.0,-0.055000000
4951,+Z,+Z,612296,-0.055000000,0.0,-0.055000000
4952,+Z,+Z,612377,-0.058000000,0.0,-0.058000000
4953,+Z,+Z,612456,-0.058000000,0.0,-0.058000000
4954,+Z,+Z,612536,-0.052000000,0.0,-0.052000000
4955,+Z,+Z,612617,-0.056000000,0.0,-0.056000000
4956,+Z,+Z,612696,-0.057000000,0.0,-0.057000000
4957,+Z,+Z,612777,-0.053000000,0.0,-0.053000000
4958,+Z,+Z,612857,-0.057000000,0.0,-0.057000000
4959,+Z,+Z,612936,-0.057000000,0.0,-0.057000000
4960,+Z,+Z,613017,-0.057000000,0.0,-0.057000000
4961,+Z,+Z,613096,-0.053000000,0.0,-0.053000000
4962,+Z,+Z,613176,-0.055000000,0.0,-0.055000000
4963,+Z,+Z,613257,-0.056000000,0.0,-0.056000000
4964,+Z,+Z,613336,-0.056000000,0.0,-0.056000000
4965,+Z,+Z,613416,-0.052000000,0.0,-0.052000000
4966,+Z,+Z,613497,-0.055000000,0.0,-0.055000000
4967,+Z,+Z,613576,-0.057000000,0.0,-0.057000000
4968,+Z,+Z,613657,-0.053000000,0.0,-0.053000000
4969,+Z,+Z,613736,-0.053000000,0.0,-0.053000000
4970,+Z,+Z,613816,-0.057000000,0.0,-0.057000000
4971,+Z,+Z,613897,-0.057000000,0.0,-0.057000000
4972,+Z,+Z,613976,-0.057000000,0.0,-0.057000000
4973,+Z,+Z,614056,-0.057000000,0.0,-0.057000000
4974,+Z,+Z,614137,-0.056000000,0.0,-0.056000000
4975,+Z,+Z,614216,-0.057000000,0.0,-0.057000000
4976,+Z,+Z,614297,-0.057000000,0.0,-0.057000000
4977,+Z,+Z,614376,-0.057000000,0.0,-0.057000000
4978,+Z,+Z,614456,-0.049000000,0.0,-0.049000000
4979,+Z,+Z,614537,-0.056000000,0.0,-0.056000000
4980,+Z,+Z,614616,-0.057000000,0.0,-0.057000000
4981,+Z,+Z,614696,-0.057000000,0.0,-0.057000000
4982,+Z,+Z,614777,-0.057000000,0.0,-0.057000000
4983,+Z,+Z,614856,-0.053000000,0.0,-0.053000000
4984,+Z,+Z,614937,-0.055000000,0.0,-0.055000000
4985,+Z,+Z,615016,-0.055000000,0.0,-0.055000000
4986,+Z,+Z,615096,-0.058000000,0.0,-0.058000000
4987,+Z,+Z,615177,-0.058000000,0.0,-0.058000000
4988,+Z,+Z,615256,-0.053000000,0.0,-0.053000000
4989,+Z,+Z,615336,-0.057000000,0.0,-0.057000000
4990,+Z,+Z,615417,-0.057000000,0.0,-0.057000000
4991,+Z,+Z,615496,-0.058000000,0.0,-0.058000000
4992,+Z,+Z,615577,-0.056000000,0.0,-0.056000000
4993,+Z,+Z,615657,-0.055000000,0.0,-0.055000000
4994,+Z,+Z,615736,-0.056000000,0.0,-0.056000000
4995,+Z,+Z,615817,-0.057000000,0.0,-0.057000000
4996,+Z,+Z,615896,-0.049000000,0.0,-0.049000000
4997,+Z,+Z,615976,-0.057000000,0.0,-0.057000000
4998,+Z,+Z,616057,-0.052000000,0.0,-0.052000000
4999,+Z,+Z,616136,-0.056000000,0.0,-0.056000000
5000,-Z,-Z,666032,-0.049000000,0.0,-0.049000000
5001,-Z,-Z,666111,-0.049000000,0.0,-0.049000000
5002,-Z,-Z,666191,-0.055000000,0.0,-0.055000000
5003,-Z,-Z,666272,-0.056000000,0.0,-0.056000000
5004,-Z,-Z,666352,-0.055000000,0.0,-0.055000000
5005,-Z,-Z,666431,-0.052000000,0.0,-0.052000000
5006,-Z,-Z,666511,-0.052000000,0.0,-0.052000000
5007,-Z,-Z,666592,-0.052000000,0.0,-0.052000000
5008,-Z,-Z,666671,-0.052000000,0.0,-0.052000000
5009,-Z,-Z,666751,-0.057000000,0.0,-0.057000000
5010,-Z,-Z,666832,-0.056000000,0.0,-0.056000000
5011,-Z,-Z,666911,-0.057000000,0.0,-0.057000000
5012,-Z,-Z,666991,-0.052000000,0.0,-0.052000000
5013,-Z,-Z,667072,-0.056000000,0.0,-0.056000000
5014,-Z,-Z,667152,-0.056000000,0.0,-0.056000000
5015,-Z,-Z,667231,-0.048000000,0.0,-0.048000000
5016,-Z,-Z,667311,-0.057000000,0.0,-0.057000000
5017,-Z,-Z,667392,-0.052000000,0.0,-0.052000000
5018,-Z,-Z,667471,-0.050000000,0.0,-0.050000000
5019,-Z,-Z,667551,-0.052000000,0.0,-0.052000000
5020,-Z,-Z,667632,-0.053000000,0.0,-0.053000000
5021,-Z,-Z,667711,-0.052000000,0.0,-0.052000000
5022,-Z,-Z,667791,-0.057000000,0.0,-0.057000000
5023,-Z,-Z,667872,-0.055000000,0.0,-0.055000000
5024,-Z,-Z,667952,-0.052000000,0.0,-0.052000000
5025,-Z,-Z,668031,-0.053000000,0.0,-0.053000000
5026,-Z,-Z,668111,-0.057000000,0.0,-0.057000000
5027,-Z,-Z,668192,-0.057000000,0.0,-0.057000000
5028,-Z,-Z,668271,-0.053000000,0.0,-0.053000000
5029,-Z,-Z,668351,-0.057000000,0.0,-0.057000000
5030,-Z,-Z,668432,-0.056000000,0.0,-0.056000000
5031,-Z,-Z,668512,-0.055000000,0.0,-0.055000000
5032,-Z,-Z,668591,-0.057000000,0.0,-0.057000000
5033,-Z,-Z,668671,-0.056000000,0.0,-0.056000000
5034,-Z,-Z,668752,-0.056000000,0.0,-0.056000000
5035,-Z,-Z,668831,-0.055000000,0.0,-0.055000000
5036,-Z,-Z,668911,-0.052000000,0.0,-0.052000000
5037,-Z,-Z,668992,-0.063000000,0.0,-0.063000000
5038,-Z,-Z,669072,-0.050000000,0.0,-0.050000000
5039,-Z,-Z,669151,-0.057000000,0.0,-0.057000000
5040,-Z,-Z,669231,-0.057000000,0.0,-0.057000000
5041,-Z,-Z,669312,-0.055000000,0.0,-0.055000000
5042,-Z,-Z,669391,-0.052000000,0.0,-0.052000000
5043,-Z,-Z,669471,-0.057000000,0.0,-0.057000000
5044,-Z,-Z,669552,-0.056000000,0.0,-0.056000000
5045,-Z,-Z,669632,-0.056000000,0.0,-0.056000000
5046,-Z,-Z,669711,-0.057000000,0.0,-0.057000000
5047,-Z,-Z,669791,-0.056000000,0.0,-0.056000000
5048,-Z,-Z,669872,-0.056000000,0.0,-0.056000000
5049,-Z,-Z,669951,-0.052000000,0.0,-0.052000000
5050,-Z,-Z,670031,-0.056000000,0.0,-0.056000000
5051,-Z,-Z,670112,-0.048000000,0.0,-0.048000000
5052,-Z,-Z,670192,-0.052000000,0.0,-0.052000000
5053,-Z,-Z,670271,-0.052000000,0.0,-0.052000000
5054,-Z,-Z,670351,-0.052000000,0.0,-0.052000000
5055,-Z,-Z,670432,-0.052000000,0.0,-0.052000000
5056,-Z,-Z,670511,-0.049000000,0.0,-0.049000000
5057,-Z,-Z,670591,-0.053000000,0.0,-0.053000000
5058,-Z,-Z,670672,-0.056000000,0.0,-0.056000000
5059,-Z,-Z,670752,-0.053000000,0.0,-0.053000000
5060,-Z,-Z,670831,-0.055000000,0.0,-0.055000000
5061,-Z,-Z,670911,-0.055000000,0.0,-0.055000000
5062,-Z,-Z,670992,-0.045000000,0.0,-0.045000000
5063,-Z,-Z,671071,-0.057000000,0.0,-0.057000000
5064,-Z,-Z,671151,-0.057000000,0.0,-0.057000000
5065,-Z,-Z,671232,-0.057000000,0.0,-0.057000000
5066,-Z,-Z,671311,-0.057000000,0.0,-0.057000000
5067,-Z,-Z,671391,-0.055000000,0.0,-0.055000000
5068,-Z,-Z,671472,-0.058000000,0.0,-0.058000000
5069,-Z,-Z,671552,-0.052000000,0.0,-0.052000000
5070,-Z,-Z,671631,-0.057000000,0.0,-0.057000000
5071,-Z,-Z,671711,-0.055000000,0.0,-0.055000000
5072,-Z,-Z,671792,-0.052000000,0.0,-0.052000000
5073,-Z,-Z,671871,-0.052000000,0.0,-0.052000000
5074,-Z,-Z,671951,-0.055000000,0.0,-0.055000000
5075,-Z,-Z,672032,-0.055000000,0.0,-0.055000000
5076,-Z,-Z,672112,-0.057000000,0.0,-0.057000000
5077,-Z,-Z,672191,-0.055000000,0.0,-0.055000000
5078,-Z,-Z,672271,-0.052000000,0.0,-0.052000000
5079,-Z,-Z,672352,-0.049000000,0.0,-0.049000000
5080,-Z,-Z,672431,-0.049000000,0.0,-0.049000000
5081,-Z,-Z,672511,-0.050000000,0.0,-0.050000000
5082,-Z,-Z,672592,-0.056000000,0.0,-0.056000000
5083,-Z,-Z,672672,-0.052000000,0.0,-0.052000000
5084,-Z,-Z,672751,-0.055000000,0.0,-0.055000000
5085,-Z,-Z,672831,-0.050000000,0.0,-0.050000000
5086,-Z,-Z,672912,-0.049000000,0.0,-0.049000000
5087,-Z,-Z,672991,-0.056000000,0.0,-0.056000000
5088,-Z,-Z,673071,-0.049000000,0.0,-0.049000000
5089,-Z,-Z,673152,-0.052000000,0.0,-0.052000000
5090,-Z,-Z,673231,-0.053000000,0.0,-0.053000000
5091,-Z,-Z,673311,-0.052000000,0.0,-0.052000000
5092,-Z,-Z,673391,-0.056000000,0.0,-0.056000000
5093,-Z,-Z,673472,-0.056000000,0.0,-0.056000000
5094,-Z,-Z,673551,-0.058000000,0.0,-0.058000000
5095,-Z,-Z,673631,-0.053000000,0.0,-0.053000000
5096,-Z,-Z,673712,-0.057000000,0.0,-0.057000000
5097,-Z,-Z,673791,-0.055000000,0.0,-0.055000000
5098,-Z,-Z,673871,-0.049000000,0.0,-0.049000000
5099,-Z,-Z,673952,-0.056000000,0.0,-0.056000000
5100,-Z,-Z,674032,-0.053000000,0.0,-0.053000000
5101,-Z,-Z,674111,-0.058000000,0.0,-0.058000000
5102,-Z,-Z,674191,-0.052000000,0.0,-0.052000000
5103,-Z,-Z,674272,-0.052000000,0.0,-0.052000000
5104,-Z,-Z,674351,-0.052000000,0.0,-0.052000000
5105,-Z,-Z,674431,-0.057000000,0.0,-0.057000000
5106,-Z,-Z,674512,-0.057000000,0.0,-0.057000000
5107,-Z,-Z,674591,-0.056000000,0.0,-0.056000000
5108,-Z,-Z,674671,-0.056000000,0.0,-0.056000000
5109,-Z,-Z,674752,-0.052000000,0.0,-0.052000000
5110,-Z,-Z,674832,-0.056000000,0.0,-0.056000000
5111,-Z,-Z,674911,-0.061000000,0.0,-0.061000000
5112,-Z,-Z,674991,-0.057000000,0.0,-0.057000000
5113,-Z,-Z,675072,-0.049000000,0.0,-0.049000000
5114,-Z,-Z,675151,-0.057000000,0.0,-0.057000000
5115,-Z,-Z,675231,-0.053000000,0.0,-0.053000000
5116,-Z,-Z,675312,-0.049000000,0.0,-0.049000000
5117,-Z,-Z,675392,-0.052000000,0.0,-0.052000000
5118,-Z,-Z,675471,-0.055000000,0.0,-0.055000000
5119,-Z,-Z,675551,-0.055000000,0.0,-0.055000000
5120,-Z,-Z,675632,-0.056000000,0.0,-0.056000000
5121,-Z,-Z,675711,-0.057000000,0.0,-0.057000000
5122,-Z,-Z,675791,-0.057000000,0.0,-0.057000000
5123,-Z,-Z,675872,-0.052000000,0.0,-0.052000000
5124,-Z,-Z,675951,-0.055000000,0.0,-0.055000000
5125,-Z,-Z,676031,-0.056000000,0.0,-0.056000000
5126,-Z,-Z,676111,-0.057000000,0.0,-0.057000000
5127,-Z,-Z,676192,-0.053000000,0.0,-0.053000000
5128,-Z,-Z,676271,-0.052000000,0.0,-0.052000000
5129,-Z,-Z,676351,-0.049000000,0.0,-0.049000000
5130,-Z,-Z,676432,-0.045000000,0.0,-0.045000000
5131,-Z,-Z,676511,-0.053000000,0.0,-0.053000000
5132,-Z,-Z,676591,-0.053000000,0.0,-0.053000000
5133,-Z,-Z,676672,-0.055000000,0.0,-0.055000000
5134,-Z,-Z,676751,-0.052000000,0.0,-0.052000000
5135,-Z,-Z,676831,-0.053000000,0.0,-0.053000000
5136,-Z,-Z,676912,-0.050000000,0.0,-0.050000000
5137,-Z,-Z,676992,-0.049000000,0.0,-0.049000000
5138,-Z,-Z,677071,-0.057000000,0.0,-0.057000000
5139,-Z,-Z,677151,-0.056000000,0.0,-0.056000000
5140,-Z,-Z,677232,-0.064000000,0.0,-0.064000000
5141,-Z,-Z,677311,-0.058000000,0.0,-0.058000000
5142,-Z,-Z,677391,-0.052000000,0.0,-0.052000000
5143,-Z,-Z,677472,-0.055000000,0.0,-0.055000000
5144,-Z,-Z,677552,-0.053000000,0.0,-0.053000000
5145,-Z,-Z,677631,-0.053000000,0.0,-0.053000000
5146,-Z,-Z,677711,-0.059000000,0.0,-0.059000000
5147,-Z,-Z,677792,-0.052000000,0.0,-0.052000000
5148,-Z,-Z,677871,-0.057000000,0.0,-0.057000000
5149,-Z,-Z,677951,-0.057000000,0.0,-0.057000000
5150,-Z,-Z,678032,-0.055000000,0.0,-0.055000000
5151,-Z,-Z,678112,-0.057000000,0.0,-0.057000000
5152,-Z,-Z,678191,-0.053000000,0.0,-0.053000000
5153,-Z,-Z,678271,-0.056000000,0.0,-0.056000000
5154,-Z,-Z,678352,-0.052000000,0.0,-0.052000000
5155,-Z,-Z,678431,-0.052000000,0.0,-0.052000000
5156,-Z,-Z,678511,-0.055000000,0.0,-0.055000000
5157,-Z,-Z,678592,-0.055000000,0.0,-0.055000000
5158,-Z,-Z,678671,-0.055000000,0.0,-0.055000000
5159,-Z,-Z,678751,-0.055000000,0.0,-0.055000000
5160,-Z,-Z,678832,-0.060000000,0.0,-0.060000000
5161,-Z,-Z,678912,-0.050000000,0.0,-0.050000000
5162,-Z,-Z,678991,-0.057000000,0.0,-0.057000000
5163,-Z,-Z,679071,-0.057000000,0.0,-0.057000000
5164,-Z,-Z,679152,-0.056000000,0.0,-0.056000000
5165,-Z,-Z,679231,-0.056000000,0.0,-0.056000000
5166,-Z,-Z,679311,-0.057000000,0.0,-0.057000000
5167,-Z,-Z,679392,-0.047000000,0.0,-0.047000000
5168,-Z,-Z,679472,-0.057000000,0.0,-0.057000000
5169,-Z,-Z,679551,-0.053000000,0.0,-0.053000000
5170,-Z,-Z,679631,-0.052000000,0.0,-0.052000000
5171,-Z,-Z,679712,-0.052000000,0.0,-0.052000000
5172,-Z,-Z,679791,-0.056000000,0.0,-0.056000000
5173,-Z,-Z,679871,-0.063000000,0.0,-0.063000000
5174,-Z,-Z,679952,-0.050000000,0.0,-0.050000000
5175,-Z,-Z,680032,-0.052000000,0.0,-0.052000000
5176,-Z,-Z,680111,-0.052000000,0.0,-0.052000000
5177,-Z,-Z,680191,-0.050000000,0.0,-0.050000000
5178,-Z,-Z,680272,-0.044000000,0.0,-0.044000000
5179,-Z,-Z,680351,-0.050000000,0.0,-0.050000000
5180,-Z,-Z,680431,-0.052000000,0.0,-0.052000000
5181,-Z,-Z,680512,-0.056000000,0.0,-0.056000000
5182,-Z,-Z,680592,-0.055000000,0.0,-0.055000000
5183,-Z,-Z,680671,-0.056000000,0.0,-0.056000000
5184,-Z,-Z,680752,-0.056000000,0.0,-0.056000000
5185,-Z,-Z,680832,-0.055000000,0.0,-0.055000000
5186,-Z,-Z,680911,-0.056000000,0.0,-0.056000000
5187,-Z,-Z,680991,-0.056000000,0.0,-0.056000000
5188,-Z,-Z,681072,-0.055000000,0.0,-0.055000000
5189,-Z,-Z,681151,-0.052000000,0.0,-0.052000000
5190,-Z,-Z,681231,-0.056000000,0.0,-0.056000000
5191,-Z,-Z,681312,-0.055000000,0.0,-0.055000000
5192,-Z,-Z,681392,-0.052000000,0.0,-0.052000000
5193,-Z,-Z,681471,-0.057000000,0.0,-0.057000000
5194,-Z,-Z,681551,-0.057000000,0.0,-0.057000000
5195,-Z,-Z,681632,-0.057000000,0.0,-0.057000000
5196,-Z,-Z,681711,-0.057000000,0.0,-0.057000000
5197,-Z,-Z,681791,-0.055000000,0.0,-0.055000000
5198,-Z,-Z,681872,-0.055000000,0.0,-0.055000000
5199,-Z,-Z,681952,-0.055000000,0.0,-0.055000000
5200,-Z,-Z,682031,-0.055000000,0.0,-0.055000000
5201,-Z,-Z,682111,-0.056000000,0.0,-0.056000000
5202,-Z,-Z,682192,-0.057000000,0.0,-0.057000000
5203,-Z,-Z,682271,-0.056000000,0.0,-0.056000000
5204,-Z,-Z,682351,-0.058000000,0.0,-0.058000000
5205,-Z,-Z,682432,-0.055000000,0.0,-0.055000000
5206,-Z,-Z,682511,-0.052000000,0.0,-0.052000000
5207,-Z,-Z,682591,-0.055000000,0.0,-0.055000000
5208,-Z,-Z,682672,-0.050000000,0.0,-0.050000000
5209,-Z,-Z,682752,-0.057000000,0.0,-0.057000000
5210,-Z,-Z,682831,-0.053000000,0.0,-0.053000000
5211,-Z,-Z,682911,-0.053000000,0.0,-0.053000000
5212,-Z,-Z,682992,-0.064000000,0.0,-0.064000000
5213,-Z,-Z,683071,-0.055000000,0.0,-0.055000000
5214,-Z,-Z,683151,-0.052000000,0.0,-0.052000000
5215,-Z,-Z,683232,-0.056000000,0.0,-0.056000000
5216,-Z,-Z,683312,-0.050000000,0.0,-0.050000000
5217,-Z,-Z,683391,-0.052000000,0.0,-0.052000000
5218,-Z,-Z,683472,-0.055000000,0.0,-0.055000000
5219,-Z,-Z,683552,-0.057000000,0.0,-0.057000000
5220,-Z,-Z,683631,-0.056000000,0.0,-0.056000000
5221,-Z,-Z,683711,-0.052000000,0.0,-0.052000000
5222,-Z,-Z,683792,-0.056000000,0.0,-0.056000000
5223,-Z,-Z,683871,-0.052000000,0.0,-0.052000000
5224,-Z,-Z,683951,-0.052000000,0.0,-0.052000000
5225,-Z,-Z,684032,-0.049000000,0.0,-0.049000000
5226,-Z,-Z,684112,-0.045000000,0.0,-0.045000000
5227,-Z,-Z,684191,-0.052000000,0.0,-0.052000000
5228,-Z,-Z,684271,-0.050000000,0.0,-0.050000000
5229,-Z,-Z,684352,-0.056000000,0.0,-0.056000000
5230,-Z,-Z,684431,-0.052000000,0.0,-0.052000000
5231,-Z,-Z,684511,-0.052000000,0.0,-0.052000000
5232,-Z,-Z,684592,-0.049000000,0.0,-0.049000000
5233,-Z,-Z,684672,-0.055000000,0.0,-0.055000000
5234,-Z,-Z,684751,-0.052000000,0.0,-0.052000000
5235,-Z,-Z,684831,-0.055000000,0.0,-0.055000000
5236,-Z,-Z,684912,-0.052000000,0.0,-0.052000000
5237,-Z,-Z,684991,-0.052000000,0.0,-0.052000000
5238,-Z,-Z,685071,-0.047000000,0.0,-0.047000000
5239,-Z,-Z,685152,-0.056000000,0.0,-0.056000000
5240,-Z,-Z,685232,-0.055000000,0.0,-0.055000000
5241,-Z,-Z,685311,-0.053000000,0.0,-0.053000000
5242,-Z,-Z,685391,-0.055000000,0.0,-0.055000000
5243,-Z,-Z,685472,-0.057000000,0.0,-0.057000000
5244,-Z,-Z,685551,-0.052000000,0.0,-0.052000000
5245,-Z,-Z,685631,-0.054000000,0.0,-0.054000000
5246,-Z,-Z,685712,-0.057000000,0.0,-0.057000000
5247,-Z,-Z,685792,-0.053000000,0.0,-0.053000000
5248,-Z,-Z,685871,-0.052000000,0.0,-0.052000000
5249,-Z,-Z,685951,-0.049000000,0.0,-0.049000000
5250,-Z,-Z,686032,-0.049000000,0.0,-0.049000000
5251,-Z,-Z,686111,-0.064000000,0.0,-0.064000000
5252,-Z,-Z,686191,-0.049000000,0.0,-0.049000000
5253,-Z,-Z,686272,-0.055000000,0.0,-0.055000000
5254,-Z,-Z,686351,-0.052000000,0.0,-0.052000000
5255,-Z,-Z,686431,-0.050000000,0.0,-0.050000000
5256,-Z,-Z,686511,-0.048000000,0.0,-0.048000000
5257,-Z,-Z,686592,-0.052000000,0.0,-0.052000000
5258,-Z,-Z,686671,-0.057000000,0.0,-0.057000000
5259,-Z,-Z,686751,-0.052000000,0.0,-0.052000000
5260,-Z,-Z,686832,-0.050000000,0.0,-0.050000000
5261,-Z,-Z,686911,-0.057000000,0.0,-0.057000000
5262,-Z,-Z,686991,-0.052000000,0.0,-0.052000000
5263,-Z,-Z,687072,-0.052000000,0.0,-0.052000000
5264,-Z,-Z,687152,-0.057000000,0.0,-0.057000000
5265,-Z,-Z,687231,-0.058000000,0.0,-0.058000000
5266,-Z,-Z,687311,-0.052000000,0.0,-0.052000000
5267,-Z,-Z,687392,-0.057000000,0.0,-0.057000000
5268,-Z,-Z,687471,-0.052000000,0.0,-0.052000000
5269,-Z,-Z,687551,-0.052000000,0.0,-0.052000000
5270,-Z,-Z,687632,-0.055000000,0.0,-0.055000000
5271,-Z,-Z,687712,-0.049000000,0.0,-0.049000000
5272,-Z,-Z,687791,-0.057000000,0.0,-0.057000000
5273,-Z,-Z,687871,-0.050000000,0.0,-0.050000000
5274,-Z,-Z,687952,-0.052000000,0.0,-0.052000000
5275,-Z,-Z,688031,-0.053000000,0.0,-0.053000000
5276,-Z,-Z,688111,-0.053000000,0.0,-0.053000000
5277,-Z,-Z,688192,-0.057000000,0.0,-0.057000000
5278,-Z,-Z,688272,-0.053000000,0.0,-0.053000000
5279,-Z,-Z,688351,-0.050000000,0.0,-0.050000000
5280,-Z,-Z,688431,-0.052000000,0.0,-0.052000000
5281,-Z,-Z,688512,-0.056000000,0.0,-0.056000000
5282,-Z,-Z,688591,-0.052000000,0.0,-0.052000000
5283,-Z,-Z,688671,-0.057000000,0.0,-0.057000000
5284,-Z,-Z,688752,-0.052000000,0.0,-0.052000000
5285,-Z,-Z,688831,-0.057000000,0.0,-0.057000000
5286,-Z,-Z,688911,-0.052000000,0.0,-0.052000000
5287,-Z,-Z,688992,-0.056000000,0.0,-0.056000000
5288,-Z,-Z,689072,-0.061000000,0.0,-0.061000000
5289,-Z,-Z,689151,-0.061000000,0.0,-0.061000000
5290,-Z,-Z,689231,-0.055000000,0.0,-0.055000000
5291,-Z,-Z,689312,-0.055000000,0.0,-0.055000000
5292,-Z,-Z,689391,-0.061000000,0.0,-0.061000000
5293,-Z,-Z,689471,-0.057000000,0.0,-0.057000000
5294,-Z,-Z,689552,-0.056000000,0.0,-0.056000000
5295,-Z,-Z,689632,-0.057000000,0.0,-0.057000000
5296,-Z,-Z,689711,-0.057000000,0.0,-0.057000000
5297,-Z,-Z,689791,-0.058000000,0.0,-0.058000000
5298,-Z,-Z,689872,-0.056000000,0.0,-0.056000000
5299,-Z,-Z,689951,-0.055000000,0.0,-0.055000000
5300,-Z,-Z,690031,-0.050000000,0.0,-0.050000000
5301,-Z,-Z,690112,-0.057000000,0.0,-0.057000000
5302,-Z,-Z,690192,-0.057000000,0.0,-0.057000000
5303,-Z,-Z,690271,-0.057000000,0.0,-0.057000000
5304,-Z,-Z,690351,-0.055000000,0.0,-0.055000000
5305,-Z,-Z,690432,-0.049000000,0.0,-0.049000000
5306,-Z,-Z,690511,-0.056000000,0.0,-0.056000000
5307,-Z,-Z,690591,-0.052000000,0.0,-0.052000000
5308,-Z,-Z,690672,-0.052000000,0.0,-0.052000000
5309,-Z,-Z,690751,-0.050000000,0.0,-0.050000000
5310,-Z,-Z,690831,-0.055000000,0.0,-0.055000000
5311,-Z,-Z,690912,-0.057000000,0.0,-0.057000000
5312,-Z,-Z,690992,-0.057000000,0.0,-0.057000000
5313,-Z,-Z,691071,-0.056000000,0.0,-0.056000000
5314,-Z,-Z,691151,-0.057000000,0.0,-0.057000000
5315,-Z,-Z,691232,-0.057000000,0.0,-0.057000000
5316,-Z,-Z,691311,-0.061000000,0.0,-0.061000000
5317,-Z,-Z,691391,-0.057000000,0.0,-0.057000000
5318,-Z,-Z,691472,-0.052000000,0.0,-0.052000000
5319,-Z,-Z,691552,-0.055000000,0.0,-0.055000000
5320,-Z,-Z,691631,-0.055000000,0.0,-0.055000000
5321,-Z,-Z,691711,-0.049000000,0.0,-0.049000000
5322,-Z,-Z,691792,-0.052000000,0.0,-0.052000000
5323,-Z,-Z,691871,-0.052000000,0.0,-0.052000000
5324,-Z,-Z,691951,-0.055000000,0.0,-0.055000000
5325,-Z,-Z,692032,-0.050000000,0.0,-0.050000000
5326,-Z,-Z,692112,-0.058000000,0.0,-0.058000000
5327,-Z,-Z,692191,-0.057000000,0.0,-0.057000000
5328,-Z,-Z,692271,-0.057000000,0.0,-0.057000000
5329,-Z,-Z,692352,-0.047000000,0.0,-0.047000000
5330,-Z,-Z,692431,-0.052000000,0.0,-0.052000000
5331,-Z,-Z,692511,-0.052000000,0.0,-0.052000000
5332,-Z,-Z,692592,-0.055000000,0.0,-0.055000000
5333,-Z,-Z,692671,-0.063000000,0.0,-0.063000000
5334,-Z,-Z,692751,-0.050000000,0.0,-0.050000000
5335,-Z,-Z,692831,-0.055000000,0.0,-0.055000000
5336,-Z,-Z,692912,-0.057000000,0.0,-0.057000000
5337,-Z,-Z,692991,-0.056000000,0.0,-0.056000000
5338,-Z,-Z,693071,-0.056000000,0.0,-0.056000000
5339,-Z,-Z,693152,-0.055000000,0.0,-0.055000000
5340,-Z,-Z,693231,-0.055000000,0.0,-0.055000000
5341,-Z,-Z,693311,-0.055000000,0.0,-0.055000000
5342,-Z,-Z,693391,-0.047000000,0.0,-0.047000000
5343,-Z,-Z,693472,-0.049000000,0.0,-0.049000000
5344,-Z,-Z,693551,-0.050000000,0.0,-0.050000000
5345,-Z,-Z,693631,-0.055000000,0.0,-0.055000000
5346,-Z,-Z,693712,-0.055000000,0.0,-0.055000000
5347,-Z,-Z,693791,-0.056000000,0.0,-0.056000000
5348,-Z,-Z,693871,-0.057000000,0.0,-0.057000000
5349,-Z,-Z,693952,-0.050000000,0.0,-0.050000000
5350,-Z,-Z,694032,-0.052000000,0.0,-0.052000000
5351,-Z,-Z,694111,-0.050000000,0.0,-0.050000000
5352,-Z,-Z,694191,-0.056000000,0.0,-0.056000000
5353,-Z,-Z,694272,-0.056000000,0.0,-0.056000000
5354,-Z,-Z,694351,-0.056000000,0.0,-0.056000000
5355,-Z,-Z,694431,-0.055000000,0.0,-0.055000000
5356,-Z,-Z,694512,-0.058000000,0.0,-0.058000000
5357,-Z,-Z,694592,-0.057000000,0.0,-0.057000000
5358,-Z,-Z,694671,-0.063000000,0.0,-0.063000000
5359,-Z,-Z,694752,-0.057000000,0.0,-0.057000000
5360,-Z,-Z,694832,-0.052000000,0.0,-0.052000000
5361,-Z,-Z,694911,-0.050000000,0.0,-0.050000000
5362,-Z,-Z,694991,-0.050000000,0.0,-0.050000000
5363,-Z,-Z,695072,-0.052000000,0.0,-0.052000000
5364,-Z,-Z,695151,-0.052000000,0.0,-0.052000000
5365,-Z,-Z,695231,-0.056000000,0.0,-0.056000000
5366,-Z,-Z,695312,-0.055000000,0.0,-0.055000000
5367,-Z,-Z,695392,-0.055000000,0.0,-0.055000000
5368,-Z,-Z,695471,-0.049000000,0.0,-0.049000000
5369,-Z,-Z,695551,-0.058000000,0.0,-0.058000000
5370,-Z,-Z,695632,-0.055000000,0.0,-0.055000000
5371,-Z,-Z,695711,-0.055000000,0.0,-0.055000000
5372,-Z,-Z,695791,-0.052000000,0.0,-0.052000000
5373,-Z,-Z,695872,-0.057000000,0.0,-0.057000000
5374,-Z,-Z,695952,-0.057000000,0.0,-0.057000000
5375,-Z,-Z,696031,-0.056000000,0.0,-0.056000000
5376,-Z,-Z,696111,-0.058000000,0.0,-0.058000000
5377,-Z,-Z,696192,-0.057000000,0.0,-0.057000000
5378,-Z,-Z,696271,-0.049000000,0.0,-0.049000000
5379,-Z,-Z,696351,-0.053000000,0.0,-0.053000000
5380,-Z,-Z,696432,-0.053000000,0.0,-0.053000000
5381,-Z,-Z,696511,-0.055000000,0.0,-0.055000000
5382,-Z,-Z,696591,-0.061000000,0.0,-0.061000000
5383,-Z,-Z,696672,-0.063000000,0.0,-0.063000000
5384,-Z,-Z,696752,-0.052000000,0.0,-0.052000000
5385,-Z,-Z,696831,-0.052000000,0.0,-0.052000000
5386,-Z,-Z,696911,-0.055000000,0.0,-0.055000000
5387,-Z,-Z,696992,-0.057000000,0.0,-0.057000000
5388,-Z,-Z,697071,-0.053000000,0.0,-0.053000000
5389,-Z,-Z,697151,-0.052000000,0.0,-0.052000000
5390,-Z,-Z,697232,-0.056000000,0.0,-0.056000000
5391,-Z,-Z,697312,-0.052000000,0.0,-0.052000000
5392,-Z,-Z,697391,-0.056000000,0.0,-0.056000000
5393,-Z,-Z,697471,-0.056000000,0.0,-0.056000000
5394,-Z,-Z,697552,-0.052000000,0.0,-0.052000000
5395,-Z,-Z,697631,-0.050000000,0.0,-0.050000000
5396,-Z,-Z,697711,-0.052000000,0.0,-0.052000000
5397,-Z,-Z,697792,-0.056000000,0.0,-0.056000000
5398,-Z,-Z,697871,-0.057000000,0.0,-0.057000000
5399,-Z,-Z,697951,-0.055000000,0.0,-0.055000000
5400,-Z,-Z,698032,-0.056000000,0.0,-0.056000000
5401,-Z,-Z,698112,-0.053000000,0.0,-0.053000000
5402,-Z,-Z,698191,-0.049000000,0.0,-0.049000000
5403,-Z,-Z,698271,-0.050000000,0.0,-0.050000000
5404,-Z,-Z,698352,-0.060000000,0.0,-0.060000000
5405,-Z,-Z,698431,-0.060000000,0.0,-0.060000000
5406,-Z,-Z,698511,-0.057000000,0.0,-0.057000000
5407,-Z,-Z,698592,-0.052000000,0.0,-0.052000000
5408,-Z,-Z,698671,-0.057000000,0.0,-0.057000000
5409,-Z,-Z,698751,-0.057000000,0.0,-0.057000000
5410,-Z,-Z,698832,-0.056000000,0.0,-0.056000000
5411,-Z,-Z,698912,-0.050000000,0.0,-0.050000000
5412,-Z,-Z,698991,-0.061000000,0.0,-0.061000000
5413,-Z,-Z,699071,-0.057000000,0.0,-0.057000000
5414,-Z,-Z,699152,-0.057000000,0.0,-0.057000000
5415,-Z,-Z,699231,-0.065000000,0.0,-0.065000000
5416,-Z,-Z,699311,-0.052000000,0.0,-0.052000000
5417,-Z,-Z,699392,-0.055000000,0.0,-0.055000000
5418,-Z,-Z,699472,-0.055000000,0.0,-0.055000000
5419,-Z,-Z,699551,-0.057000000,0.0,-0.057000000
5420,-Z,-Z,699631,-0.063000000,0.0,-0.063000000
5421,-Z,-Z,699712,-0.057000000,0.0,-0.057000000
5422,-Z,-Z,699791,-0.053000000,0.0,-0.053000000
5423,-Z,-Z,699871,-0.056000000,0.0,-0.056000000
5424,-Z,-Z,699952,-0.057000000,0.0,-0.057000000
5425,-Z,-Z,700032,-0.057000000,0.0,-0.057000000
5426,-Z,-Z,700111,-0.056000000,0.0,-0.056000000
5427,-Z,-Z,700191,-0.057000000,0.0,-0.057000000
5428,-Z,-Z,700272,-0.057000000,0.0,-0.057000000
5429,-Z,-Z,700351,-0.052000000,0.0,-0.052000000
5430,-Z,-Z,700431,-0.055000000,0.0,-0.055000000
5431,-Z,-Z,700512,-0.055000000,0.0,-0.055000000
5432,-Z,-Z,700592,-0.056000000,0.0,-0.056000000
5433,-Z,-Z,700671,-0.056000000,0.0,-0.056000000
5434,-Z,-Z,700751,-0.052000000,0.0,-0.052000000
5435,-Z,-Z,700832,-0.055000000,0.0,-0.055000000
5436,-Z,-Z,700911,-0.053000000,0.0,-0.053000000
5437,-Z,-Z,700991,-0.053000000,0.0,-0.053000000
5438,-Z,-Z,701072,-0.052000000,0.0,-0.052000000
5439,-Z,-Z,701152,-0.055000000,0.0,-0.055000000
5440,-Z,-Z,701231,-0.052000000,0.0,-0.052000000
5441,-Z,-Z,701311,-0.064000000,0.0,-0.064000000
5442,-Z,-Z,701392,-0.058000000,0.0,-0.058000000
5443,-Z,-Z,701471,-0.049000000,0.0,-0.049000000
5444,-Z,-Z,701551,-0.049000000,0.0,-0.049000000
5445,-Z,-Z,701632,-0.050000000,0.0,-0.050000000
5446,-Z,-Z,701711,-0.057000000,0.0,-0.057000000
5447,-Z,-Z,701791,-0.056000000,0.0,-0.056000000
5448,-Z,-Z,701872,-0.055000000,0.0,-0.055000000
5449,-Z,-Z,701952,-0.053000000,0.0,-0.053000000
5450,-Z,-Z,702031,-0.060000000,0.0,-0.060000000
5451,-Z,-Z,702111,-0.056000000,0.0,-0.056000000
5452,-Z,-Z,702192,-0.052000000,0.0,-0.052000000
5453,-Z,-Z,702271,-0.055000000,0.0,-0.055000000
5454,-Z,-Z,702351,-0.056000000,0.0,-0.056000000
5455,-Z,-Z,702432,-0.052000000,0.0,-0.052000000
5456,-Z,-Z,702512,-0.052000000,0.0,-0.052000000
5457,-Z,-Z,702591,-0.052000000,0.0,-0.052000000
5458,-Z,-Z,702671,-0.063000000,0.0,-0.063000000
5459,-Z,-Z,702752,-0.055000000,0.0,-0.055000000
5460,-Z,-Z,702831,-0.055000000,0.0,-0.055000000
5461,-Z,-Z,702911,-0.053000000,0.0,-0.053000000
5462,-Z,-Z,702992,-0.050000000,0.0,-0.050000000
5463,-Z,-Z,703072,-0.052000000,0.0,-0.052000000
5464,-Z,-Z,703151,-0.056000000,0.0,-0.056000000
5465,-Z,-Z,703231,-0.058000000,0.0,-0.058000000
5466,-Z,-Z,703312,-0.061000000,0.0,-0.061000000
5467,-Z,-Z,703391,-0.057000000,0.0,-0.057000000
5468,-Z,-Z,703471,-0.057000000,0.0,-0.057000000
5469,-Z,-Z,703552,-0.057000000,0.0,-0.057000000
5470,-Z,-Z,703631,-0.057000000,0.0,-0.057000000
5471,-Z,-Z,703711,-0.056000000,0.0,-0.056000000
5472,-Z,-Z,703792,-0.057000000,0.0,-0.057000000
5473,-Z,-Z,703872,-0.052000000,0.0,-0.052000000
5474,-Z,-Z,703951,-0.049000000,0.0,-0.049000000
5475,-Z,-Z,704031,-0.055000000,0.0,-0.055000000
5476,-Z,-Z,704112,-0.055000000,0.0,-0.055000000
5477,-Z,-Z,704191,-0.058000000,0.0,-0.058000000
5478,-Z,-Z,704271,-0.057000000,0.0,-0.057000000
5479,-Z,-Z,704352,-0.055000000,0.0,-0.055000000
5480,-Z,-Z,704432,-0.056000000,0.0,-0.056000000
5481,-Z,-Z,704511,-0.053000000,0.0,-0.053000000
5482,-Z,-Z,704592,-0.049000000,0.0,-0.049000000
5483,-Z,-Z,704672,-0.049000000,0.0,-0.049000000
5484,-Z,-Z,704751,-0.053000000,0.0,-0.053000000
5485,-Z,-Z,704831,-0.060000000,0.0,-0.060000000
5486,-Z,-Z,704912,-0.060000000,0.0,-0.060000000
5487,-Z,-Z,704991,-0.056000000,0.0,-0.056000000
5488,-Z,-Z,705071,-0.052000000,0.0,-0.052000000
5489,-Z,-Z,705152,-0.057000000,0.0,-0.057000000
5490,-Z,-Z,705232,-0.055000000,0.0,-0.055000000
5491,-Z,-Z,705311,-0.057000000,0.0,-0.057000000
5492,-Z,-Z,705391,-0.055000000,0.0,-0.055000000
5493,-Z,-Z,705472,-0.057000000,0.0,-0.057000000
5494,-Z,-Z,705551,-0.050000000,0.0,-0.050000000
5495,-Z,-Z,705631,-0.052000000,0.0,-0.052000000
5496,-Z,-Z,705712,-0.052000000,0.0,-0.052000000
5497,-Z,-Z,705792,-0.052000000,0.0,-0.052000000
5498,-Z,-Z,705871,-0.057000000,0.0,-0.057000000
5499,-Z,-Z,705951,-0.056000000,0.0,-0.056000000
5500,-Z,-Z,706032,-0.052000000,0.0,-0.052000000
5501,-Z,-Z,706111,-0.055000000,0.0,-0.055000000
5502,-Z,-Z,706191,-0.057000000,0.0,-0.057000000
5503,-Z,-Z,706272,-0.056000000,0.0,-0.056000000
5504,-Z,-Z,706352,-0.055000000,0.0,-0.055000000
5505,-Z,-Z,706431,-0.045000000,0.0,-0.045000000
5506,-Z,-Z,706511,-0.055000000,0.0,-0.055000000
5507,-Z,-Z,706592,-0.050000000,0.0,-0.050000000
5508,-Z,-Z,706671,-0.052000000,0.0,-0.052000000
5509,-Z,-Z,706751,-0.052000000,0.0,-0.052000000
5510,-Z,-Z,706832,-0.052000000,0.0,-0.052000000
5511,-Z,-Z,706912,-0.052000000,0.0,-0.052000000
5512,-Z,-Z,706991,-0.056000000,0.0,-0.056000000
5513,-Z,-Z,707071,-0.057000000,0.0,-0.057000000
5514,-Z,-Z,707152,-0.055000000,0.0,-0.055000000
5515,-Z,-Z,707231,-0.061000000,0.0,-0.061000000
5516,-Z,-Z,707311,-0.055000000,0.0,-0.055000000
5517,-Z,-Z,707392,-0.057000000,0.0,-0.057000000
5518,-Z,-Z,707471,-0.055000000,0.0,-0.055000000
5519,-Z,-Z,707551,-0.055000000,0.0,-0.055000000
5520,-Z,-Z,707632,-0.056000000,0.0,-0.056000000
5521,-Z,-Z,707712,-0.063000000,0.0,-0.063000000
5522,-Z,-Z,707791,-0.063000000,0.0,-0.063000000
5523,-Z,-Z,707871,-0.050000000,0.0,-0.050000000
5524,-Z,-Z,707952,-0.050000000,0.0,-0.050000000
5525,-Z,-Z,708031,-0.052000000,0.0,-0.052000000
5526,-Z,-Z,708111,-0.056000000,0.0,-0.056000000
5527,-Z,-Z,708192,-0.057000000,0.0,-0.057000000
5528,-Z,-Z,708272,-0.057000000,0.0,-0.057000000
5529,-Z,-Z,708351,-0.057000000,0.0,-0.057000000
5530,-Z,-Z,708431,-0.057000000,0.0,-0.057000000
5531,-Z,-Z,708512,-0.049000000,0.0,-0.049000000
5532,-Z,-Z,708591,-0.057000000,0.0,-0.057000000
5533,-Z,-Z,708671,-0.057000000,0.0,-0.057000000
5534,-Z,-Z,708752,-0.057000000,0.0,-0.057000000
5535,-Z,-Z,708832,-0.056000000,0.0,-0.056000000
5536,-Z,-Z,708911,-0.053000000,0.0,-0.053000000
5537,-Z,-Z,708991,-0.053000000,0.0,-0.053000000
5538,-Z,-Z,709072,-0.055000000,0.0,-0.055000000
5539,-Z,-Z,709151,-0.052000000,0.0,-0.052000000
5540,-Z,-Z,709231,-0.057000000,0.0,-0.057000000
5541,-Z,-Z,709312,-0.065000000,0.0,-0.065000000
5542,-Z,-Z,709391,-0.055000000,0.0,-0.055000000
5543,-Z,-Z,709471,-0.056000000,0.0,-0.056000000
5544,-Z,-Z,709552,-0.051000000,0.0,-0.051000000
5545,-Z,-Z,709632,-0.055000000,0.0,-0.055000000
5546,-Z,-Z,709711,-0.056000000,0.0,-0.056000000
5547,-Z,-Z,709791,-0.056000000,0.0,-0.056000000
5548,-Z,-Z,709872,-0.055000000,0.0,-0.055000000
5549,-Z,-Z,709951,-0.049000000,0.0,-0.049000000
5550,-Z,-Z,710031,-0.057000000,0.0,-0.057000000
5551,-Z,-Z,710112,-0.056000000,0.0,-0.056000000
5552,-Z,-Z,710192,-0.061000000,0.0,-0.061000000
5553,-Z,-Z,710271,-0.057000000,0.0,-0.057000000
5554,-Z,-Z,710351,-0.055000000,0.0,-0.055000000
5555,-Z,-Z,710432,-0.057000000,0.0,-0.057000000
5556,-Z,-Z,710511,-0.055000000,0.0,-0.055000000
5557,-Z,-Z,710591,-0.056000000,0.0,-0.056000000
5558,-Z,-Z,710672,-0.055000000,0.0,-0.055000000
5559,-Z,-Z,710752,-0.056000000,0.0,-0.056000000
5560,-Z,-Z,710831,-0.056000000,0.0,-0.056000000
5561,-Z,-Z,710911,-0.048000000,0.0,-0.048000000
5562,-Z,-Z,710992,-0.056000000,0.0,-0.056000000
5563,-Z,-Z,711071,-0.052000000,0.0,-0.052000000
5564,-Z,-Z,711151,-0.056000000,0.0,-0.056000000
5565,-Z,-Z,711232,-0.050000000,0.0,-0.050000000
5566,-Z,-Z,711312,-0.055000000,0.0,-0.055000000
5567,-Z,-Z,711391,-0.055000000,0.0,-0.055000000
5568,-Z,-Z,711471,-0.053000000,0.0,-0.053000000
5569,-Z,-Z,711552,-0.052000000,0.0,-0.052000000
5570,-Z,-Z,711631,-0.061000000,0.0,-0.061000000
5571,-Z,-Z,711711,-0.055000000,0.0,-0.055000000
5572,-Z,-Z,711792,-0.052000000,0.0,-0.052000000
5573,-Z,-Z,711871,-0.052000000,0.0,-0.052000000
5574,-Z,-Z,711951,-0.042000000,0.0,-0.042000000
5575,-Z,-Z,712032,-0.055000000,0.0,-0.055000000
5576,-Z,-Z,712112,-0.052000000,0.0,-0.052000000
5577,-Z,-Z,712191,-0.055000000,0.0,-0.055000000
5578,-Z,-Z,712271,-0.055000000,0.0,-0.055000000
5579,-Z,-Z,712352,-0.053000000,0.0,-0.053000000
5580,-Z,-Z,712431,-0.057000000,0.0,-0.057000000
5581,-Z,-Z,712511,-0.055000000,0.0,-0.055000000
5582,-Z,-Z,712592,-0.052000000,0.0,-0.052000000
5583,-Z,-Z,712671,-0.052000000,0.0,-0.052000000
5584,-Z,-Z,712751,-0.053000000,0.0,-0.053000000
5585,-Z,-Z,712832,-0.056000000,0.0,-0.056000000
5586,-Z,-Z,712912,-0.056000000,0.0,-0.056000000
5587,-Z,-Z,712991,-0.052000000,0.0,-0.052000000
5588,-Z,-Z,713071,-0.056000000,0.0,-0.056000000
5589,-Z,-Z,713152,-0.057000000,0.0,-0.057000000
5590,-Z,-Z,713231,-0.055000000,0.0,-0.055000000
5591,-Z,-Z,713311,-0.056000000,0.0,-0.056000000
5592,-Z,-Z,713392,-0.055000000,0.0,-0.055000000
5593,-Z,-Z,713471,-0.049000000,0.0,-0.049000000
5594,-Z,-Z,713551,-0.052000000,0.0,-0.052000000
5595,-Z,-Z,713632,-0.055000000,0.0,-0.055000000
5596,-Z,-Z,713712,-0.049000000,0.0,-0.049000000
5597,-Z,-Z,713791,-0.052000000,0.0,-0.052000000
5598,-Z,-Z,713871,-0.056000000,0.0,-0.056000000
5599,-Z,-Z,713952,-0.056000000,0.0,-0.056000000
5600,-Z,-Z,714031,-0.053000000,0.0,-0.053000000
5601,-Z,-Z,714111,-0.049000000,0.0,-0.049000000
5602,-Z,-Z,714192,-0.052000000,0.0,-0.052000000
5603,-Z,-Z,714272,-0.055000000,0.0,-0.055000000
5604,-Z,-Z,714351,-0.052000000,0.0,-0.052000000
5605,-Z,-Z,714431,-0.050000000,0.0,-0.050000000
5606,-Z,-Z,714512,-0.052000000,0.0,-0.052000000
5607,-Z,-Z,714591,-0.052000000,0.0,-0.052000000
5608,-Z,-Z,714671,-0.056000000,0.0,-0.056000000
5609,-Z,-Z,714752,-0.056000000,0.0,-0.056000000
5610,-Z,-Z,714832,-0.056000000,0.0,-0.056000000
5611,-Z,-Z,714911,-0.048000000,0.0,-0.048000000
5612,-Z,-Z,714991,-0.048000000,0.0,-0.048000000
5613,-Z,-Z,715072,-0.059000000,0.0,-0.059000000
5614,-Z,-Z,715151,-0.055000000,0.0,-0.055000000
5615,-Z,-Z,715231,-0.057000000,0.0,-0.057000000
5616,-Z,-Z,715312,-0.056000000,0.0,-0.056000000
5617,-Z,-Z,715392,-0.063000000,0.0,-0.063000000
5618,-Z,-Z,715471,-0.056000000,0.0,-0.056000000
5619,-Z,-Z,715551,-0.056000000,0.0,-0.056000000
5620,-Z,-Z,715632,-0.057000000,0.0,-0.057000000
5621,-Z,-Z,715711,-0.057000000,0.0,-0.057000000
5622,-Z,-Z,715791,-0.056000000,0.0,-0.056000000
5623,-Z,-Z,715872,-0.056000000,0.0,-0.056000000
5624,-Z,-Z,715951,-0.056000000,0.0,-0.056000000
5625,-Z,-Z,716031,-0.052000000,0.0,-0.052000000
5626,-Z,-Z,716111,-0.065000000,0.0,-0.065000000
5627,-Z,-Z,716192,-0.057000000,0.0,-0.057000000
5628,-Z,-Z,716271,-0.057000000,0.0,-0.057000000
5629,-Z,-Z,716351,-0.055000000,0.0,-0.055000000
5630,-Z,-Z,716432,-0.056000000,0.0,-0.056000000
5631,-Z,-Z,716511,-0.056000000,0.0,-0.056000000
5632,-Z,-Z,716591,-0.055000000,0.0,-0.055000000
5633,-Z,-Z,716672,-0.057000000,0.0,-0.057000000
5634,-Z,-Z,716752,-0.057000000,0.0,-0.057000000
5635,-Z,-Z,716831,-0.055000000,0.0,-0.055000000
5636,-Z,-Z,716911,-0.057000000,0.0,-0.057000000
5637,-Z,-Z,716992,-0.057000000,0.0,-0.057000000
5638,-Z,-Z,717071,-0.060000000,0.0,-0.060000000
5639,-Z,-Z,717151,-0.058000000,0.0,-0.058000000
5640,-Z,-Z,717232,-0.055000000,0.0,-0.055000000
5641,-Z,-Z,717312,-0.056000000,0.0,-0.056000000
5642,-Z,-Z,717391,-0.057000000,0.0,-0.057000000
5643,-Z,-Z,717471,-0.052000000,0.0,-0.052000000
5644,-Z,-Z,717552,-0.053000000,0.0,-0.053000000
5645,-Z,-Z,717631,-0.061000000,0.0,-0.061000000
5646,-Z,-Z,717711,-0.053000000,0.0,-0.053000000
5647,-Z,-Z,717792,-0.056000000,0.0,-0.056000000
5648,-Z,-Z,717872,-0.045000000,0.0,-0.045000000
5649,-Z,-Z,717951,-0.056000000,0.0,-0.056000000
5650,-Z,-Z,718031,-0.056000000,0.0,-0.056000000
5651,-Z,-Z,718112,-0.055000000,0.0,-0.055000000
5652,-Z,-Z,718191,-0.056000000,0.0,-0.056000000
5653,-Z,-Z,718271,-0.057000000,0.0,-0.057000000
5654,-Z,-Z,718352,-0.056000000,0.0,-0.056000000
5655,-Z,-Z,718432,-0.056000000,0.0,-0.056000000
5656,-Z,-Z,718511,-0.055000000,0.0,-0.055000000
5657,-Z,-Z,718592,-0.052000000,0.0,-0.052000000
5658,-Z,-Z,718672,-0.056000000,0.0,-0.056000000
5659,-Z,-Z,718751,-0.058000000,0.0,-0.058000000
5660,-Z,-Z,718831,-0.052000000,0.0,-0.052000000
5661,-Z,-Z,718912,-0.055000000,0.0,-0.055000000
5662,-Z,-Z,718991,-0.052000000,0.0,-0.052000000
5663,-Z,-Z,719071,-0.052000000,0.0,-0.052000000
5664,-Z,-Z,719152,-0.057000000,0.0,-0.057000000
5665,-Z,-Z,719232,-0.056000000,0.0,-0.056000000
5666,-Z,-Z,719311,-0.053000000,0.0,-0.053000000
5667,-Z,-Z,719391,-0.057000000,0.0,-0.057000000
5668,-Z,-Z,719472,-0.055000000,0.0,-0.055000000
5669,-Z,-Z,719551,-0.057000000,0.0,-0.057000000
5670,-Z,-Z,719631,-0.057000000,0.0,-0.057000000
5671,-Z,-Z,719712,-0.056000000,0.0,-0.056000000
5672,-Z,-Z,719791,-0.058000000,0.0,-0.058000000
5673,-Z,-Z,719871,-0.058000000,0.0,-0.058000000
5674,-Z,-Z,719952,-0.052000000,0.0,-0.052000000
5675,-Z,-Z,720032,-0.052000000,0.0,-0.052000000
5676,-Z,-Z,720111,-0.052000000,0.0,-0.052000000
5677,-Z,-Z,720191,-0.052000000,0.0,-0.052000000
5678,-Z,-Z,720272,-0.057000000,0.0,-0.057000000
5679,-Z,-Z,720351,-0.057000000,0.0,-0.057000000
5680,-Z,-Z,720431,-0.056000000,0.0,-0.056000000
5681,-Z,-Z,720512,-0.056000000,0.0,-0.056000000
5682,-Z,-Z,720592,-0.057000000,0.0,-0.057000000
5683,-Z,-Z,720671,-0.057000000,0.0,-0.057000000
5684,-Z,-Z,720751,-0.057000000,0.0,-0.057000000
5685,-Z,-Z,720832,-0.055000000,0.0,-0.055000000
5686,-Z,-Z,720911,-0.055000000,0.0,-0.055000000
5687,-Z,-Z,720991,-0.057000000,0.0,-0.057000000
5688,-Z,-Z,721072,-0.055000000,0.0,-0.055000000
5689,-Z,-Z,721151,-0.055000000,0.0,-0.055000000
5690,-Z,-Z,721231,-0.051000000,0.0,-0.051000000
5691,-Z,-Z,721312,-0.056000000,0.0,-0.056000000
5692,-Z,-Z,721392,-0.049000000,0.0,-0.049000000
5693,-Z,-Z,721471,-0.061000000,0.0,-0.061000000
5694,-Z,-Z,721551,-0.052000000,0.0,-0.052000000
5695,-Z,-Z,721632,-0.056000000,0.0,-0.056000000
5696,-Z,-Z,721711,-0.053000000,0.0,-0.053000000
5697,-Z,-Z,721791,-0.057000000,0.0,-0.057000000
5698,-Z,-Z,721872,-0.053000000,0.0,-0.053000000
5699,-Z,-Z,721952,-0.057000000,0.0,-0.057000000
5700,-Z,-Z,722031,-0.057000000,0.0,-0.057000000
5701,-Z,-Z,722111,-0.057000000,0.0,-0.057000000
5702,-Z,-Z,722192,-0.058000000,0.0,-0.058000000
5703,-Z,-Z,722271,-0.057000000,0.0,-0.057000000
5704,-Z,-Z,722351,-0.053000000,0.0,-0.053000000
5705,-Z,-Z,722432,-0.053000000,0.0,-0.053000000
5706,-Z,-Z,722511,-0.055000000,0.0,-0.055000000
5707,-Z,-Z,722591,-0.057000000,0.0,-0.057000000
5708,-Z,-Z,722672,-0.056000000,0.0,-0.056000000
5709,-Z,-Z,722752,-0.055000000,0.0,-0.055000000
5710,-Z,-Z,722831,-0.057000000,0.0,-0.057000000
5711,-Z,-Z,722911,-0.044000000,0.0,-0.044000000
5712,-Z,-Z,722992,-0.060000000,0.0,-0.060000000
5713,-Z,-Z,723071,-0.056000000,0.0,-0.056000000
5714,-Z,-Z,723151,-0.056000000,0.0,-0.056000000
5715,-Z,-Z,723232,-0.057000000,0.0,-0.057000000
5716,-Z,-Z,723311,-0.056000000,0.0,-0.056000000
5717,-Z,-Z,723391,-0.056000000,0.0,-0.056000000
5718,-Z,-Z,723472,-0.055000000,0.0,-0.055000000
5719,-Z,-Z,723552,-0.056000000,0.0,-0.056000000
5720,-Z,-Z,723631,-0.056000000,0.0,-0.056000000
5721,-Z,-Z,723711,-0.057000000,0.0,-0.057000000
5722,-Z,-Z,723792,-0.052000000,0.0,-0.052000000
5723,-Z,-Z,723871,-0.052000000,0.0,-0.052000000
5724,-Z,-Z,723951,-0.053000000,0.0,-0.053000000
5725,-Z,-Z,724032,-0.056000000,0.0,-0.056000000
5726,-Z,-Z,724111,-0.057000000,0.0,-0.057000000
5727,-Z,-Z,724191,-0.057000000,0.0,-0.057000000
5728,-Z,-Z,724271,-0.050000000,0.0,-0.050000000
5729,-Z,-Z,724352,-0.055000000,0.0,-0.055000000
5730,-Z,-Z,724431,-0.058000000,0.0,-0.058000000
5731,-Z,-Z,724511,-0.057000000,0.0,-0.057000000
5732,-Z,-Z,724592,-0.057000000,0.0,-0.057000000
5733,-Z,-Z,724671,-0.053000000,0.0,-0.053000000
5734,-Z,-Z,724751,-0.052000000,0.0,-0.052000000
5735,-Z,-Z,724832,-0.057000000,0.0,-0.057000000
5736,-Z,-Z,724912,-0.050000000,0.0,-0.050000000
5737,-Z,-Z,724991,-0.052000000,0.0,-0.052000000
5738,-Z,-Z,725071,-0.055000000,0.0,-0.055000000
5739,-Z,-Z,725152,-0.060000000,0.0,-0.060000000
5740,-Z,-Z,725231,-0.060000000,0.0,-0.060000000
5741,-Z,-Z,725311,-0.058000000,0.0,-0.058000000
5742,-Z,-Z,725392,-0.055000000,0.0,-0.055000000
5743,-Z,-Z,725471,-0.057000000,0.0,-0.057000000
5744,-Z,-Z,725551,-0.055000000,0.0,-0.055000000
5745,-Z,-Z,725632,-0.055000000,0.0,-0.055000000
5746,-Z,-Z,725712,-0.058000000,0.0,-0.058000000
5747,-Z,-Z,725791,-0.055000000,0.0,-0.055000000
5748,-Z,-Z,725871,-0.056000000,0.0,-0.056000000
5749,-Z,-Z,725952,-0.061000000,0.0,-0.061000000
5750,-Z,-Z,726031,-0.057000000,0.0,-0.057000000
5751,-Z,-Z,726111,-0.057000000,0.0,-0.057000000
5752,-Z,-Z,726192,-0.054000000,0.0,-0.054000000
5753,-Z,-Z,726272,-0.054000000,0.0,-0.054000000
5754,-Z,-Z,726351,-0.052000000,0.0,-0.052000000
5755,-Z,-Z,726432,-0.050000000,0.0,-0.050000000
5756,-Z,-Z,726512,-0.053000000,0.0,-0.053000000
5757,-Z,-Z,726591,-0.052000000,0.0,-0.052000000
5758,-Z,-Z,726671,-0.053000000,0.0,-0.053000000
5759,-Z,-Z,726752,-0.056000000,0.0,-0.056000000
5760,-Z,-Z,726831,-0.057000000,0.0,-0.057000000
5761,-Z,-Z,726911,-0.057000000,0.0,-0.057000000
5762,-Z,-Z,726992,-0.053000000,0.0,-0.053000000
5763,-Z,-Z,727072,-0.053000000,0.0,-0.053000000
5764,-Z,-Z,727151,-0.052000000,0.0,-0.052000000
5765,-Z,-Z,727231,-0.052000000,0.0,-0.052000000
5766,-Z,-Z,727312,-0.056000000,0.0,-0.056000000
5767,-Z,-Z,727391,-0.057000000,0.0,-0.057000000
5768,-Z,-Z,727471,-0.055000000,0.0,-0.055000000
5769,-Z,-Z,727552,-0.056000000,0.0,-0.056000000
5770,-Z,-Z,727631,-0.056000000,0.0,-0.056000000
5771,-Z,-Z,727711,-0.061000000,0.0,-0.061000000
5772,-Z,-Z,727792,-0.052000000,0.0,-0.052000000
5773,-Z,-Z,727872,-0.055000000,0.0,-0.055000000
5774,-Z,-Z,727951,-0.052000000,0.0,-0.052000000
5775,-Z,-Z,728031,-0.055000000,0.0,-0.055000000
5776,-Z,-Z,728112,-0.055000000,0.0,-0.055000000
5777,-Z,-Z,728191,-0.055000000,0.0,-0.055000000
5778,-Z,-Z,728271,-0.055000000,0.0,-0.055000000
5779,-Z,-Z,728352,-0.055000000,0.0,-0.055000000
5780,-Z,-Z,728432,-0.055000000,0.0,-0.055000000
5781,-Z,-Z,728511,-0.057000000,0.0,-0.057000000
5782,-Z,-Z,728591,-0.057000000,0.0,-0.057000000
5783,-Z,-Z,728672,-0.057000000,0.0,-0.057000000
5784,-Z,-Z,728751,-0.056000000,0.0,-0.056000000
5785,-Z,-Z,728831,-0.056000000,0.0,-0.056000000
5786,-Z,-Z,728912,-0.056000000,0.0,-0.056000000
5787,-Z,-Z,728992,-0.056000000,0.0,-0.056000000
5788,-Z,-Z,729071,-0.052000000,0.0,-0.052000000
5789,-Z,-Z,729152,-0.057000000,0.0,-0.057000000
5790,-Z,-Z,729232,-0.050000000,0.0,-0.050000000
5791,-Z,-Z,729311,-0.050000000,0.0,-0.050000000
5792,-Z,-Z,729391,-0.055000000,0.0,-0.055000000
5793,-Z,-Z,729472,-0.058000000,0.0,-0.058000000
5794,-Z,-Z,729551,-0.057000000,0.0,-0.057000000
5795,-Z,-Z,729631,-0.057000000,0.0,-0.057000000
5796,-Z,-Z,729712,-0.057000000,0.0,-0.057000000
5797,-Z,-Z,729792,-0.057000000,0.0,-0.057000000
5798,-Z,-Z,729871,-0.050000000,0.0,-0.050000000
5799,-Z,-Z,729951,-0.050000000,0.0,-0.050000000
5800,-Z,-Z,730032,-0.056000000,0.0,-0.056000000
5801,-Z,-Z,730111,-0.052000000,0.0,-0.052000000
5802,-Z,-Z,730191,-0.056000000,0.0,-0.056000000
5803,-Z,-Z,730272,-0.050000000,0.0,-0.050000000
5804,-Z,-Z,730351,-0.050000000,0.0,-0.050000000
5805,-Z,-Z,730431,-0.052000000,0.0,-0.052000000
5806,-Z,-Z,730512,-0.054000000,0.0,-0.054000000
5807,-Z,-Z,730592,-0.057000000,0.0,-0.057000000
5808,-Z,-Z,730671,-0.053000000,0.0,-0.053000000
5809,-Z,-Z,730752,-0.056000000,0.0,-0.056000000
5810,-Z,-Z,730832,-0.061000000,0.0,-0.061000000
5811,-Z,-Z,730911,-0.057000000,0.0,-0.057000000
5812,-Z,-Z,730991,-0.052000000,0.0,-0.052000000
5813,-Z,-Z,731072,-0.056000000,0.0,-0.056000000
5814,-Z,-Z,731151,-0.052000000,0.0,-0.052000000
5815,-Z,-Z,731231,-0.057000000,0.0,-0.057000000
5816,-Z,-Z,731312,-0.057000000,0.0,-0.057000000
5817,-Z,-Z,731392,-0.057000000,0.0,-0.057000000
5818,-Z,-Z,731471,-0.052000000,0.0,-0.052000000
5819,-Z,-Z,731551,-0.053000000,0.0,-0.053000000
5820,-Z,-Z,731632,-0.055000000,0.0,-0.055000000
5821,-Z,-Z,731711,-0.054000000,0.0,-0.054000000
5822,-Z,-Z,731791,-0.053000000,0.0,-0.053000000
5823,-Z,-Z,731872,-0.057000000,0.0,-0.057000000
5824,-Z,-Z,731951,-0.053000000,0.0,-0.053000000
5825,-Z,-Z,732031,-0.057000000,0.0,-0.057000000
5826,-Z,-Z,732112,-0.055000000,0.0,-0.055000000
5827,-Z,-Z,732192,-0.055000000,0.0,-0.055000000
5828,-Z,-Z,732271,-0.052000000,0.0,-0.052000000
5829,-Z,-Z,732351,-0.052000000,0.0,-0.052000000
5830,-Z,-Z,732432,-0.052000000,0.0,-0.052000000
5831,-Z,-Z,732511,-0.056000000,0.0,-0.056000000
5832,-Z,-Z,732591,-0.052000000,0.0,-0.052000000
5833,-Z,-Z,732672,-0.056000000,0.0,-0.056000000
5834,-Z,-Z,732752,-0.057000000,0.0,-0.057000000
5835,-Z,-Z,732831,-0.052000000,0.0,-0.052000000
5836,-Z,-Z,732911,-0.050000000,0.0,-0.050000000
5837,-Z,-Z,732992,-0.052000000,0.0,-0.052000000
5838,-Z,-Z,733071,-0.057000000,0.0,-0.057000000
5839,-Z,-Z,733151,-0.057000000,0.0,-0.057000000
5840,-Z,-Z,733232,-0.052000000,0.0,-0.052000000
5841,-Z,-Z,733311,-0.055000000,0.0,-0.055000000
5842,-Z,-Z,733391,-0.055000000,0.0,-0.055000000
5843,-Z,-Z,733472,-0.058000000,0.0,-0.058000000
5844,-Z,-Z,733552,-0.055000000,0.0,-0.055000000
5845,-Z,-Z,733631,-0.057000000,0.0,-0.057000000
5846,-Z,-Z,733711,-0.052000000,0.0,-0.052000000
5847,-Z,-Z,733792,-0.056000000,0.0,-0.056000000
5848,-Z,-Z,733871,-0.052000000,0.0,-0.052000000
5849,-Z,-Z,733951,-0.057000000,0.0,-0.057000000
5850,-Z,-Z,734032,-0.052000000,0.0,-0.052000000
5851,-Z,-Z,734111,-0.063000000,0.0,-0.063000000
5852,-Z,-Z,734191,-0.055000000,0.0,-0.055000000
5853,-Z,-Z,734271,-0.057000000,0.0,-0.057000000
5854,-Z,-Z,734352,-0.056000000,0.0,-0.056000000
5855,-Z,-Z,734431,-0.056000000,0.0,-0.056000000
5856,-Z,-Z,734511,-0.048000000,0.0,-0.048000000
5857,-Z,-Z,734592,-0.061000000,0.0,-0.061000000
5858,-Z,-Z,734671,-0.052000000,0.0,-0.052000000
5859,-Z,-Z,734751,-0.050000000,0.0,-0.050000000
5860,-Z,-Z,734831,-0.056000000,0.0,-0.056000000
5861,-Z,-Z,734912,-0.052000000,0.0,-0.052000000
5862,-Z,-Z,734991,-0.056000000,0.0,-0.056000000
5863,-Z,-Z,735071,-0.057000000,0.0,-0.057000000
5864,-Z,-Z,735152,-0.055000000,0.0,-0.055000000
5865,-Z,-Z,735231,-0.052000000,0.0,-0.052000000
5866,-Z,-Z,735311,-0.052000000,0.0,-0.052000000
5867,-Z,-Z,735392,-0.063000000,0.0,-0.063000000
5868,-Z,-Z,735472,-0.063000000,0.0,-0.063000000
5869,-Z,-Z,735551,-0.055000000,0.0,-0.055000000
5870,-Z,-Z,735631,-0.052000000,0.0,-0.052000000
5871,-Z,-Z,735712,-0.056000000,0.0,-0.056000000
5872,-Z,-Z,735791,-0.056000000,0.0,-0.056000000
5873,-Z,-Z,735871,-0.057000000,0.0,-0.057000000
5874,-Z,-Z,735952,-0.061000000,0.0,-0.061000000
5875,-Z,-Z,736032,-0.053000000,0.0,-0.053000000
5876,-Z,-Z,736111,-0.052000000,0.0,-0.052000000
5877,-Z,-Z,736191,-0.056000000,0.0,-0.056000000
5878,-Z,-Z,736272,-0.057000000,0.0,-0.057000000
5879,-Z,-Z,736351,-0.057000000,0.0,-0.057000000
5880,-Z,-Z,736431,-0.057000000,0.0,-0.057000000
5881,-Z,-Z,736512,-0.064000000,0.0,-0.064000000
5882,-Z,-Z,736592,-0.057000000,0.0,-0.057000000
5883,-Z,-Z,736671,-0.056000000,0.0,-0.056000000
5884,-Z,-Z,736751,-0.056000000,0.0,-0.056000000
5885,-Z,-Z,736832,-0.052000000,0.0,-0.052000000
5886,-Z,-Z,736911,-0.052000000,0.0,-0.052000000
5887,-Z,-Z,736991,-0.057000000,0.0,-0.057000000
5888,-Z,-Z,737072,-0.055000000,0.0,-0.055000000
5889,-Z,-Z,737151,-0.053000000,0.0,-0.053000000
5890,-Z,-Z,737231,-0.057000000,0.0,-0.057000000
5891,-Z,-Z,737312,-0.053000000,0.0,-0.053000000
5892,-Z,-Z,737392,-0.057000000,0.0,-0.057000000
5893,-Z,-Z,737471,-0.057000000,0.0,-0.057000000
5894,-Z,-Z,737551,-0.064000000,0.0,-0.064000000
5895,-Z,-Z,737632,-0.052000000,0.0,-0.052000000
5896,-Z,-Z,737711,-0.057000000,0.0,-0.057000000
5897,-Z,-Z,737791,-0.052000000,0.0,-0.052000000
5898,-Z,-Z,737872,-0.053000000,0.0,-0.053000000
5899,-Z,-Z,737951,-0.052000000,0.0,-0.052000000
5900,-Z,-Z,738031,-0.057000000,0.0,-0.057000000
5901,-Z,-Z,738112,-0.057000000,0.0,-0.057000000
5902,-Z,-Z,738192,-0.055000000,0.0,-0.055000000
5903,-Z,-Z,738271,-0.061000000,0.0,-0.061000000
5904,-Z,-Z,738351,-0.056000000,0.0,-0.056000000
5905,-Z,-Z,738432,-0.053000000,0.0,-0.053000000
5906,-Z,-Z,738511,-0.053000000,0.0,-0.053000000
5907,-Z,-Z,738591,-0.061000000,0.0,-0.061000000
5908,-Z,-Z,738672,-0.056000000,0.0,-0.056000000
5909,-Z,-Z,738752,-0.058000000,0.0,-0.058000000
5910,-Z,-Z,738831,-0.057000000,0.0,-0.057000000
5911,-Z,-Z,738912,-0.052000000,0.0,-0.052000000
5912,-Z,-Z,738992,-0.052000000,0.0,-0.052000000
5913,-Z,-Z,739071,-0.057000000,0.0,-0.057000000
5914,-Z,-Z,739151,-0.061000000,0.0,-0.061000000
5915,-Z,-Z,739232,-0.057000000,0.0,-0.057000000
5916,-Z,-Z,739311,-0.056000000,0.0,-0.056000000
5917,-Z,-Z,739391,-0.057000000,0.0,-0.057000000
5918,-Z,-Z,739472,-0.057000000,0.0,-0.057000000
5919,-Z,-Z,739552,-0.060000000,0.0,-0.060000000
5920,-Z,-Z,739631,-0.053000000,0.0,-0.053000000
5921,-Z,-Z,739711,-0.060000000,0.0,-0.060000000
5922,-Z,-Z,739792,-0.057000000,0.0,-0.057000000
5923,-Z,-Z,739871,-0.052000000,0.0,-0.052000000
5924,-Z,-Z,739951,-0.057000000,0.0,-0.057000000
5925,-Z,-Z,740032,-0.055000000,0.0,-0.055000000
5926,-Z,-Z,740111,-0.061000000,0.0,-0.061000000
5927,-Z,-Z,740191,-0.052000000,0.0,-0.052000000
5928,-Z,-Z,740272,-0.057000000,0.0,-0.057000000
5929,-Z,-Z,740352,-0.052000000,0.0,-0.052000000
5930,-Z,-Z,740431,-0.057000000,0.0,-0.057000000
5931,-Z,-Z,740511,-0.057000000,0.0,-0.057000000
5932,-Z,-Z,740592,-0.052000000,0.0,-0.052000000
5933,-Z,-Z,740671,-0.056000000,0.0,-0.056000000
5934,-Z,-Z,740751,-0.052000000,0.0,-0.052000000
5935,-Z,-Z,740832,-0.052000000,0.0,-0.052000000
5936,-Z,-Z,740912,-0.050000000,0.0,-0.050000000
5937,-Z,-Z,740991,-0.055000000,0.0,-0.055000000
5938,-Z,-Z,741071,-0.057000000,0.0,-0.057000000
5939,-Z,-Z,741152,-0.061000000,0.0,-0.061000000
5940,-Z,-Z,741231,-0.060000000,0.0,-0.060000000
5941,-Z,-Z,741311,-0.056000000,0.0,-0.056000000
5942,-Z,-Z,741392,-0.057000000,0.0,-0.057000000
5943,-Z,-Z,741472,-0.053000000,0.0,-0.053000000
5944,-Z,-Z,741551,-0.053000000,0.0,-0.053000000
5945,-Z,-Z,741631,-0.063000000,0.0,-0.063000000
5946,-Z,-Z,741712,-0.057000000,0.0,-0.057000000
5947,-Z,-Z,741791,-0.061000000,0.0,-0.061000000
5948,-Z,-Z,741871,-0.055000000,0.0,-0.055000000
5949,-Z,-Z,741952,-0.057000000,0.0,-0.057000000
5950,-Z,-Z,742031,-0.052000000,0.0,-0.052000000
5951,-Z,-Z,742111,-0.055000000,0.0,-0.055000000
5952,-Z,-Z,742192,-0.052000000,0.0,-0.052000000
5953,-Z,-Z,742272,-0.052000000,0.0,-0.052000000
5954,-Z,-Z,742351,-0.049000000,0.0,-0.049000000
5955,-Z,-Z,742431,-0.053000000,0.0,-0.053000000
5956,-Z,-Z,742512,-0.055000000,0.0,-0.055000000
5957,-Z,-Z,742591,-0.055000000,0.0,-0.055000000
5958,-Z,-Z,742671,-0.057000000,0.0,-0.057000000
5959,-Z,-Z,742752,-0.055000000,0.0,-0.055000000
5960,-Z,-Z,742832,-0.057000000,0.0,-0.057000000
5961,-Z,-Z,742911,-0.056000000,0.0,-0.056000000
5962,-Z,-Z,742992,-0.055000000,0.0,-0.055000000
5963,-Z,-Z,743072,-0.053000000,0.0,-0.053000000
5964,-Z,-Z,743151,-0.050000000,0.0,-0.050000000
5965,-Z,-Z,743231,-0.052000000,0.0,-0.052000000
5966,-Z,-Z,743312,-0.055000000,0.0,-0.055000000
5967,-Z,-Z,743391,-0.060000000,0.0,-0.060000000
5968,-Z,-Z,743471,-0.057000000,0.0,-0.057000000
5969,-Z,-Z,743552,-0.057000000,0.0,-0.057000000
5970,-Z,-Z,743632,-0.058000000,0.0,-0.058000000
5971,-Z,-Z,743711,-0.057000000,0.0,-0.057000000
5972,-Z,-Z,743791,-0.055000000,0.0,-0.055000000
5973,-Z,-Z,743872,-0.055000000,0.0,-0.055000000
5974,-Z,-Z,743951,-0.056000000,0.0,-0.056000000
5975,-Z,-Z,744031,-0.055000000,0.0,-0.055000000
5976,-Z,-Z,744112,-0.055000000,0.0,-0.055000000
5977,-Z,-Z,744192,-0.048000000,0.0,-0.048000000
5978,-Z,-Z,744271,-0.055000000,0.0,-0.055000000
5979,-Z,-Z,744351,-0.052000000,0.0,-0.052000000
5980,-Z,-Z,744432,-0.052000000,0.0,-0.052000000
5981,-Z,-Z,744511,-0.058000000,0.0,-0.058000000
5982,-Z,-Z,744591,-0.058000000,0.0,-0.058000000
5983,-Z,-Z,744672,-0.059000000,0.0,-0.059000000
5984,-Z,-Z,744751,-0.055000000,0.0,-0.055000000
5985,-Z,-Z,744831,-0.058000000,0.0,-0.058000000
5986,-Z,-Z,744912,-0.052000000,0.0,-0.052000000
5987,-Z,-Z,744992,-0.053000000,0.0,-0.053000000
5988,-Z,-Z,745071,-0.052000000,0.0,-0.052000000
5989,-Z,-Z,745151,-0.058000000,0.0,-0.058000000
5990,-Z,-Z,745232,-0.056000000,0.0,-0.056000000
5991,-Z,-Z,745311,-0.055000000,0.0,-0.055000000
5992,-Z,-Z,745391,-0.057000000,0.0,-0.057000000
5993,-Z,-Z,745472,-0.055000000,0.0,-0.055000000
5994,-Z,-Z,745552,-0.052000000,0.0,-0.052000000
5995,-Z,-Z,745631,-0.052000000,0.0,-0.052000000
5996,-Z,-Z,745711,-0.057000000,0.0,-0.057000000
5997,-Z,-Z,745792,-0.057000000,0.0,-0.057000000
5998,-Z,-Z,745871,-0.057000000,0.0,-0.057000000
5999,-Z,-Z,745951,-0.057000000,0.0,-0.057000000
