sample_index,original_orientation,orientation,time_ms,calibrated_z_g,ideal_z_g,signed_error_g
0,+X,-Y,53073,-0.010839411,0.0,-0.010839411
1,+X,-Y,53152,-0.003951935,0.0,-0.003951935
2,+X,-Y,53233,-0.003951935,0.0,-0.003951935
3,+X,-Y,53312,-0.003951935,0.0,-0.003951935
4,+X,-Y,53393,-0.008871561,0.0,-0.008871561
5,+X,-Y,53472,-0.019694737,0.0,-0.019694737
6,+X,-Y,53552,-0.010839411,0.0,-0.010839411
7,+X,-Y,53633,-0.007887636,0.0,-0.007887636
8,+X,-Y,53712,-0.010839411,0.0,-0.010839411
9,+X,-Y,53793,-0.003951935,0.0,-0.003951935
10,+X,-Y,53872,-0.008871561,0.0,-0.008871561
11,+X,-Y,53953,-0.006903711,0.0,-0.006903711
12,+X,-Y,54032,-0.001000160,0.0,-0.001000160
13,+X,-Y,54112,-0.007887636,0.0,-0.007887636
14,+X,-Y,54192,0.000967690,0.0,0.000967690
15,+X,-Y,54272,0.000967690,0.0,0.000967690
16,+X,-Y,54352,-0.003951935,0.0,-0.003951935
17,+X,-Y,54432,-0.014775112,0.0,-0.014775112
18,+X,-Y,54513,-0.019694737,0.0,-0.019694737
19,+X,-Y,54592,-0.007887636,0.0,-0.007887636
20,+X,-Y,54673,-0.007887636,0.0,-0.007887636
21,+X,-Y,54752,-0.006903711,0.0,-0.006903711
22,+X,-Y,54833,-0.005919786,0.0,-0.005919786
23,+X,-Y,54912,-0.003951935,0.0,-0.003951935
24,+X,-Y,54992,-0.007887636,0.0,-0.007887636
25,+X,-Y,55072,-0.010839411,0.0,-0.010839411
26,+X,-Y,55152,-0.007887636,0.0,-0.007887636
27,+X,-Y,55233,-0.007887636,0.0,-0.007887636
28,+X,-Y,55312,-0.008871561,0.0,-0.008871561
29,+X,-Y,55393,-0.010839411,0.0,-0.010839411
30,+X,-Y,55472,-0.010839411,0.0,-0.010839411
31,+X,-Y,55553,-0.006903711,0.0,-0.006903711
32,+X,-Y,55632,-0.010839411,0.0,-0.010839411
33,+X,-Y,55712,-0.000016235,0.0,-0.000016235
34,+X,-Y,55792,-0.001000160,0.0,-0.001000160
35,+X,-Y,55872,-0.011823336,0.0,-0.011823336
36,+X,-Y,55953,-0.007887636,0.0,-0.007887636
37,+X,-Y,56032,-0.005919786,0.0,-0.005919786
38,+X,-Y,56113,-0.008871561,0.0,-0.008871561
39,+X,-Y,56192,-0.002968010,0.0,-0.002968010
40,+X,-Y,56273,-0.002968010,0.0,-0.002968010
41,+X,-Y,56352,-0.014775112,0.0,-0.014775112
42,+X,-Y,56432,-0.014775112,0.0,-0.014775112
43,+X,-Y,56513,-0.007887636,0.0,-0.007887636
44,+X,-Y,56592,0.000967690,0.0,0.000967690
45,+X,-Y,56673,-0.010839411,0.0,-0.010839411
46,+X,-Y,56752,-0.010839411,0.0,-0.010839411
47,+X,-Y,56833,-0.000016235,0.0,-0.000016235
48,+X,-Y,56912,-0.011823336,0.0,-0.011823336
49,+X,-Y,56992,-0.011823336,0.0,-0.011823336
50,+X,-Y,57072,-0.007887636,0.0,-0.007887636
51,+X,-Y,57152,0.003919466,0.0,0.003919466
52,+X,-Y,57233,0.003919466,0.0,0.003919466
53,+X,-Y,57312,-0.000016235,0.0,-0.000016235
54,+X,-Y,57393,0.006871241,0.0,0.006871241
55,+X,-Y,57472,-0.007887636,0.0,-0.007887636
56,+X,-Y,57553,-0.008871561,0.0,-0.008871561
57,+X,-Y,57632,0.000967690,0.0,0.000967690
58,+X,-Y,57713,-0.006903711,0.0,-0.006903711
59,+X,-Y,57792,-0.005919786,0.0,-0.005919786
60,+X,-Y,57872,-0.010839411,0.0,-0.010839411
61,+X,-Y,57953,-0.007887636,0.0,-0.007887636
62,+X,-Y,58032,-0.008871561,0.0,-0.008871561
63,+X,-Y,58113,-0.007887636,0.0,-0.007887636
64,+X,-Y,58192,-0.007887636,0.0,-0.007887636
65,+X,-Y,58273,-0.008871561,0.0,-0.008871561
66,+X,-Y,58352,-0.003951935,0.0,-0.003951935
67,+X,-Y,58433,-0.006903711,0.0,-0.006903711
68,+X,-Y,58512,-0.010839411,0.0,-0.010839411
69,+X,-Y,58593,-0.010839411,0.0,-0.010839411
70,+X,-Y,58672,-0.010839411,0.0,-0.010839411
71,+X,-Y,58752,-0.013791186,0.0,-0.013791186
72,+X,-Y,58833,-0.007887636,0.0,-0.007887636
73,+X,-Y,58912,-0.014775112,0.0,-0.014775112
74,+X,-Y,58993,-0.007887636,0.0,-0.007887636
75,+X,-Y,59072,-0.010839411,0.0,-0.010839411
76,+X,-Y,59153,-0.010839411,0.0,-0.010839411
77,+X,-Y,59232,-0.008871561,0.0,-0.008871561
78,+X,-Y,59313,-0.007887636,0.0,-0.007887636
79,+X,-Y,59392,-0.003951935,0.0,-0.003951935
80,+X,-Y,59472,-0.005919786,0.0,-0.005919786
81,+X,-Y,59553,-0.010839411,0.0,-0.010839411
82,+X,-Y,59632,-0.014775112,0.0,-0.014775112
83,+X,-Y,59713,-0.013791186,0.0,-0.013791186
84,+X,-Y,59792,-0.006903711,0.0,-0.006903711
85,+X,-Y,59873,-0.001000160,0.0,-0.001000160
86,+X,-Y,59952,-0.014775112,0.0,-0.014775112
87,+X,-Y,60033,-0.010839411,0.0,-0.010839411
88,+X,-Y,60112,-0.010839411,0.0,-0.010839411
89,+X,-Y,60192,-0.007887636,0.0,-0.007887636
90,+X,-Y,60272,-0.003951935,0.0,-0.003951935
91,+X,-Y,60352,-0.014775112,0.0,-0.014775112
92,+X,-Y,60433,-0.010839411,0.0,-0.010839411
93,+X,-Y,60512,-0.007887636,0.0,-0.007887636
94,+X,-Y,60593,-0.008871561,0.0,-0.008871561
95,+X,-Y,60672,-0.010839411,0.0,-0.010839411
96,+X,-Y,60753,-0.010839411,0.0,-0.010839411
97,+X,-Y,60832,-0.008871561,0.0,-0.008871561
98,+X,-Y,60913,-0.007887636,0.0,-0.007887636
99,+X,-Y,60992,-0.007887636,0.0,-0.007887636
100,+X,-Y,61072,-0.007887636,0.0,-0.007887636
101,+X,-Y,61152,-0.003951935,0.0,-0.003951935
102,+X,-Y,61232,-0.015759037,0.0,-0.015759037
103,+X,-Y,61313,-0.010839411,0.0,-0.010839411
104,+X,-Y,61392,-0.007887636,0.0,-0.007887636
105,+X,-Y,61473,-0.010839411,0.0,-0.010839411
106,+X,-Y,61552,-0.014775112,0.0,-0.014775112
107,+X,-Y,61633,-0.011823336,0.0,-0.011823336
108,+X,-Y,61712,-0.007887636,0.0,-0.007887636
109,+X,-Y,61792,-0.006903711,0.0,-0.006903711
110,+X,-Y,61872,-0.010839411,0.0,-0.010839411
111,+X,-Y,61952,-0.010839411,0.0,-0.010839411
112,+X,-Y,62033,-0.007887636,0.0,-0.007887636
113,+X,-Y,62112,-0.007887636,0.0,-0.007887636
114,+X,-Y,62193,-0.007887636,0.0,-0.007887636
115,+X,-Y,62272,-0.011823336,0.0,-0.011823336
116,+X,-Y,62353,-0.007887636,0.0,-0.007887636
117,+X,-Y,62432,-0.007887636,0.0,-0.007887636
118,+X,-Y,62513,0.000967690,0.0,0.000967690
119,+X,-Y,62592,-0.013791186,0.0,-0.013791186
120,+X,-Y,62672,-0.007887636,0.0,-0.007887636
121,+X,-Y,62753,-0.009855486,0.0,-0.009855486
122,+X,-Y,62832,-0.010839411,0.0,-0.010839411
123,+X,-Y,62913,-0.010839411,0.0,-0.010839411
124,+X,-Y,62992,-0.000016235,0.0,-0.000016235
125,+X,-Y,63073,-0.000016235,0.0,-0.000016235
126,+X,-Y,63152,-0.002968010,0.0,-0.002968010
127,+X,-Y,63233,-0.006903711,0.0,-0.006903711
128,+X,-Y,63312,-0.015759037,0.0,-0.015759037
129,+X,-Y,63392,-0.014775112,0.0,-0.014775112
130,+X,-Y,63472,-0.010839411,0.0,-0.010839411
131,+X,-Y,63552,0.000967690,0.0,0.000967690
132,+X,-Y,63633,-0.007887636,0.0,-0.007887636
133,+X,-Y,63712,-0.006903711,0.0,-0.006903711
134,+X,-Y,63793,-0.014775112,0.0,-0.014775112
135,+X,-Y,63872,-0.005919786,0.0,-0.005919786
136,+X,-Y,63953,0.000967690,0.0,0.000967690
137,+X,-Y,64032,0.000967690,0.0,0.000967690
138,+X,-Y,64112,-0.003951935,0.0,-0.003951935
139,+X,-Y,64192,-0.014775112,0.0,-0.014775112
140,+X,-Y,64272,-0.010839411,0.0,-0.010839411
141,+X,-Y,64353,-0.003951935,0.0,-0.003951935
142,+X,-Y,64432,-0.006903711,0.0,-0.006903711
143,+X,-Y,64513,-0.007887636,0.0,-0.007887636
144,+X,-Y,64592,-0.007887636,0.0,-0.007887636
145,+X,-Y,64673,-0.007887636,0.0,-0.007887636
146,+X,-Y,64752,-0.000016235,0.0,-0.000016235
147,+X,-Y,64832,-0.007887636,0.0,-0.007887636
148,+X,-Y,64913,-0.006903711,0.0,-0.006903711
149,+X,-Y,64992,-0.006903711,0.0,-0.006903711
150,+X,-Y,65073,-0.013791186,0.0,-0.013791186
151,+X,-Y,65152,-0.008871561,0.0,-0.008871561
152,+X,-Y,65233,-0.015759037,0.0,-0.015759037
153,+X,-Y,65312,-0.002968010,0.0,-0.002968010
154,+X,-Y,65393,-0.015759037,0.0,-0.015759037
155,+X,-Y,65472,-0.014775112,0.0,-0.014775112
156,+X,-Y,65552,-0.007887636,0.0,-0.007887636
157,+X,-Y,65633,-0.006903711,0.0,-0.006903711
158,+X,-Y,65712,-0.007887636,0.0,-0.007887636
159,+X,-Y,65793,-0.010839411,0.0,-0.010839411
160,+X,-Y,65872,-0.014775112,0.0,-0.014775112
161,+X,-Y,65953,-0.014775112,0.0,-0.014775112
162,+X,-Y,66032,-0.011823336,0.0,-0.011823336
163,+X,-Y,66113,-0.010839411,0.0,-0.010839411
164,+X,-Y,66192,-0.007887636,0.0,-0.007887636
165,+X,-Y,66272,-0.014775112,0.0,-0.014775112
166,+X,-Y,66353,-0.013791186,0.0,-0.013791186
167,+X,-Y,66432,-0.010839411,0.0,-0.010839411
168,+X,-Y,66513,-0.014775112,0.0,-0.014775112
169,+X,-Y,66592,-0.007887636,0.0,-0.007887636
170,+X,-Y,66673,-0.005919786,0.0,-0.005919786
171,+X,-Y,66752,-0.001000160,0.0,-0.001000160
172,+X,-Y,66833,-0.013791186,0.0,-0.013791186
173,+X,-Y,66912,-0.007887636,0.0,-0.007887636
174,+X,-Y,66992,-0.007887636,0.0,-0.007887636
175,+X,-Y,67073,-0.007887636,0.0,-0.007887636
176,+X,-Y,67152,-0.000016235,0.0,-0.000016235
177,+X,-Y,67233,-0.003951935,0.0,-0.003951935
178,+X,-Y,67312,-0.010839411,0.0,-0.010839411
179,+X,-Y,67393,-0.014775112,0.0,-0.014775112
180,+X,-Y,67472,-0.010839411,0.0,-0.010839411
181,+X,-Y,67553,-0.003951935,0.0,-0.003951935
182,+X,-Y,67632,-0.006903711,0.0,-0.006903711
183,+X,-Y,67712,-0.010839411,0.0,-0.010839411
184,+X,-Y,67793,-0.010839411,0.0,-0.010839411
185,+X,-Y,67872,-0.015759037,0.0,-0.015759037
186,+X,-Y,67953,-0.015759037,0.0,-0.015759037
187,+X,-Y,68032,-0.013791186,0.0,-0.013791186
188,+X,-Y,68113,-0.014775112,0.0,-0.014775112
189,+X,-Y,68192,-0.014775112,0.0,-0.014775112
190,+X,-Y,68273,-0.008871561,0.0,-0.008871561
191,+X,-Y,68352,-0.005919786,0.0,-0.005919786
192,+X,-Y,68432,-0.000016235,0.0,-0.000016235
193,+X,-Y,68513,-0.005919786,0.0,-0.005919786
194,+X,-Y,68592,-0.005919786,0.0,-0.005919786
195,+X,-Y,68673,-0.008871561,0.0,-0.008871561
196,+X,-Y,68752,-0.003951935,0.0,-0.003951935
197,+X,-Y,68833,-0.006903711,0.0,-0.006903711
198,+X,-Y,68912,-0.006903711,0.0,-0.006903711
199,+X,-Y,68993,-0.007887636,0.0,-0.007887636
200,+X,-Y,69072,-0.010839411,0.0,-0.010839411
201,+X,-Y,69152,-0.014775112,0.0,-0.014775112
202,+X,-Y,69233,-0.007887636,0.0,-0.007887636
203,+X,-Y,69312,-0.007887636,0.0,-0.007887636
204,+X,-Y,69393,-0.007887636,0.0,-0.007887636
205,+X,-Y,69472,-0.008871561,0.0,-0.008871561
206,+X,-Y,69553,-0.007887636,0.0,-0.007887636
207,+X,-Y,69632,-0.000016235,0.0,-0.000016235
208,+X,-Y,69713,-0.003951935,0.0,-0.003951935
209,+X,-Y,69792,-0.007887636,0.0,-0.007887636
210,+X,-Y,69872,-0.007887636,0.0,-0.007887636
211,+X,-Y,69953,-0.008871561,0.0,-0.008871561
212,+X,-Y,70032,-0.014775112,0.0,-0.014775112
213,+X,-Y,70113,-0.000016235,0.0,-0.000016235
214,+X,-Y,70192,-0.010839411,0.0,-0.010839411
215,+X,-Y,70273,-0.008871561,0.0,-0.008871561
216,+X,-Y,70352,-0.010839411,0.0,-0.010839411
217,+X,-Y,70433,-0.003951935,0.0,-0.003951935
218,+X,-Y,70512,-0.007887636,0.0,-0.007887636
219,+X,-Y,70592,-0.003951935,0.0,-0.003951935
220,+X,-Y,70673,-0.007887636,0.0,-0.007887636
221,+X,-Y,70752,-0.001000160,0.0,-0.001000160
222,+X,-Y,70833,-0.001000160,0.0,-0.001000160
223,+X,-Y,70912,-0.008871561,0.0,-0.008871561
224,+X,-Y,70993,-0.007887636,0.0,-0.007887636
225,+X,-Y,71072,-0.008871561,0.0,-0.008871561
226,+X,-Y,71153,-0.010839411,0.0,-0.010839411
227,+X,-Y,71232,-0.000016235,0.0,-0.000016235
228,+X,-Y,71312,-0.000016235,0.0,-0.000016235
229,+X,-Y,71393,-0.000016235,0.0,-0.000016235
230,+X,-Y,71472,0.006871241,0.0,0.006871241
231,+X,-Y,71553,-0.007887636,0.0,-0.007887636
232,+X,-Y,71632,-0.003951935,0.0,-0.003951935
233,+X,-Y,71713,-0.002968010,0.0,-0.002968010
234,+X,-Y,71792,-0.008871561,0.0,-0.008871561
235,+X,-Y,71872,-0.008871561,0.0,-0.008871561
236,+X,-Y,71953,-0.008871561,0.0,-0.008871561
237,+X,-Y,72032,-0.000016235,0.0,-0.000016235
238,+X,-Y,72113,0.008839091,0.0,0.008839091
239,+X,-Y,72192,-0.007887636,0.0,-0.007887636
240,+X,-Y,72273,-0.006903711,0.0,-0.006903711
241,+X,-Y,72352,-0.007887636,0.0,-0.007887636
242,+X,-Y,72433,0.004903391,0.0,0.004903391
243,+X,-Y,72512,0.000967690,0.0,0.000967690
244,+X,-Y,72593,-0.007887636,0.0,-0.007887636
245,+X,-Y,72672,-0.006903711,0.0,-0.006903711
246,+X,-Y,72752,-0.006903711,0.0,-0.006903711
247,+X,-Y,72833,-0.006903711,0.0,-0.006903711
248,+X,-Y,72912,-0.010839411,0.0,-0.010839411
249,+X,-Y,72993,-0.015759037,0.0,-0.015759037
250,+X,-Y,73072,-0.001000160,0.0,-0.001000160
251,+X,-Y,73153,-0.011823336,0.0,-0.011823336
252,+X,-Y,73232,-0.010839411,0.0,-0.010839411
253,+X,-Y,73313,-0.006903711,0.0,-0.006903711
254,+X,-Y,73392,-0.007887636,0.0,-0.007887636
255,+X,-Y,73473,-0.007887636,0.0,-0.007887636
256,+X,-Y,73552,-0.005919786,0.0,-0.005919786
257,+X,-Y,73632,-0.010839411,0.0,-0.010839411
258,+X,-Y,73713,-0.013791186,0.0,-0.013791186
259,+X,-Y,73792,-0.013791186,0.0,-0.013791186
260,+X,-Y,73873,-0.008871561,0.0,-0.008871561
261,+X,-Y,73952,-0.000016235,0.0,-0.000016235
262,+X,-Y,74033,-0.010839411,0.0,-0.010839411
263,+X,-Y,74112,-0.003951935,0.0,-0.003951935
264,+X,-Y,74193,-0.006903711,0.0,-0.006903711
265,+X,-Y,74272,-0.010839411,0.0,-0.010839411
266,+X,-Y,74352,-0.005919786,0.0,-0.005919786
267,+X,-Y,74433,-0.007887636,0.0,-0.007887636
268,+X,-Y,74512,-0.016742962,0.0,-0.016742962
269,+X,-Y,74593,-0.010839411,0.0,-0.010839411
270,+X,-Y,74672,-0.013791186,0.0,-0.013791186
271,+X,-Y,74753,-0.013791186,0.0,-0.013791186
272,+X,-Y,74832,-0.014775112,0.0,-0.014775112
273,+X,-Y,74913,-0.007887636,0.0,-0.007887636
274,+X,-Y,74992,-0.003951935,0.0,-0.003951935
275,+X,-Y,75072,-0.008871561,0.0,-0.008871561
276,+X,-Y,75152,-0.007887636,0.0,-0.007887636
277,+X,-Y,75232,-0.011823336,0.0,-0.011823336
278,+X,-Y,75313,-0.003951935,0.0,-0.003951935
279,+X,-Y,75392,-0.005919786,0.0,-0.005919786
280,+X,-Y,75473,-0.008871561,0.0,-0.008871561
281,+X,-Y,75552,-0.008871561,0.0,-0.008871561
282,+X,-Y,75633,-0.010839411,0.0,-0.010839411
283,+X,-Y,75712,-0.010839411,0.0,-0.010839411
284,+X,-Y,75793,-0.014775112,0.0,-0.014775112
285,+X,-Y,75872,-0.003951935,0.0,-0.003951935
286,+X,-Y,75952,-0.010839411,0.0,-0.010839411
287,+X,-Y,76032,-0.010839411,0.0,-0.010839411
288,+X,-Y,76112,-0.010839411,0.0,-0.010839411
289,+X,-Y,76193,-0.003951935,0.0,-0.003951935
290,+X,-Y,76272,-0.007887636,0.0,-0.007887636
291,+X,-Y,76353,-0.005919786,0.0,-0.005919786
292,+X,-Y,76432,-0.000016235,0.0,-0.000016235
293,+X,-Y,76513,-0.010839411,0.0,-0.010839411
294,+X,-Y,76592,-0.001000160,0.0,-0.001000160
295,+X,-Y,76672,-0.001000160,0.0,-0.001000160
296,+X,-Y,76752,-0.011823336,0.0,-0.011823336
297,+X,-Y,76832,-0.011823336,0.0,-0.011823336
298,+X,-Y,76913,-0.013791186,0.0,-0.013791186
299,+X,-Y,76992,-0.007887636,0.0,-0.007887636
300,+X,-Y,77073,-0.015759037,0.0,-0.015759037
301,+X,-Y,77152,-0.000016235,0.0,-0.000016235
302,+X,-Y,77233,-0.013791186,0.0,-0.013791186
303,+X,-Y,77312,-0.014775112,0.0,-0.014775112
304,+X,-Y,77392,-0.006903711,0.0,-0.006903711
305,+X,-Y,77472,-0.002968010,0.0,-0.002968010
306,+X,-Y,77552,0.000967690,0.0,0.000967690
307,+X,-Y,77633,-0.000016235,0.0,-0.000016235
308,+X,-Y,77712,-0.000016235,0.0,-0.000016235
309,+X,-Y,77793,-0.003951935,0.0,-0.003951935
310,+X,-Y,77872,-0.010839411,0.0,-0.010839411
311,+X,-Y,77953,-0.014775112,0.0,-0.014775112
312,+X,-Y,78032,-0.008871561,0.0,-0.008871561
313,+X,-Y,78112,-0.003951935,0.0,-0.003951935
314,+X,-Y,78192,-0.004935860,0.0,-0.004935860
315,+X,-Y,78272,-0.003951935,0.0,-0.003951935
316,+X,-Y,78353,-0.010839411,0.0,-0.010839411
317,+X,-Y,78432,-0.000016235,0.0,-0.000016235
318,+X,-Y,78513,-0.010839411,0.0,-0.010839411
319,+X,-Y,78592,-0.014775112,0.0,-0.014775112
320,+X,-Y,78673,-0.014775112,0.0,-0.014775112
321,+X,-Y,78752,-0.002968010,0.0,-0.002968010
322,+X,-Y,78832,-0.010839411,0.0,-0.010839411
323,+X,-Y,78912,-0.014775112,0.0,-0.014775112
324,+X,-Y,78992,-0.015759037,0.0,-0.015759037
325,+X,-Y,79073,-0.016742962,0.0,-0.016742962
326,+X,-Y,79152,-0.008871561,0.0,-0.008871561
327,+X,-Y,79233,-0.010839411,0.0,-0.010839411
328,+X,-Y,79312,-0.007887636,0.0,-0.007887636
329,+X,-Y,79393,-0.001000160,0.0,-0.001000160
330,+X,-Y,79472,-0.007887636,0.0,-0.007887636
331,+X,-Y,79552,-0.013791186,0.0,-0.013791186
332,+X,-Y,79632,-0.013791186,0.0,-0.013791186
333,+X,-Y,79712,-0.000016235,0.0,-0.000016235
334,+X,-Y,79793,0.000967690,0.0,0.000967690
335,+X,-Y,79872,-0.007887636,0.0,-0.007887636
336,+X,-Y,79953,-0.008871561,0.0,-0.008871561
337,+X,-Y,80032,-0.008871561,0.0,-0.008871561
338,+X,-Y,80113,-0.003951935,0.0,-0.003951935
339,+X,-Y,80192,-0.010839411,0.0,-0.010839411
340,+X,-Y,80273,-0.007887636,0.0,-0.007887636
341,+X,-Y,80352,0.000967690,0.0,0.000967690
342,+X,-Y,80432,-0.006903711,0.0,-0.006903711
343,+X,-Y,80513,-0.010839411,0.0,-0.010839411
344,+X,-Y,80592,-0.010839411,0.0,-0.010839411
345,+X,-Y,80673,-0.005919786,0.0,-0.005919786
346,+X,-Y,80752,-0.003951935,0.0,-0.003951935
347,+X,-Y,80833,-0.007887636,0.0,-0.007887636
348,+X,-Y,80912,-0.013791186,0.0,-0.013791186
349,+X,-Y,80992,-0.014775112,0.0,-0.014775112
350,+X,-Y,81072,-0.008871561,0.0,-0.008871561
351,+X,-Y,81152,-0.005919786,0.0,-0.005919786
352,+X,-Y,81233,-0.006903711,0.0,-0.006903711
353,+X,-Y,81312,-0.002968010,0.0,-0.002968010
354,+X,-Y,81393,-0.001000160,0.0,-0.001000160
355,+X,-Y,81472,-0.005919786,0.0,-0.005919786
356,+X,-Y,81553,-0.005919786,0.0,-0.005919786
357,+X,-Y,81632,-0.007887636,0.0,-0.007887636
358,+X,-Y,81712,-0.005919786,0.0,-0.005919786
359,+X,-Y,81792,-0.008871561,0.0,-0.008871561
360,+X,-Y,81872,-0.005919786,0.0,-0.005919786
361,+X,-Y,81953,-0.014775112,0.0,-0.014775112
362,+X,-Y,82032,-0.007887636,0.0,-0.007887636
363,+X,-Y,82113,-0.008871561,0.0,-0.008871561
364,+X,-Y,82192,-0.011823336,0.0,-0.011823336
365,+X,-Y,82273,0.000967690,0.0,0.000967690
366,+X,-Y,82352,-0.000016235,0.0,-0.000016235
367,+X,-Y,82433,-0.010839411,0.0,-0.010839411
368,+X,-Y,82512,-0.010839411,0.0,-0.010839411
369,+X,-Y,82592,-0.003951935,0.0,-0.003951935
370,+X,-Y,82673,-0.007887636,0.0,-0.007887636
371,+X,-Y,82752,-0.008871561,0.0,-0.008871561
372,+X,-Y,82833,-0.007887636,0.0,-0.007887636
373,+X,-Y,82912,-0.005919786,0.0,-0.005919786
374,+X,-Y,82993,-0.010839411,0.0,-0.010839411
375,+X,-Y,83072,-0.007887636,0.0,-0.007887636
376,+X,-Y,83152,-0.014775112,0.0,-0.014775112
377,+X,-Y,83233,-0.006903711,0.0,-0.006903711
378,+X,-Y,83312,-0.003951935,0.0,-0.003951935
379,+X,-Y,83393,-0.010839411,0.0,-0.010839411
380,+X,-Y,83472,-0.007887636,0.0,-0.007887636
381,+X,-Y,83553,-0.007887636,0.0,-0.007887636
382,+X,-Y,83632,0.001951615,0.0,0.001951615
383,+X,-Y,83713,0.000967690,0.0,0.000967690
384,+X,-Y,83792,-0.007887636,0.0,-0.007887636
385,+X,-Y,83873,-0.007887636,0.0,-0.007887636
386,+X,-Y,83952,-0.005919786,0.0,-0.005919786
387,+X,-Y,84032,0.007855166,0.0,0.007855166
388,+X,-Y,84113,-0.008871561,0.0,-0.008871561
389,+X,-Y,84192,-0.010839411,0.0,-0.010839411
390,+X,-Y,84273,-0.010839411,0.0,-0.010839411
391,+X,-Y,84352,-0.014775112,0.0,-0.014775112
392,+X,-Y,84433,-0.008871561,0.0,-0.008871561
393,+X,-Y,84512,-0.008871561,0.0,-0.008871561
394,+X,-Y,84593,-0.007887636,0.0,-0.007887636
395,+X,-Y,84672,-0.008871561,0.0,-0.008871561
396,+X,-Y,84752,-0.007887636,0.0,-0.007887636
397,+X,-Y,84833,-0.010839411,0.0,-0.010839411
398,+X,-Y,84912,-0.007887636,0.0,-0.007887636
399,+X,-Y,84993,-0.001000160,0.0,-0.001000160
400,+X,-Y,85072,-0.008871561,0.0,-0.008871561
401,+X,-Y,85153,-0.010839411,0.0,-0.010839411
402,+X,-Y,85232,-0.006903711,0.0,-0.006903711
403,+X,-Y,85313,-0.005919786,0.0,-0.005919786
404,+X,-Y,85392,-0.001000160,0.0,-0.001000160
405,+X,-Y,85472,-0.001000160,0.0,-0.001000160
406,+X,-Y,85553,-0.010839411,0.0,-0.010839411
407,+X,-Y,85632,0.006871241,0.0,0.006871241
408,+X,-Y,85713,-0.003951935,0.0,-0.003951935
409,+X,-Y,85792,-0.010839411,0.0,-0.010839411
410,+X,-Y,85873,-0.015759037,0.0,-0.015759037
411,+X,-Y,85952,-0.010839411,0.0,-0.010839411
412,+X,-Y,86033,-0.014775112,0.0,-0.014775112
413,+X,-Y,86112,-0.010839411,0.0,-0.010839411
414,+X,-Y,86192,-0.008871561,0.0,-0.008871561
415,+X,-Y,86273,-0.010839411,0.0,-0.010839411
416,+X,-Y,86352,-0.000016235,0.0,-0.000016235
417,+X,-Y,86433,-0.000016235,0.0,-0.000016235
418,+X,-Y,86512,0.000967690,0.0,0.000967690
419,+X,-Y,86593,-0.008871561,0.0,-0.008871561
420,+X,-Y,86672,-0.007887636,0.0,-0.007887636
421,+X,-Y,86753,-0.001000160,0.0,-0.001000160
422,+X,-Y,86832,-0.007887636,0.0,-0.007887636
423,+X,-Y,86912,-0.002968010,0.0,-0.002968010
424,+X,-Y,86993,-0.000016235,0.0,-0.000016235
425,+X,-Y,87072,-0.007887636,0.0,-0.007887636
426,+X,-Y,87153,-0.011823336,0.0,-0.011823336
427,+X,-Y,87232,-0.005919786,0.0,-0.005919786
428,+X,-Y,87313,-0.010839411,0.0,-0.010839411
429,+X,-Y,87392,-0.010839411,0.0,-0.010839411
430,+X,-Y,87473,-0.004935860,0.0,-0.004935860
431,+X,-Y,87552,-0.008871561,0.0,-0.008871561
432,+X,-Y,87632,-0.014775112,0.0,-0.014775112
433,+X,-Y,87713,-0.015759037,0.0,-0.015759037
434,+X,-Y,87792,-0.014775112,0.0,-0.014775112
435,+X,-Y,87873,0.000967690,0.0,0.000967690
436,+X,-Y,87952,-0.006903711,0.0,-0.006903711
437,+X,-Y,88033,-0.000016235,0.0,-0.000016235
438,+X,-Y,88112,-0.007887636,0.0,-0.007887636
439,+X,-Y,88193,-0.005919786,0.0,-0.005919786
440,+X,-Y,88272,-0.010839411,0.0,-0.010839411
441,+X,-Y,88352,-0.010839411,0.0,-0.010839411
442,+X,-Y,88433,-0.007887636,0.0,-0.007887636
443,+X,-Y,88512,-0.001000160,0.0,-0.001000160
444,+X,-Y,88593,-0.010839411,0.0,-0.010839411
445,+X,-Y,88672,-0.006903711,0.0,-0.006903711
446,+X,-Y,88753,-0.005919786,0.0,-0.005919786
447,+X,-Y,88832,-0.002968010,0.0,-0.002968010
448,+X,-Y,88913,-0.007887636,0.0,-0.007887636
449,+X,-Y,88992,-0.007887636,0.0,-0.007887636
450,+X,-Y,89073,-0.006903711,0.0,-0.006903711
451,+X,-Y,89152,-0.007887636,0.0,-0.007887636
452,+X,-Y,89232,-0.001000160,0.0,-0.001000160
453,+X,-Y,89313,-0.003951935,0.0,-0.003951935
454,+X,-Y,89392,-0.003951935,0.0,-0.003951935
455,+X,-Y,89473,0.000967690,0.0,0.000967690
456,+X,-Y,89552,-0.014775112,0.0,-0.014775112
457,+X,-Y,89633,-0.010839411,0.0,-0.010839411
458,+X,-Y,89712,-0.010839411,0.0,-0.010839411
459,+X,-Y,89793,-0.003951935,0.0,-0.003951935
460,+X,-Y,89872,-0.000016235,0.0,-0.000016235
461,+X,-Y,89952,-0.003951935,0.0,-0.003951935
462,+X,-Y,90033,-0.000016235,0.0,-0.000016235
463,+X,-Y,90112,-0.005919786,0.0,-0.005919786
464,+X,-Y,90193,-0.010839411,0.0,-0.010839411
465,+X,-Y,90272,-0.013791186,0.0,-0.013791186
466,+X,-Y,90353,-0.013791186,0.0,-0.013791186
467,+X,-Y,90432,-0.013791186,0.0,-0.013791186
468,+X,-Y,90513,-0.010839411,0.0,-0.010839411
469,+X,-Y,90592,-0.007887636,0.0,-0.007887636
470,+X,-Y,90672,-0.008871561,0.0,-0.008871561
471,+X,-Y,90753,-0.015759037,0.0,-0.015759037
472,+X,-Y,90832,-0.003951935,0.0,-0.003951935
473,+X,-Y,90913,-0.005919786,0.0,-0.005919786
474,+X,-Y,90992,-0.001000160,0.0,-0.001000160
475,+X,-Y,91073,-0.000016235,0.0,-0.000016235
476,+X,-Y,91152,-0.010839411,0.0,-0.010839411
477,+X,-Y,91233,-0.001000160,0.0,-0.001000160
478,+X,-Y,91312,-0.001000160,0.0,-0.001000160
479,+X,-Y,91392,-0.006903711,0.0,-0.006903711
480,+X,-Y,91473,-0.010839411,0.0,-0.010839411
481,+X,-Y,91552,-0.005919786,0.0,-0.005919786
482,+X,-Y,91633,-0.014775112,0.0,-0.014775112
483,+X,-Y,91712,-0.013791186,0.0,-0.013791186
484,+X,-Y,91793,-0.010839411,0.0,-0.010839411
485,+X,-Y,91872,-0.015759037,0.0,-0.015759037
486,+X,-Y,91953,-0.008871561,0.0,-0.008871561
487,+X,-Y,92032,-0.007887636,0.0,-0.007887636
488,+X,-Y,92112,-0.006903711,0.0,-0.006903711
489,+X,-Y,92193,-0.007887636,0.0,-0.007887636
490,+X,-Y,92272,-0.007887636,0.0,-0.007887636
491,+X,-Y,92353,-0.001000160,0.0,-0.001000160
492,+X,-Y,92432,-0.010839411,0.0,-0.010839411
493,+X,-Y,92513,-0.014775112,0.0,-0.014775112
494,+X,-Y,92592,-0.007887636,0.0,-0.007887636
495,+X,-Y,92673,-0.013791186,0.0,-0.013791186
496,+X,-Y,92752,-0.014775112,0.0,-0.014775112
497,+X,-Y,92832,-0.015759037,0.0,-0.015759037
498,+X,-Y,92913,0.004903391,0.0,0.004903391
499,+X,-Y,92992,-0.007887636,0.0,-0.007887636
500,+X,-Y,93073,-0.014775112,0.0,-0.014775112
501,+X,-Y,93152,-0.013791186,0.0,-0.013791186
502,+X,-Y,93233,-0.013791186,0.0,-0.013791186
503,+X,-Y,93312,-0.013791186,0.0,-0.013791186
504,+X,-Y,93393,-0.003951935,0.0,-0.003951935
505,+X,-Y,93472,-0.008871561,0.0,-0.008871561
506,+X,-Y,93552,-0.010839411,0.0,-0.010839411
507,+X,-Y,93633,-0.010839411,0.0,-0.010839411
508,+X,-Y,93712,-0.013791186,0.0,-0.013791186
509,+X,-Y,93793,-0.010839411,0.0,-0.010839411
510,+X,-Y,93872,-0.003951935,0.0,-0.003951935
511,+X,-Y,93953,-0.014775112,0.0,-0.014775112
512,+X,-Y,94032,-0.008871561,0.0,-0.008871561
513,+X,-Y,94113,-0.007887636,0.0,-0.007887636
514,+X,-Y,94192,-0.008871561,0.0,-0.008871561
515,+X,-Y,94272,-0.008871561,0.0,-0.008871561
516,+X,-Y,94353,-0.010839411,0.0,-0.010839411
517,+X,-Y,94432,-0.008871561,0.0,-0.008871561
518,+X,-Y,94513,-0.014775112,0.0,-0.014775112
519,+X,-Y,94592,-0.006903711,0.0,-0.006903711
520,+X,-Y,94673,-0.008871561,0.0,-0.008871561
521,+X,-Y,94752,-0.007887636,0.0,-0.007887636
522,+X,-Y,94833,-0.013791186,0.0,-0.013791186
523,+X,-Y,94912,-0.008871561,0.0,-0.008871561
524,+X,-Y,94992,-0.013791186,0.0,-0.013791186
525,+X,-Y,95073,-0.007887636,0.0,-0.007887636
526,+X,-Y,95152,-0.010839411,0.0,-0.010839411
527,+X,-Y,95233,-0.010839411,0.0,-0.010839411
528,+X,-Y,95312,-0.015759037,0.0,-0.015759037
529,+X,-Y,95393,-0.010839411,0.0,-0.010839411
530,+X,-Y,95472,-0.008871561,0.0,-0.008871561
531,+X,-Y,95553,-0.014775112,0.0,-0.014775112
532,+X,-Y,95632,-0.005919786,0.0,-0.005919786
533,+X,-Y,95712,-0.004935860,0.0,-0.004935860
534,+X,-Y,95793,-0.007887636,0.0,-0.007887636
535,+X,-Y,95872,-0.011823336,0.0,-0.011823336
536,+X,-Y,95953,-0.010839411,0.0,-0.010839411
537,+X,-Y,96032,-0.007887636,0.0,-0.007887636
538,+X,-Y,96113,-0.013791186,0.0,-0.013791186
539,+X,-Y,96192,-0.013791186,0.0,-0.013791186
540,+X,-Y,96273,0.004903391,0.0,0.004903391
541,+X,-Y,96352,0.000967690,0.0,0.000967690
542,+X,-Y,96432,-0.000016235,0.0,-0.000016235
543,+X,-Y,96513,-0.008871561,0.0,-0.008871561
544,+X,-Y,96592,-0.010839411,0.0,-0.010839411
545,+X,-Y,96673,-0.008871561,0.0,-0.008871561
546,+X,-Y,96752,-0.008871561,0.0,-0.008871561
547,+X,-Y,96833,-0.011823336,0.0,-0.011823336
548,+X,-Y,96912,-0.003951935,0.0,-0.003951935
549,+X,-Y,96993,-0.007887636,0.0,-0.007887636
550,+X,-Y,97072,-0.010839411,0.0,-0.010839411
551,+X,-Y,97153,-0.010839411,0.0,-0.010839411
552,+X,-Y,97232,-0.010839411,0.0,-0.010839411
553,+X,-Y,97312,-0.008871561,0.0,-0.008871561
554,+X,-Y,97393,-0.010839411,0.0,-0.010839411
555,+X,-Y,97472,-0.007887636,0.0,-0.007887636
556,+X,-Y,97553,-0.015759037,0.0,-0.015759037
557,+X,-Y,97632,0.000967690,0.0,0.000967690
558,+X,-Y,97713,-0.006903711,0.0,-0.006903711
559,+X,-Y,97792,-0.007887636,0.0,-0.007887636
560,+X,-Y,97873,-0.010839411,0.0,-0.010839411
561,+X,-Y,97952,-0.010839411,0.0,-0.010839411
562,+X,-Y,98032,-0.003951935,0.0,-0.003951935
563,+X,-Y,98113,-0.003951935,0.0,-0.003951935
564,+X,-Y,98192,-0.014775112,0.0,-0.014775112
565,+X,-Y,98273,-0.007887636,0.0,-0.007887636
566,+X,-Y,98352,0.003919466,0.0,0.003919466
567,+X,-Y,98433,-0.007887636,0.0,-0.007887636
568,+X,-Y,98512,-0.007887636,0.0,-0.007887636
569,+X,-Y,98593,-0.003951935,0.0,-0.003951935
570,+X,-Y,98672,-0.001000160,0.0,-0.001000160
571,+X,-Y,98753,-0.007887636,0.0,-0.007887636
572,+X,-Y,98832,-0.007887636,0.0,-0.007887636
573,+X,-Y,98912,-0.013791186,0.0,-0.013791186
574,+X,-Y,98992,0.000967690,0.0,0.000967690
575,+X,-Y,99072,-0.007887636,0.0,-0.007887636
576,+X,-Y,99153,-0.007887636,0.0,-0.007887636
577,+X,-Y,99232,-0.005919786,0.0,-0.005919786
578,+X,-Y,99313,-0.004935860,0.0,-0.004935860
579,+X,-Y,99392,-0.003951935,0.0,-0.003951935
580,+X,-Y,99473,-0.007887636,0.0,-0.007887636
581,+X,-Y,99552,-0.011823336,0.0,-0.011823336
582,+X,-Y,99633,-0.005919786,0.0,-0.005919786
583,+X,-Y,99712,-0.003951935,0.0,-0.003951935
584,+X,-Y,99792,-0.003951935,0.0,-0.003951935
585,+X,-Y,99873,-0.007887636,0.0,-0.007887636
586,+X,-Y,99952,-0.003951935,0.0,-0.003951935
587,+X,-Y,100033,-0.008871561,0.0,-0.008871561
588,+X,-Y,100112,-0.008871561,0.0,-0.008871561
589,+X,-Y,100193,-0.007887636,0.0,-0.007887636
590,+X,-Y,100273,-0.014775112,0.0,-0.014775112
591,+X,-Y,100352,-0.008871561,0.0,-0.008871561
592,+X,-Y,100433,-0.010839411,0.0,-0.010839411
593,+X,-Y,100512,-0.006903711,0.0,-0.006903711
594,+X,-Y,100592,-0.013791186,0.0,-0.013791186
595,+X,-Y,100673,-0.013791186,0.0,-0.013791186
596,+X,-Y,100752,0.000967690,0.0,0.000967690
597,+X,-Y,100832,-0.007887636,0.0,-0.007887636
598,+X,-Y,100913,-0.006903711,0.0,-0.006903711
599,+X,-Y,100992,-0.006903711,0.0,-0.006903711
600,+X,-Y,101072,-0.006903711,0.0,-0.006903711
601,+X,-Y,101153,-0.002968010,0.0,-0.002968010
602,+X,-Y,101232,-0.007887636,0.0,-0.007887636
603,+X,-Y,101313,-0.013791186,0.0,-0.013791186
604,+X,-Y,101392,-0.016742962,0.0,-0.016742962
605,+X,-Y,101472,-0.016742962,0.0,-0.016742962
606,+X,-Y,101553,-0.014775112,0.0,-0.014775112
607,+X,-Y,101632,-0.007887636,0.0,-0.007887636
608,+X,-Y,101712,-0.008871561,0.0,-0.008871561
609,+X,-Y,101793,-0.010839411,0.0,-0.010839411
610,+X,-Y,101872,-0.007887636,0.0,-0.007887636
611,+X,-Y,101953,-0.013791186,0.0,-0.013791186
612,+X,-Y,102033,-0.013791186,0.0,-0.013791186
613,+X,-Y,102112,-0.010839411,0.0,-0.010839411
614,+X,-Y,102193,-0.010839411,0.0,-0.010839411
615,+X,-Y,102272,-0.015759037,0.0,-0.015759037
616,+X,-Y,102352,-0.015759037,0.0,-0.015759037
617,+X,-Y,102433,-0.015759037,0.0,-0.015759037
618,+X,-Y,102512,-0.000016235,0.0,-0.000016235
619,+X,-Y,102592,-0.007887636,0.0,-0.007887636
620,+X,-Y,102673,-0.010839411,0.0,-0.010839411
621,+X,-Y,102752,-0.011823336,0.0,-0.011823336
622,+X,-Y,102833,-0.001000160,0.0,-0.001000160
623,+X,-Y,102913,-0.002968010,0.0,-0.002968010
624,+X,-Y,102992,-0.002968010,0.0,-0.002968010
625,+X,-Y,103073,-0.007887636,0.0,-0.007887636
626,+X,-Y,103152,-0.006903711,0.0,-0.006903711
627,+X,-Y,103232,-0.007887636,0.0,-0.007887636
628,+X,-Y,103313,-0.006903711,0.0,-0.006903711
629,+X,-Y,103392,-0.010839411,0.0,-0.010839411
630,+X,-Y,103472,-0.006903711,0.0,-0.006903711
631,+X,-Y,103553,-0.010839411,0.0,-0.010839411
632,+X,-Y,103632,-0.013791186,0.0,-0.013791186
633,+X,-Y,103713,-0.007887636,0.0,-0.007887636
634,+X,-Y,103792,-0.010839411,0.0,-0.010839411
635,+X,-Y,103872,-0.015759037,0.0,-0.015759037
636,+X,-Y,103953,-0.013791186,0.0,-0.013791186
637,+X,-Y,104032,-0.013791186,0.0,-0.013791186
638,+X,-Y,104112,0.004903391,0.0,0.004903391
639,+X,-Y,104193,-0.007887636,0.0,-0.007887636
640,+X,-Y,104272,-0.013791186,0.0,-0.013791186
641,+X,-Y,104353,-0.010839411,0.0,-0.010839411
642,+X,-Y,104432,-0.014775112,0.0,-0.014775112
643,+X,-Y,104512,-0.014775112,0.0,-0.014775112
644,+X,-Y,104593,-0.007887636,0.0,-0.007887636
645,+X,-Y,104672,-0.014775112,0.0,-0.014775112
646,+X,-Y,104752,-0.006903711,0.0,-0.006903711
647,+X,-Y,104833,-0.006903711,0.0,-0.006903711
648,+X,-Y,104912,-0.010839411,0.0,-0.010839411
649,+X,-Y,104993,-0.010839411,0.0,-0.010839411
650,+X,-Y,105072,-0.014775112,0.0,-0.014775112
651,+X,-Y,105152,-0.003951935,0.0,-0.003951935
652,+X,-Y,105233,-0.010839411,0.0,-0.010839411
653,+X,-Y,105312,-0.000016235,0.0,-0.000016235
654,+X,-Y,105392,-0.007887636,0.0,-0.007887636
655,+X,-Y,105473,-0.015759037,0.0,-0.015759037
656,+X,-Y,105552,-0.008871561,0.0,-0.008871561
657,+X,-Y,105632,-0.000016235,0.0,-0.000016235
658,+X,-Y,105713,-0.003951935,0.0,-0.003951935
659,+X,-Y,105792,-0.007887636,0.0,-0.007887636
660,+X,-Y,105873,-0.003951935,0.0,-0.003951935
661,+X,-Y,105953,-0.003951935,0.0,-0.003951935
662,+X,-Y,106032,0.009823016,0.0,0.009823016
663,+X,-Y,106113,-0.010839411,0.0,-0.010839411
664,+X,-Y,106192,-0.006903711,0.0,-0.006903711
665,+X,-Y,106272,-0.003951935,0.0,-0.003951935
666,+X,-Y,106353,-0.007887636,0.0,-0.007887636
667,+X,-Y,106432,-0.010839411,0.0,-0.010839411
668,+X,-Y,106512,-0.003951935,0.0,-0.003951935
669,+X,-Y,106593,-0.008871561,0.0,-0.008871561
670,+X,-Y,106672,-0.013791186,0.0,-0.013791186
671,+X,-Y,106753,-0.013791186,0.0,-0.013791186
672,+X,-Y,106833,-0.012807261,0.0,-0.012807261
673,+X,-Y,106912,-0.012807261,0.0,-0.012807261
674,+X,-Y,106993,-0.010839411,0.0,-0.010839411
675,+X,-Y,107072,-0.013791186,0.0,-0.013791186
676,+X,-Y,107152,-0.011823336,0.0,-0.011823336
677,+X,-Y,107233,-0.007887636,0.0,-0.007887636
678,+X,-Y,107312,-0.000016235,0.0,-0.000016235
679,+X,-Y,107392,-0.003951935,0.0,-0.003951935
680,+X,-Y,107473,-0.012807261,0.0,-0.012807261
681,+X,-Y,107552,-0.010839411,0.0,-0.010839411
682,+X,-Y,107633,-0.005919786,0.0,-0.005919786
683,+X,-Y,107712,-0.008871561,0.0,-0.008871561
684,+X,-Y,107792,-0.010839411,0.0,-0.010839411
685,+X,-Y,107873,-0.010839411,0.0,-0.010839411
686,+X,-Y,107952,-0.007887636,0.0,-0.007887636
687,+X,-Y,108032,-0.008871561,0.0,-0.008871561
688,+X,-Y,108113,-0.015759037,0.0,-0.015759037
689,+X,-Y,108192,-0.001000160,0.0,-0.001000160
690,+X,-Y,108272,-0.013791186,0.0,-0.013791186
691,+X,-Y,108353,-0.014775112,0.0,-0.014775112
692,+X,-Y,108432,-0.005919786,0.0,-0.005919786
693,+X,-Y,108513,-0.007887636,0.0,-0.007887636
694,+X,-Y,108592,-0.002968010,0.0,-0.002968010
695,+X,-Y,108672,-0.008871561,0.0,-0.008871561
696,+X,-Y,108753,-0.011823336,0.0,-0.011823336
697,+X,-Y,108832,-0.011823336,0.0,-0.011823336
698,+X,-Y,108912,-0.010839411,0.0,-0.010839411
699,+X,-Y,108993,-0.002968010,0.0,-0.002968010
700,+X,-Y,109072,-0.010839411,0.0,-0.010839411
701,+X,-Y,109153,-0.014775112,0.0,-0.014775112
702,+X,-Y,109233,-0.014775112,0.0,-0.014775112
703,+X,-Y,109312,0.003919466,0.0,0.003919466
704,+X,-Y,109393,-0.001000160,0.0,-0.001000160
705,+X,-Y,109472,-0.007887636,0.0,-0.007887636
706,+X,-Y,109552,-0.006903711,0.0,-0.006903711
707,+X,-Y,109633,-0.010839411,0.0,-0.010839411
708,+X,-Y,109712,-0.010839411,0.0,-0.010839411
709,+X,-Y,109792,-0.010839411,0.0,-0.010839411
710,+X,-Y,109873,-0.007887636,0.0,-0.007887636
711,+X,-Y,109952,-0.014775112,0.0,-0.014775112
712,+X,-Y,110032,-0.016742962,0.0,-0.016742962
713,+X,-Y,110113,-0.014775112,0.0,-0.014775112
714,+X,-Y,110192,-0.008871561,0.0,-0.008871561
715,+X,-Y,110273,-0.007887636,0.0,-0.007887636
716,+X,-Y,110352,-0.003951935,0.0,-0.003951935
717,+X,-Y,110432,-0.003951935,0.0,-0.003951935
718,+X,-Y,110513,-0.003951935,0.0,-0.003951935
719,+X,-Y,110592,-0.005919786,0.0,-0.005919786
720,+X,-Y,110672,0.004903391,0.0,0.004903391
721,+X,-Y,110753,-0.010839411,0.0,-0.010839411
722,+X,-Y,110832,-0.010839411,0.0,-0.010839411
723,+X,-Y,110913,-0.016742962,0.0,-0.016742962
724,+X,-Y,110993,-0.000016235,0.0,-0.000016235
725,+X,-Y,111072,0.004903391,0.0,0.004903391
726,+X,-Y,111153,-0.015759037,0.0,-0.015759037
727,+X,-Y,111232,0.003919466,0.0,0.003919466
728,+X,-Y,111312,-0.000016235,0.0,-0.000016235
729,+X,-Y,111393,-0.008871561,0.0,-0.008871561
730,+X,-Y,111472,-0.001000160,0.0,-0.001000160
731,+X,-Y,111552,-0.003951935,0.0,-0.003951935
732,+X,-Y,111633,-0.005919786,0.0,-0.005919786
733,+X,-Y,111712,0.000967690,0.0,0.000967690
734,+X,-Y,111793,0.000967690,0.0,0.000967690
735,+X,-Y,111872,-0.002968010,0.0,-0.002968010
736,+X,-Y,111952,-0.013791186,0.0,-0.013791186
737,+X,-Y,112033,-0.007887636,0.0,-0.007887636
738,+X,-Y,112112,-0.010839411,0.0,-0.010839411
739,+X,-Y,112192,-0.007887636,0.0,-0.007887636
740,+X,-Y,112273,-0.003951935,0.0,-0.003951935
741,+X,-Y,112352,-0.003951935,0.0,-0.003951935
742,+X,-Y,112432,-0.007887636,0.0,-0.007887636
743,+X,-Y,112513,-0.010839411,0.0,-0.010839411
744,+X,-Y,112592,-0.007887636,0.0,-0.007887636
745,+X,-Y,112673,-0.007887636,0.0,-0.007887636
746,+X,-Y,112752,-0.007887636,0.0,-0.007887636
747,+X,-Y,112832,-0.010839411,0.0,-0.010839411
748,+X,-Y,112913,-0.011823336,0.0,-0.011823336
749,+X,-Y,112992,-0.007887636,0.0,-0.007887636
750,+X,-Y,113072,-0.010839411,0.0,-0.010839411
751,+X,-Y,113153,-0.007887636,0.0,-0.007887636
752,+X,-Y,113232,-0.010839411,0.0,-0.010839411
753,+X,-Y,113313,-0.013791186,0.0,-0.013791186
754,+X,-Y,113392,-0.013791186,0.0,-0.013791186
755,+X,-Y,113472,-0.016742962,0.0,-0.016742962
756,+X,-Y,113553,-0.011823336,0.0,-0.011823336
757,+X,-Y,113632,-0.000016235,0.0,-0.000016235
758,+X,-Y,113712,-0.000016235,0.0,-0.000016235
759,+X,-Y,113793,-0.001000160,0.0,-0.001000160
760,+X,-Y,113872,-0.008871561,0.0,-0.008871561
761,+X,-Y,113952,-0.000016235,0.0,-0.000016235
762,+X,-Y,114033,-0.000016235,0.0,-0.000016235
763,+X,-Y,114112,-0.001000160,0.0,-0.001000160
764,+X,-Y,114193,-0.010839411,0.0,-0.010839411
765,+X,-Y,114272,-0.001000160,0.0,-0.001000160
766,+X,-Y,114352,-0.000016235,0.0,-0.000016235
767,+X,-Y,114433,-0.010839411,0.0,-0.010839411
768,+X,-Y,114512,-0.008871561,0.0,-0.008871561
769,+X,-Y,114592,-0.007887636,0.0,-0.007887636
770,+X,-Y,114673,-0.007887636,0.0,-0.007887636
771,+X,-Y,114752,-0.010839411,0.0,-0.010839411
772,+X,-Y,114833,-0.015759037,0.0,-0.015759037
773,+X,-Y,114913,-0.005919786,0.0,-0.005919786
774,+X,-Y,114992,-0.010839411,0.0,-0.010839411
775,+X,-Y,115073,-0.008871561,0.0,-0.008871561
776,+X,-Y,115152,-0.005919786,0.0,-0.005919786
777,+X,-Y,115232,-0.006903711,0.0,-0.006903711
778,+X,-Y,115313,-0.007887636,0.0,-0.007887636
779,+X,-Y,115392,-0.002968010,0.0,-0.002968010
780,+X,-Y,115472,-0.011823336,0.0,-0.011823336
781,+X,-Y,115553,0.003919466,0.0,0.003919466
782,+X,-Y,115632,0.003919466,0.0,0.003919466
783,+X,-Y,115713,-0.005919786,0.0,-0.005919786
784,+X,-Y,115792,0.003919466,0.0,0.003919466
785,+X,-Y,115872,-0.006903711,0.0,-0.006903711
786,+X,-Y,115953,-0.010839411,0.0,-0.010839411
787,+X,-Y,116032,-0.003951935,0.0,-0.003951935
788,+X,-Y,116113,-0.006903711,0.0,-0.006903711
789,+X,-Y,116193,-0.000016235,0.0,-0.000016235
790,+X,-Y,116272,-0.000016235,0.0,-0.000016235
791,+X,-Y,116353,-0.007887636,0.0,-0.007887636
792,+X,-Y,116432,-0.005919786,0.0,-0.005919786
793,+X,-Y,116512,-0.007887636,0.0,-0.007887636
794,+X,-Y,116593,-0.003951935,0.0,-0.003951935
795,+X,-Y,116672,-0.003951935,0.0,-0.003951935
796,+X,-Y,116752,-0.007887636,0.0,-0.007887636
797,+X,-Y,116833,-0.005919786,0.0,-0.005919786
798,+X,-Y,116912,-0.000016235,0.0,-0.000016235
799,+X,-Y,116993,-0.006903711,0.0,-0.006903711
800,+X,-Y,117073,-0.010839411,0.0,-0.010839411
801,+X,-Y,117152,-0.010839411,0.0,-0.010839411
802,+X,-Y,117233,-0.006903711,0.0,-0.006903711
803,+X,-Y,117312,-0.002968010,0.0,-0.002968010
804,+X,-Y,117392,0.001951615,0.0,0.001951615
805,+X,-Y,117473,-0.003951935,0.0,-0.003951935
806,+X,-Y,117552,-0.003951935,0.0,-0.003951935
807,+X,-Y,117632,-0.003951935,0.0,-0.003951935
808,+X,-Y,117713,-0.007887636,0.0,-0.007887636
809,+X,-Y,117792,-0.007887636,0.0,-0.007887636
810,+X,-Y,117873,-0.010839411,0.0,-0.010839411
811,+X,-Y,117952,-0.008871561,0.0,-0.008871561
812,+X,-Y,118032,-0.010839411,0.0,-0.010839411
813,+X,-Y,118113,-0.003951935,0.0,-0.003951935
814,+X,-Y,118192,0.004903391,0.0,0.004903391
815,+X,-Y,118272,-0.007887636,0.0,-0.007887636
816,+X,-Y,118353,-0.007887636,0.0,-0.007887636
817,+X,-Y,118432,-0.008871561,0.0,-0.008871561
818,+X,-Y,118512,-0.005919786,0.0,-0.005919786
819,+X,-Y,118593,-0.005919786,0.0,-0.005919786
820,+X,-Y,118672,-0.010839411,0.0,-0.010839411
821,+X,-Y,118753,-0.013791186,0.0,-0.013791186
822,+X,-Y,118832,-0.006903711,0.0,-0.006903711
823,+X,-Y,118912,-0.005919786,0.0,-0.005919786
824,+X,-Y,118993,-0.007887636,0.0,-0.007887636
825,+X,-Y,119072,-0.001000160,0.0,-0.001000160
826,+X,-Y,119152,-0.003951935,0.0,-0.003951935
827,+X,-Y,119233,-0.015759037,0.0,-0.015759037
828,+X,-Y,119312,-0.001000160,0.0,-0.001000160
829,+X,-Y,119392,-0.008871561,0.0,-0.008871561
830,+X,-Y,119473,0.001951615,0.0,0.001951615
831,+X,-Y,119552,0.001951615,0.0,0.001951615
832,+X,-Y,119633,-0.005919786,0.0,-0.005919786
833,+X,-Y,119712,-0.006903711,0.0,-0.006903711
834,+X,-Y,119792,-0.014775112,0.0,-0.014775112
835,+X,-Y,119873,-0.010839411,0.0,-0.010839411
836,+X,-Y,119952,-0.015759037,0.0,-0.015759037
837,+X,-Y,120032,-0.021662587,0.0,-0.021662587
838,+X,-Y,120113,-0.005919786,0.0,-0.005919786
839,+X,-Y,120192,-0.006903711,0.0,-0.006903711
840,+X,-Y,120273,-0.003951935,0.0,-0.003951935
841,+X,-Y,120353,0.001951615,0.0,0.001951615
842,+X,-Y,120432,-0.007887636,0.0,-0.007887636
843,+X,-Y,120513,-0.007887636,0.0,-0.007887636
844,+X,-Y,120592,-0.009855486,0.0,-0.009855486
845,+X,-Y,120672,0.004903391,0.0,0.004903391
846,+X,-Y,120753,-0.000016235,0.0,-0.000016235
847,+X,-Y,120832,-0.006903711,0.0,-0.006903711
848,+X,-Y,120912,-0.010839411,0.0,-0.010839411
849,+X,-Y,120993,-0.007887636,0.0,-0.007887636
850,+X,-Y,121072,-0.008871561,0.0,-0.008871561
851,+X,-Y,121153,-0.007887636,0.0,-0.007887636
852,+X,-Y,121232,-0.010839411,0.0,-0.010839411
853,+X,-Y,121312,-0.007887636,0.0,-0.007887636
854,+X,-Y,121393,-0.014775112,0.0,-0.014775112
855,+X,-Y,121472,-0.014775112,0.0,-0.014775112
856,+X,-Y,121552,-0.010839411,0.0,-0.010839411
857,+X,-Y,121633,-0.008871561,0.0,-0.008871561
858,+X,-Y,121712,-0.015759037,0.0,-0.015759037
859,+X,-Y,121793,-0.013791186,0.0,-0.013791186
860,+X,-Y,121872,0.000967690,0.0,0.000967690
861,+X,-Y,121952,-0.006903711,0.0,-0.006903711
862,+X,-Y,122033,-0.010839411,0.0,-0.010839411
863,+X,-Y,122112,-0.010839411,0.0,-0.010839411
864,+X,-Y,122192,-0.005919786,0.0,-0.005919786
865,+X,-Y,122273,-0.015759037,0.0,-0.015759037
866,+X,-Y,122352,-0.000016235,0.0,-0.000016235
867,+X,-Y,122432,-0.013791186,0.0,-0.013791186
868,+X,-Y,122513,-0.013791186,0.0,-0.013791186
869,+X,-Y,122592,-0.011823336,0.0,-0.011823336
870,+X,-Y,122673,-0.007887636,0.0,-0.007887636
871,+X,-Y,122752,-0.003951935,0.0,-0.003951935
872,+X,-Y,122832,-0.007887636,0.0,-0.007887636
873,+X,-Y,122913,-0.007887636,0.0,-0.007887636
874,+X,-Y,122992,-0.005919786,0.0,-0.005919786
875,+X,-Y,123072,-0.008871561,0.0,-0.008871561
876,+X,-Y,123153,-0.007887636,0.0,-0.007887636
877,+X,-Y,123232,-0.003951935,0.0,-0.003951935
878,+X,-Y,123313,-0.005919786,0.0,-0.005919786
879,+X,-Y,123393,-0.011823336,0.0,-0.011823336
880,+X,-Y,123472,-0.011823336,0.0,-0.011823336
881,+X,-Y,123553,-0.007887636,0.0,-0.007887636
882,+X,-Y,123632,-0.013791186,0.0,-0.013791186
883,+X,-Y,123712,-0.003951935,0.0,-0.003951935
884,+X,-Y,123793,-0.007887636,0.0,-0.007887636
885,+X,-Y,123872,-0.006903711,0.0,-0.006903711
886,+X,-Y,123953,-0.008871561,0.0,-0.008871561
887,+X,-Y,124033,-0.010839411,0.0,-0.010839411
888,+X,-Y,124112,0.000967690,0.0,0.000967690
889,+X,-Y,124193,-0.001000160,0.0,-0.001000160
890,+X,-Y,124272,-0.008871561,0.0,-0.008871561
891,+X,-Y,124352,-0.006903711,0.0,-0.006903711
892,+X,-Y,124433,-0.006903711,0.0,-0.006903711
893,+X,-Y,124512,-0.003951935,0.0,-0.003951935
894,+X,-Y,124592,-0.010839411,0.0,-0.010839411
895,+X,-Y,124673,-0.007887636,0.0,-0.007887636
896,+X,-Y,124752,-0.005919786,0.0,-0.005919786
897,+X,-Y,124833,-0.013791186,0.0,-0.013791186
898,+X,-Y,124912,-0.011823336,0.0,-0.011823336
899,+X,-Y,124992,-0.008871561,0.0,-0.008871561
900,+X,-Y,125073,-0.005919786,0.0,-0.005919786
901,+X,-Y,125152,-0.010839411,0.0,-0.010839411
902,+X,-Y,125232,-0.007887636,0.0,-0.007887636
903,+X,-Y,125313,-0.014775112,0.0,-0.014775112
904,+X,-Y,125392,-0.014775112,0.0,-0.014775112
905,+X,-Y,125472,-0.010839411,0.0,-0.010839411
906,+X,-Y,125553,-0.014775112,0.0,-0.014775112
907,+X,-Y,125632,-0.014775112,0.0,-0.014775112
908,+X,-Y,125713,-0.011823336,0.0,-0.011823336
909,+X,-Y,125792,-0.007887636,0.0,-0.007887636
910,+X,-Y,125872,-0.002968010,0.0,-0.002968010
911,+X,-Y,125953,-0.005919786,0.0,-0.005919786
912,+X,-Y,126032,-0.010839411,0.0,-0.010839411
913,+X,-Y,126112,-0.010839411,0.0,-0.010839411
914,+X,-Y,126193,-0.007887636,0.0,-0.007887636
915,+X,-Y,126272,-0.010839411,0.0,-0.010839411
916,+X,-Y,126353,-0.010839411,0.0,-0.010839411
917,+X,-Y,126432,-0.008871561,0.0,-0.008871561
918,+X,-Y,126512,-0.005919786,0.0,-0.005919786
919,+X,-Y,126593,-0.008871561,0.0,-0.008871561
920,+X,-Y,126672,-0.011823336,0.0,-0.011823336
921,+X,-Y,126752,-0.010839411,0.0,-0.010839411
922,+X,-Y,126833,-0.001000160,0.0,-0.001000160
923,+X,-Y,126912,-0.005919786,0.0,-0.005919786
924,+X,-Y,126993,-0.008871561,0.0,-0.008871561
925,+X,-Y,127072,-0.007887636,0.0,-0.007887636
926,+X,-Y,127152,-0.006903711,0.0,-0.006903711
927,+X,-Y,127233,-0.011823336,0.0,-0.011823336
928,+X,-Y,127312,-0.006903711,0.0,-0.006903711
929,+X,-Y,127392,-0.006903711,0.0,-0.006903711
930,+X,-Y,127473,-0.010839411,0.0,-0.010839411
931,+X,-Y,127552,-0.015759037,0.0,-0.015759037
932,+X,-Y,127632,-0.013791186,0.0,-0.013791186
933,+X,-Y,127713,-0.005919786,0.0,-0.005919786
934,+X,-Y,127792,-0.005919786,0.0,-0.005919786
935,+X,-Y,127873,-0.010839411,0.0,-0.010839411
936,+X,-Y,127952,-0.006903711,0.0,-0.006903711
937,+X,-Y,128032,-0.013791186,0.0,-0.013791186
938,+X,-Y,128113,-0.013791186,0.0,-0.013791186
939,+X,-Y,128192,-0.008871561,0.0,-0.008871561
940,+X,-Y,128272,-0.007887636,0.0,-0.007887636
941,+X,-Y,128353,-0.007887636,0.0,-0.007887636
942,+X,-Y,128432,-0.011823336,0.0,-0.011823336
943,+X,-Y,128513,-0.001000160,0.0,-0.001000160
944,+X,-Y,128592,-0.007887636,0.0,-0.007887636
945,+X,-Y,128672,-0.013791186,0.0,-0.013791186
946,+X,-Y,128753,-0.001000160,0.0,-0.001000160
947,+X,-Y,128832,-0.014775112,0.0,-0.014775112
948,+X,-Y,128912,-0.005919786,0.0,-0.005919786
949,+X,-Y,128993,-0.008871561,0.0,-0.008871561
950,+X,-Y,129072,-0.005919786,0.0,-0.005919786
951,+X,-Y,129152,-0.007887636,0.0,-0.007887636
952,+X,-Y,129233,-0.000016235,0.0,-0.000016235
953,+X,-Y,129312,-0.000016235,0.0,-0.000016235
954,+X,-Y,129393,-0.003951935,0.0,-0.003951935
955,+X,-Y,129472,-0.010839411,0.0,-0.010839411
956,+X,-Y,129552,-0.008871561,0.0,-0.008871561
957,+X,-Y,129633,-0.001000160,0.0,-0.001000160
958,+X,-Y,129712,-0.007887636,0.0,-0.007887636
959,+X,-Y,129792,-0.003951935,0.0,-0.003951935
960,+X,-Y,129873,-0.007887636,0.0,-0.007887636
961,+X,-Y,129952,-0.008871561,0.0,-0.008871561
962,+X,-Y,130032,-0.010839411,0.0,-0.010839411
963,+X,-Y,130113,-0.007887636,0.0,-0.007887636
964,+X,-Y,130192,-0.003951935,0.0,-0.003951935
965,+X,-Y,130273,-0.003951935,0.0,-0.003951935
966,+X,-Y,130352,-0.012807261,0.0,-0.012807261
967,+X,-Y,130432,-0.010839411,0.0,-0.010839411
968,+X,-Y,130513,-0.013791186,0.0,-0.013791186
969,+X,-Y,130592,-0.008871561,0.0,-0.008871561
970,+X,-Y,130672,-0.015759037,0.0,-0.015759037
971,+X,-Y,130753,-0.007887636,0.0,-0.007887636
972,+X,-Y,130832,-0.005919786,0.0,-0.005919786
973,+X,-Y,130913,-0.001000160,0.0,-0.001000160
974,+X,-Y,130993,-0.007887636,0.0,-0.007887636
975,+X,-Y,131072,-0.001000160,0.0,-0.001000160
976,+X,-Y,131153,-0.008871561,0.0,-0.008871561
977,+X,-Y,131232,-0.008871561,0.0,-0.008871561
978,+X,-Y,131312,-0.010839411,0.0,-0.010839411
979,+X,-Y,131393,-0.005919786,0.0,-0.005919786
980,+X,-Y,131472,-0.014775112,0.0,-0.014775112
981,+X,-Y,131552,-0.011823336,0.0,-0.011823336
982,+X,-Y,131633,-0.003951935,0.0,-0.003951935
983,+X,-Y,131712,-0.010839411,0.0,-0.010839411
984,+X,-Y,131793,-0.019694737,0.0,-0.019694737
985,+X,-Y,131873,-0.008871561,0.0,-0.008871561
986,+X,-Y,131952,-0.001000160,0.0,-0.001000160
987,+X,-Y,132033,-0.005919786,0.0,-0.005919786
988,+X,-Y,132112,-0.010839411,0.0,-0.010839411
989,+X,-Y,132192,-0.010839411,0.0,-0.010839411
990,+X,-Y,132273,-0.011823336,0.0,-0.011823336
991,+X,-Y,132352,-0.007887636,0.0,-0.007887636
992,+X,-Y,132432,-0.000016235,0.0,-0.000016235
993,+X,-Y,132513,-0.000016235,0.0,-0.000016235
994,+X,-Y,132592,-0.010839411,0.0,-0.010839411
995,+X,-Y,132673,-0.011823336,0.0,-0.011823336
996,+X,-Y,132752,-0.010839411,0.0,-0.010839411
997,+X,-Y,132832,0.011790867,0.0,0.011790867
998,+X,-Y,132913,-0.004935860,0.0,-0.004935860
999,+X,-Y,132992,-0.015759037,0.0,-0.015759037
1000,-X,+Y,161007,-0.015759037,0.0,-0.015759037
1001,-X,+Y,161088,0.004903391,0.0,0.004903391
1002,-X,+Y,161167,-0.013791186,0.0,-0.013791186
1003,-X,+Y,161248,-0.010839411,0.0,-0.010839411
1004,-X,+Y,161327,-0.007887636,0.0,-0.007887636
1005,-X,+Y,161408,-0.003951935,0.0,-0.003951935
1006,-X,+Y,161487,-0.007887636,0.0,-0.007887636
1007,-X,+Y,161568,-0.013791186,0.0,-0.013791186
1008,-X,+Y,161647,-0.013791186,0.0,-0.013791186
1009,-X,+Y,161728,-0.005919786,0.0,-0.005919786
1010,-X,+Y,161807,-0.007887636,0.0,-0.007887636
1011,-X,+Y,161888,-0.007887636,0.0,-0.007887636
1012,-X,+Y,161967,-0.003951935,0.0,-0.003951935
1013,-X,+Y,162047,-0.007887636,0.0,-0.007887636
1014,-X,+Y,162128,-0.011823336,0.0,-0.011823336
1015,-X,+Y,162207,-0.006903711,0.0,-0.006903711
1016,-X,+Y,162288,0.004903391,0.0,0.004903391
1017,-X,+Y,162367,-0.006903711,0.0,-0.006903711
1018,-X,+Y,162448,-0.010839411,0.0,-0.010839411
1019,-X,+Y,162527,-0.007887636,0.0,-0.007887636
1020,-X,+Y,162608,0.008839091,0.0,0.008839091
1021,-X,+Y,162687,0.008839091,0.0,0.008839091
1022,-X,+Y,162768,-0.003951935,0.0,-0.003951935
1023,-X,+Y,162847,-0.003951935,0.0,-0.003951935
1024,-X,+Y,162927,-0.007887636,0.0,-0.007887636
1025,-X,+Y,163008,-0.006903711,0.0,-0.006903711
1026,-X,+Y,163087,-0.003951935,0.0,-0.003951935
1027,-X,+Y,163168,-0.013791186,0.0,-0.013791186
1028,-X,+Y,163247,-0.007887636,0.0,-0.007887636
1029,-X,+Y,163328,-0.001000160,0.0,-0.001000160
1030,-X,+Y,163407,-0.006903711,0.0,-0.006903711
1031,-X,+Y,163488,-0.007887636,0.0,-0.007887636
1032,-X,+Y,163567,-0.002968010,0.0,-0.002968010
1033,-X,+Y,163648,-0.002968010,0.0,-0.002968010
1034,-X,+Y,163727,-0.010839411,0.0,-0.010839411
1035,-X,+Y,163807,-0.003951935,0.0,-0.003951935
1036,-X,+Y,163888,-0.008871561,0.0,-0.008871561
1037,-X,+Y,163967,-0.011823336,0.0,-0.011823336
1038,-X,+Y,164048,-0.003951935,0.0,-0.003951935
1039,-X,+Y,164127,-0.003951935,0.0,-0.003951935
1040,-X,+Y,164208,-0.007887636,0.0,-0.007887636
1041,-X,+Y,164287,-0.005919786,0.0,-0.005919786
1042,-X,+Y,164368,-0.000016235,0.0,-0.000016235
1043,-X,+Y,164447,-0.007887636,0.0,-0.007887636
1044,-X,+Y,164528,-0.014775112,0.0,-0.014775112
1045,-X,+Y,164607,-0.014775112,0.0,-0.014775112
1046,-X,+Y,164688,-0.006903711,0.0,-0.006903711
1047,-X,+Y,164767,-0.007887636,0.0,-0.007887636
1048,-X,+Y,164847,-0.003951935,0.0,-0.003951935
1049,-X,+Y,164928,0.001951615,0.0,0.001951615
1050,-X,+Y,165007,-0.007887636,0.0,-0.007887636
1051,-X,+Y,165088,-0.000016235,0.0,-0.000016235
1052,-X,+Y,165167,-0.002968010,0.0,-0.002968010
1053,-X,+Y,165248,-0.007887636,0.0,-0.007887636
1054,-X,+Y,165327,-0.005919786,0.0,-0.005919786
1055,-X,+Y,165408,-0.007887636,0.0,-0.007887636
1056,-X,+Y,165487,-0.000016235,0.0,-0.000016235
1057,-X,+Y,165567,-0.000016235,0.0,-0.000016235
1058,-X,+Y,165647,0.011790867,0.0,0.011790867
1059,-X,+Y,165727,-0.003951935,0.0,-0.003951935
1060,-X,+Y,165808,-0.010839411,0.0,-0.010839411
1061,-X,+Y,165887,-0.003951935,0.0,-0.003951935
1062,-X,+Y,165968,-0.005919786,0.0,-0.005919786
1063,-X,+Y,166047,-0.007887636,0.0,-0.007887636
1064,-X,+Y,166128,-0.002968010,0.0,-0.002968010
1065,-X,+Y,166207,-0.003951935,0.0,-0.003951935
1066,-X,+Y,166288,-0.000016235,0.0,-0.000016235
1067,-X,+Y,166367,-0.000016235,0.0,-0.000016235
1068,-X,+Y,166448,-0.002968010,0.0,-0.002968010
1069,-X,+Y,166527,-0.005919786,0.0,-0.005919786
1070,-X,+Y,166607,-0.005919786,0.0,-0.005919786
1071,-X,+Y,166687,-0.007887636,0.0,-0.007887636
1072,-X,+Y,166767,-0.003951935,0.0,-0.003951935
1073,-X,+Y,166848,-0.000016235,0.0,-0.000016235
1074,-X,+Y,166927,-0.006903711,0.0,-0.006903711
1075,-X,+Y,167008,-0.007887636,0.0,-0.007887636
1076,-X,+Y,167087,-0.003951935,0.0,-0.003951935
1077,-X,+Y,167168,-0.000016235,0.0,-0.000016235
1078,-X,+Y,167247,0.004903391,0.0,0.004903391
1079,-X,+Y,167328,-0.002968010,0.0,-0.002968010
1080,-X,+Y,167407,-0.002968010,0.0,-0.002968010
1081,-X,+Y,167487,-0.007887636,0.0,-0.007887636
1082,-X,+Y,167567,-0.007887636,0.0,-0.007887636
1083,-X,+Y,167647,0.001951615,0.0,0.001951615
1084,-X,+Y,167728,-0.007887636,0.0,-0.007887636
1085,-X,+Y,167807,-0.008871561,0.0,-0.008871561
1086,-X,+Y,167888,-0.003951935,0.0,-0.003951935
1087,-X,+Y,167967,-0.000016235,0.0,-0.000016235
1088,-X,+Y,168048,0.004903391,0.0,0.004903391
1089,-X,+Y,168127,-0.003951935,0.0,-0.003951935
1090,-X,+Y,168208,-0.003951935,0.0,-0.003951935
1091,-X,+Y,168287,0.000967690,0.0,0.000967690
1092,-X,+Y,168368,0.004903391,0.0,0.004903391
1093,-X,+Y,168447,-0.010839411,0.0,-0.010839411
1094,-X,+Y,168527,-0.010839411,0.0,-0.010839411
1095,-X,+Y,168608,-0.001000160,0.0,-0.001000160
1096,-X,+Y,168687,-0.000016235,0.0,-0.000016235
1097,-X,+Y,168768,-0.010839411,0.0,-0.010839411
1098,-X,+Y,168847,-0.000016235,0.0,-0.000016235
1099,-X,+Y,168928,-0.000016235,0.0,-0.000016235
1100,-X,+Y,169007,0.004903391,0.0,0.004903391
1101,-X,+Y,169088,0.004903391,0.0,0.004903391
1102,-X,+Y,169167,-0.005919786,0.0,-0.005919786
1103,-X,+Y,169248,-0.007887636,0.0,-0.007887636
1104,-X,+Y,169327,-0.000016235,0.0,-0.000016235
1105,-X,+Y,169407,-0.005919786,0.0,-0.005919786
1106,-X,+Y,169488,-0.005919786,0.0,-0.005919786
1107,-X,+Y,169567,-0.007887636,0.0,-0.007887636
1108,-X,+Y,169648,0.001951615,0.0,0.001951615
1109,-X,+Y,169727,-0.008871561,0.0,-0.008871561
1110,-X,+Y,169808,-0.007887636,0.0,-0.007887636
1111,-X,+Y,169887,-0.000016235,0.0,-0.000016235
1112,-X,+Y,169968,-0.003951935,0.0,-0.003951935
1113,-X,+Y,170047,-0.005919786,0.0,-0.005919786
1114,-X,+Y,170128,-0.000016235,0.0,-0.000016235
1115,-X,+Y,170207,-0.002968010,0.0,-0.002968010
1116,-X,+Y,170288,0.012774792,0.0,0.012774792
1117,-X,+Y,170367,-0.000016235,0.0,-0.000016235
1118,-X,+Y,170447,-0.002968010,0.0,-0.002968010
1119,-X,+Y,170528,-0.002968010,0.0,-0.002968010
1120,-X,+Y,170607,-0.005919786,0.0,-0.005919786
1121,-X,+Y,170688,-0.003951935,0.0,-0.003951935
1122,-X,+Y,170767,0.000967690,0.0,0.000967690
1123,-X,+Y,170848,-0.000016235,0.0,-0.000016235
1124,-X,+Y,170927,-0.002968010,0.0,-0.002968010
1125,-X,+Y,171008,-0.008871561,0.0,-0.008871561
1126,-X,+Y,171087,-0.006903711,0.0,-0.006903711
1127,-X,+Y,171168,-0.003951935,0.0,-0.003951935
1128,-X,+Y,171247,-0.000016235,0.0,-0.000016235
1129,-X,+Y,171327,0.003919466,0.0,0.003919466
1130,-X,+Y,171408,-0.005919786,0.0,-0.005919786
1131,-X,+Y,171487,-0.005919786,0.0,-0.005919786
1132,-X,+Y,171568,-0.003951935,0.0,-0.003951935
1133,-X,+Y,171647,-0.000016235,0.0,-0.000016235
1134,-X,+Y,171728,-0.002968010,0.0,-0.002968010
1135,-X,+Y,171807,-0.003951935,0.0,-0.003951935
1136,-X,+Y,171888,0.001951615,0.0,0.001951615
1137,-X,+Y,171967,-0.007887636,0.0,-0.007887636
1138,-X,+Y,172048,-0.007887636,0.0,-0.007887636
1139,-X,+Y,172127,-0.005919786,0.0,-0.005919786
1140,-X,+Y,172207,-0.003951935,0.0,-0.003951935
1141,-X,+Y,172287,-0.005919786,0.0,-0.005919786
1142,-X,+Y,172367,-0.000016235,0.0,-0.000016235
1143,-X,+Y,172448,-0.000016235,0.0,-0.000016235
1144,-X,+Y,172527,0.001951615,0.0,0.001951615
1145,-X,+Y,172608,-0.003951935,0.0,-0.003951935
1146,-X,+Y,172687,-0.003951935,0.0,-0.003951935
1147,-X,+Y,172768,-0.006903711,0.0,-0.006903711
1148,-X,+Y,172847,-0.003951935,0.0,-0.003951935
1149,-X,+Y,172928,0.006871241,0.0,0.006871241
1150,-X,+Y,173007,0.000967690,0.0,0.000967690
1151,-X,+Y,173088,-0.006903711,0.0,-0.006903711
1152,-X,+Y,173167,-0.001000160,0.0,-0.001000160
1153,-X,+Y,173248,-0.000016235,0.0,-0.000016235
1154,-X,+Y,173327,-0.002968010,0.0,-0.002968010
1155,-X,+Y,173407,-0.002968010,0.0,-0.002968010
1156,-X,+Y,173488,-0.006903711,0.0,-0.006903711
1157,-X,+Y,173567,-0.003951935,0.0,-0.003951935
1158,-X,+Y,173648,0.001951615,0.0,0.001951615
1159,-X,+Y,173727,-0.000016235,0.0,-0.000016235
1160,-X,+Y,173808,-0.006903711,0.0,-0.006903711
1161,-X,+Y,173887,-0.009855486,0.0,-0.009855486
1162,-X,+Y,173968,-0.007887636,0.0,-0.007887636
1163,-X,+Y,174047,-0.007887636,0.0,-0.007887636
1164,-X,+Y,174128,-0.007887636,0.0,-0.007887636
1165,-X,+Y,174207,-0.007887636,0.0,-0.007887636
1166,-X,+Y,174287,-0.000016235,0.0,-0.000016235
1167,-X,+Y,174368,-0.007887636,0.0,-0.007887636
1168,-X,+Y,174447,-0.007887636,0.0,-0.007887636
1169,-X,+Y,174528,-0.001000160,0.0,-0.001000160
1170,-X,+Y,174607,-0.001000160,0.0,-0.001000160
1171,-X,+Y,174688,-0.003951935,0.0,-0.003951935
1172,-X,+Y,174767,-0.007887636,0.0,-0.007887636
1173,-X,+Y,174848,-0.007887636,0.0,-0.007887636
1174,-X,+Y,174927,-0.007887636,0.0,-0.007887636
1175,-X,+Y,175007,-0.003951935,0.0,-0.003951935
1176,-X,+Y,175087,-0.000016235,0.0,-0.000016235
1177,-X,+Y,175167,-0.008871561,0.0,-0.008871561
1178,-X,+Y,175248,-0.007887636,0.0,-0.007887636
1179,-X,+Y,175327,-0.006903711,0.0,-0.006903711
1180,-X,+Y,175408,-0.006903711,0.0,-0.006903711
1181,-X,+Y,175487,-0.006903711,0.0,-0.006903711
1182,-X,+Y,175568,-0.002968010,0.0,-0.002968010
1183,-X,+Y,175647,0.003919466,0.0,0.003919466
1184,-X,+Y,175728,-0.007887636,0.0,-0.007887636
1185,-X,+Y,175807,-0.000016235,0.0,-0.000016235
1186,-X,+Y,175887,-0.001000160,0.0,-0.001000160
1187,-X,+Y,175967,-0.006903711,0.0,-0.006903711
1188,-X,+Y,176047,-0.003951935,0.0,-0.003951935
1189,-X,+Y,176128,0.004903391,0.0,0.004903391
1190,-X,+Y,176207,-0.000016235,0.0,-0.000016235
1191,-X,+Y,176288,-0.003951935,0.0,-0.003951935
1192,-X,+Y,176367,-0.003951935,0.0,-0.003951935
1193,-X,+Y,176448,-0.006903711,0.0,-0.006903711
1194,-X,+Y,176527,-0.008871561,0.0,-0.008871561
1195,-X,+Y,176608,-0.000016235,0.0,-0.000016235
1196,-X,+Y,176687,-0.001000160,0.0,-0.001000160
1197,-X,+Y,176768,-0.000016235,0.0,-0.000016235
1198,-X,+Y,176847,-0.003951935,0.0,-0.003951935
1199,-X,+Y,176927,0.000967690,0.0,0.000967690
1200,-X,+Y,177007,-0.001000160,0.0,-0.001000160
1201,-X,+Y,177087,0.004903391,0.0,0.004903391
1202,-X,+Y,177168,-0.007887636,0.0,-0.007887636
1203,-X,+Y,177247,-0.006903711,0.0,-0.006903711
1204,-X,+Y,177328,-0.002968010,0.0,-0.002968010
1205,-X,+Y,177407,-0.002968010,0.0,-0.002968010
1206,-X,+Y,177488,-0.007887636,0.0,-0.007887636
1207,-X,+Y,177567,-0.007887636,0.0,-0.007887636
1208,-X,+Y,177648,-0.000016235,0.0,-0.000016235
1209,-X,+Y,177727,-0.001000160,0.0,-0.001000160
1210,-X,+Y,177807,-0.003951935,0.0,-0.003951935
1211,-X,+Y,177887,-0.007887636,0.0,-0.007887636
1212,-X,+Y,177967,-0.007887636,0.0,-0.007887636
1213,-X,+Y,178048,-0.001000160,0.0,-0.001000160
1214,-X,+Y,178127,0.003919466,0.0,0.003919466
1215,-X,+Y,178208,-0.002968010,0.0,-0.002968010
1216,-X,+Y,178287,-0.000016235,0.0,-0.000016235
1217,-X,+Y,178368,-0.000016235,0.0,-0.000016235
1218,-X,+Y,178447,-0.000016235,0.0,-0.000016235
1219,-X,+Y,178528,-0.002968010,0.0,-0.002968010
1220,-X,+Y,178607,-0.003951935,0.0,-0.003951935
1221,-X,+Y,178688,0.004903391,0.0,0.004903391
1222,-X,+Y,178767,-0.005919786,0.0,-0.005919786
1223,-X,+Y,178847,-0.005919786,0.0,-0.005919786
1224,-X,+Y,178928,-0.007887636,0.0,-0.007887636
1225,-X,+Y,179007,0.006871241,0.0,0.006871241
1226,-X,+Y,179088,-0.007887636,0.0,-0.007887636
1227,-X,+Y,179167,-0.003951935,0.0,-0.003951935
1228,-X,+Y,179248,-0.008871561,0.0,-0.008871561
1229,-X,+Y,179327,-0.008871561,0.0,-0.008871561
1230,-X,+Y,179408,-0.005919786,0.0,-0.005919786
1231,-X,+Y,179487,-0.007887636,0.0,-0.007887636
1232,-X,+Y,179567,0.000967690,0.0,0.000967690
1233,-X,+Y,179648,0.000967690,0.0,0.000967690
1234,-X,+Y,179727,-0.010839411,0.0,-0.010839411
1235,-X,+Y,179808,-0.007887636,0.0,-0.007887636
1236,-X,+Y,179887,0.016710492,0.0,0.016710492
1237,-X,+Y,179968,0.004903391,0.0,0.004903391
1238,-X,+Y,180047,-0.003951935,0.0,-0.003951935
1239,-X,+Y,180128,-0.000016235,0.0,-0.000016235
1240,-X,+Y,180207,-0.010839411,0.0,-0.010839411
1241,-X,+Y,180288,-0.010839411,0.0,-0.010839411
1242,-X,+Y,180367,-0.001000160,0.0,-0.001000160
1243,-X,+Y,180447,-0.000016235,0.0,-0.000016235
1244,-X,+Y,180528,-0.010839411,0.0,-0.010839411
1245,-X,+Y,180607,-0.003951935,0.0,-0.003951935
1246,-X,+Y,180688,-0.002968010,0.0,-0.002968010
1247,-X,+Y,180767,-0.008871561,0.0,-0.008871561
1248,-X,+Y,180848,-0.001000160,0.0,-0.001000160
1249,-X,+Y,180927,-0.003951935,0.0,-0.003951935
1250,-X,+Y,181008,0.000967690,0.0,0.000967690
1251,-X,+Y,181087,0.000967690,0.0,0.000967690
1252,-X,+Y,181168,-0.007887636,0.0,-0.007887636
1253,-X,+Y,181247,-0.005919786,0.0,-0.005919786
1254,-X,+Y,181327,-0.005919786,0.0,-0.005919786
1255,-X,+Y,181408,-0.007887636,0.0,-0.007887636
1256,-X,+Y,181487,-0.005919786,0.0,-0.005919786
1257,-X,+Y,181568,-0.003951935,0.0,-0.003951935
1258,-X,+Y,181647,0.003919466,0.0,0.003919466
1259,-X,+Y,181728,-0.005919786,0.0,-0.005919786
1260,-X,+Y,181807,-0.001000160,0.0,-0.001000160
1261,-X,+Y,181888,-0.000016235,0.0,-0.000016235
1262,-X,+Y,181967,-0.005919786,0.0,-0.005919786
1263,-X,+Y,182047,-0.006903711,0.0,-0.006903711
1264,-X,+Y,182127,-0.006903711,0.0,-0.006903711
1265,-X,+Y,182207,-0.003951935,0.0,-0.003951935
1266,-X,+Y,182288,-0.003951935,0.0,-0.003951935
1267,-X,+Y,182367,0.004903391,0.0,0.004903391
1268,-X,+Y,182448,-0.000016235,0.0,-0.000016235
1269,-X,+Y,182527,-0.007887636,0.0,-0.007887636
1270,-X,+Y,182608,-0.005919786,0.0,-0.005919786
1271,-X,+Y,182687,-0.010839411,0.0,-0.010839411
1272,-X,+Y,182768,-0.007887636,0.0,-0.007887636
1273,-X,+Y,182847,-0.003951935,0.0,-0.003951935
1274,-X,+Y,182928,-0.003951935,0.0,-0.003951935
1275,-X,+Y,183007,-0.003951935,0.0,-0.003951935
1276,-X,+Y,183087,-0.006903711,0.0,-0.006903711
1277,-X,+Y,183167,-0.000016235,0.0,-0.000016235
1278,-X,+Y,183247,-0.000016235,0.0,-0.000016235
1279,-X,+Y,183328,-0.008871561,0.0,-0.008871561
1280,-X,+Y,183407,0.006871241,0.0,0.006871241
1281,-X,+Y,183488,-0.000016235,0.0,-0.000016235
1282,-X,+Y,183567,-0.003951935,0.0,-0.003951935
1283,-X,+Y,183648,0.001951615,0.0,0.001951615
1284,-X,+Y,183727,-0.003951935,0.0,-0.003951935
1285,-X,+Y,183808,-0.003951935,0.0,-0.003951935
1286,-X,+Y,183887,-0.000016235,0.0,-0.000016235
1287,-X,+Y,183967,-0.000016235,0.0,-0.000016235
1288,-X,+Y,184047,-0.002968010,0.0,-0.002968010
1289,-X,+Y,184127,-0.000016235,0.0,-0.000016235
1290,-X,+Y,184208,-0.000016235,0.0,-0.000016235
1291,-X,+Y,184287,-0.000016235,0.0,-0.000016235
1292,-X,+Y,184368,-0.004935860,0.0,-0.004935860
1293,-X,+Y,184447,-0.002968010,0.0,-0.002968010
1294,-X,+Y,184528,-0.000016235,0.0,-0.000016235
1295,-X,+Y,184607,-0.007887636,0.0,-0.007887636
1296,-X,+Y,184688,-0.003951935,0.0,-0.003951935
1297,-X,+Y,184767,0.004903391,0.0,0.004903391
1298,-X,+Y,184847,-0.000016235,0.0,-0.000016235
1299,-X,+Y,184927,-0.003951935,0.0,-0.003951935
1300,-X,+Y,185007,-0.003951935,0.0,-0.003951935
1301,-X,+Y,185088,-0.008871561,0.0,-0.008871561
1302,-X,+Y,185167,-0.002968010,0.0,-0.002968010
1303,-X,+Y,185248,-0.002968010,0.0,-0.002968010
1304,-X,+Y,185327,-0.003951935,0.0,-0.003951935
1305,-X,+Y,185408,-0.008871561,0.0,-0.008871561
1306,-X,+Y,185487,-0.000016235,0.0,-0.000016235
1307,-X,+Y,185567,-0.008871561,0.0,-0.008871561
1308,-X,+Y,185647,-0.000016235,0.0,-0.000016235
1309,-X,+Y,185727,0.004903391,0.0,0.004903391
1310,-X,+Y,185808,0.001951615,0.0,0.001951615
1311,-X,+Y,185887,0.003919466,0.0,0.003919466
1312,-X,+Y,185968,0.001951615,0.0,0.001951615
1313,-X,+Y,186047,-0.008871561,0.0,-0.008871561
1314,-X,+Y,186128,-0.001000160,0.0,-0.001000160
1315,-X,+Y,186207,-0.001000160,0.0,-0.001000160
1316,-X,+Y,186288,-0.006903711,0.0,-0.006903711
1317,-X,+Y,186367,-0.005919786,0.0,-0.005919786
1318,-X,+Y,186447,0.001951615,0.0,0.001951615
1319,-X,+Y,186528,-0.002968010,0.0,-0.002968010
1320,-X,+Y,186607,-0.001000160,0.0,-0.001000160
1321,-X,+Y,186688,0.001951615,0.0,0.001951615
1322,-X,+Y,186767,-0.004935860,0.0,-0.004935860
1323,-X,+Y,186848,-0.000016235,0.0,-0.000016235
1324,-X,+Y,186927,-0.003951935,0.0,-0.003951935
1325,-X,+Y,187008,-0.007887636,0.0,-0.007887636
1326,-X,+Y,187087,0.002935541,0.0,0.002935541
1327,-X,+Y,187168,0.002935541,0.0,0.002935541
1328,-X,+Y,187247,0.011790867,0.0,0.011790867
1329,-X,+Y,187327,-0.003951935,0.0,-0.003951935
1330,-X,+Y,187407,-0.006903711,0.0,-0.006903711
1331,-X,+Y,187487,-0.000016235,0.0,-0.000016235
1332,-X,+Y,187568,0.001951615,0.0,0.001951615
1333,-X,+Y,187647,-0.003951935,0.0,-0.003951935
1334,-X,+Y,187728,-0.008871561,0.0,-0.008871561
1335,-X,+Y,187807,-0.015759037,0.0,-0.015759037
1336,-X,+Y,187888,-0.007887636,0.0,-0.007887636
1337,-X,+Y,187967,0.008839091,0.0,0.008839091
1338,-X,+Y,188047,-0.003951935,0.0,-0.003951935
1339,-X,+Y,188127,-0.003951935,0.0,-0.003951935
1340,-X,+Y,188207,-0.007887636,0.0,-0.007887636
1341,-X,+Y,188288,-0.008871561,0.0,-0.008871561
1342,-X,+Y,188367,-0.003951935,0.0,-0.003951935
1343,-X,+Y,188448,-0.007887636,0.0,-0.007887636
1344,-X,+Y,188527,-0.006903711,0.0,-0.006903711
1345,-X,+Y,188608,-0.003951935,0.0,-0.003951935
1346,-X,+Y,188687,-0.003951935,0.0,-0.003951935
1347,-X,+Y,188768,0.004903391,0.0,0.004903391
1348,-X,+Y,188847,0.004903391,0.0,0.004903391
1349,-X,+Y,188928,-0.002968010,0.0,-0.002968010
1350,-X,+Y,189007,-0.007887636,0.0,-0.007887636
1351,-X,+Y,189087,0.004903391,0.0,0.004903391
1352,-X,+Y,189167,0.004903391,0.0,0.004903391
1353,-X,+Y,189247,-0.000016235,0.0,-0.000016235
1354,-X,+Y,189328,-0.007887636,0.0,-0.007887636
1355,-X,+Y,189407,-0.010839411,0.0,-0.010839411
1356,-X,+Y,189488,-0.007887636,0.0,-0.007887636
1357,-X,+Y,189567,-0.001000160,0.0,-0.001000160
1358,-X,+Y,189648,-0.010839411,0.0,-0.010839411
1359,-X,+Y,189727,0.004903391,0.0,0.004903391
1360,-X,+Y,189808,-0.003951935,0.0,-0.003951935
1361,-X,+Y,189887,-0.008871561,0.0,-0.008871561
1362,-X,+Y,189968,-0.007887636,0.0,-0.007887636
1363,-X,+Y,190047,-0.003951935,0.0,-0.003951935
1364,-X,+Y,190127,-0.003951935,0.0,-0.003951935
1365,-X,+Y,190208,-0.006903711,0.0,-0.006903711
1366,-X,+Y,190287,-0.008871561,0.0,-0.008871561
1367,-X,+Y,190368,-0.000016235,0.0,-0.000016235
1368,-X,+Y,190447,-0.008871561,0.0,-0.008871561
1369,-X,+Y,190528,-0.013791186,0.0,-0.013791186
1370,-X,+Y,190607,-0.008871561,0.0,-0.008871561
1371,-X,+Y,190688,-0.008871561,0.0,-0.008871561
1372,-X,+Y,190767,-0.000016235,0.0,-0.000016235
1373,-X,+Y,190847,0.000967690,0.0,0.000967690
1374,-X,+Y,190928,-0.003951935,0.0,-0.003951935
1375,-X,+Y,191007,-0.006903711,0.0,-0.006903711
1376,-X,+Y,191088,-0.006903711,0.0,-0.006903711
1377,-X,+Y,191167,-0.005919786,0.0,-0.005919786
1378,-X,+Y,191248,-0.007887636,0.0,-0.007887636
1379,-X,+Y,191327,-0.001000160,0.0,-0.001000160
1380,-X,+Y,191408,-0.000016235,0.0,-0.000016235
1381,-X,+Y,191487,0.001951615,0.0,0.001951615
1382,-X,+Y,191567,-0.001000160,0.0,-0.001000160
1383,-X,+Y,191647,-0.006903711,0.0,-0.006903711
1384,-X,+Y,191727,-0.003951935,0.0,-0.003951935
1385,-X,+Y,191808,-0.003951935,0.0,-0.003951935
1386,-X,+Y,191887,-0.005919786,0.0,-0.005919786
1387,-X,+Y,191968,-0.003951935,0.0,-0.003951935
1388,-X,+Y,192047,-0.000016235,0.0,-0.000016235
1389,-X,+Y,192128,-0.000016235,0.0,-0.000016235
1390,-X,+Y,192207,-0.007887636,0.0,-0.007887636
1391,-X,+Y,192288,0.000967690,0.0,0.000967690
1392,-X,+Y,192367,-0.000016235,0.0,-0.000016235
1393,-X,+Y,192448,-0.003951935,0.0,-0.003951935
1394,-X,+Y,192527,-0.003951935,0.0,-0.003951935
1395,-X,+Y,192607,-0.003951935,0.0,-0.003951935
1396,-X,+Y,192687,-0.007887636,0.0,-0.007887636
1397,-X,+Y,192767,-0.007887636,0.0,-0.007887636
1398,-X,+Y,192848,-0.008871561,0.0,-0.008871561
1399,-X,+Y,192927,-0.005919786,0.0,-0.005919786
1400,-X,+Y,193008,-0.003951935,0.0,-0.003951935
1401,-X,+Y,193087,-0.003951935,0.0,-0.003951935
1402,-X,+Y,193168,-0.007887636,0.0,-0.007887636
1403,-X,+Y,193247,-0.000016235,0.0,-0.000016235
1404,-X,+Y,193328,-0.007887636,0.0,-0.007887636
1405,-X,+Y,193407,-0.000016235,0.0,-0.000016235
1406,-X,+Y,193487,-0.003951935,0.0,-0.003951935
1407,-X,+Y,193567,0.000967690,0.0,0.000967690
1408,-X,+Y,193647,-0.006903711,0.0,-0.006903711
1409,-X,+Y,193728,0.006871241,0.0,0.006871241
1410,-X,+Y,193807,-0.000016235,0.0,-0.000016235
1411,-X,+Y,193888,-0.003951935,0.0,-0.003951935
1412,-X,+Y,193967,-0.001000160,0.0,-0.001000160
1413,-X,+Y,194048,-0.001000160,0.0,-0.001000160
1414,-X,+Y,194127,0.000967690,0.0,0.000967690
1415,-X,+Y,194207,-0.003951935,0.0,-0.003951935
1416,-X,+Y,194287,-0.006903711,0.0,-0.006903711
1417,-X,+Y,194367,-0.007887636,0.0,-0.007887636
1418,-X,+Y,194448,-0.001000160,0.0,-0.001000160
1419,-X,+Y,194527,-0.001000160,0.0,-0.001000160
1420,-X,+Y,194608,-0.005919786,0.0,-0.005919786
1421,-X,+Y,194687,-0.007887636,0.0,-0.007887636
1422,-X,+Y,194768,-0.005919786,0.0,-0.005919786
1423,-X,+Y,194847,0.001951615,0.0,0.001951615
1424,-X,+Y,194928,-0.003951935,0.0,-0.003951935
1425,-X,+Y,195007,-0.003951935,0.0,-0.003951935
1426,-X,+Y,195087,-0.003951935,0.0,-0.003951935
1427,-X,+Y,195168,-0.001000160,0.0,-0.001000160
1428,-X,+Y,195247,0.004903391,0.0,0.004903391
1429,-X,+Y,195328,-0.001000160,0.0,-0.001000160
1430,-X,+Y,195407,-0.000016235,0.0,-0.000016235
1431,-X,+Y,195488,-0.010839411,0.0,-0.010839411
1432,-X,+Y,195567,-0.000016235,0.0,-0.000016235
1433,-X,+Y,195648,-0.000016235,0.0,-0.000016235
1434,-X,+Y,195727,0.003919466,0.0,0.003919466
1435,-X,+Y,195808,0.000967690,0.0,0.000967690
1436,-X,+Y,195887,0.001951615,0.0,0.001951615
1437,-X,+Y,195967,-0.003951935,0.0,-0.003951935
1438,-X,+Y,196048,-0.003951935,0.0,-0.003951935
1439,-X,+Y,196127,-0.000016235,0.0,-0.000016235
1440,-X,+Y,196208,-0.003951935,0.0,-0.003951935
1441,-X,+Y,196287,-0.008871561,0.0,-0.008871561
1442,-X,+Y,196368,-0.008871561,0.0,-0.008871561
1443,-X,+Y,196447,-0.015759037,0.0,-0.015759037
1444,-X,+Y,196528,-0.007887636,0.0,-0.007887636
1445,-X,+Y,196607,-0.005919786,0.0,-0.005919786
1446,-X,+Y,196687,-0.003951935,0.0,-0.003951935
1447,-X,+Y,196767,-0.007887636,0.0,-0.007887636
1448,-X,+Y,196847,-0.007887636,0.0,-0.007887636
1449,-X,+Y,196928,0.001951615,0.0,0.001951615
1450,-X,+Y,197007,0.001951615,0.0,0.001951615
1451,-X,+Y,197088,-0.000016235,0.0,-0.000016235
1452,-X,+Y,197167,-0.005919786,0.0,-0.005919786
1453,-X,+Y,197248,-0.011823336,0.0,-0.011823336
1454,-X,+Y,197327,-0.007887636,0.0,-0.007887636
1455,-X,+Y,197408,-0.006903711,0.0,-0.006903711
1456,-X,+Y,197487,-0.000016235,0.0,-0.000016235
1457,-X,+Y,197567,-0.007887636,0.0,-0.007887636
1458,-X,+Y,197647,-0.010839411,0.0,-0.010839411
1459,-X,+Y,197727,-0.005919786,0.0,-0.005919786
1460,-X,+Y,197808,-0.008871561,0.0,-0.008871561
1461,-X,+Y,197887,-0.003951935,0.0,-0.003951935
1462,-X,+Y,197968,-0.003951935,0.0,-0.003951935
1463,-X,+Y,198047,0.004903391,0.0,0.004903391
1464,-X,+Y,198128,-0.003951935,0.0,-0.003951935
1465,-X,+Y,198207,-0.006903711,0.0,-0.006903711
1466,-X,+Y,198288,-0.003951935,0.0,-0.003951935
1467,-X,+Y,198367,0.000967690,0.0,0.000967690
1468,-X,+Y,198448,-0.006903711,0.0,-0.006903711
1469,-X,+Y,198527,-0.001000160,0.0,-0.001000160
1470,-X,+Y,198607,-0.005919786,0.0,-0.005919786
1471,-X,+Y,198688,-0.001000160,0.0,-0.001000160
1472,-X,+Y,198767,-0.007887636,0.0,-0.007887636
1473,-X,+Y,198848,0.000967690,0.0,0.000967690
1474,-X,+Y,198927,0.000967690,0.0,0.000967690
1475,-X,+Y,199008,-0.001000160,0.0,-0.001000160
1476,-X,+Y,199087,0.000967690,0.0,0.000967690
1477,-X,+Y,199168,-0.005919786,0.0,-0.005919786
1478,-X,+Y,199247,-0.006903711,0.0,-0.006903711
1479,-X,+Y,199327,-0.003951935,0.0,-0.003951935
1480,-X,+Y,199408,-0.000016235,0.0,-0.000016235
1481,-X,+Y,199487,-0.007887636,0.0,-0.007887636
1482,-X,+Y,199568,-0.003951935,0.0,-0.003951935
1483,-X,+Y,199647,-0.000016235,0.0,-0.000016235
1484,-X,+Y,199728,0.006871241,0.0,0.006871241
1485,-X,+Y,199807,-0.001000160,0.0,-0.001000160
1486,-X,+Y,199888,0.003919466,0.0,0.003919466
1487,-X,+Y,199967,0.003919466,0.0,0.003919466
1488,-X,+Y,200048,-0.000016235,0.0,-0.000016235
1489,-X,+Y,200127,-0.000016235,0.0,-0.000016235
1490,-X,+Y,200207,-0.003951935,0.0,-0.003951935
1491,-X,+Y,200287,0.001951615,0.0,0.001951615
1492,-X,+Y,200367,0.004903391,0.0,0.004903391
1493,-X,+Y,200448,0.004903391,0.0,0.004903391
1494,-X,+Y,200527,-0.007887636,0.0,-0.007887636
1495,-X,+Y,200608,-0.007887636,0.0,-0.007887636
1496,-X,+Y,200687,-0.003951935,0.0,-0.003951935
1497,-X,+Y,200768,-0.003951935,0.0,-0.003951935
1498,-X,+Y,200847,-0.003951935,0.0,-0.003951935
1499,-X,+Y,200928,-0.003951935,0.0,-0.003951935
1500,-X,+Y,201007,-0.002968010,0.0,-0.002968010
1501,-X,+Y,201088,-0.004935860,0.0,-0.004935860
1502,-X,+Y,201167,-0.005919786,0.0,-0.005919786
1503,-X,+Y,201248,-0.000016235,0.0,-0.000016235
1504,-X,+Y,201327,-0.003951935,0.0,-0.003951935
1505,-X,+Y,201407,-0.007887636,0.0,-0.007887636
1506,-X,+Y,201488,0.006871241,0.0,0.006871241
1507,-X,+Y,201567,-0.001000160,0.0,-0.001000160
1508,-X,+Y,201648,-0.005919786,0.0,-0.005919786
1509,-X,+Y,201727,-0.008871561,0.0,-0.008871561
1510,-X,+Y,201808,-0.001000160,0.0,-0.001000160
1511,-X,+Y,201887,-0.001000160,0.0,-0.001000160
1512,-X,+Y,201968,-0.000016235,0.0,-0.000016235
1513,-X,+Y,202047,-0.000016235,0.0,-0.000016235
1514,-X,+Y,202127,-0.001000160,0.0,-0.001000160
1515,-X,+Y,202207,-0.005919786,0.0,-0.005919786
1516,-X,+Y,202287,-0.007887636,0.0,-0.007887636
1517,-X,+Y,202368,0.003919466,0.0,0.003919466
1518,-X,+Y,202447,-0.003951935,0.0,-0.003951935
1519,-X,+Y,202528,-0.002968010,0.0,-0.002968010
1520,-X,+Y,202607,0.004903391,0.0,0.004903391
1521,-X,+Y,202688,-0.003951935,0.0,-0.003951935
1522,-X,+Y,202767,-0.001000160,0.0,-0.001000160
1523,-X,+Y,202848,-0.003951935,0.0,-0.003951935
1524,-X,+Y,202927,-0.003951935,0.0,-0.003951935
1525,-X,+Y,203007,-0.000016235,0.0,-0.000016235
1526,-X,+Y,203088,-0.003951935,0.0,-0.003951935
1527,-X,+Y,203167,-0.005919786,0.0,-0.005919786
1528,-X,+Y,203248,-0.001000160,0.0,-0.001000160
1529,-X,+Y,203327,-0.003951935,0.0,-0.003951935
1530,-X,+Y,203408,-0.005919786,0.0,-0.005919786
1531,-X,+Y,203487,-0.000016235,0.0,-0.000016235
1532,-X,+Y,203568,-0.000016235,0.0,-0.000016235
1533,-X,+Y,203647,-0.000016235,0.0,-0.000016235
1534,-X,+Y,203727,-0.007887636,0.0,-0.007887636
1535,-X,+Y,203807,-0.000016235,0.0,-0.000016235
1536,-X,+Y,203887,-0.000016235,0.0,-0.000016235
1537,-X,+Y,203968,-0.007887636,0.0,-0.007887636
1538,-X,+Y,204047,-0.007887636,0.0,-0.007887636
1539,-X,+Y,204128,-0.003951935,0.0,-0.003951935
1540,-X,+Y,204207,-0.000016235,0.0,-0.000016235
1541,-X,+Y,204288,-0.011823336,0.0,-0.011823336
1542,-X,+Y,204367,0.004903391,0.0,0.004903391
1543,-X,+Y,204448,0.007855166,0.0,0.007855166
1544,-X,+Y,204527,-0.000016235,0.0,-0.000016235
1545,-X,+Y,204607,-0.007887636,0.0,-0.007887636
1546,-X,+Y,204687,-0.003951935,0.0,-0.003951935
1547,-X,+Y,204767,-0.003951935,0.0,-0.003951935
1548,-X,+Y,204848,-0.003951935,0.0,-0.003951935
1549,-X,+Y,204927,0.008839091,0.0,0.008839091
1550,-X,+Y,205008,-0.000016235,0.0,-0.000016235
1551,-X,+Y,205087,-0.000016235,0.0,-0.000016235
1552,-X,+Y,205168,-0.000016235,0.0,-0.000016235
1553,-X,+Y,205247,-0.001000160,0.0,-0.001000160
1554,-X,+Y,205328,0.004903391,0.0,0.004903391
1555,-X,+Y,205407,-0.000016235,0.0,-0.000016235
1556,-X,+Y,205488,-0.007887636,0.0,-0.007887636
1557,-X,+Y,205567,-0.000016235,0.0,-0.000016235
1558,-X,+Y,205647,-0.000016235,0.0,-0.000016235
1559,-X,+Y,205727,-0.004935860,0.0,-0.004935860
1560,-X,+Y,205807,-0.004935860,0.0,-0.004935860
1561,-X,+Y,205888,-0.003951935,0.0,-0.003951935
1562,-X,+Y,205967,-0.005919786,0.0,-0.005919786
1563,-X,+Y,206048,-0.007887636,0.0,-0.007887636
1564,-X,+Y,206127,-0.003951935,0.0,-0.003951935
1565,-X,+Y,206208,-0.000016235,0.0,-0.000016235
1566,-X,+Y,206287,-0.003951935,0.0,-0.003951935
1567,-X,+Y,206368,-0.000016235,0.0,-0.000016235
1568,-X,+Y,206447,-0.001000160,0.0,-0.001000160
1569,-X,+Y,206527,-0.003951935,0.0,-0.003951935
1570,-X,+Y,206607,-0.000016235,0.0,-0.000016235
1571,-X,+Y,206687,-0.002968010,0.0,-0.002968010
1572,-X,+Y,206768,-0.003951935,0.0,-0.003951935
1573,-X,+Y,206847,-0.003951935,0.0,-0.003951935
1574,-X,+Y,206928,-0.006903711,0.0,-0.006903711
1575,-X,+Y,207007,-0.003951935,0.0,-0.003951935
1576,-X,+Y,207088,-0.003951935,0.0,-0.003951935
1577,-X,+Y,207167,0.004903391,0.0,0.004903391
1578,-X,+Y,207248,-0.007887636,0.0,-0.007887636
1579,-X,+Y,207327,-0.003951935,0.0,-0.003951935
1580,-X,+Y,207407,-0.003951935,0.0,-0.003951935
1581,-X,+Y,207487,-0.007887636,0.0,-0.007887636
1582,-X,+Y,207567,-0.007887636,0.0,-0.007887636
1583,-X,+Y,207648,-0.003951935,0.0,-0.003951935
1584,-X,+Y,207727,-0.000016235,0.0,-0.000016235
1585,-X,+Y,207808,-0.000016235,0.0,-0.000016235
1586,-X,+Y,207887,0.003919466,0.0,0.003919466
1587,-X,+Y,207968,-0.000016235,0.0,-0.000016235
1588,-X,+Y,208047,-0.003951935,0.0,-0.003951935
1589,-X,+Y,208128,-0.002968010,0.0,-0.002968010
1590,-X,+Y,208207,0.003919466,0.0,0.003919466
1591,-X,+Y,208288,0.007855166,0.0,0.007855166
1592,-X,+Y,208367,-0.003951935,0.0,-0.003951935
1593,-X,+Y,208447,-0.001000160,0.0,-0.001000160
1594,-X,+Y,208527,-0.006903711,0.0,-0.006903711
1595,-X,+Y,208607,-0.006903711,0.0,-0.006903711
1596,-X,+Y,208688,-0.007887636,0.0,-0.007887636
1597,-X,+Y,208767,-0.007887636,0.0,-0.007887636
1598,-X,+Y,208848,-0.008871561,0.0,-0.008871561
1599,-X,+Y,208927,-0.005919786,0.0,-0.005919786
1600,-X,+Y,209008,0.004903391,0.0,0.004903391
1601,-X,+Y,209087,-0.005919786,0.0,-0.005919786
1602,-X,+Y,209167,-0.003951935,0.0,-0.003951935
1603,-X,+Y,209247,-0.003951935,0.0,-0.003951935
1604,-X,+Y,209327,-0.007887636,0.0,-0.007887636
1605,-X,+Y,209408,-0.010839411,0.0,-0.010839411
1606,-X,+Y,209487,-0.001000160,0.0,-0.001000160
1607,-X,+Y,209568,-0.010839411,0.0,-0.010839411
1608,-X,+Y,209647,-0.003951935,0.0,-0.003951935
1609,-X,+Y,209728,-0.005919786,0.0,-0.005919786
1610,-X,+Y,209807,-0.005919786,0.0,-0.005919786
1611,-X,+Y,209888,-0.005919786,0.0,-0.005919786
1612,-X,+Y,209967,-0.008871561,0.0,-0.008871561
1613,-X,+Y,210047,-0.007887636,0.0,-0.007887636
1614,-X,+Y,210127,-0.003951935,0.0,-0.003951935
1615,-X,+Y,210207,-0.007887636,0.0,-0.007887636
1616,-X,+Y,210288,0.000967690,0.0,0.000967690
1617,-X,+Y,210367,-0.001000160,0.0,-0.001000160
1618,-X,+Y,210448,-0.007887636,0.0,-0.007887636
1619,-X,+Y,210527,-0.001000160,0.0,-0.001000160
1620,-X,+Y,210608,-0.007887636,0.0,-0.007887636
1621,-X,+Y,210687,0.001951615,0.0,0.001951615
1622,-X,+Y,210768,0.001951615,0.0,0.001951615
1623,-X,+Y,210847,-0.007887636,0.0,-0.007887636
1624,-X,+Y,210927,-0.002968010,0.0,-0.002968010
1625,-X,+Y,211007,-0.003951935,0.0,-0.003951935
1626,-X,+Y,211087,-0.001000160,0.0,-0.001000160
1627,-X,+Y,211168,-0.000016235,0.0,-0.000016235
1628,-X,+Y,211247,0.008839091,0.0,0.008839091
1629,-X,+Y,211328,-0.000016235,0.0,-0.000016235
1630,-X,+Y,211407,-0.003951935,0.0,-0.003951935
1631,-X,+Y,211488,0.001951615,0.0,0.001951615
1632,-X,+Y,211567,-0.000016235,0.0,-0.000016235
1633,-X,+Y,211648,-0.007887636,0.0,-0.007887636
1634,-X,+Y,211727,-0.007887636,0.0,-0.007887636
1635,-X,+Y,211807,-0.007887636,0.0,-0.007887636
1636,-X,+Y,211888,-0.003951935,0.0,-0.003951935
1637,-X,+Y,211967,-0.000016235,0.0,-0.000016235
1638,-X,+Y,212048,-0.003951935,0.0,-0.003951935
1639,-X,+Y,212127,-0.003951935,0.0,-0.003951935
1640,-X,+Y,212208,-0.005919786,0.0,-0.005919786
1641,-X,+Y,212287,0.004903391,0.0,0.004903391
1642,-X,+Y,212368,-0.001000160,0.0,-0.001000160
1643,-X,+Y,212447,-0.013791186,0.0,-0.013791186
1644,-X,+Y,212528,-0.006903711,0.0,-0.006903711
1645,-X,+Y,212607,0.000967690,0.0,0.000967690
1646,-X,+Y,212687,0.000967690,0.0,0.000967690
1647,-X,+Y,212768,-0.000016235,0.0,-0.000016235
1648,-X,+Y,212847,-0.001000160,0.0,-0.001000160
1649,-X,+Y,212928,0.004903391,0.0,0.004903391
1650,-X,+Y,213007,-0.005919786,0.0,-0.005919786
1651,-X,+Y,213088,-0.002968010,0.0,-0.002968010
1652,-X,+Y,213167,-0.003951935,0.0,-0.003951935
1653,-X,+Y,213248,-0.003951935,0.0,-0.003951935
1654,-X,+Y,213327,-0.003951935,0.0,-0.003951935
1655,-X,+Y,213408,-0.002968010,0.0,-0.002968010
1656,-X,+Y,213487,-0.003951935,0.0,-0.003951935
1657,-X,+Y,213568,-0.007887636,0.0,-0.007887636
1658,-X,+Y,213647,-0.002968010,0.0,-0.002968010
1659,-X,+Y,213727,-0.002968010,0.0,-0.002968010
1660,-X,+Y,213808,0.004903391,0.0,0.004903391
1661,-X,+Y,213887,-0.003951935,0.0,-0.003951935
1662,-X,+Y,213968,-0.007887636,0.0,-0.007887636
1663,-X,+Y,214047,-0.000016235,0.0,-0.000016235
1664,-X,+Y,214128,-0.007887636,0.0,-0.007887636
1665,-X,+Y,214207,-0.003951935,0.0,-0.003951935
1666,-X,+Y,214288,-0.007887636,0.0,-0.007887636
1667,-X,+Y,214367,-0.003951935,0.0,-0.003951935
1668,-X,+Y,214448,-0.001000160,0.0,-0.001000160
1669,-X,+Y,214527,-0.000016235,0.0,-0.000016235
1670,-X,+Y,214607,-0.010839411,0.0,-0.010839411
1671,-X,+Y,214688,-0.010839411,0.0,-0.010839411
1672,-X,+Y,214767,-0.003951935,0.0,-0.003951935
1673,-X,+Y,214848,-0.000016235,0.0,-0.000016235
1674,-X,+Y,214927,0.000967690,0.0,0.000967690
1675,-X,+Y,215008,-0.003951935,0.0,-0.003951935
1676,-X,+Y,215087,-0.002968010,0.0,-0.002968010
1677,-X,+Y,215168,-0.006903711,0.0,-0.006903711
1678,-X,+Y,215247,-0.003951935,0.0,-0.003951935
1679,-X,+Y,215327,-0.003951935,0.0,-0.003951935
1680,-X,+Y,215407,-0.006903711,0.0,-0.006903711
1681,-X,+Y,215487,-0.001000160,0.0,-0.001000160
1682,-X,+Y,215568,-0.000016235,0.0,-0.000016235
1683,-X,+Y,215647,-0.000016235,0.0,-0.000016235
1684,-X,+Y,215728,0.004903391,0.0,0.004903391
1685,-X,+Y,215807,-0.000016235,0.0,-0.000016235
1686,-X,+Y,215888,0.000967690,0.0,0.000967690
1687,-X,+Y,215967,-0.003951935,0.0,-0.003951935
1688,-X,+Y,216048,0.006871241,0.0,0.006871241
1689,-X,+Y,216127,-0.003951935,0.0,-0.003951935
1690,-X,+Y,216207,-0.006903711,0.0,-0.006903711
1691,-X,+Y,216288,-0.005919786,0.0,-0.005919786
1692,-X,+Y,216367,-0.005919786,0.0,-0.005919786
1693,-X,+Y,216448,-0.000016235,0.0,-0.000016235
1694,-X,+Y,216527,-0.007887636,0.0,-0.007887636
1695,-X,+Y,216608,-0.007887636,0.0,-0.007887636
1696,-X,+Y,216687,-0.007887636,0.0,-0.007887636
1697,-X,+Y,216768,-0.003951935,0.0,-0.003951935
1698,-X,+Y,216847,-0.003951935,0.0,-0.003951935
1699,-X,+Y,216928,-0.003951935,0.0,-0.003951935
1700,-X,+Y,217007,-0.005919786,0.0,-0.005919786
1701,-X,+Y,217087,-0.003951935,0.0,-0.003951935
1702,-X,+Y,217168,-0.001000160,0.0,-0.001000160
1703,-X,+Y,217247,0.004903391,0.0,0.004903391
1704,-X,+Y,217328,-0.000016235,0.0,-0.000016235
1705,-X,+Y,217407,-0.000016235,0.0,-0.000016235
1706,-X,+Y,217488,0.004903391,0.0,0.004903391
1707,-X,+Y,217567,0.008839091,0.0,0.008839091
1708,-X,+Y,217648,0.008839091,0.0,0.008839091
1709,-X,+Y,217727,-0.000016235,0.0,-0.000016235
1710,-X,+Y,217808,-0.007887636,0.0,-0.007887636
1711,-X,+Y,217887,-0.003951935,0.0,-0.003951935
1712,-X,+Y,217968,0.000967690,0.0,0.000967690
1713,-X,+Y,218047,-0.003951935,0.0,-0.003951935
1714,-X,+Y,218127,0.006871241,0.0,0.006871241
1715,-X,+Y,218208,0.004903391,0.0,0.004903391
1716,-X,+Y,218287,0.001951615,0.0,0.001951615
1717,-X,+Y,218368,-0.003951935,0.0,-0.003951935
1718,-X,+Y,218447,-0.003951935,0.0,-0.003951935
1719,-X,+Y,218528,-0.005919786,0.0,-0.005919786
1720,-X,+Y,218607,-0.005919786,0.0,-0.005919786
1721,-X,+Y,218688,-0.000016235,0.0,-0.000016235
1722,-X,+Y,218767,-0.003951935,0.0,-0.003951935
1723,-X,+Y,218847,-0.010839411,0.0,-0.010839411
1724,-X,+Y,218928,-0.007887636,0.0,-0.007887636
1725,-X,+Y,219007,-0.005919786,0.0,-0.005919786
1726,-X,+Y,219088,-0.001000160,0.0,-0.001000160
1727,-X,+Y,219167,-0.003951935,0.0,-0.003951935
1728,-X,+Y,219248,-0.003951935,0.0,-0.003951935
1729,-X,+Y,219327,-0.000016235,0.0,-0.000016235
1730,-X,+Y,219408,-0.001000160,0.0,-0.001000160
1731,-X,+Y,219487,-0.005919786,0.0,-0.005919786
1732,-X,+Y,219567,-0.005919786,0.0,-0.005919786
1733,-X,+Y,219648,-0.005919786,0.0,-0.005919786
1734,-X,+Y,219727,-0.000016235,0.0,-0.000016235
1735,-X,+Y,219808,-0.000016235,0.0,-0.000016235
1736,-X,+Y,219887,-0.007887636,0.0,-0.007887636
1737,-X,+Y,219968,0.009823016,0.0,0.009823016
1738,-X,+Y,220047,-0.003951935,0.0,-0.003951935
1739,-X,+Y,220128,-0.000016235,0.0,-0.000016235
1740,-X,+Y,220207,-0.003951935,0.0,-0.003951935
1741,-X,+Y,220287,-0.003951935,0.0,-0.003951935
1742,-X,+Y,220367,-0.001000160,0.0,-0.001000160
1743,-X,+Y,220447,-0.007887636,0.0,-0.007887636
1744,-X,+Y,220528,-0.007887636,0.0,-0.007887636
1745,-X,+Y,220607,-0.013791186,0.0,-0.013791186
1746,-X,+Y,220688,0.001951615,0.0,0.001951615
1747,-X,+Y,220767,-0.008871561,0.0,-0.008871561
1748,-X,+Y,220848,-0.010839411,0.0,-0.010839411
1749,-X,+Y,220927,-0.000016235,0.0,-0.000016235
1750,-X,+Y,221008,0.001951615,0.0,0.001951615
1751,-X,+Y,221087,-0.006903711,0.0,-0.006903711
1752,-X,+Y,221167,-0.005919786,0.0,-0.005919786
1753,-X,+Y,221248,-0.003951935,0.0,-0.003951935
1754,-X,+Y,221327,-0.001000160,0.0,-0.001000160
1755,-X,+Y,221408,-0.003951935,0.0,-0.003951935
1756,-X,+Y,221487,-0.008871561,0.0,-0.008871561
1757,-X,+Y,221568,-0.008871561,0.0,-0.008871561
1758,-X,+Y,221647,-0.000016235,0.0,-0.000016235
1759,-X,+Y,221728,-0.006903711,0.0,-0.006903711
1760,-X,+Y,221807,-0.006903711,0.0,-0.006903711
1761,-X,+Y,221887,-0.001000160,0.0,-0.001000160
1762,-X,+Y,221967,0.001951615,0.0,0.001951615
1763,-X,+Y,222047,-0.001000160,0.0,-0.001000160
1764,-X,+Y,222128,-0.015759037,0.0,-0.015759037
1765,-X,+Y,222207,-0.014775112,0.0,-0.014775112
1766,-X,+Y,222288,-0.002968010,0.0,-0.002968010
1767,-X,+Y,222367,-0.003951935,0.0,-0.003951935
1768,-X,+Y,222448,0.000967690,0.0,0.000967690
1769,-X,+Y,222527,0.000967690,0.0,0.000967690
1770,-X,+Y,222608,-0.000016235,0.0,-0.000016235
1771,-X,+Y,222687,-0.011823336,0.0,-0.011823336
1772,-X,+Y,222767,-0.000016235,0.0,-0.000016235
1773,-X,+Y,222847,-0.000016235,0.0,-0.000016235
1774,-X,+Y,222927,-0.000016235,0.0,-0.000016235
1775,-X,+Y,223008,-0.001000160,0.0,-0.001000160
1776,-X,+Y,223087,-0.001000160,0.0,-0.001000160
1777,-X,+Y,223168,-0.001000160,0.0,-0.001000160
1778,-X,+Y,223247,-0.006903711,0.0,-0.006903711
1779,-X,+Y,223328,-0.003951935,0.0,-0.003951935
1780,-X,+Y,223407,0.004903391,0.0,0.004903391
1781,-X,+Y,223488,0.004903391,0.0,0.004903391
1782,-X,+Y,223567,-0.003951935,0.0,-0.003951935
1783,-X,+Y,223648,-0.000016235,0.0,-0.000016235
1784,-X,+Y,223727,0.006871241,0.0,0.006871241
1785,-X,+Y,223807,-0.003951935,0.0,-0.003951935
1786,-X,+Y,223888,0.004903391,0.0,0.004903391
1787,-X,+Y,223967,-0.003951935,0.0,-0.003951935
1788,-X,+Y,224048,0.004903391,0.0,0.004903391
1789,-X,+Y,224127,-0.006903711,0.0,-0.006903711
1790,-X,+Y,224208,0.004903391,0.0,0.004903391
1791,-X,+Y,224287,-0.003951935,0.0,-0.003951935
1792,-X,+Y,224368,-0.000016235,0.0,-0.000016235
1793,-X,+Y,224447,-0.000016235,0.0,-0.000016235
1794,-X,+Y,224528,-0.004935860,0.0,-0.004935860
1795,-X,+Y,224607,-0.007887636,0.0,-0.007887636
1796,-X,+Y,224688,-0.003951935,0.0,-0.003951935
1797,-X,+Y,224767,-0.003951935,0.0,-0.003951935
1798,-X,+Y,224847,0.003919466,0.0,0.003919466
1799,-X,+Y,224928,-0.000016235,0.0,-0.000016235
1800,-X,+Y,225007,-0.002968010,0.0,-0.002968010
1801,-X,+Y,225088,-0.001000160,0.0,-0.001000160
1802,-X,+Y,225167,-0.003951935,0.0,-0.003951935
1803,-X,+Y,225248,-0.002968010,0.0,-0.002968010
1804,-X,+Y,225327,-0.007887636,0.0,-0.007887636
1805,-X,+Y,225408,-0.011823336,0.0,-0.011823336
1806,-X,+Y,225487,-0.011823336,0.0,-0.011823336
1807,-X,+Y,225567,-0.002968010,0.0,-0.002968010
1808,-X,+Y,225647,0.007855166,0.0,0.007855166
1809,-X,+Y,225727,-0.000016235,0.0,-0.000016235
1810,-X,+Y,225807,-0.003951935,0.0,-0.003951935
1811,-X,+Y,225887,0.000967690,0.0,0.000967690
1812,-X,+Y,225968,-0.007887636,0.0,-0.007887636
1813,-X,+Y,226047,-0.006903711,0.0,-0.006903711
1814,-X,+Y,226128,-0.000016235,0.0,-0.000016235
1815,-X,+Y,226207,0.004903391,0.0,0.004903391
1816,-X,+Y,226288,0.003919466,0.0,0.003919466
1817,-X,+Y,226367,-0.000016235,0.0,-0.000016235
1818,-X,+Y,226448,-0.000016235,0.0,-0.000016235
1819,-X,+Y,226527,-0.002968010,0.0,-0.002968010
1820,-X,+Y,226607,-0.007887636,0.0,-0.007887636
1821,-X,+Y,226687,-0.002968010,0.0,-0.002968010
1822,-X,+Y,226767,0.003919466,0.0,0.003919466
1823,-X,+Y,226848,-0.006903711,0.0,-0.006903711
1824,-X,+Y,226927,-0.010839411,0.0,-0.010839411
1825,-X,+Y,227008,-0.007887636,0.0,-0.007887636
1826,-X,+Y,227087,-0.003951935,0.0,-0.003951935
1827,-X,+Y,227168,-0.000016235,0.0,-0.000016235
1828,-X,+Y,227247,-0.007887636,0.0,-0.007887636
1829,-X,+Y,227328,-0.007887636,0.0,-0.007887636
1830,-X,+Y,227407,-0.007887636,0.0,-0.007887636
1831,-X,+Y,227488,-0.003951935,0.0,-0.003951935
1832,-X,+Y,227567,-0.002968010,0.0,-0.002968010
1833,-X,+Y,227647,-0.000016235,0.0,-0.000016235
1834,-X,+Y,227727,-0.001000160,0.0,-0.001000160
1835,-X,+Y,227807,-0.000016235,0.0,-0.000016235
1836,-X,+Y,227888,-0.008871561,0.0,-0.008871561
1837,-X,+Y,227967,-0.002968010,0.0,-0.002968010
1838,-X,+Y,228048,-0.005919786,0.0,-0.005919786
1839,-X,+Y,228127,0.000967690,0.0,0.000967690
1840,-X,+Y,228208,-0.003951935,0.0,-0.003951935
1841,-X,+Y,228287,-0.002968010,0.0,-0.002968010
1842,-X,+Y,228368,0.000967690,0.0,0.000967690
1843,-X,+Y,228447,0.000967690,0.0,0.000967690
1844,-X,+Y,228527,-0.000016235,0.0,-0.000016235
1845,-X,+Y,228607,-0.005919786,0.0,-0.005919786
1846,-X,+Y,228687,-0.005919786,0.0,-0.005919786
1847,-X,+Y,228768,-0.003951935,0.0,-0.003951935
1848,-X,+Y,228847,-0.000016235,0.0,-0.000016235
1849,-X,+Y,228928,-0.007887636,0.0,-0.007887636
1850,-X,+Y,229007,-0.007887636,0.0,-0.007887636
1851,-X,+Y,229088,-0.003951935,0.0,-0.003951935
1852,-X,+Y,229167,-0.007887636,0.0,-0.007887636
1853,-X,+Y,229248,-0.002968010,0.0,-0.002968010
1854,-X,+Y,229327,-0.001000160,0.0,-0.001000160
1855,-X,+Y,229407,-0.001000160,0.0,-0.001000160
1856,-X,+Y,229487,-0.003951935,0.0,-0.003951935
1857,-X,+Y,229567,-0.010839411,0.0,-0.010839411
1858,-X,+Y,229648,-0.008871561,0.0,-0.008871561
1859,-X,+Y,229727,-0.007887636,0.0,-0.007887636
1860,-X,+Y,229808,-0.006903711,0.0,-0.006903711
1861,-X,+Y,229887,-0.008871561,0.0,-0.008871561
1862,-X,+Y,229968,-0.008871561,0.0,-0.008871561
1863,-X,+Y,230047,-0.008871561,0.0,-0.008871561
1864,-X,+Y,230128,-0.010839411,0.0,-0.010839411
1865,-X,+Y,230207,-0.003951935,0.0,-0.003951935
1866,-X,+Y,230287,-0.003951935,0.0,-0.003951935
1867,-X,+Y,230368,-0.003951935,0.0,-0.003951935
1868,-X,+Y,230447,-0.007887636,0.0,-0.007887636
1869,-X,+Y,230528,-0.007887636,0.0,-0.007887636
1870,-X,+Y,230607,-0.006903711,0.0,-0.006903711
1871,-X,+Y,230688,-0.007887636,0.0,-0.007887636
1872,-X,+Y,230767,0.002935541,0.0,0.002935541
1873,-X,+Y,230848,-0.005919786,0.0,-0.005919786
1874,-X,+Y,230927,-0.007887636,0.0,-0.007887636
1875,-X,+Y,231008,-0.001000160,0.0,-0.001000160
1876,-X,+Y,231087,-0.007887636,0.0,-0.007887636
1877,-X,+Y,231167,-0.005919786,0.0,-0.005919786
1878,-X,+Y,231247,-0.007887636,0.0,-0.007887636
1879,-X,+Y,231327,-0.007887636,0.0,-0.007887636
1880,-X,+Y,231408,0.008839091,0.0,0.008839091
1881,-X,+Y,231487,-0.003951935,0.0,-0.003951935
1882,-X,+Y,231568,-0.005919786,0.0,-0.005919786
1883,-X,+Y,231647,-0.003951935,0.0,-0.003951935
1884,-X,+Y,231728,-0.010839411,0.0,-0.010839411
1885,-X,+Y,231807,-0.007887636,0.0,-0.007887636
1886,-X,+Y,231888,-0.003951935,0.0,-0.003951935
1887,-X,+Y,231967,-0.000016235,0.0,-0.000016235
1888,-X,+Y,232047,0.000967690,0.0,0.000967690
1889,-X,+Y,232127,-0.003951935,0.0,-0.003951935
1890,-X,+Y,232207,-0.003951935,0.0,-0.003951935
1891,-X,+Y,232288,-0.003951935,0.0,-0.003951935
1892,-X,+Y,232367,-0.003951935,0.0,-0.003951935
1893,-X,+Y,232448,-0.000016235,0.0,-0.000016235
1894,-X,+Y,232527,-0.008871561,0.0,-0.008871561
1895,-X,+Y,232608,-0.003951935,0.0,-0.003951935
1896,-X,+Y,232687,-0.002968010,0.0,-0.002968010
1897,-X,+Y,232768,-0.007887636,0.0,-0.007887636
1898,-X,+Y,232847,-0.007887636,0.0,-0.007887636
1899,-X,+Y,232927,-0.005919786,0.0,-0.005919786
1900,-X,+Y,233007,-0.002968010,0.0,-0.002968010
1901,-X,+Y,233087,-0.005919786,0.0,-0.005919786
1902,-X,+Y,233168,0.003919466,0.0,0.003919466
1903,-X,+Y,233247,-0.000016235,0.0,-0.000016235
1904,-X,+Y,233328,-0.000016235,0.0,-0.000016235
1905,-X,+Y,233407,-0.004935860,0.0,-0.004935860
1906,-X,+Y,233488,-0.001984085,0.0,-0.001984085
1907,-X,+Y,233567,-0.006903711,0.0,-0.006903711
1908,-X,+Y,233648,-0.002968010,0.0,-0.002968010
1909,-X,+Y,233727,-0.000016235,0.0,-0.000016235
1910,-X,+Y,233807,0.012774792,0.0,0.012774792
1911,-X,+Y,233887,-0.003951935,0.0,-0.003951935
1912,-X,+Y,233967,-0.003951935,0.0,-0.003951935
1913,-X,+Y,234048,-0.003951935,0.0,-0.003951935
1914,-X,+Y,234127,0.004903391,0.0,0.004903391
1915,-X,+Y,234208,-0.005919786,0.0,-0.005919786
1916,-X,+Y,234287,-0.005919786,0.0,-0.005919786
1917,-X,+Y,234368,0.000967690,0.0,0.000967690
1918,-X,+Y,234447,-0.001000160,0.0,-0.001000160
1919,-X,+Y,234528,0.000967690,0.0,0.000967690
1920,-X,+Y,234607,-0.011823336,0.0,-0.011823336
1921,-X,+Y,234688,-0.008871561,0.0,-0.008871561
1922,-X,+Y,234767,-0.001000160,0.0,-0.001000160
1923,-X,+Y,234848,-0.003951935,0.0,-0.003951935
1924,-X,+Y,234927,-0.010839411,0.0,-0.010839411
1925,-X,+Y,235007,-0.006903711,0.0,-0.006903711
1926,-X,+Y,235087,0.004903391,0.0,0.004903391
1927,-X,+Y,235167,-0.007887636,0.0,-0.007887636
1928,-X,+Y,235248,-0.007887636,0.0,-0.007887636
1929,-X,+Y,235327,-0.003951935,0.0,-0.003951935
1930,-X,+Y,235408,-0.000016235,0.0,-0.000016235
1931,-X,+Y,235487,-0.007887636,0.0,-0.007887636
1932,-X,+Y,235568,-0.000016235,0.0,-0.000016235
1933,-X,+Y,235647,-0.007887636,0.0,-0.007887636
1934,-X,+Y,235728,-0.003951935,0.0,-0.003951935
1935,-X,+Y,235807,-0.007887636,0.0,-0.007887636
1936,-X,+Y,235888,0.001951615,0.0,0.001951615
1937,-X,+Y,235967,-0.010839411,0.0,-0.010839411
1938,-X,+Y,236047,-0.003951935,0.0,-0.003951935
1939,-X,+Y,236128,0.004903391,0.0,0.004903391
1940,-X,+Y,236207,-0.000016235,0.0,-0.000016235
1941,-X,+Y,236288,-0.000016235,0.0,-0.000016235
1942,-X,+Y,236367,-0.003951935,0.0,-0.003951935
1943,-X,+Y,236448,-0.001000160,0.0,-0.001000160
1944,-X,+Y,236527,-0.000016235,0.0,-0.000016235
1945,-X,+Y,236608,-0.008871561,0.0,-0.008871561
1946,-X,+Y,236687,-0.000016235,0.0,-0.000016235
1947,-X,+Y,236767,-0.003951935,0.0,-0.003951935
1948,-X,+Y,236847,-0.007887636,0.0,-0.007887636
1949,-X,+Y,236927,-0.003951935,0.0,-0.003951935
1950,-X,+Y,237008,-0.007887636,0.0,-0.007887636
1951,-X,+Y,237087,-0.003951935,0.0,-0.003951935
1952,-X,+Y,237168,-0.000016235,0.0,-0.000016235
1953,-X,+Y,237247,-0.000016235,0.0,-0.000016235
1954,-X,+Y,237328,0.009823016,0.0,0.009823016
1955,-X,+Y,237407,-0.003951935,0.0,-0.003951935
1956,-X,+Y,237488,-0.002968010,0.0,-0.002968010
1957,-X,+Y,237567,-0.000016235,0.0,-0.000016235
1958,-X,+Y,237648,-0.003951935,0.0,-0.003951935
1959,-X,+Y,237727,-0.003951935,0.0,-0.003951935
1960,-X,+Y,237807,-0.000016235,0.0,-0.000016235
1961,-X,+Y,237888,-0.002968010,0.0,-0.002968010
1962,-X,+Y,237967,-0.001000160,0.0,-0.001000160
1963,-X,+Y,238048,-0.002968010,0.0,-0.002968010
1964,-X,+Y,238127,-0.000016235,0.0,-0.000016235
1965,-X,+Y,238208,-0.000016235,0.0,-0.000016235
1966,-X,+Y,238287,-0.007887636,0.0,-0.007887636
1967,-X,+Y,238368,-0.000016235,0.0,-0.000016235
1968,-X,+Y,238447,0.000967690,0.0,0.000967690
1969,-X,+Y,238528,0.000967690,0.0,0.000967690
1970,-X,+Y,238607,-0.006903711,0.0,-0.006903711
1971,-X,+Y,238687,-0.005919786,0.0,-0.005919786
1972,-X,+Y,238768,-0.003951935,0.0,-0.003951935
1973,-X,+Y,238847,-0.000016235,0.0,-0.000016235
1974,-X,+Y,238928,-0.000016235,0.0,-0.000016235
1975,-X,+Y,239007,-0.005919786,0.0,-0.005919786
1976,-X,+Y,239088,-0.003951935,0.0,-0.003951935
1977,-X,+Y,239167,-0.003951935,0.0,-0.003951935
1978,-X,+Y,239248,-0.004935860,0.0,-0.004935860
1979,-X,+Y,239327,-0.001000160,0.0,-0.001000160
1980,-X,+Y,239407,-0.010839411,0.0,-0.010839411
1981,-X,+Y,239488,-0.007887636,0.0,-0.007887636
1982,-X,+Y,239567,-0.007887636,0.0,-0.007887636
1983,-X,+Y,239648,0.001951615,0.0,0.001951615
1984,-X,+Y,239727,0.001951615,0.0,0.001951615
1985,-X,+Y,239808,-0.005919786,0.0,-0.005919786
1986,-X,+Y,239887,-0.003951935,0.0,-0.003951935
1987,-X,+Y,239968,-0.003951935,0.0,-0.003951935
1988,-X,+Y,240047,-0.011823336,0.0,-0.011823336
1989,-X,+Y,240127,-0.001000160,0.0,-0.001000160
1990,-X,+Y,240207,-0.001000160,0.0,-0.001000160
1991,-X,+Y,240287,-0.003951935,0.0,-0.003951935
1992,-X,+Y,240368,-0.005919786,0.0,-0.005919786
1993,-X,+Y,240447,-0.003951935,0.0,-0.003951935
1994,-X,+Y,240528,-0.008871561,0.0,-0.008871561
1995,-X,+Y,240607,-0.003951935,0.0,-0.003951935
1996,-X,+Y,240688,-0.007887636,0.0,-0.007887636
1997,-X,+Y,240767,-0.007887636,0.0,-0.007887636
1998,-X,+Y,240848,-0.003951935,0.0,-0.003951935
1999,-X,+Y,240927,-0.000016235,0.0,-0.000016235
2000,+Y,-X,329155,0.008839091,0.0,0.008839091
2001,+Y,-X,329235,0.008839091,0.0,0.008839091
2002,+Y,-X,329316,0.009823016,0.0,0.009823016
2003,+Y,-X,329395,0.008839091,0.0,0.008839091
2004,+Y,-X,329476,0.014742642,0.0,0.014742642
2005,+Y,-X,329555,0.009823016,0.0,0.009823016
2006,+Y,-X,329635,0.008839091,0.0,0.008839091
2007,+Y,-X,329716,0.008839091,0.0,0.008839091
2008,+Y,-X,329795,0.009823016,0.0,0.009823016
2009,+Y,-X,329875,0.011790867,0.0,0.011790867
2010,+Y,-X,329956,0.009823016,0.0,0.009823016
2011,+Y,-X,330035,0.008839091,0.0,0.008839091
2012,+Y,-X,330116,0.012774792,0.0,0.012774792
2013,+Y,-X,330195,0.014742642,0.0,0.014742642
2014,+Y,-X,330275,0.011790867,0.0,0.011790867
2015,+Y,-X,330356,0.011790867,0.0,0.011790867
2016,+Y,-X,330435,0.008839091,0.0,0.008839091
2017,+Y,-X,330515,0.011790867,0.0,0.011790867
2018,+Y,-X,330596,0.009823016,0.0,0.009823016
2019,+Y,-X,330675,0.008839091,0.0,0.008839091
2020,+Y,-X,330756,0.008839091,0.0,0.008839091
2021,+Y,-X,330835,0.008839091,0.0,0.008839091
2022,+Y,-X,330915,0.011790867,0.0,0.011790867
2023,+Y,-X,330996,0.011790867,0.0,0.011790867
2024,+Y,-X,331075,0.007855166,0.0,0.007855166
2025,+Y,-X,331155,0.008839091,0.0,0.008839091
2026,+Y,-X,331236,0.008839091,0.0,0.008839091
2027,+Y,-X,331315,0.009823016,0.0,0.009823016
2028,+Y,-X,331396,0.009823016,0.0,0.009823016
2029,+Y,-X,331475,0.009823016,0.0,0.009823016
2030,+Y,-X,331555,0.011790867,0.0,0.011790867
2031,+Y,-X,331636,0.008839091,0.0,0.008839091
2032,+Y,-X,331715,0.014742642,0.0,0.014742642
2033,+Y,-X,331795,0.014742642,0.0,0.014742642
2034,+Y,-X,331876,0.008839091,0.0,0.008839091
2035,+Y,-X,331955,0.012774792,0.0,0.012774792
2036,+Y,-X,332036,0.015726567,0.0,0.015726567
2037,+Y,-X,332115,0.016710492,0.0,0.016710492
2038,+Y,-X,332195,0.009823016,0.0,0.009823016
2039,+Y,-X,332276,0.008839091,0.0,0.008839091
2040,+Y,-X,332355,0.007855166,0.0,0.007855166
2041,+Y,-X,332435,0.011790867,0.0,0.011790867
2042,+Y,-X,332516,0.011790867,0.0,0.011790867
2043,+Y,-X,332595,0.008839091,0.0,0.008839091
2044,+Y,-X,332676,0.008839091,0.0,0.008839091
2045,+Y,-X,332755,0.008839091,0.0,0.008839091
2046,+Y,-X,332835,0.009823016,0.0,0.009823016
2047,+Y,-X,332916,0.008839091,0.0,0.008839091
2048,+Y,-X,332995,0.012774792,0.0,0.012774792
2049,+Y,-X,333075,0.011790867,0.0,0.011790867
2050,+Y,-X,333156,0.011790867,0.0,0.011790867
2051,+Y,-X,333235,0.008839091,0.0,0.008839091
2052,+Y,-X,333316,0.011790867,0.0,0.011790867
2053,+Y,-X,333395,0.012774792,0.0,0.012774792
2054,+Y,-X,333475,0.008839091,0.0,0.008839091
2055,+Y,-X,333556,0.008839091,0.0,0.008839091
2056,+Y,-X,333635,0.009823016,0.0,0.009823016
2057,+Y,-X,333716,0.016710492,0.0,0.016710492
2058,+Y,-X,333795,0.016710492,0.0,0.016710492
2059,+Y,-X,333875,0.000967690,0.0,0.000967690
2060,+Y,-X,333956,0.008839091,0.0,0.008839091
2061,+Y,-X,334035,0.014742642,0.0,0.014742642
2062,+Y,-X,334115,0.011790867,0.0,0.011790867
2063,+Y,-X,334196,0.014742642,0.0,0.014742642
2064,+Y,-X,334275,0.016710492,0.0,0.016710492
2065,+Y,-X,334356,0.011790867,0.0,0.011790867
2066,+Y,-X,334435,0.003919466,0.0,0.003919466
2067,+Y,-X,334515,0.009823016,0.0,0.009823016
2068,+Y,-X,334596,0.007855166,0.0,0.007855166
2069,+Y,-X,334675,0.009823016,0.0,0.009823016
2070,+Y,-X,334755,0.008839091,0.0,0.008839091
2071,+Y,-X,334836,0.008839091,0.0,0.008839091
2072,+Y,-X,334915,0.016710492,0.0,0.016710492
2073,+Y,-X,334996,0.016710492,0.0,0.016710492
2074,+Y,-X,335075,0.016710492,0.0,0.016710492
2075,+Y,-X,335155,0.012774792,0.0,0.012774792
2076,+Y,-X,335236,0.007855166,0.0,0.007855166
2077,+Y,-X,335315,0.011790867,0.0,0.011790867
2078,+Y,-X,335395,0.011790867,0.0,0.011790867
2079,+Y,-X,335476,0.006871241,0.0,0.006871241
2080,+Y,-X,335555,0.008839091,0.0,0.008839091
2081,+Y,-X,335636,0.012774792,0.0,0.012774792
2082,+Y,-X,335715,0.014742642,0.0,0.014742642
2083,+Y,-X,335795,0.014742642,0.0,0.014742642
2084,+Y,-X,335876,0.009823016,0.0,0.009823016
2085,+Y,-X,335955,0.007855166,0.0,0.007855166
2086,+Y,-X,336036,0.008839091,0.0,0.008839091
2087,+Y,-X,336115,0.011790867,0.0,0.011790867
2088,+Y,-X,336195,0.011790867,0.0,0.011790867
2089,+Y,-X,336276,0.016710492,0.0,0.016710492
2090,+Y,-X,336355,0.008839091,0.0,0.008839091
2091,+Y,-X,336435,0.008839091,0.0,0.008839091
2092,+Y,-X,336516,0.010806942,0.0,0.010806942
2093,+Y,-X,336595,0.011790867,0.0,0.011790867
2094,+Y,-X,336675,0.014742642,0.0,0.014742642
2095,+Y,-X,336756,0.012774792,0.0,0.012774792
2096,+Y,-X,336835,0.012774792,0.0,0.012774792
2097,+Y,-X,336916,0.012774792,0.0,0.012774792
2098,+Y,-X,336995,0.009823016,0.0,0.009823016
2099,+Y,-X,337075,0.011790867,0.0,0.011790867
2100,+Y,-X,337156,0.016710492,0.0,0.016710492
2101,+Y,-X,337235,0.016710492,0.0,0.016710492
2102,+Y,-X,337315,0.016710492,0.0,0.016710492
2103,+Y,-X,337396,0.011790867,0.0,0.011790867
2104,+Y,-X,337475,0.011790867,0.0,0.011790867
2105,+Y,-X,337556,0.011790867,0.0,0.011790867
2106,+Y,-X,337635,0.014742642,0.0,0.014742642
2107,+Y,-X,337715,0.009823016,0.0,0.009823016
2108,+Y,-X,337796,0.012774792,0.0,0.012774792
2109,+Y,-X,337875,0.012774792,0.0,0.012774792
2110,+Y,-X,337955,0.014742642,0.0,0.014742642
2111,+Y,-X,338036,0.008839091,0.0,0.008839091
2112,+Y,-X,338115,0.011790867,0.0,0.011790867
2113,+Y,-X,338196,0.014742642,0.0,0.014742642
2114,+Y,-X,338275,0.008839091,0.0,0.008839091
2115,+Y,-X,338355,0.008839091,0.0,0.008839091
2116,+Y,-X,338436,0.008839091,0.0,0.008839091
2117,+Y,-X,338515,0.008839091,0.0,0.008839091
2118,+Y,-X,338595,0.016710492,0.0,0.016710492
2119,+Y,-X,338676,0.014742642,0.0,0.014742642
2120,+Y,-X,338755,0.006871241,0.0,0.006871241
2121,+Y,-X,338836,0.006871241,0.0,0.006871241
2122,+Y,-X,338915,0.008839091,0.0,0.008839091
2123,+Y,-X,338995,0.015726567,0.0,0.015726567
2124,+Y,-X,339076,0.023597968,0.0,0.023597968
2125,+Y,-X,339155,0.011790867,0.0,0.011790867
2126,+Y,-X,339235,0.009823016,0.0,0.009823016
2127,+Y,-X,339316,0.009823016,0.0,0.009823016
2128,+Y,-X,339395,0.016710492,0.0,0.016710492
2129,+Y,-X,339476,0.008839091,0.0,0.008839091
2130,+Y,-X,339555,0.004903391,0.0,0.004903391
2131,+Y,-X,339635,0.014742642,0.0,0.014742642
2132,+Y,-X,339716,0.011790867,0.0,0.011790867
2133,+Y,-X,339795,0.008839091,0.0,0.008839091
2134,+Y,-X,339876,0.008839091,0.0,0.008839091
2135,+Y,-X,339955,0.011790867,0.0,0.011790867
2136,+Y,-X,340035,0.009823016,0.0,0.009823016
2137,+Y,-X,340116,0.008839091,0.0,0.008839091
2138,+Y,-X,340195,0.009823016,0.0,0.009823016
2139,+Y,-X,340275,0.008839091,0.0,0.008839091
2140,+Y,-X,340356,0.014742642,0.0,0.014742642
2141,+Y,-X,340435,0.008839091,0.0,0.008839091
2142,+Y,-X,340516,0.014742642,0.0,0.014742642
2143,+Y,-X,340595,0.011790867,0.0,0.011790867
2144,+Y,-X,340675,0.008839091,0.0,0.008839091
2145,+Y,-X,340756,0.014742642,0.0,0.014742642
2146,+Y,-X,340835,0.009823016,0.0,0.009823016
2147,+Y,-X,340915,0.009823016,0.0,0.009823016
2148,+Y,-X,340996,0.011790867,0.0,0.011790867
2149,+Y,-X,341075,0.007855166,0.0,0.007855166
2150,+Y,-X,341156,0.008839091,0.0,0.008839091
2151,+Y,-X,341235,0.008839091,0.0,0.008839091
2152,+Y,-X,341315,0.008839091,0.0,0.008839091
2153,+Y,-X,341396,0.011790867,0.0,0.011790867
2154,+Y,-X,341475,0.016710492,0.0,0.016710492
2155,+Y,-X,341555,0.011790867,0.0,0.011790867
2156,+Y,-X,341636,0.008839091,0.0,0.008839091
2157,+Y,-X,341715,0.008839091,0.0,0.008839091
2158,+Y,-X,341796,0.008839091,0.0,0.008839091
2159,+Y,-X,341876,0.008839091,0.0,0.008839091
2160,+Y,-X,341955,0.007855166,0.0,0.007855166
2161,+Y,-X,342036,0.014742642,0.0,0.014742642
2162,+Y,-X,342115,0.015726567,0.0,0.015726567
2163,+Y,-X,342195,0.015726567,0.0,0.015726567
2164,+Y,-X,342276,0.014742642,0.0,0.014742642
2165,+Y,-X,342355,0.016710492,0.0,0.016710492
2166,+Y,-X,342436,0.014742642,0.0,0.014742642
2167,+Y,-X,342516,0.009823016,0.0,0.009823016
2168,+Y,-X,342595,0.011790867,0.0,0.011790867
2169,+Y,-X,342676,0.008839091,0.0,0.008839091
2170,+Y,-X,342755,0.008839091,0.0,0.008839091
2171,+Y,-X,342835,0.007855166,0.0,0.007855166
2172,+Y,-X,342916,0.007855166,0.0,0.007855166
2173,+Y,-X,342995,0.011790867,0.0,0.011790867
2174,+Y,-X,343076,0.016710492,0.0,0.016710492
2175,+Y,-X,343156,0.016710492,0.0,0.016710492
2176,+Y,-X,343235,0.009823016,0.0,0.009823016
2177,+Y,-X,343316,0.015726567,0.0,0.015726567
2178,+Y,-X,343395,0.011790867,0.0,0.011790867
2179,+Y,-X,343475,0.011790867,0.0,0.011790867
2180,+Y,-X,343556,0.009823016,0.0,0.009823016
2181,+Y,-X,343635,0.011790867,0.0,0.011790867
2182,+Y,-X,343716,0.011790867,0.0,0.011790867
2183,+Y,-X,343795,-0.000016235,0.0,-0.000016235
2184,+Y,-X,343875,-0.000016235,0.0,-0.000016235
2185,+Y,-X,343956,0.008839091,0.0,0.008839091
2186,+Y,-X,344035,0.008839091,0.0,0.008839091
2187,+Y,-X,344115,0.008839091,0.0,0.008839091
2188,+Y,-X,344196,0.011790867,0.0,0.011790867
2189,+Y,-X,344275,0.012774792,0.0,0.012774792
2190,+Y,-X,344356,0.008839091,0.0,0.008839091
2191,+Y,-X,344435,0.008839091,0.0,0.008839091
2192,+Y,-X,344515,0.011790867,0.0,0.011790867
2193,+Y,-X,344596,0.011790867,0.0,0.011790867
2194,+Y,-X,344675,0.014742642,0.0,0.014742642
2195,+Y,-X,344755,0.009823016,0.0,0.009823016
2196,+Y,-X,344836,0.015726567,0.0,0.015726567
2197,+Y,-X,344915,0.015726567,0.0,0.015726567
2198,+Y,-X,344996,0.007855166,0.0,0.007855166
2199,+Y,-X,345075,0.009823016,0.0,0.009823016
2200,+Y,-X,345155,0.011790867,0.0,0.011790867
2201,+Y,-X,345236,0.008839091,0.0,0.008839091
2202,+Y,-X,345315,0.008839091,0.0,0.008839091
2203,+Y,-X,345396,0.008839091,0.0,0.008839091
2204,+Y,-X,345476,0.012774792,0.0,0.012774792
2205,+Y,-X,345555,0.014742642,0.0,0.014742642
2206,+Y,-X,345636,0.011790867,0.0,0.011790867
2207,+Y,-X,345715,0.004903391,0.0,0.004903391
2208,+Y,-X,345795,0.008839091,0.0,0.008839091
2209,+Y,-X,345876,0.011790867,0.0,0.011790867
2210,+Y,-X,345955,0.011790867,0.0,0.011790867
2211,+Y,-X,346036,0.009823016,0.0,0.009823016
2212,+Y,-X,346115,0.009823016,0.0,0.009823016
2213,+Y,-X,346195,0.019662268,0.0,0.019662268
2214,+Y,-X,346276,0.009823016,0.0,0.009823016
2215,+Y,-X,346355,0.011790867,0.0,0.011790867
2216,+Y,-X,346435,0.016710492,0.0,0.016710492
2217,+Y,-X,346516,0.011790867,0.0,0.011790867
2218,+Y,-X,346595,0.009823016,0.0,0.009823016
2219,+Y,-X,346676,0.009823016,0.0,0.009823016
2220,+Y,-X,346755,0.012774792,0.0,0.012774792
2221,+Y,-X,346835,0.016710492,0.0,0.016710492
2222,+Y,-X,346916,0.011790867,0.0,0.011790867
2223,+Y,-X,346995,0.011790867,0.0,0.011790867
2224,+Y,-X,347075,0.012774792,0.0,0.012774792
2225,+Y,-X,347156,0.014742642,0.0,0.014742642
2226,+Y,-X,347235,0.011790867,0.0,0.011790867
2227,+Y,-X,347316,0.009823016,0.0,0.009823016
2228,+Y,-X,347395,0.011790867,0.0,0.011790867
2229,+Y,-X,347475,0.011790867,0.0,0.011790867
2230,+Y,-X,347556,0.004903391,0.0,0.004903391
2231,+Y,-X,347635,0.011790867,0.0,0.011790867
2232,+Y,-X,347715,0.011790867,0.0,0.011790867
2233,+Y,-X,347796,0.006871241,0.0,0.006871241
2234,+Y,-X,347875,0.011790867,0.0,0.011790867
2235,+Y,-X,347956,0.011790867,0.0,0.011790867
2236,+Y,-X,348035,0.023597968,0.0,0.023597968
2237,+Y,-X,348115,0.015726567,0.0,0.015726567
2238,+Y,-X,348196,0.011790867,0.0,0.011790867
2239,+Y,-X,348275,0.009823016,0.0,0.009823016
2240,+Y,-X,348356,0.008839091,0.0,0.008839091
2241,+Y,-X,348436,0.008839091,0.0,0.008839091
2242,+Y,-X,348515,0.014742642,0.0,0.014742642
2243,+Y,-X,348596,0.016710492,0.0,0.016710492
2244,+Y,-X,348675,0.008839091,0.0,0.008839091
2245,+Y,-X,348755,0.009823016,0.0,0.009823016
2246,+Y,-X,348836,0.009823016,0.0,0.009823016
2247,+Y,-X,348915,0.014742642,0.0,0.014742642
2248,+Y,-X,348996,0.014742642,0.0,0.014742642
2249,+Y,-X,349076,0.014742642,0.0,0.014742642
2250,+Y,-X,349155,0.011790867,0.0,0.011790867
2251,+Y,-X,349236,0.016710492,0.0,0.016710492
2252,+Y,-X,349315,0.009823016,0.0,0.009823016
2253,+Y,-X,349395,0.014742642,0.0,0.014742642
2254,+Y,-X,349476,0.008839091,0.0,0.008839091
2255,+Y,-X,349555,0.008839091,0.0,0.008839091
2256,+Y,-X,349635,0.007855166,0.0,0.007855166
2257,+Y,-X,349716,0.008839091,0.0,0.008839091
2258,+Y,-X,349795,0.016710492,0.0,0.016710492
2259,+Y,-X,349876,0.015726567,0.0,0.015726567
2260,+Y,-X,349955,0.015726567,0.0,0.015726567
2261,+Y,-X,350035,0.008839091,0.0,0.008839091
2262,+Y,-X,350116,0.007855166,0.0,0.007855166
2263,+Y,-X,350195,0.011790867,0.0,0.011790867
2264,+Y,-X,350275,0.006871241,0.0,0.006871241
2265,+Y,-X,350356,0.007855166,0.0,0.007855166
2266,+Y,-X,350435,0.004903391,0.0,0.004903391
2267,+Y,-X,350516,0.011790867,0.0,0.011790867
2268,+Y,-X,350595,0.011790867,0.0,0.011790867
2269,+Y,-X,350675,0.011790867,0.0,0.011790867
2270,+Y,-X,350756,0.010806942,0.0,0.010806942
2271,+Y,-X,350835,0.011790867,0.0,0.011790867
2272,+Y,-X,350916,0.007855166,0.0,0.007855166
2273,+Y,-X,350995,0.007855166,0.0,0.007855166
2274,+Y,-X,351075,0.008839091,0.0,0.008839091
2275,+Y,-X,351156,0.011790867,0.0,0.011790867
2276,+Y,-X,351235,0.006871241,0.0,0.006871241
2277,+Y,-X,351315,0.008839091,0.0,0.008839091
2278,+Y,-X,351396,0.011790867,0.0,0.011790867
2279,+Y,-X,351475,0.012774792,0.0,0.012774792
2280,+Y,-X,351556,0.007855166,0.0,0.007855166
2281,+Y,-X,351635,0.008839091,0.0,0.008839091
2282,+Y,-X,351715,0.008839091,0.0,0.008839091
2283,+Y,-X,351796,0.011790867,0.0,0.011790867
2284,+Y,-X,351875,0.008839091,0.0,0.008839091
2285,+Y,-X,351955,0.009823016,0.0,0.009823016
2286,+Y,-X,352036,0.009823016,0.0,0.009823016
2287,+Y,-X,352115,0.020646193,0.0,0.020646193
2288,+Y,-X,352196,0.016710492,0.0,0.016710492
2289,+Y,-X,352276,0.014742642,0.0,0.014742642
2290,+Y,-X,352355,0.015726567,0.0,0.015726567
2291,+Y,-X,352436,0.014742642,0.0,0.014742642
2292,+Y,-X,352515,0.008839091,0.0,0.008839091
2293,+Y,-X,352595,0.009823016,0.0,0.009823016
2294,+Y,-X,352676,0.015726567,0.0,0.015726567
2295,+Y,-X,352755,0.016710492,0.0,0.016710492
2296,+Y,-X,352836,0.015726567,0.0,0.015726567
2297,+Y,-X,352916,0.012774792,0.0,0.012774792
2298,+Y,-X,352995,0.012774792,0.0,0.012774792
2299,+Y,-X,353076,0.023597968,0.0,0.023597968
2300,+Y,-X,353155,0.011790867,0.0,0.011790867
2301,+Y,-X,353235,0.009823016,0.0,0.009823016
2302,+Y,-X,353316,0.008839091,0.0,0.008839091
2303,+Y,-X,353395,0.008839091,0.0,0.008839091
2304,+Y,-X,353476,0.012774792,0.0,0.012774792
2305,+Y,-X,353556,0.014742642,0.0,0.014742642
2306,+Y,-X,353635,0.008839091,0.0,0.008839091
2307,+Y,-X,353716,0.011790867,0.0,0.011790867
2308,+Y,-X,353795,0.006871241,0.0,0.006871241
2309,+Y,-X,353875,0.011790867,0.0,0.011790867
2310,+Y,-X,353956,0.009823016,0.0,0.009823016
2311,+Y,-X,354035,0.009823016,0.0,0.009823016
2312,+Y,-X,354116,0.009823016,0.0,0.009823016
2313,+Y,-X,354196,0.009823016,0.0,0.009823016
2314,+Y,-X,354275,0.011790867,0.0,0.011790867
2315,+Y,-X,354356,0.011790867,0.0,0.011790867
2316,+Y,-X,354435,0.009823016,0.0,0.009823016
2317,+Y,-X,354515,0.012774792,0.0,0.012774792
2318,+Y,-X,354596,0.011790867,0.0,0.011790867
2319,+Y,-X,354675,0.014742642,0.0,0.014742642
2320,+Y,-X,354756,0.011790867,0.0,0.011790867
2321,+Y,-X,354835,0.011790867,0.0,0.011790867
2322,+Y,-X,354915,0.008839091,0.0,0.008839091
2323,+Y,-X,354996,0.008839091,0.0,0.008839091
2324,+Y,-X,355075,0.008839091,0.0,0.008839091
2325,+Y,-X,355155,0.008839091,0.0,0.008839091
2326,+Y,-X,355236,0.009823016,0.0,0.009823016
2327,+Y,-X,355315,0.008839091,0.0,0.008839091
2328,+Y,-X,355396,0.008839091,0.0,0.008839091
2329,+Y,-X,355475,0.016710492,0.0,0.016710492
2330,+Y,-X,355555,0.012774792,0.0,0.012774792
2331,+Y,-X,355636,0.011790867,0.0,0.011790867
2332,+Y,-X,355715,0.006871241,0.0,0.006871241
2333,+Y,-X,355795,0.008839091,0.0,0.008839091
2334,+Y,-X,355876,0.011790867,0.0,0.011790867
2335,+Y,-X,355955,0.009823016,0.0,0.009823016
2336,+Y,-X,356036,0.009823016,0.0,0.009823016
2337,+Y,-X,356115,0.009823016,0.0,0.009823016
2338,+Y,-X,356195,0.023597968,0.0,0.023597968
2339,+Y,-X,356276,0.009823016,0.0,0.009823016
2340,+Y,-X,356355,0.008839091,0.0,0.008839091
2341,+Y,-X,356435,0.009823016,0.0,0.009823016
2342,+Y,-X,356516,0.016710492,0.0,0.016710492
2343,+Y,-X,356595,0.011790867,0.0,0.011790867
2344,+Y,-X,356676,0.011790867,0.0,0.011790867
2345,+Y,-X,356755,0.020646193,0.0,0.020646193
2346,+Y,-X,356835,0.003919466,0.0,0.003919466
2347,+Y,-X,356916,0.008839091,0.0,0.008839091
2348,+Y,-X,356995,0.008839091,0.0,0.008839091
2349,+Y,-X,357076,0.008839091,0.0,0.008839091
2350,+Y,-X,357156,0.009823016,0.0,0.009823016
2351,+Y,-X,357235,0.009823016,0.0,0.009823016
2352,+Y,-X,357316,0.011790867,0.0,0.011790867
2353,+Y,-X,357395,0.011790867,0.0,0.011790867
2354,+Y,-X,357475,0.009823016,0.0,0.009823016
2355,+Y,-X,357556,0.008839091,0.0,0.008839091
2356,+Y,-X,357635,0.009823016,0.0,0.009823016
2357,+Y,-X,357716,0.009823016,0.0,0.009823016
2358,+Y,-X,357795,0.008839091,0.0,0.008839091
2359,+Y,-X,357875,0.008839091,0.0,0.008839091
2360,+Y,-X,357956,0.008839091,0.0,0.008839091
2361,+Y,-X,358035,0.009823016,0.0,0.009823016
2362,+Y,-X,358115,0.009823016,0.0,0.009823016
2363,+Y,-X,358196,0.011790867,0.0,0.011790867
2364,+Y,-X,358275,0.007855166,0.0,0.007855166
2365,+Y,-X,358356,0.007855166,0.0,0.007855166
2366,+Y,-X,358435,0.008839091,0.0,0.008839091
2367,+Y,-X,358515,0.011790867,0.0,0.011790867
2368,+Y,-X,358596,0.011790867,0.0,0.011790867
2369,+Y,-X,358675,0.011790867,0.0,0.011790867
2370,+Y,-X,358755,0.016710492,0.0,0.016710492
2371,+Y,-X,358836,0.009823016,0.0,0.009823016
2372,+Y,-X,358915,0.016710492,0.0,0.016710492
2373,+Y,-X,358996,0.011790867,0.0,0.011790867
2374,+Y,-X,359075,0.011790867,0.0,0.011790867
2375,+Y,-X,359155,0.008839091,0.0,0.008839091
2376,+Y,-X,359236,0.012774792,0.0,0.012774792
2377,+Y,-X,359315,0.012774792,0.0,0.012774792
2378,+Y,-X,359395,0.015726567,0.0,0.015726567
2379,+Y,-X,359476,0.008839091,0.0,0.008839091
2380,+Y,-X,359555,0.011790867,0.0,0.011790867
2381,+Y,-X,359636,0.008839091,0.0,0.008839091
2382,+Y,-X,359715,0.015726567,0.0,0.015726567
2383,+Y,-X,359795,0.007855166,0.0,0.007855166
2384,+Y,-X,359876,0.009823016,0.0,0.009823016
2385,+Y,-X,359955,0.014742642,0.0,0.014742642
2386,+Y,-X,360035,0.011790867,0.0,0.011790867
2387,+Y,-X,360116,0.011790867,0.0,0.011790867
2388,+Y,-X,360195,0.007855166,0.0,0.007855166
2389,+Y,-X,360276,0.008839091,0.0,0.008839091
2390,+Y,-X,360355,0.008839091,0.0,0.008839091
2391,+Y,-X,360435,0.011790867,0.0,0.011790867
2392,+Y,-X,360516,0.011790867,0.0,0.011790867
2393,+Y,-X,360595,0.008839091,0.0,0.008839091
2394,+Y,-X,360675,0.009823016,0.0,0.009823016
2395,+Y,-X,360756,0.014742642,0.0,0.014742642
2396,+Y,-X,360835,0.007855166,0.0,0.007855166
2397,+Y,-X,360916,0.008839091,0.0,0.008839091
2398,+Y,-X,360995,0.011790867,0.0,0.011790867
2399,+Y,-X,361075,0.008839091,0.0,0.008839091
2400,+Y,-X,361156,0.008839091,0.0,0.008839091
2401,+Y,-X,361235,0.009823016,0.0,0.009823016
2402,+Y,-X,361315,0.008839091,0.0,0.008839091
2403,+Y,-X,361396,0.008839091,0.0,0.008839091
2404,+Y,-X,361475,0.011790867,0.0,0.011790867
2405,+Y,-X,361556,0.008839091,0.0,0.008839091
2406,+Y,-X,361635,0.008839091,0.0,0.008839091
2407,+Y,-X,361715,0.008839091,0.0,0.008839091
2408,+Y,-X,361796,0.011790867,0.0,0.011790867
2409,+Y,-X,361875,0.011790867,0.0,0.011790867
2410,+Y,-X,361955,0.014742642,0.0,0.014742642
2411,+Y,-X,362036,0.007855166,0.0,0.007855166
2412,+Y,-X,362115,0.007855166,0.0,0.007855166
2413,+Y,-X,362196,0.020646193,0.0,0.020646193
2414,+Y,-X,362275,0.016710492,0.0,0.016710492
2415,+Y,-X,362355,0.016710492,0.0,0.016710492
2416,+Y,-X,362436,0.011790867,0.0,0.011790867
2417,+Y,-X,362515,0.006871241,0.0,0.006871241
2418,+Y,-X,362595,0.012774792,0.0,0.012774792
2419,+Y,-X,362676,0.011790867,0.0,0.011790867
2420,+Y,-X,362755,0.011790867,0.0,0.011790867
2421,+Y,-X,362836,0.008839091,0.0,0.008839091
2422,+Y,-X,362916,0.016710492,0.0,0.016710492
2423,+Y,-X,362995,0.003919466,0.0,0.003919466
2424,+Y,-X,363076,0.009823016,0.0,0.009823016
2425,+Y,-X,363155,0.009823016,0.0,0.009823016
2426,+Y,-X,363235,0.011790867,0.0,0.011790867
2427,+Y,-X,363316,0.009823016,0.0,0.009823016
2428,+Y,-X,363395,0.011790867,0.0,0.011790867
2429,+Y,-X,363476,0.009823016,0.0,0.009823016
2430,+Y,-X,363555,0.014742642,0.0,0.014742642
2431,+Y,-X,363635,0.011790867,0.0,0.011790867
2432,+Y,-X,363716,0.007855166,0.0,0.007855166
2433,+Y,-X,363795,0.008839091,0.0,0.008839091
2434,+Y,-X,363875,0.011790867,0.0,0.011790867
2435,+Y,-X,363956,0.014742642,0.0,0.014742642
2436,+Y,-X,364035,0.004903391,0.0,0.004903391
2437,+Y,-X,364116,0.008839091,0.0,0.008839091
2438,+Y,-X,364195,0.008839091,0.0,0.008839091
2439,+Y,-X,364275,0.014742642,0.0,0.014742642
2440,+Y,-X,364356,0.008839091,0.0,0.008839091
2441,+Y,-X,364435,0.010806942,0.0,0.010806942
2442,+Y,-X,364515,0.014742642,0.0,0.014742642
2443,+Y,-X,364596,0.011790867,0.0,0.011790867
2444,+Y,-X,364675,0.006871241,0.0,0.006871241
2445,+Y,-X,364756,0.008839091,0.0,0.008839091
2446,+Y,-X,364835,0.011790867,0.0,0.011790867
2447,+Y,-X,364915,0.011790867,0.0,0.011790867
2448,+Y,-X,364996,0.008839091,0.0,0.008839091
2449,+Y,-X,365075,0.011790867,0.0,0.011790867
2450,+Y,-X,365155,0.011790867,0.0,0.011790867
2451,+Y,-X,365236,0.008839091,0.0,0.008839091
2452,+Y,-X,365315,0.009823016,0.0,0.009823016
2453,+Y,-X,365396,0.011790867,0.0,0.011790867
2454,+Y,-X,365475,0.009823016,0.0,0.009823016
2455,+Y,-X,365555,0.008839091,0.0,0.008839091
2456,+Y,-X,365636,0.004903391,0.0,0.004903391
2457,+Y,-X,365715,0.008839091,0.0,0.008839091
2458,+Y,-X,365795,0.012774792,0.0,0.012774792
2459,+Y,-X,365876,0.008839091,0.0,0.008839091
2460,+Y,-X,365955,0.009823016,0.0,0.009823016
2461,+Y,-X,366036,0.009823016,0.0,0.009823016
2462,+Y,-X,366115,0.011790867,0.0,0.011790867
2463,+Y,-X,366195,0.011790867,0.0,0.011790867
2464,+Y,-X,366276,0.008839091,0.0,0.008839091
2465,+Y,-X,366355,0.008839091,0.0,0.008839091
2466,+Y,-X,366435,0.011790867,0.0,0.011790867
2467,+Y,-X,366516,0.008839091,0.0,0.008839091
2468,+Y,-X,366595,0.008839091,0.0,0.008839091
2469,+Y,-X,366676,0.015726567,0.0,0.015726567
2470,+Y,-X,366755,0.008839091,0.0,0.008839091
2471,+Y,-X,366835,0.009823016,0.0,0.009823016
2472,+Y,-X,366916,0.008839091,0.0,0.008839091
2473,+Y,-X,366995,0.009823016,0.0,0.009823016
2474,+Y,-X,367075,0.011790867,0.0,0.011790867
2475,+Y,-X,367156,0.011790867,0.0,0.011790867
2476,+Y,-X,367235,0.011790867,0.0,0.011790867
2477,+Y,-X,367316,0.008839091,0.0,0.008839091
2478,+Y,-X,367395,0.008839091,0.0,0.008839091
2479,+Y,-X,367475,0.011790867,0.0,0.011790867
2480,+Y,-X,367556,0.014742642,0.0,0.014742642
2481,+Y,-X,367635,0.014742642,0.0,0.014742642
2482,+Y,-X,367715,0.007855166,0.0,0.007855166
2483,+Y,-X,367796,0.008839091,0.0,0.008839091
2484,+Y,-X,367875,0.007855166,0.0,0.007855166
2485,+Y,-X,367956,0.008839091,0.0,0.008839091
2486,+Y,-X,368035,0.014742642,0.0,0.014742642
2487,+Y,-X,368115,0.014742642,0.0,0.014742642
2488,+Y,-X,368196,0.014742642,0.0,0.014742642
2489,+Y,-X,368275,0.008839091,0.0,0.008839091
2490,+Y,-X,368355,0.009823016,0.0,0.009823016
2491,+Y,-X,368436,0.014742642,0.0,0.014742642
2492,+Y,-X,368515,0.014742642,0.0,0.014742642
2493,+Y,-X,368596,0.009823016,0.0,0.009823016
2494,+Y,-X,368675,0.011790867,0.0,0.011790867
2495,+Y,-X,368755,0.015726567,0.0,0.015726567
2496,+Y,-X,368836,0.012774792,0.0,0.012774792
2497,+Y,-X,368915,0.009823016,0.0,0.009823016
2498,+Y,-X,368995,0.011790867,0.0,0.011790867
2499,+Y,-X,369076,0.014742642,0.0,0.014742642
2500,+Y,-X,369155,0.009823016,0.0,0.009823016
2501,+Y,-X,369236,0.009823016,0.0,0.009823016
2502,+Y,-X,369315,0.009823016,0.0,0.009823016
2503,+Y,-X,369395,0.008839091,0.0,0.008839091
2504,+Y,-X,369476,0.011790867,0.0,0.011790867
2505,+Y,-X,369555,0.009823016,0.0,0.009823016
2506,+Y,-X,369635,0.011790867,0.0,0.011790867
2507,+Y,-X,369716,0.011790867,0.0,0.011790867
2508,+Y,-X,369795,0.008839091,0.0,0.008839091
2509,+Y,-X,369876,0.011790867,0.0,0.011790867
2510,+Y,-X,369955,0.009823016,0.0,0.009823016
2511,+Y,-X,370035,0.009823016,0.0,0.009823016
2512,+Y,-X,370116,0.011790867,0.0,0.011790867
2513,+Y,-X,370195,0.011790867,0.0,0.011790867
2514,+Y,-X,370276,0.012774792,0.0,0.012774792
2515,+Y,-X,370356,0.016710492,0.0,0.016710492
2516,+Y,-X,370435,0.009823016,0.0,0.009823016
2517,+Y,-X,370516,0.008839091,0.0,0.008839091
2518,+Y,-X,370595,0.011790867,0.0,0.011790867
2519,+Y,-X,370675,0.008839091,0.0,0.008839091
2520,+Y,-X,370756,0.008839091,0.0,0.008839091
2521,+Y,-X,370835,0.014742642,0.0,0.014742642
2522,+Y,-X,370916,0.008839091,0.0,0.008839091
2523,+Y,-X,370996,0.015726567,0.0,0.015726567
2524,+Y,-X,371075,0.012774792,0.0,0.012774792
2525,+Y,-X,371156,0.011790867,0.0,0.011790867
2526,+Y,-X,371235,0.011790867,0.0,0.011790867
2527,+Y,-X,371315,0.011790867,0.0,0.011790867
2528,+Y,-X,371396,0.012774792,0.0,0.012774792
2529,+Y,-X,371475,0.009823016,0.0,0.009823016
2530,+Y,-X,371555,0.004903391,0.0,0.004903391
2531,+Y,-X,371636,0.011790867,0.0,0.011790867
2532,+Y,-X,371715,0.009823016,0.0,0.009823016
2533,+Y,-X,371796,0.009823016,0.0,0.009823016
2534,+Y,-X,371875,0.009823016,0.0,0.009823016
2535,+Y,-X,371955,0.006871241,0.0,0.006871241
2536,+Y,-X,372036,0.011790867,0.0,0.011790867
2537,+Y,-X,372115,0.014742642,0.0,0.014742642
2538,+Y,-X,372196,0.008839091,0.0,0.008839091
2539,+Y,-X,372276,0.008839091,0.0,0.008839091
2540,+Y,-X,372355,0.008839091,0.0,0.008839091
2541,+Y,-X,372436,0.011790867,0.0,0.011790867
2542,+Y,-X,372515,0.006871241,0.0,0.006871241
2543,+Y,-X,372595,0.009823016,0.0,0.009823016
2544,+Y,-X,372676,0.014742642,0.0,0.014742642
2545,+Y,-X,372755,0.015726567,0.0,0.015726567
2546,+Y,-X,372835,0.012774792,0.0,0.012774792
2547,+Y,-X,372916,0.014742642,0.0,0.014742642
2548,+Y,-X,372995,0.014742642,0.0,0.014742642
2549,+Y,-X,373076,0.003919466,0.0,0.003919466
2550,+Y,-X,373155,0.007855166,0.0,0.007855166
2551,+Y,-X,373235,0.007855166,0.0,0.007855166
2552,+Y,-X,373316,0.014742642,0.0,0.014742642
2553,+Y,-X,373395,0.008839091,0.0,0.008839091
2554,+Y,-X,373476,0.008839091,0.0,0.008839091
2555,+Y,-X,373555,0.007855166,0.0,0.007855166
2556,+Y,-X,373635,0.012774792,0.0,0.012774792
2557,+Y,-X,373716,0.003919466,0.0,0.003919466
2558,+Y,-X,373795,0.011790867,0.0,0.011790867
2559,+Y,-X,373875,0.012774792,0.0,0.012774792
2560,+Y,-X,373956,0.008839091,0.0,0.008839091
2561,+Y,-X,374035,0.008839091,0.0,0.008839091
2562,+Y,-X,374115,0.016710492,0.0,0.016710492
2563,+Y,-X,374196,0.009823016,0.0,0.009823016
2564,+Y,-X,374275,0.009823016,0.0,0.009823016
2565,+Y,-X,374356,0.008839091,0.0,0.008839091
2566,+Y,-X,374435,0.010806942,0.0,0.010806942
2567,+Y,-X,374515,0.008839091,0.0,0.008839091
2568,+Y,-X,374596,0.008839091,0.0,0.008839091
2569,+Y,-X,374675,0.012774792,0.0,0.012774792
2570,+Y,-X,374755,0.011790867,0.0,0.011790867
2571,+Y,-X,374836,0.011790867,0.0,0.011790867
2572,+Y,-X,374915,0.014742642,0.0,0.014742642
2573,+Y,-X,374996,0.009823016,0.0,0.009823016
2574,+Y,-X,375075,0.008839091,0.0,0.008839091
2575,+Y,-X,375155,0.010806942,0.0,0.010806942
2576,+Y,-X,375236,0.011790867,0.0,0.011790867
2577,+Y,-X,375315,0.011790867,0.0,0.011790867
2578,+Y,-X,375395,0.008839091,0.0,0.008839091
2579,+Y,-X,375476,0.011790867,0.0,0.011790867
2580,+Y,-X,375555,0.009823016,0.0,0.009823016
2581,+Y,-X,375636,0.004903391,0.0,0.004903391
2582,+Y,-X,375715,0.008839091,0.0,0.008839091
2583,+Y,-X,375795,0.011790867,0.0,0.011790867
2584,+Y,-X,375876,0.016710492,0.0,0.016710492
2585,+Y,-X,375955,0.009823016,0.0,0.009823016
2586,+Y,-X,376035,0.009823016,0.0,0.009823016
2587,+Y,-X,376116,0.011790867,0.0,0.011790867
2588,+Y,-X,376195,0.009823016,0.0,0.009823016
2589,+Y,-X,376276,0.009823016,0.0,0.009823016
2590,+Y,-X,376355,0.007855166,0.0,0.007855166
2591,+Y,-X,376435,0.008839091,0.0,0.008839091
2592,+Y,-X,376516,0.015726567,0.0,0.015726567
2593,+Y,-X,376595,0.011790867,0.0,0.011790867
2594,+Y,-X,376675,0.008839091,0.0,0.008839091
2595,+Y,-X,376756,0.008839091,0.0,0.008839091
2596,+Y,-X,376835,0.008839091,0.0,0.008839091
2597,+Y,-X,376916,0.012774792,0.0,0.012774792
2598,+Y,-X,376995,0.016710492,0.0,0.016710492
2599,+Y,-X,377075,0.011790867,0.0,0.011790867
2600,+Y,-X,377156,0.008839091,0.0,0.008839091
2601,+Y,-X,377235,0.009823016,0.0,0.009823016
2602,+Y,-X,377315,0.009823016,0.0,0.009823016
2603,+Y,-X,377396,0.011790867,0.0,0.011790867
2604,+Y,-X,377475,0.008839091,0.0,0.008839091
2605,+Y,-X,377556,0.011790867,0.0,0.011790867
2606,+Y,-X,377635,0.016710492,0.0,0.016710492
2607,+Y,-X,377715,0.014742642,0.0,0.014742642
2608,+Y,-X,377796,0.011790867,0.0,0.011790867
2609,+Y,-X,377875,0.012774792,0.0,0.012774792
2610,+Y,-X,377955,0.012774792,0.0,0.012774792
2611,+Y,-X,378036,0.012774792,0.0,0.012774792
2612,+Y,-X,378115,0.014742642,0.0,0.014742642
2613,+Y,-X,378196,0.009823016,0.0,0.009823016
2614,+Y,-X,378275,0.014742642,0.0,0.014742642
2615,+Y,-X,378355,0.014742642,0.0,0.014742642
2616,+Y,-X,378436,0.008839091,0.0,0.008839091
2617,+Y,-X,378515,0.008839091,0.0,0.008839091
2618,+Y,-X,378595,0.011790867,0.0,0.011790867
2619,+Y,-X,378676,0.014742642,0.0,0.014742642
2620,+Y,-X,378755,0.019662268,0.0,0.019662268
2621,+Y,-X,378836,0.001951615,0.0,0.001951615
2622,+Y,-X,378915,0.009823016,0.0,0.009823016
2623,+Y,-X,378995,0.011790867,0.0,0.011790867
2624,+Y,-X,379076,0.011790867,0.0,0.011790867
2625,+Y,-X,379155,0.015726567,0.0,0.015726567
2626,+Y,-X,379235,0.007855166,0.0,0.007855166
2627,+Y,-X,379316,0.007855166,0.0,0.007855166
2628,+Y,-X,379395,0.007855166,0.0,0.007855166
2629,+Y,-X,379476,0.009823016,0.0,0.009823016
2630,+Y,-X,379555,0.011790867,0.0,0.011790867
2631,+Y,-X,379635,0.014742642,0.0,0.014742642
2632,+Y,-X,379716,0.009823016,0.0,0.009823016
2633,+Y,-X,379795,0.011790867,0.0,0.011790867
2634,+Y,-X,379875,0.012774792,0.0,0.012774792
2635,+Y,-X,379956,0.011790867,0.0,0.011790867
2636,+Y,-X,380035,0.009823016,0.0,0.009823016
2637,+Y,-X,380116,0.014742642,0.0,0.014742642
2638,+Y,-X,380195,0.011790867,0.0,0.011790867
2639,+Y,-X,380275,0.009823016,0.0,0.009823016
2640,+Y,-X,380356,0.009823016,0.0,0.009823016
2641,+Y,-X,380435,0.008839091,0.0,0.008839091
2642,+Y,-X,380515,0.008839091,0.0,0.008839091
2643,+Y,-X,380596,0.015726567,0.0,0.015726567
2644,+Y,-X,380675,0.009823016,0.0,0.009823016
2645,+Y,-X,380756,0.010806942,0.0,0.010806942
2646,+Y,-X,380835,0.017694417,0.0,0.017694417
2647,+Y,-X,380915,0.008839091,0.0,0.008839091
2648,+Y,-X,380996,0.011790867,0.0,0.011790867
2649,+Y,-X,381075,0.011790867,0.0,0.011790867
2650,+Y,-X,381156,0.008839091,0.0,0.008839091
2651,+Y,-X,381236,0.008839091,0.0,0.008839091
2652,+Y,-X,381315,0.016710492,0.0,0.016710492
2653,+Y,-X,381396,0.016710492,0.0,0.016710492
2654,+Y,-X,381475,0.008839091,0.0,0.008839091
2655,+Y,-X,381555,0.007855166,0.0,0.007855166
2656,+Y,-X,381636,0.006871241,0.0,0.006871241
2657,+Y,-X,381715,0.009823016,0.0,0.009823016
2658,+Y,-X,381796,0.009823016,0.0,0.009823016
2659,+Y,-X,381876,0.014742642,0.0,0.014742642
2660,+Y,-X,381955,0.011790867,0.0,0.011790867
2661,+Y,-X,382036,0.008839091,0.0,0.008839091
2662,+Y,-X,382115,0.015726567,0.0,0.015726567
2663,+Y,-X,382195,0.012774792,0.0,0.012774792
2664,+Y,-X,382276,0.011790867,0.0,0.011790867
2665,+Y,-X,382355,0.011790867,0.0,0.011790867
2666,+Y,-X,382436,0.006871241,0.0,0.006871241
2667,+Y,-X,382515,0.016710492,0.0,0.016710492
2668,+Y,-X,382595,0.022614043,0.0,0.022614043
2669,+Y,-X,382676,0.009823016,0.0,0.009823016
2670,+Y,-X,382755,0.008839091,0.0,0.008839091
2671,+Y,-X,382835,0.008839091,0.0,0.008839091
2672,+Y,-X,382916,0.007855166,0.0,0.007855166
2673,+Y,-X,382995,0.011790867,0.0,0.011790867
2674,+Y,-X,383076,0.008839091,0.0,0.008839091
2675,+Y,-X,383155,0.008839091,0.0,0.008839091
2676,+Y,-X,383235,0.016710492,0.0,0.016710492
2677,+Y,-X,383316,0.011790867,0.0,0.011790867
2678,+Y,-X,383395,0.011790867,0.0,0.011790867
2679,+Y,-X,383476,0.016710492,0.0,0.016710492
2680,+Y,-X,383555,0.012774792,0.0,0.012774792
2681,+Y,-X,383635,0.008839091,0.0,0.008839091
2682,+Y,-X,383716,0.011790867,0.0,0.011790867
2683,+Y,-X,383795,0.011790867,0.0,0.011790867
2684,+Y,-X,383875,0.008839091,0.0,0.008839091
2685,+Y,-X,383956,0.011790867,0.0,0.011790867
2686,+Y,-X,384035,0.008839091,0.0,0.008839091
2687,+Y,-X,384116,0.007855166,0.0,0.007855166
2688,+Y,-X,384195,0.011790867,0.0,0.011790867
2689,+Y,-X,384275,0.014742642,0.0,0.014742642
2690,+Y,-X,384356,0.011790867,0.0,0.011790867
2691,+Y,-X,384435,0.011790867,0.0,0.011790867
2692,+Y,-X,384515,0.009823016,0.0,0.009823016
2693,+Y,-X,384596,0.009823016,0.0,0.009823016
2694,+Y,-X,384675,0.008839091,0.0,0.008839091
2695,+Y,-X,384756,0.011790867,0.0,0.011790867
2696,+Y,-X,384835,0.011790867,0.0,0.011790867
2697,+Y,-X,384915,0.014742642,0.0,0.014742642
2698,+Y,-X,384996,0.011790867,0.0,0.011790867
2699,+Y,-X,385075,0.008839091,0.0,0.008839091
2700,+Y,-X,385156,0.009823016,0.0,0.009823016
2701,+Y,-X,385236,0.011790867,0.0,0.011790867
2702,+Y,-X,385315,0.015726567,0.0,0.015726567
2703,+Y,-X,385396,0.015726567,0.0,0.015726567
2704,+Y,-X,385475,0.012774792,0.0,0.012774792
2705,+Y,-X,385555,0.011790867,0.0,0.011790867
2706,+Y,-X,385636,0.012774792,0.0,0.012774792
2707,+Y,-X,385715,0.009823016,0.0,0.009823016
2708,+Y,-X,385795,0.011790867,0.0,0.011790867
2709,+Y,-X,385876,0.016710492,0.0,0.016710492
2710,+Y,-X,385955,0.009823016,0.0,0.009823016
2711,+Y,-X,386036,0.008839091,0.0,0.008839091
2712,+Y,-X,386115,0.008839091,0.0,0.008839091
2713,+Y,-X,386195,0.009823016,0.0,0.009823016
2714,+Y,-X,386276,0.009823016,0.0,0.009823016
2715,+Y,-X,386355,0.009823016,0.0,0.009823016
2716,+Y,-X,386436,0.009823016,0.0,0.009823016
2717,+Y,-X,386515,0.008839091,0.0,0.008839091
2718,+Y,-X,386595,0.008839091,0.0,0.008839091
2719,+Y,-X,386676,0.011790867,0.0,0.011790867
2720,+Y,-X,386755,0.009823016,0.0,0.009823016
2721,+Y,-X,386835,0.011790867,0.0,0.011790867
2722,+Y,-X,386916,0.011790867,0.0,0.011790867
2723,+Y,-X,386995,0.011790867,0.0,0.011790867
2724,+Y,-X,387076,0.014742642,0.0,0.014742642
2725,+Y,-X,387155,0.017694417,0.0,0.017694417
2726,+Y,-X,387235,0.016710492,0.0,0.016710492
2727,+Y,-X,387316,0.011790867,0.0,0.011790867
2728,+Y,-X,387395,0.009823016,0.0,0.009823016
2729,+Y,-X,387475,0.009823016,0.0,0.009823016
2730,+Y,-X,387556,0.008839091,0.0,0.008839091
2731,+Y,-X,387635,0.008839091,0.0,0.008839091
2732,+Y,-X,387716,0.012774792,0.0,0.012774792
2733,+Y,-X,387795,0.014742642,0.0,0.014742642
2734,+Y,-X,387875,0.008839091,0.0,0.008839091
2735,+Y,-X,387956,0.006871241,0.0,0.006871241
2736,+Y,-X,388035,0.009823016,0.0,0.009823016
2737,+Y,-X,388115,0.011790867,0.0,0.011790867
2738,+Y,-X,388196,0.011790867,0.0,0.011790867
2739,+Y,-X,388275,0.015726567,0.0,0.015726567
2740,+Y,-X,388356,0.009823016,0.0,0.009823016
2741,+Y,-X,388435,0.009823016,0.0,0.009823016
2742,+Y,-X,388515,0.017694417,0.0,0.017694417
2743,+Y,-X,388596,0.016710492,0.0,0.016710492
2744,+Y,-X,388675,0.007855166,0.0,0.007855166
2745,+Y,-X,388755,0.008839091,0.0,0.008839091
2746,+Y,-X,388836,0.004903391,0.0,0.004903391
2747,+Y,-X,388915,0.008839091,0.0,0.008839091
2748,+Y,-X,388996,0.008839091,0.0,0.008839091
2749,+Y,-X,389075,0.015726567,0.0,0.015726567
2750,+Y,-X,389155,0.014742642,0.0,0.014742642
2751,+Y,-X,389236,0.009823016,0.0,0.009823016
2752,+Y,-X,389315,0.008839091,0.0,0.008839091
2753,+Y,-X,389395,0.011790867,0.0,0.011790867
2754,+Y,-X,389476,0.011790867,0.0,0.011790867
2755,+Y,-X,389555,0.014742642,0.0,0.014742642
2756,+Y,-X,389636,0.011790867,0.0,0.011790867
2757,+Y,-X,389715,0.011790867,0.0,0.011790867
2758,+Y,-X,389795,0.019662268,0.0,0.019662268
2759,+Y,-X,389876,0.007855166,0.0,0.007855166
2760,+Y,-X,389955,0.008839091,0.0,0.008839091
2761,+Y,-X,390035,0.015726567,0.0,0.015726567
2762,+Y,-X,390116,0.008839091,0.0,0.008839091
2763,+Y,-X,390195,0.008839091,0.0,0.008839091
2764,+Y,-X,390276,0.009823016,0.0,0.009823016
2765,+Y,-X,390355,0.011790867,0.0,0.011790867
2766,+Y,-X,390435,0.011790867,0.0,0.011790867
2767,+Y,-X,390516,0.011790867,0.0,0.011790867
2768,+Y,-X,390595,0.009823016,0.0,0.009823016
2769,+Y,-X,390675,0.011790867,0.0,0.011790867
2770,+Y,-X,390756,0.008839091,0.0,0.008839091
2771,+Y,-X,390835,0.008839091,0.0,0.008839091
2772,+Y,-X,390916,0.011790867,0.0,0.011790867
2773,+Y,-X,390995,0.011790867,0.0,0.011790867
2774,+Y,-X,391075,0.009823016,0.0,0.009823016
2775,+Y,-X,391156,0.014742642,0.0,0.014742642
2776,+Y,-X,391235,0.015726567,0.0,0.015726567
2777,+Y,-X,391315,0.008839091,0.0,0.008839091
2778,+Y,-X,391396,0.011790867,0.0,0.011790867
2779,+Y,-X,391475,0.011790867,0.0,0.011790867
2780,+Y,-X,391556,0.015726567,0.0,0.015726567
2781,+Y,-X,391635,0.008839091,0.0,0.008839091
2782,+Y,-X,391715,0.011790867,0.0,0.011790867
2783,+Y,-X,391796,0.006871241,0.0,0.006871241
2784,+Y,-X,391875,0.008839091,0.0,0.008839091
2785,+Y,-X,391955,0.014742642,0.0,0.014742642
2786,+Y,-X,392036,0.014742642,0.0,0.014742642
2787,+Y,-X,392115,0.008839091,0.0,0.008839091
2788,+Y,-X,392196,0.008839091,0.0,0.008839091
2789,+Y,-X,392275,0.004903391,0.0,0.004903391
2790,+Y,-X,392355,0.022614043,0.0,0.022614043
2791,+Y,-X,392436,0.011790867,0.0,0.011790867
2792,+Y,-X,392515,0.011790867,0.0,0.011790867
2793,+Y,-X,392596,0.008839091,0.0,0.008839091
2794,+Y,-X,392676,0.011790867,0.0,0.011790867
2795,+Y,-X,392755,0.008839091,0.0,0.008839091
2796,+Y,-X,392836,0.007855166,0.0,0.007855166
2797,+Y,-X,392915,0.011790867,0.0,0.011790867
2798,+Y,-X,392995,0.011790867,0.0,0.011790867
2799,+Y,-X,393076,0.011790867,0.0,0.011790867
2800,+Y,-X,393155,0.009823016,0.0,0.009823016
2801,+Y,-X,393236,0.011790867,0.0,0.011790867
2802,+Y,-X,393316,0.008839091,0.0,0.008839091
2803,+Y,-X,393395,0.009823016,0.0,0.009823016
2804,+Y,-X,393476,0.012774792,0.0,0.012774792
2805,+Y,-X,393555,0.012774792,0.0,0.012774792
2806,+Y,-X,393635,0.008839091,0.0,0.008839091
2807,+Y,-X,393716,0.011790867,0.0,0.011790867
2808,+Y,-X,393795,0.009823016,0.0,0.009823016
2809,+Y,-X,393876,0.015726567,0.0,0.015726567
2810,+Y,-X,393955,0.011790867,0.0,0.011790867
2811,+Y,-X,394035,0.012774792,0.0,0.012774792
2812,+Y,-X,394116,0.011790867,0.0,0.011790867
2813,+Y,-X,394195,0.007855166,0.0,0.007855166
2814,+Y,-X,394275,0.016710492,0.0,0.016710492
2815,+Y,-X,394356,0.008839091,0.0,0.008839091
2816,+Y,-X,394435,0.011790867,0.0,0.011790867
2817,+Y,-X,394516,0.011790867,0.0,0.011790867
2818,+Y,-X,394595,0.014742642,0.0,0.014742642
2819,+Y,-X,394675,0.012774792,0.0,0.012774792
2820,+Y,-X,394756,0.008839091,0.0,0.008839091
2821,+Y,-X,394835,0.011790867,0.0,0.011790867
2822,+Y,-X,394915,0.020646193,0.0,0.020646193
2823,+Y,-X,394996,0.001951615,0.0,0.001951615
2824,+Y,-X,395075,0.011790867,0.0,0.011790867
2825,+Y,-X,395156,0.014742642,0.0,0.014742642
2826,+Y,-X,395235,0.011790867,0.0,0.011790867
2827,+Y,-X,395315,0.008839091,0.0,0.008839091
2828,+Y,-X,395396,0.009823016,0.0,0.009823016
2829,+Y,-X,395475,0.008839091,0.0,0.008839091
2830,+Y,-X,395555,0.008839091,0.0,0.008839091
2831,+Y,-X,395636,0.008839091,0.0,0.008839091
2832,+Y,-X,395715,0.009823016,0.0,0.009823016
2833,+Y,-X,395796,0.011790867,0.0,0.011790867
2834,+Y,-X,395875,0.011790867,0.0,0.011790867
2835,+Y,-X,395955,0.009823016,0.0,0.009823016
2836,+Y,-X,396036,0.007855166,0.0,0.007855166
2837,+Y,-X,396115,0.016710492,0.0,0.016710492
2838,+Y,-X,396195,0.009823016,0.0,0.009823016
2839,+Y,-X,396276,0.008839091,0.0,0.008839091
2840,+Y,-X,396355,0.008839091,0.0,0.008839091
2841,+Y,-X,396436,0.011790867,0.0,0.011790867
2842,+Y,-X,396515,0.015726567,0.0,0.015726567
2843,+Y,-X,396595,0.015726567,0.0,0.015726567
2844,+Y,-X,396676,0.011790867,0.0,0.011790867
2845,+Y,-X,396755,0.011790867,0.0,0.011790867
2846,+Y,-X,396835,0.009823016,0.0,0.009823016
2847,+Y,-X,396916,0.011790867,0.0,0.011790867
2848,+Y,-X,396995,0.008839091,0.0,0.008839091
2849,+Y,-X,397076,0.008839091,0.0,0.008839091
2850,+Y,-X,397155,0.011790867,0.0,0.011790867
2851,+Y,-X,397235,0.016710492,0.0,0.016710492
2852,+Y,-X,397316,0.009823016,0.0,0.009823016
2853,+Y,-X,397395,0.009823016,0.0,0.009823016
2854,+Y,-X,397475,0.015726567,0.0,0.015726567
2855,+Y,-X,397556,0.015726567,0.0,0.015726567
2856,+Y,-X,397635,0.009823016,0.0,0.009823016
2857,+Y,-X,397716,0.008839091,0.0,0.008839091
2858,+Y,-X,397795,0.008839091,0.0,0.008839091
2859,+Y,-X,397875,0.011790867,0.0,0.011790867
2860,+Y,-X,397956,0.011790867,0.0,0.011790867
2861,+Y,-X,398035,0.008839091,0.0,0.008839091
2862,+Y,-X,398115,0.011790867,0.0,0.011790867
2863,+Y,-X,398196,0.014742642,0.0,0.014742642
2864,+Y,-X,398275,0.016710492,0.0,0.016710492
2865,+Y,-X,398356,0.014742642,0.0,0.014742642
2866,+Y,-X,398435,0.016710492,0.0,0.016710492
2867,+Y,-X,398515,0.012774792,0.0,0.012774792
2868,+Y,-X,398596,0.012774792,0.0,0.012774792
2869,+Y,-X,398675,0.008839091,0.0,0.008839091
2870,+Y,-X,398755,0.015726567,0.0,0.015726567
2871,+Y,-X,398836,0.008839091,0.0,0.008839091
2872,+Y,-X,398915,0.009823016,0.0,0.009823016
2873,+Y,-X,398996,0.014742642,0.0,0.014742642
2874,+Y,-X,399075,0.009823016,0.0,0.009823016
2875,+Y,-X,399155,0.020646193,0.0,0.020646193
2876,+Y,-X,399236,0.003919466,0.0,0.003919466
2877,+Y,-X,399315,0.011790867,0.0,0.011790867
2878,+Y,-X,399395,0.011790867,0.0,0.011790867
2879,+Y,-X,399476,0.008839091,0.0,0.008839091
2880,+Y,-X,399555,0.008839091,0.0,0.008839091
2881,+Y,-X,399636,0.006871241,0.0,0.006871241
2882,+Y,-X,399715,0.016710492,0.0,0.016710492
2883,+Y,-X,399795,0.008839091,0.0,0.008839091
2884,+Y,-X,399876,0.016710492,0.0,0.016710492
2885,+Y,-X,399955,0.019662268,0.0,0.019662268
2886,+Y,-X,400035,0.016710492,0.0,0.016710492
2887,+Y,-X,400116,0.009823016,0.0,0.009823016
2888,+Y,-X,400195,0.011790867,0.0,0.011790867
2889,+Y,-X,400276,0.009823016,0.0,0.009823016
2890,+Y,-X,400355,0.015726567,0.0,0.015726567
2891,+Y,-X,400435,0.009823016,0.0,0.009823016
2892,+Y,-X,400516,0.009823016,0.0,0.009823016
2893,+Y,-X,400595,0.009823016,0.0,0.009823016
2894,+Y,-X,400675,0.011790867,0.0,0.011790867
2895,+Y,-X,400756,0.011790867,0.0,0.011790867
2896,+Y,-X,400835,0.011790867,0.0,0.011790867
2897,+Y,-X,400916,0.011790867,0.0,0.011790867
2898,+Y,-X,400996,0.011790867,0.0,0.011790867
2899,+Y,-X,401075,0.001951615,0.0,0.001951615
2900,+Y,-X,401156,0.014742642,0.0,0.014742642
2901,+Y,-X,401235,0.015726567,0.0,0.015726567
2902,+Y,-X,401315,0.016710492,0.0,0.016710492
2903,+Y,-X,401396,0.012774792,0.0,0.012774792
2904,+Y,-X,401475,0.009823016,0.0,0.009823016
2905,+Y,-X,401556,0.006871241,0.0,0.006871241
2906,+Y,-X,401635,0.006871241,0.0,0.006871241
2907,+Y,-X,401715,0.008839091,0.0,0.008839091
2908,+Y,-X,401796,0.012774792,0.0,0.012774792
2909,+Y,-X,401875,0.009823016,0.0,0.009823016
2910,+Y,-X,401955,0.011790867,0.0,0.011790867
2911,+Y,-X,402036,0.014742642,0.0,0.014742642
2912,+Y,-X,402115,0.016710492,0.0,0.016710492
2913,+Y,-X,402195,0.015726567,0.0,0.015726567
2914,+Y,-X,402276,0.011790867,0.0,0.011790867
2915,+Y,-X,402355,0.009823016,0.0,0.009823016
2916,+Y,-X,402436,0.008839091,0.0,0.008839091
2917,+Y,-X,402515,0.011790867,0.0,0.011790867
2918,+Y,-X,402595,0.011790867,0.0,0.011790867
2919,+Y,-X,402676,0.008839091,0.0,0.008839091
2920,+Y,-X,402755,0.012774792,0.0,0.012774792
2921,+Y,-X,402836,0.008839091,0.0,0.008839091
2922,+Y,-X,402915,0.008839091,0.0,0.008839091
2923,+Y,-X,402995,0.011790867,0.0,0.011790867
2924,+Y,-X,403076,0.014742642,0.0,0.014742642
2925,+Y,-X,403155,0.008839091,0.0,0.008839091
2926,+Y,-X,403235,0.011790867,0.0,0.011790867
2927,+Y,-X,403316,0.016710492,0.0,0.016710492
2928,+Y,-X,403395,0.017694417,0.0,0.017694417
2929,+Y,-X,403476,0.003919466,0.0,0.003919466
2930,+Y,-X,403555,0.008839091,0.0,0.008839091
2931,+Y,-X,403635,0.008839091,0.0,0.008839091
2932,+Y,-X,403716,0.011790867,0.0,0.011790867
2933,+Y,-X,403795,0.011790867,0.0,0.011790867
2934,+Y,-X,403875,0.014742642,0.0,0.014742642
2935,+Y,-X,403956,0.016710492,0.0,0.016710492
2936,+Y,-X,404035,0.015726567,0.0,0.015726567
2937,+Y,-X,404116,0.009823016,0.0,0.009823016
2938,+Y,-X,404195,0.011790867,0.0,0.011790867
2939,+Y,-X,404275,0.008839091,0.0,0.008839091
2940,+Y,-X,404356,0.012774792,0.0,0.012774792
2941,+Y,-X,404435,0.012774792,0.0,0.012774792
2942,+Y,-X,404515,0.011790867,0.0,0.011790867
2943,+Y,-X,404596,0.011790867,0.0,0.011790867
2944,+Y,-X,404675,0.011790867,0.0,0.011790867
2945,+Y,-X,404756,0.008839091,0.0,0.008839091
2946,+Y,-X,404835,0.009823016,0.0,0.009823016
2947,+Y,-X,404915,0.008839091,0.0,0.008839091
2948,+Y,-X,404996,0.011790867,0.0,0.011790867
2949,+Y,-X,405075,0.011790867,0.0,0.011790867
2950,+Y,-X,405156,0.011790867,0.0,0.011790867
2951,+Y,-X,405236,0.014742642,0.0,0.014742642
2952,+Y,-X,405315,0.009823016,0.0,0.009823016
2953,+Y,-X,405396,0.008839091,0.0,0.008839091
2954,+Y,-X,405475,0.008839091,0.0,0.008839091
2955,+Y,-X,405555,0.011790867,0.0,0.011790867
2956,+Y,-X,405636,0.014742642,0.0,0.014742642
2957,+Y,-X,405715,0.014742642,0.0,0.014742642
2958,+Y,-X,405795,0.014742642,0.0,0.014742642
2959,+Y,-X,405876,0.012774792,0.0,0.012774792
2960,+Y,-X,405955,0.009823016,0.0,0.009823016
2961,+Y,-X,406036,0.011790867,0.0,0.011790867
2962,+Y,-X,406115,0.008839091,0.0,0.008839091
2963,+Y,-X,406195,0.008839091,0.0,0.008839091
2964,+Y,-X,406276,0.007855166,0.0,0.007855166
2965,+Y,-X,406355,0.008839091,0.0,0.008839091
2966,+Y,-X,406435,0.011790867,0.0,0.011790867
2967,+Y,-X,406516,0.009823016,0.0,0.009823016
2968,+Y,-X,406595,0.009823016,0.0,0.009823016
2969,+Y,-X,406676,0.009823016,0.0,0.009823016
2970,+Y,-X,406755,0.011790867,0.0,0.011790867
2971,+Y,-X,406835,0.008839091,0.0,0.008839091
2972,+Y,-X,406916,0.009823016,0.0,0.009823016
2973,+Y,-X,406995,0.006871241,0.0,0.006871241
2974,+Y,-X,407076,0.004903391,0.0,0.004903391
2975,+Y,-X,407155,0.016710492,0.0,0.016710492
2976,+Y,-X,407235,0.008839091,0.0,0.008839091
2977,+Y,-X,407316,0.011790867,0.0,0.011790867
2978,+Y,-X,407395,0.011790867,0.0,0.011790867
2979,+Y,-X,407475,0.014742642,0.0,0.014742642
2980,+Y,-X,407556,0.011790867,0.0,0.011790867
2981,+Y,-X,407635,0.011790867,0.0,0.011790867
2982,+Y,-X,407716,0.011790867,0.0,0.011790867
2983,+Y,-X,407795,0.007855166,0.0,0.007855166
2984,+Y,-X,407875,0.009823016,0.0,0.009823016
2985,+Y,-X,407956,0.011790867,0.0,0.011790867
2986,+Y,-X,408035,0.008839091,0.0,0.008839091
2987,+Y,-X,408115,0.015726567,0.0,0.015726567
2988,+Y,-X,408196,0.015726567,0.0,0.015726567
2989,+Y,-X,408275,0.012774792,0.0,0.012774792
2990,+Y,-X,408356,0.015726567,0.0,0.015726567
2991,+Y,-X,408435,0.015726567,0.0,0.015726567
2992,+Y,-X,408515,0.016710492,0.0,0.016710492
2993,+Y,-X,408596,0.012774792,0.0,0.012774792
2994,+Y,-X,408675,0.009823016,0.0,0.009823016
2995,+Y,-X,408755,0.009823016,0.0,0.009823016
2996,+Y,-X,408835,0.014742642,0.0,0.014742642
2997,+Y,-X,408915,0.008839091,0.0,0.008839091
2998,+Y,-X,408996,0.008839091,0.0,0.008839091
2999,+Y,-X,409075,0.008839091,0.0,0.008839091
3000,-Y,+X,435582,-0.022646513,0.0,-0.022646513
3001,-Y,+X,435661,-0.021662587,0.0,-0.021662587
3002,-Y,+X,435742,-0.019694737,0.0,-0.019694737
3003,-Y,+X,435821,-0.019694737,0.0,-0.019694737
3004,-Y,+X,435902,-0.019694737,0.0,-0.019694737
3005,-Y,+X,435981,-0.023630438,0.0,-0.023630438
3006,-Y,+X,436062,-0.022646513,0.0,-0.022646513
3007,-Y,+X,436141,-0.026582213,0.0,-0.026582213
3008,-Y,+X,436222,-0.019694737,0.0,-0.019694737
3009,-Y,+X,436301,-0.014775112,0.0,-0.014775112
3010,-Y,+X,436382,-0.014775112,0.0,-0.014775112
3011,-Y,+X,436461,-0.015759037,0.0,-0.015759037
3012,-Y,+X,436541,-0.019694737,0.0,-0.019694737
3013,-Y,+X,436621,-0.023630438,0.0,-0.023630438
3014,-Y,+X,436701,-0.016742962,0.0,-0.016742962
3015,-Y,+X,436782,-0.019694737,0.0,-0.019694737
3016,-Y,+X,436861,-0.019694737,0.0,-0.019694737
3017,-Y,+X,436942,-0.023630438,0.0,-0.023630438
3018,-Y,+X,437021,-0.019694737,0.0,-0.019694737
3019,-Y,+X,437102,-0.021662587,0.0,-0.021662587
3020,-Y,+X,437181,-0.019694737,0.0,-0.019694737
3021,-Y,+X,437262,-0.019694737,0.0,-0.019694737
3022,-Y,+X,437341,-0.022646513,0.0,-0.022646513
3023,-Y,+X,437422,-0.022646513,0.0,-0.022646513
3024,-Y,+X,437501,-0.021662587,0.0,-0.021662587
3025,-Y,+X,437582,-0.021662587,0.0,-0.021662587
3026,-Y,+X,437661,-0.019694737,0.0,-0.019694737
3027,-Y,+X,437741,-0.019694737,0.0,-0.019694737
3028,-Y,+X,437821,-0.015759037,0.0,-0.015759037
3029,-Y,+X,437901,-0.026582213,0.0,-0.026582213
3030,-Y,+X,437981,-0.026582213,0.0,-0.026582213
3031,-Y,+X,438061,-0.022646513,0.0,-0.022646513
3032,-Y,+X,438142,-0.024614363,0.0,-0.024614363
3033,-Y,+X,438221,-0.026582213,0.0,-0.026582213
3034,-Y,+X,438302,-0.019694737,0.0,-0.019694737
3035,-Y,+X,438381,-0.022646513,0.0,-0.022646513
3036,-Y,+X,438462,-0.022646513,0.0,-0.022646513
3037,-Y,+X,438541,-0.030517914,0.0,-0.030517914
3038,-Y,+X,438622,-0.024614363,0.0,-0.024614363
3039,-Y,+X,438701,-0.019694737,0.0,-0.019694737
3040,-Y,+X,438782,-0.019694737,0.0,-0.019694737
3041,-Y,+X,438861,-0.019694737,0.0,-0.019694737
3042,-Y,+X,438942,-0.015759037,0.0,-0.015759037
3043,-Y,+X,439021,-0.016742962,0.0,-0.016742962
3044,-Y,+X,439101,-0.021662587,0.0,-0.021662587
3045,-Y,+X,439181,-0.015759037,0.0,-0.015759037
3046,-Y,+X,439261,-0.021662587,0.0,-0.021662587
3047,-Y,+X,439342,-0.023630438,0.0,-0.023630438
3048,-Y,+X,439421,-0.023630438,0.0,-0.023630438
3049,-Y,+X,439502,-0.014775112,0.0,-0.014775112
3050,-Y,+X,439581,-0.019694737,0.0,-0.019694737
3051,-Y,+X,439662,-0.023630438,0.0,-0.023630438
3052,-Y,+X,439741,-0.023630438,0.0,-0.023630438
3053,-Y,+X,439822,-0.023630438,0.0,-0.023630438
3054,-Y,+X,439901,-0.026582213,0.0,-0.026582213
3055,-Y,+X,439982,-0.022646513,0.0,-0.022646513
3056,-Y,+X,440061,-0.014775112,0.0,-0.014775112
3057,-Y,+X,440142,-0.014775112,0.0,-0.014775112
3058,-Y,+X,440221,-0.022646513,0.0,-0.022646513
3059,-Y,+X,440301,-0.023630438,0.0,-0.023630438
3060,-Y,+X,440381,-0.023630438,0.0,-0.023630438
3061,-Y,+X,440461,-0.023630438,0.0,-0.023630438
3062,-Y,+X,440542,-0.021662587,0.0,-0.021662587
3063,-Y,+X,440621,-0.018710812,0.0,-0.018710812
3064,-Y,+X,440702,-0.019694737,0.0,-0.019694737
3065,-Y,+X,440781,-0.023630438,0.0,-0.023630438
3066,-Y,+X,440862,-0.023630438,0.0,-0.023630438
3067,-Y,+X,440941,-0.019694737,0.0,-0.019694737
3068,-Y,+X,441022,-0.021662587,0.0,-0.021662587
3069,-Y,+X,441101,-0.026582213,0.0,-0.026582213
3070,-Y,+X,441182,-0.024614363,0.0,-0.024614363
3071,-Y,+X,441261,-0.014775112,0.0,-0.014775112
3072,-Y,+X,441342,-0.021662587,0.0,-0.021662587
3073,-Y,+X,441421,-0.021662587,0.0,-0.021662587
3074,-Y,+X,441501,-0.021662587,0.0,-0.021662587
3075,-Y,+X,441581,-0.022646513,0.0,-0.022646513
3076,-Y,+X,441661,-0.022646513,0.0,-0.022646513
3077,-Y,+X,441742,-0.016742962,0.0,-0.016742962
3078,-Y,+X,441821,-0.029533988,0.0,-0.029533988
3079,-Y,+X,441902,-0.019694737,0.0,-0.019694737
3080,-Y,+X,441981,-0.023630438,0.0,-0.023630438
3081,-Y,+X,442062,-0.019694737,0.0,-0.019694737
3082,-Y,+X,442141,-0.019694737,0.0,-0.019694737
3083,-Y,+X,442222,-0.015759037,0.0,-0.015759037
3084,-Y,+X,442301,-0.023630438,0.0,-0.023630438
3085,-Y,+X,442382,-0.022646513,0.0,-0.022646513
3086,-Y,+X,442461,-0.023630438,0.0,-0.023630438
3087,-Y,+X,442542,-0.023630438,0.0,-0.023630438
3088,-Y,+X,442621,-0.024614363,0.0,-0.024614363
3089,-Y,+X,442701,-0.024614363,0.0,-0.024614363
3090,-Y,+X,442781,-0.019694737,0.0,-0.019694737
3091,-Y,+X,442861,-0.021662587,0.0,-0.021662587
3092,-Y,+X,442942,-0.021662587,0.0,-0.021662587
3093,-Y,+X,443021,-0.023630438,0.0,-0.023630438
3094,-Y,+X,443102,-0.023630438,0.0,-0.023630438
3095,-Y,+X,443181,-0.019694737,0.0,-0.019694737
3096,-Y,+X,443262,-0.023630438,0.0,-0.023630438
3097,-Y,+X,443341,-0.015759037,0.0,-0.015759037
3098,-Y,+X,443422,-0.018710812,0.0,-0.018710812
3099,-Y,+X,443501,-0.018710812,0.0,-0.018710812
3100,-Y,+X,443582,-0.022646513,0.0,-0.022646513
3101,-Y,+X,443661,-0.022646513,0.0,-0.022646513
3102,-Y,+X,443742,-0.023630438,0.0,-0.023630438
3103,-Y,+X,443821,-0.018710812,0.0,-0.018710812
3104,-Y,+X,443902,-0.027566138,0.0,-0.027566138
3105,-Y,+X,443981,-0.023630438,0.0,-0.023630438
3106,-Y,+X,444061,-0.024614363,0.0,-0.024614363
3107,-Y,+X,444141,-0.023630438,0.0,-0.023630438
3108,-Y,+X,444221,-0.019694737,0.0,-0.019694737
3109,-Y,+X,444302,-0.023630438,0.0,-0.023630438
3110,-Y,+X,444381,-0.022646513,0.0,-0.022646513
3111,-Y,+X,444462,-0.022646513,0.0,-0.022646513
3112,-Y,+X,444541,-0.022646513,0.0,-0.022646513
3113,-Y,+X,444622,-0.022646513,0.0,-0.022646513
3114,-Y,+X,444701,-0.023630438,0.0,-0.023630438
3115,-Y,+X,444782,-0.021662587,0.0,-0.021662587
3116,-Y,+X,444861,-0.010839411,0.0,-0.010839411
3117,-Y,+X,444942,-0.022646513,0.0,-0.022646513
3118,-Y,+X,445021,-0.024614363,0.0,-0.024614363
3119,-Y,+X,445102,-0.024614363,0.0,-0.024614363
3120,-Y,+X,445181,-0.023630438,0.0,-0.023630438
3121,-Y,+X,445261,-0.019694737,0.0,-0.019694737
3122,-Y,+X,445341,-0.016742962,0.0,-0.016742962
3123,-Y,+X,445421,-0.029533988,0.0,-0.029533988
3124,-Y,+X,445502,-0.024614363,0.0,-0.024614363
3125,-Y,+X,445581,-0.024614363,0.0,-0.024614363
3126,-Y,+X,445662,-0.026582213,0.0,-0.026582213
3127,-Y,+X,445741,-0.019694737,0.0,-0.019694737
3128,-Y,+X,445822,-0.021662587,0.0,-0.021662587
3129,-Y,+X,445901,-0.019694737,0.0,-0.019694737
3130,-Y,+X,445982,-0.023630438,0.0,-0.023630438
3131,-Y,+X,446061,-0.024614363,0.0,-0.024614363
3132,-Y,+X,446142,-0.023630438,0.0,-0.023630438
3133,-Y,+X,446221,-0.019694737,0.0,-0.019694737
3134,-Y,+X,446302,-0.019694737,0.0,-0.019694737
3135,-Y,+X,446381,-0.018710812,0.0,-0.018710812
3136,-Y,+X,446461,-0.026582213,0.0,-0.026582213
3137,-Y,+X,446541,-0.026582213,0.0,-0.026582213
3138,-Y,+X,446621,-0.024614363,0.0,-0.024614363
3139,-Y,+X,446702,-0.024614363,0.0,-0.024614363
3140,-Y,+X,446781,-0.022646513,0.0,-0.022646513
3141,-Y,+X,446862,-0.016742962,0.0,-0.016742962
3142,-Y,+X,446941,-0.022646513,0.0,-0.022646513
3143,-Y,+X,447022,-0.026582213,0.0,-0.026582213
3144,-Y,+X,447101,-0.023630438,0.0,-0.023630438
3145,-Y,+X,447182,-0.021662587,0.0,-0.021662587
3146,-Y,+X,447261,-0.026582213,0.0,-0.026582213
3147,-Y,+X,447342,-0.026582213,0.0,-0.026582213
3148,-Y,+X,447421,-0.019694737,0.0,-0.019694737
3149,-Y,+X,447502,-0.019694737,0.0,-0.019694737
3150,-Y,+X,447581,-0.019694737,0.0,-0.019694737
3151,-Y,+X,447662,-0.015759037,0.0,-0.015759037
3152,-Y,+X,447741,-0.016742962,0.0,-0.016742962
3153,-Y,+X,447821,-0.022646513,0.0,-0.022646513
3154,-Y,+X,447902,-0.019694737,0.0,-0.019694737
3155,-Y,+X,447981,-0.019694737,0.0,-0.019694737
3156,-Y,+X,448062,-0.019694737,0.0,-0.019694737
3157,-Y,+X,448141,-0.022646513,0.0,-0.022646513
3158,-Y,+X,448222,-0.019694737,0.0,-0.019694737
3159,-Y,+X,448301,-0.014775112,0.0,-0.014775112
3160,-Y,+X,448382,-0.024614363,0.0,-0.024614363
3161,-Y,+X,448461,-0.023630438,0.0,-0.023630438
3162,-Y,+X,448542,-0.022646513,0.0,-0.022646513
3163,-Y,+X,448621,-0.022646513,0.0,-0.022646513
3164,-Y,+X,448702,-0.015759037,0.0,-0.015759037
3165,-Y,+X,448781,-0.021662587,0.0,-0.021662587
3166,-Y,+X,448862,-0.022646513,0.0,-0.022646513
3167,-Y,+X,448941,-0.023630438,0.0,-0.023630438
3168,-Y,+X,449021,-0.022646513,0.0,-0.022646513
3169,-Y,+X,449101,-0.026582213,0.0,-0.026582213
3170,-Y,+X,449181,-0.020678662,0.0,-0.020678662
3171,-Y,+X,449262,-0.016742962,0.0,-0.016742962
3172,-Y,+X,449341,-0.022646513,0.0,-0.022646513
3173,-Y,+X,449422,-0.026582213,0.0,-0.026582213
3174,-Y,+X,449501,-0.027566138,0.0,-0.027566138
3175,-Y,+X,449582,-0.022646513,0.0,-0.022646513
3176,-Y,+X,449661,-0.022646513,0.0,-0.022646513
3177,-Y,+X,449742,-0.022646513,0.0,-0.022646513
3178,-Y,+X,449821,-0.021662587,0.0,-0.021662587
3179,-Y,+X,449902,-0.016742962,0.0,-0.016742962
3180,-Y,+X,449981,-0.021662587,0.0,-0.021662587
3181,-Y,+X,450062,-0.023630438,0.0,-0.023630438
3182,-Y,+X,450141,-0.024614363,0.0,-0.024614363
3183,-Y,+X,450221,-0.023630438,0.0,-0.023630438
3184,-Y,+X,450301,-0.024614363,0.0,-0.024614363
3185,-Y,+X,450381,-0.019694737,0.0,-0.019694737
3186,-Y,+X,450462,-0.016742962,0.0,-0.016742962
3187,-Y,+X,450541,-0.023630438,0.0,-0.023630438
3188,-Y,+X,450622,-0.023630438,0.0,-0.023630438
3189,-Y,+X,450701,-0.026582213,0.0,-0.026582213
3190,-Y,+X,450782,-0.022646513,0.0,-0.022646513
3191,-Y,+X,450861,-0.021662587,0.0,-0.021662587
3192,-Y,+X,450942,-0.019694737,0.0,-0.019694737
3193,-Y,+X,451021,-0.024614363,0.0,-0.024614363
3194,-Y,+X,451102,-0.022646513,0.0,-0.022646513
3195,-Y,+X,451181,-0.019694737,0.0,-0.019694737
3196,-Y,+X,451262,-0.023630438,0.0,-0.023630438
3197,-Y,+X,451341,-0.023630438,0.0,-0.023630438
3198,-Y,+X,451421,-0.023630438,0.0,-0.023630438
3199,-Y,+X,451501,-0.023630438,0.0,-0.023630438
3200,-Y,+X,451581,-0.021662587,0.0,-0.021662587
3201,-Y,+X,451662,-0.021662587,0.0,-0.021662587
3202,-Y,+X,451741,-0.019694737,0.0,-0.019694737
3203,-Y,+X,451822,-0.021662587,0.0,-0.021662587
3204,-Y,+X,451901,-0.019694737,0.0,-0.019694737
3205,-Y,+X,451982,-0.022646513,0.0,-0.022646513
3206,-Y,+X,452061,-0.022646513,0.0,-0.022646513
3207,-Y,+X,452142,-0.023630438,0.0,-0.023630438
3208,-Y,+X,452221,-0.023630438,0.0,-0.023630438
3209,-Y,+X,452302,-0.022646513,0.0,-0.022646513
3210,-Y,+X,452381,-0.014775112,0.0,-0.014775112
3211,-Y,+X,452462,-0.024614363,0.0,-0.024614363
3212,-Y,+X,452541,-0.022646513,0.0,-0.022646513
3213,-Y,+X,452622,-0.019694737,0.0,-0.019694737
3214,-Y,+X,452701,-0.019694737,0.0,-0.019694737
3215,-Y,+X,452781,-0.019694737,0.0,-0.019694737
3216,-Y,+X,452861,-0.016742962,0.0,-0.016742962
3217,-Y,+X,452941,-0.019694737,0.0,-0.019694737
3218,-Y,+X,453022,-0.023630438,0.0,-0.023630438
3219,-Y,+X,453101,-0.023630438,0.0,-0.023630438
3220,-Y,+X,453182,-0.023630438,0.0,-0.023630438
3221,-Y,+X,453261,-0.015759037,0.0,-0.015759037
3222,-Y,+X,453342,-0.021662587,0.0,-0.021662587
3223,-Y,+X,453421,-0.023630438,0.0,-0.023630438
3224,-Y,+X,453502,-0.027566138,0.0,-0.027566138
3225,-Y,+X,453581,-0.023630438,0.0,-0.023630438
3226,-Y,+X,453662,-0.023630438,0.0,-0.023630438
3227,-Y,+X,453741,-0.023630438,0.0,-0.023630438
3228,-Y,+X,453822,-0.022646513,0.0,-0.022646513
3229,-Y,+X,453901,-0.022646513,0.0,-0.022646513
3230,-Y,+X,453981,-0.019694737,0.0,-0.019694737
3231,-Y,+X,454061,-0.016742962,0.0,-0.016742962
3232,-Y,+X,454141,-0.018710812,0.0,-0.018710812
3233,-Y,+X,454222,-0.023630438,0.0,-0.023630438
3234,-Y,+X,454301,-0.019694737,0.0,-0.019694737
3235,-Y,+X,454382,-0.021662587,0.0,-0.021662587
3236,-Y,+X,454461,-0.023630438,0.0,-0.023630438
3237,-Y,+X,454542,-0.019694737,0.0,-0.019694737
3238,-Y,+X,454621,-0.023630438,0.0,-0.023630438
3239,-Y,+X,454702,-0.023630438,0.0,-0.023630438
3240,-Y,+X,454781,-0.023630438,0.0,-0.023630438
3241,-Y,+X,454862,-0.021662587,0.0,-0.021662587
3242,-Y,+X,454941,-0.016742962,0.0,-0.016742962
3243,-Y,+X,455022,-0.026582213,0.0,-0.026582213
3244,-Y,+X,455101,-0.022646513,0.0,-0.022646513
3245,-Y,+X,455181,-0.022646513,0.0,-0.022646513
3246,-Y,+X,455261,-0.023630438,0.0,-0.023630438
3247,-Y,+X,455341,-0.023630438,0.0,-0.023630438
3248,-Y,+X,455422,-0.023630438,0.0,-0.023630438
3249,-Y,+X,455501,-0.029533988,0.0,-0.029533988
3250,-Y,+X,455582,-0.023630438,0.0,-0.023630438
3251,-Y,+X,455661,-0.018710812,0.0,-0.018710812
3252,-Y,+X,455742,-0.018710812,0.0,-0.018710812
3253,-Y,+X,455821,-0.018710812,0.0,-0.018710812
3254,-Y,+X,455902,-0.022646513,0.0,-0.022646513
3255,-Y,+X,455981,-0.023630438,0.0,-0.023630438
3256,-Y,+X,456062,-0.023630438,0.0,-0.023630438
3257,-Y,+X,456141,-0.022646513,0.0,-0.022646513
3258,-Y,+X,456222,-0.016742962,0.0,-0.016742962
3259,-Y,+X,456301,-0.019694737,0.0,-0.019694737
3260,-Y,+X,456382,-0.021662587,0.0,-0.021662587
3261,-Y,+X,456461,-0.015759037,0.0,-0.015759037
3262,-Y,+X,456541,-0.019694737,0.0,-0.019694737
3263,-Y,+X,456622,-0.026582213,0.0,-0.026582213
3264,-Y,+X,456701,-0.022646513,0.0,-0.022646513
3265,-Y,+X,456782,-0.022646513,0.0,-0.022646513
3266,-Y,+X,456861,-0.030517914,0.0,-0.030517914
3267,-Y,+X,456942,-0.026582213,0.0,-0.026582213
3268,-Y,+X,457021,-0.023630438,0.0,-0.023630438
3269,-Y,+X,457102,-0.024614363,0.0,-0.024614363
3270,-Y,+X,457181,-0.022646513,0.0,-0.022646513
3271,-Y,+X,457262,-0.014775112,0.0,-0.014775112
3272,-Y,+X,457341,-0.018710812,0.0,-0.018710812
3273,-Y,+X,457422,-0.023630438,0.0,-0.023630438
3274,-Y,+X,457501,-0.019694737,0.0,-0.019694737
3275,-Y,+X,457581,-0.030517914,0.0,-0.030517914
3276,-Y,+X,457661,-0.024614363,0.0,-0.024614363
3277,-Y,+X,457741,-0.024614363,0.0,-0.024614363
3278,-Y,+X,457821,-0.022646513,0.0,-0.022646513
3279,-Y,+X,457901,-0.016742962,0.0,-0.016742962
3280,-Y,+X,457982,-0.022646513,0.0,-0.022646513
3281,-Y,+X,458061,-0.024614363,0.0,-0.024614363
3282,-Y,+X,458142,-0.022646513,0.0,-0.022646513
3283,-Y,+X,458221,-0.019694737,0.0,-0.019694737
3284,-Y,+X,458302,-0.021662587,0.0,-0.021662587
3285,-Y,+X,458381,-0.023630438,0.0,-0.023630438
3286,-Y,+X,458462,-0.018710812,0.0,-0.018710812
3287,-Y,+X,458541,-0.024614363,0.0,-0.024614363
3288,-Y,+X,458622,-0.021662587,0.0,-0.021662587
3289,-Y,+X,458701,-0.022646513,0.0,-0.022646513
3290,-Y,+X,458782,-0.022646513,0.0,-0.022646513
3291,-Y,+X,458861,-0.023630438,0.0,-0.023630438
3292,-Y,+X,458941,-0.023630438,0.0,-0.023630438
3293,-Y,+X,459021,-0.016742962,0.0,-0.016742962
3294,-Y,+X,459101,-0.023630438,0.0,-0.023630438
3295,-Y,+X,459182,-0.021662587,0.0,-0.021662587
3296,-Y,+X,459261,-0.023630438,0.0,-0.023630438
3297,-Y,+X,459342,-0.016742962,0.0,-0.016742962
3298,-Y,+X,459421,-0.019694737,0.0,-0.019694737
3299,-Y,+X,459502,-0.019694737,0.0,-0.019694737
3300,-Y,+X,459581,-0.022646513,0.0,-0.022646513
3301,-Y,+X,459662,-0.024614363,0.0,-0.024614363
3302,-Y,+X,459741,-0.026582213,0.0,-0.026582213
3303,-Y,+X,459822,-0.026582213,0.0,-0.026582213
3304,-Y,+X,459901,-0.019694737,0.0,-0.019694737
3305,-Y,+X,459982,-0.022646513,0.0,-0.022646513
3306,-Y,+X,460061,-0.022646513,0.0,-0.022646513
3307,-Y,+X,460141,-0.019694737,0.0,-0.019694737
3308,-Y,+X,460221,-0.022646513,0.0,-0.022646513
3309,-Y,+X,460301,-0.024614363,0.0,-0.024614363
3310,-Y,+X,460382,-0.030517914,0.0,-0.030517914
3311,-Y,+X,460461,-0.022646513,0.0,-0.022646513
3312,-Y,+X,460542,-0.019694737,0.0,-0.019694737
3313,-Y,+X,460621,-0.022646513,0.0,-0.022646513
3314,-Y,+X,460702,-0.014775112,0.0,-0.014775112
3315,-Y,+X,460781,-0.014775112,0.0,-0.014775112
3316,-Y,+X,460862,-0.015759037,0.0,-0.015759037
3317,-Y,+X,460941,-0.015759037,0.0,-0.015759037
3318,-Y,+X,461022,-0.022646513,0.0,-0.022646513
3319,-Y,+X,461101,-0.022646513,0.0,-0.022646513
3320,-Y,+X,461182,-0.014775112,0.0,-0.014775112
3321,-Y,+X,461261,-0.019694737,0.0,-0.019694737
3322,-Y,+X,461341,-0.023630438,0.0,-0.023630438
3323,-Y,+X,461421,-0.023630438,0.0,-0.023630438
3324,-Y,+X,461501,-0.014775112,0.0,-0.014775112
3325,-Y,+X,461582,-0.026582213,0.0,-0.026582213
3326,-Y,+X,461661,-0.026582213,0.0,-0.026582213
3327,-Y,+X,461742,-0.023630438,0.0,-0.023630438
3328,-Y,+X,461821,-0.023630438,0.0,-0.023630438
3329,-Y,+X,461902,-0.026582213,0.0,-0.026582213
3330,-Y,+X,461981,-0.022646513,0.0,-0.022646513
3331,-Y,+X,462062,-0.023630438,0.0,-0.023630438
3332,-Y,+X,462141,-0.023630438,0.0,-0.023630438
3333,-Y,+X,462222,-0.018710812,0.0,-0.018710812
3334,-Y,+X,462301,-0.021662587,0.0,-0.021662587
3335,-Y,+X,462382,-0.021662587,0.0,-0.021662587
3336,-Y,+X,462461,-0.015759037,0.0,-0.015759037
3337,-Y,+X,462542,-0.016742962,0.0,-0.016742962
3338,-Y,+X,462621,-0.024614363,0.0,-0.024614363
3339,-Y,+X,462701,-0.019694737,0.0,-0.019694737
3340,-Y,+X,462781,-0.026582213,0.0,-0.026582213
3341,-Y,+X,462861,-0.026582213,0.0,-0.026582213
3342,-Y,+X,462942,-0.020678662,0.0,-0.020678662
3343,-Y,+X,463021,-0.029533988,0.0,-0.029533988
3344,-Y,+X,463102,-0.024614363,0.0,-0.024614363
3345,-Y,+X,463181,-0.026582213,0.0,-0.026582213
3346,-Y,+X,463262,-0.024614363,0.0,-0.024614363
3347,-Y,+X,463341,-0.021662587,0.0,-0.021662587
3348,-Y,+X,463422,-0.019694737,0.0,-0.019694737
3349,-Y,+X,463501,-0.024614363,0.0,-0.024614363
3350,-Y,+X,463582,-0.023630438,0.0,-0.023630438
3351,-Y,+X,463661,-0.018710812,0.0,-0.018710812
3352,-Y,+X,463742,-0.019694737,0.0,-0.019694737
3353,-Y,+X,463821,-0.019694737,0.0,-0.019694737
3354,-Y,+X,463901,-0.019694737,0.0,-0.019694737
3355,-Y,+X,463981,-0.026582213,0.0,-0.026582213
3356,-Y,+X,464061,-0.023630438,0.0,-0.023630438
3357,-Y,+X,464142,-0.023630438,0.0,-0.023630438
3358,-Y,+X,464221,-0.016742962,0.0,-0.016742962
3359,-Y,+X,464302,-0.021662587,0.0,-0.021662587
3360,-Y,+X,464381,-0.019694737,0.0,-0.019694737
3361,-Y,+X,464462,-0.022646513,0.0,-0.022646513
3362,-Y,+X,464541,-0.019694737,0.0,-0.019694737
3363,-Y,+X,464622,-0.026582213,0.0,-0.026582213
3364,-Y,+X,464701,-0.023630438,0.0,-0.023630438
3365,-Y,+X,464782,-0.013791186,0.0,-0.013791186
3366,-Y,+X,464861,-0.013791186,0.0,-0.013791186
3367,-Y,+X,464942,-0.029533988,0.0,-0.029533988
3368,-Y,+X,465021,-0.023630438,0.0,-0.023630438
3369,-Y,+X,465101,-0.023630438,0.0,-0.023630438
3370,-Y,+X,465181,-0.023630438,0.0,-0.023630438
3371,-Y,+X,465261,-0.022646513,0.0,-0.022646513
3372,-Y,+X,465342,-0.019694737,0.0,-0.019694737
3373,-Y,+X,465421,-0.021662587,0.0,-0.021662587
3374,-Y,+X,465502,-0.019694737,0.0,-0.019694737
3375,-Y,+X,465581,-0.018710812,0.0,-0.018710812
3376,-Y,+X,465662,-0.023630438,0.0,-0.023630438
3377,-Y,+X,465741,-0.015759037,0.0,-0.015759037
3378,-Y,+X,465822,-0.029533988,0.0,-0.029533988
3379,-Y,+X,465901,-0.029533988,0.0,-0.029533988
3380,-Y,+X,465982,-0.021662587,0.0,-0.021662587
3381,-Y,+X,466061,-0.019694737,0.0,-0.019694737
3382,-Y,+X,466142,-0.026582213,0.0,-0.026582213
3383,-Y,+X,466221,-0.023630438,0.0,-0.023630438
3384,-Y,+X,466302,-0.023630438,0.0,-0.023630438
3385,-Y,+X,466381,-0.027566138,0.0,-0.027566138
3386,-Y,+X,466461,-0.019694737,0.0,-0.019694737
3387,-Y,+X,466541,-0.019694737,0.0,-0.019694737
3388,-Y,+X,466621,-0.016742962,0.0,-0.016742962
3389,-Y,+X,466702,-0.022646513,0.0,-0.022646513
3390,-Y,+X,466781,-0.022646513,0.0,-0.022646513
3391,-Y,+X,466862,-0.024614363,0.0,-0.024614363
3392,-Y,+X,466941,-0.024614363,0.0,-0.024614363
3393,-Y,+X,467022,-0.027566138,0.0,-0.027566138
3394,-Y,+X,467101,-0.022646513,0.0,-0.022646513
3395,-Y,+X,467182,-0.019694737,0.0,-0.019694737
3396,-Y,+X,467261,-0.021662587,0.0,-0.021662587
3397,-Y,+X,467342,-0.014775112,0.0,-0.014775112
3398,-Y,+X,467421,-0.022646513,0.0,-0.022646513
3399,-Y,+X,467502,-0.023630438,0.0,-0.023630438
3400,-Y,+X,467581,-0.024614363,0.0,-0.024614363
3401,-Y,+X,467661,-0.015759037,0.0,-0.015759037
3402,-Y,+X,467741,-0.019694737,0.0,-0.019694737
3403,-Y,+X,467821,-0.019694737,0.0,-0.019694737
3404,-Y,+X,467902,-0.023630438,0.0,-0.023630438
3405,-Y,+X,467981,-0.023630438,0.0,-0.023630438
3406,-Y,+X,468062,-0.023630438,0.0,-0.023630438
3407,-Y,+X,468141,-0.024614363,0.0,-0.024614363
3408,-Y,+X,468222,-0.022646513,0.0,-0.022646513
3409,-Y,+X,468301,-0.018710812,0.0,-0.018710812
3410,-Y,+X,468382,-0.022646513,0.0,-0.022646513
3411,-Y,+X,468461,-0.023630438,0.0,-0.023630438
3412,-Y,+X,468542,-0.026582213,0.0,-0.026582213
3413,-Y,+X,468621,-0.019694737,0.0,-0.019694737
3414,-Y,+X,468702,-0.011823336,0.0,-0.011823336
3415,-Y,+X,468781,-0.016742962,0.0,-0.016742962
3416,-Y,+X,468861,-0.022646513,0.0,-0.022646513
3417,-Y,+X,468941,-0.022646513,0.0,-0.022646513
3418,-Y,+X,469021,-0.016742962,0.0,-0.016742962
3419,-Y,+X,469102,-0.019694737,0.0,-0.019694737
3420,-Y,+X,469181,-0.021662587,0.0,-0.021662587
3421,-Y,+X,469262,-0.019694737,0.0,-0.019694737
3422,-Y,+X,469341,-0.029533988,0.0,-0.029533988
3423,-Y,+X,469422,-0.021662587,0.0,-0.021662587
3424,-Y,+X,469501,-0.019694737,0.0,-0.019694737
3425,-Y,+X,469582,-0.021662587,0.0,-0.021662587
3426,-Y,+X,469661,-0.026582213,0.0,-0.026582213
3427,-Y,+X,469742,-0.019694737,0.0,-0.019694737
3428,-Y,+X,469821,-0.022646513,0.0,-0.022646513
3429,-Y,+X,469902,-0.024614363,0.0,-0.024614363
3430,-Y,+X,469981,-0.024614363,0.0,-0.024614363
3431,-Y,+X,470062,-0.023630438,0.0,-0.023630438
3432,-Y,+X,470141,-0.022646513,0.0,-0.022646513
3433,-Y,+X,470221,-0.014775112,0.0,-0.014775112
3434,-Y,+X,470302,-0.027566138,0.0,-0.027566138
3435,-Y,+X,470381,-0.024614363,0.0,-0.024614363
3436,-Y,+X,470462,-0.022646513,0.0,-0.022646513
3437,-Y,+X,470541,-0.021662587,0.0,-0.021662587
3438,-Y,+X,470622,-0.019694737,0.0,-0.019694737
3439,-Y,+X,470701,-0.024614363,0.0,-0.024614363
3440,-Y,+X,470782,-0.024614363,0.0,-0.024614363
3441,-Y,+X,470861,-0.026582213,0.0,-0.026582213
3442,-Y,+X,470942,-0.019694737,0.0,-0.019694737
3443,-Y,+X,471021,-0.019694737,0.0,-0.019694737
3444,-Y,+X,471102,-0.007887636,0.0,-0.007887636
3445,-Y,+X,471181,-0.026582213,0.0,-0.026582213
3446,-Y,+X,471262,-0.018710812,0.0,-0.018710812
3447,-Y,+X,471341,-0.021662587,0.0,-0.021662587
3448,-Y,+X,471421,-0.026582213,0.0,-0.026582213
3449,-Y,+X,471501,-0.016742962,0.0,-0.016742962
3450,-Y,+X,471581,-0.019694737,0.0,-0.019694737
3451,-Y,+X,471662,-0.029533988,0.0,-0.029533988
3452,-Y,+X,471741,-0.019694737,0.0,-0.019694737
3453,-Y,+X,471822,-0.023630438,0.0,-0.023630438
3454,-Y,+X,471901,-0.023630438,0.0,-0.023630438
3455,-Y,+X,471982,-0.016742962,0.0,-0.016742962
3456,-Y,+X,472061,-0.016742962,0.0,-0.016742962
3457,-Y,+X,472142,-0.018710812,0.0,-0.018710812
3458,-Y,+X,472221,-0.022646513,0.0,-0.022646513
3459,-Y,+X,472302,-0.023630438,0.0,-0.023630438
3460,-Y,+X,472381,-0.024614363,0.0,-0.024614363
3461,-Y,+X,472462,-0.022646513,0.0,-0.022646513
3462,-Y,+X,472541,-0.021662587,0.0,-0.021662587
3463,-Y,+X,472621,-0.023630438,0.0,-0.023630438
3464,-Y,+X,472701,-0.016742962,0.0,-0.016742962
3465,-Y,+X,472781,-0.019694737,0.0,-0.019694737
3466,-Y,+X,472862,-0.022646513,0.0,-0.022646513
3467,-Y,+X,472941,-0.018710812,0.0,-0.018710812
3468,-Y,+X,473022,-0.018710812,0.0,-0.018710812
3469,-Y,+X,473101,-0.011823336,0.0,-0.011823336
3470,-Y,+X,473182,-0.023630438,0.0,-0.023630438
3471,-Y,+X,473261,-0.022646513,0.0,-0.022646513
3472,-Y,+X,473342,-0.023630438,0.0,-0.023630438
3473,-Y,+X,473421,-0.024614363,0.0,-0.024614363
3474,-Y,+X,473502,-0.019694737,0.0,-0.019694737
3475,-Y,+X,473581,-0.022646513,0.0,-0.022646513
3476,-Y,+X,473662,-0.023630438,0.0,-0.023630438
3477,-Y,+X,473741,-0.022646513,0.0,-0.022646513
3478,-Y,+X,473821,-0.023630438,0.0,-0.023630438
3479,-Y,+X,473901,-0.022646513,0.0,-0.022646513
3480,-Y,+X,473981,-0.016742962,0.0,-0.016742962
3481,-Y,+X,474062,-0.016742962,0.0,-0.016742962
3482,-Y,+X,474141,-0.019694737,0.0,-0.019694737
3483,-Y,+X,474222,-0.014775112,0.0,-0.014775112
3484,-Y,+X,474301,-0.023630438,0.0,-0.023630438
3485,-Y,+X,474382,-0.019694737,0.0,-0.019694737
3486,-Y,+X,474461,-0.023630438,0.0,-0.023630438
3487,-Y,+X,474542,-0.023630438,0.0,-0.023630438
3488,-Y,+X,474621,-0.029533988,0.0,-0.029533988
3489,-Y,+X,474702,-0.018710812,0.0,-0.018710812
3490,-Y,+X,474781,-0.024614363,0.0,-0.024614363
3491,-Y,+X,474862,-0.026582213,0.0,-0.026582213
3492,-Y,+X,474941,-0.023630438,0.0,-0.023630438
3493,-Y,+X,475022,-0.021662587,0.0,-0.021662587
3494,-Y,+X,475101,-0.021662587,0.0,-0.021662587
3495,-Y,+X,475181,-0.019694737,0.0,-0.019694737
3496,-Y,+X,475261,-0.023630438,0.0,-0.023630438
3497,-Y,+X,475341,-0.024614363,0.0,-0.024614363
3498,-Y,+X,475422,-0.029533988,0.0,-0.029533988
3499,-Y,+X,475501,-0.023630438,0.0,-0.023630438
3500,-Y,+X,475582,-0.026582213,0.0,-0.026582213
3501,-Y,+X,475661,-0.026582213,0.0,-0.026582213
3502,-Y,+X,475742,-0.022646513,0.0,-0.022646513
3503,-Y,+X,475821,-0.022646513,0.0,-0.022646513
3504,-Y,+X,475902,-0.024614363,0.0,-0.024614363
3505,-Y,+X,475981,-0.021662587,0.0,-0.021662587
3506,-Y,+X,476062,-0.021662587,0.0,-0.021662587
3507,-Y,+X,476141,-0.021662587,0.0,-0.021662587
3508,-Y,+X,476222,-0.016742962,0.0,-0.016742962
3509,-Y,+X,476301,-0.023630438,0.0,-0.023630438
3510,-Y,+X,476381,-0.022646513,0.0,-0.022646513
3511,-Y,+X,476461,-0.022646513,0.0,-0.022646513
3512,-Y,+X,476541,-0.019694737,0.0,-0.019694737
3513,-Y,+X,476622,-0.018710812,0.0,-0.018710812
3514,-Y,+X,476701,-0.018710812,0.0,-0.018710812
3515,-Y,+X,476782,-0.022646513,0.0,-0.022646513
3516,-Y,+X,476861,-0.021662587,0.0,-0.021662587
3517,-Y,+X,476942,-0.023630438,0.0,-0.023630438
3518,-Y,+X,477021,-0.029533988,0.0,-0.029533988
3519,-Y,+X,477102,-0.023630438,0.0,-0.023630438
3520,-Y,+X,477181,-0.023630438,0.0,-0.023630438
3521,-Y,+X,477262,-0.026582213,0.0,-0.026582213
3522,-Y,+X,477341,-0.023630438,0.0,-0.023630438
3523,-Y,+X,477422,-0.019694737,0.0,-0.019694737
3524,-Y,+X,477501,-0.022646513,0.0,-0.022646513
3525,-Y,+X,477581,-0.019694737,0.0,-0.019694737
3526,-Y,+X,477661,-0.026582213,0.0,-0.026582213
3527,-Y,+X,477741,-0.021662587,0.0,-0.021662587
3528,-Y,+X,477822,-0.031501839,0.0,-0.031501839
3529,-Y,+X,477901,-0.023630438,0.0,-0.023630438
3530,-Y,+X,477982,-0.022646513,0.0,-0.022646513
3531,-Y,+X,478061,-0.024614363,0.0,-0.024614363
3532,-Y,+X,478142,-0.024614363,0.0,-0.024614363
3533,-Y,+X,478221,-0.013791186,0.0,-0.013791186
3534,-Y,+X,478302,-0.022646513,0.0,-0.022646513
3535,-Y,+X,478381,-0.021662587,0.0,-0.021662587
3536,-Y,+X,478462,-0.019694737,0.0,-0.019694737
3537,-Y,+X,478541,-0.026582213,0.0,-0.026582213
3538,-Y,+X,478622,-0.022646513,0.0,-0.022646513
3539,-Y,+X,478701,-0.022646513,0.0,-0.022646513
3540,-Y,+X,478782,-0.021662587,0.0,-0.021662587
3541,-Y,+X,478861,-0.014775112,0.0,-0.014775112
3542,-Y,+X,478941,-0.019694737,0.0,-0.019694737
3543,-Y,+X,479022,-0.012807261,0.0,-0.012807261
3544,-Y,+X,479101,-0.026582213,0.0,-0.026582213
3545,-Y,+X,479182,-0.026582213,0.0,-0.026582213
3546,-Y,+X,479261,-0.021662587,0.0,-0.021662587
3547,-Y,+X,479342,-0.022646513,0.0,-0.022646513
3548,-Y,+X,479421,-0.022646513,0.0,-0.022646513
3549,-Y,+X,479502,-0.019694737,0.0,-0.019694737
3550,-Y,+X,479581,-0.021662587,0.0,-0.021662587
3551,-Y,+X,479662,-0.029533988,0.0,-0.029533988
3552,-Y,+X,479741,-0.019694737,0.0,-0.019694737
3553,-Y,+X,479822,-0.023630438,0.0,-0.023630438
3554,-Y,+X,479901,-0.022646513,0.0,-0.022646513
3555,-Y,+X,479982,-0.016742962,0.0,-0.016742962
3556,-Y,+X,480061,-0.023630438,0.0,-0.023630438
3557,-Y,+X,480141,-0.021662587,0.0,-0.021662587
3558,-Y,+X,480221,-0.021662587,0.0,-0.021662587
3559,-Y,+X,480301,-0.030517914,0.0,-0.030517914
3560,-Y,+X,480382,-0.021662587,0.0,-0.021662587
3561,-Y,+X,480461,-0.022646513,0.0,-0.022646513
3562,-Y,+X,480542,-0.016742962,0.0,-0.016742962
3563,-Y,+X,480621,-0.023630438,0.0,-0.023630438
3564,-Y,+X,480702,-0.022646513,0.0,-0.022646513
3565,-Y,+X,480781,-0.025598288,0.0,-0.025598288
3566,-Y,+X,480862,-0.024614363,0.0,-0.024614363
3567,-Y,+X,480941,-0.027566138,0.0,-0.027566138
3568,-Y,+X,481022,-0.019694737,0.0,-0.019694737
3569,-Y,+X,481101,-0.023630438,0.0,-0.023630438
3570,-Y,+X,481182,-0.024614363,0.0,-0.024614363
3571,-Y,+X,481261,-0.024614363,0.0,-0.024614363
3572,-Y,+X,481341,-0.026582213,0.0,-0.026582213
3573,-Y,+X,481421,-0.019694737,0.0,-0.019694737
3574,-Y,+X,481501,-0.019694737,0.0,-0.019694737
3575,-Y,+X,481582,-0.023630438,0.0,-0.023630438
3576,-Y,+X,481661,-0.023630438,0.0,-0.023630438
3577,-Y,+X,481742,-0.022646513,0.0,-0.022646513
3578,-Y,+X,481821,-0.023630438,0.0,-0.023630438
3579,-Y,+X,481902,-0.026582213,0.0,-0.026582213
3580,-Y,+X,481981,-0.018710812,0.0,-0.018710812
3581,-Y,+X,482062,-0.025598288,0.0,-0.025598288
3582,-Y,+X,482141,-0.027566138,0.0,-0.027566138
3583,-Y,+X,482222,-0.027566138,0.0,-0.027566138
3584,-Y,+X,482301,-0.021662587,0.0,-0.021662587
3585,-Y,+X,482382,-0.023630438,0.0,-0.023630438
3586,-Y,+X,482461,-0.021662587,0.0,-0.021662587
3587,-Y,+X,482541,-0.021662587,0.0,-0.021662587
3588,-Y,+X,482621,-0.022646513,0.0,-0.022646513
3589,-Y,+X,482701,-0.023630438,0.0,-0.023630438
3590,-Y,+X,482782,-0.024614363,0.0,-0.024614363
3591,-Y,+X,482861,-0.023630438,0.0,-0.023630438
3592,-Y,+X,482942,-0.023630438,0.0,-0.023630438
3593,-Y,+X,483021,-0.024614363,0.0,-0.024614363
3594,-Y,+X,483102,-0.022646513,0.0,-0.022646513
3595,-Y,+X,483181,-0.026582213,0.0,-0.026582213
3596,-Y,+X,483262,-0.026582213,0.0,-0.026582213
3597,-Y,+X,483341,-0.010839411,0.0,-0.010839411
3598,-Y,+X,483422,-0.031501839,0.0,-0.031501839
3599,-Y,+X,483501,-0.022646513,0.0,-0.022646513
3600,-Y,+X,483582,-0.021662587,0.0,-0.021662587
3601,-Y,+X,483661,-0.021662587,0.0,-0.021662587
3602,-Y,+X,483742,-0.022646513,0.0,-0.022646513
3603,-Y,+X,483821,-0.019694737,0.0,-0.019694737
3604,-Y,+X,483901,-0.024614363,0.0,-0.024614363
3605,-Y,+X,483981,-0.023630438,0.0,-0.023630438
3606,-Y,+X,484061,-0.023630438,0.0,-0.023630438
3607,-Y,+X,484142,-0.023630438,0.0,-0.023630438
3608,-Y,+X,484221,-0.023630438,0.0,-0.023630438
3609,-Y,+X,484302,-0.023630438,0.0,-0.023630438
3610,-Y,+X,484381,-0.024614363,0.0,-0.024614363
3611,-Y,+X,484462,-0.024614363,0.0,-0.024614363
3612,-Y,+X,484541,-0.024614363,0.0,-0.024614363
3613,-Y,+X,484622,-0.014775112,0.0,-0.014775112
3614,-Y,+X,484701,-0.026582213,0.0,-0.026582213
3615,-Y,+X,484782,-0.024614363,0.0,-0.024614363
3616,-Y,+X,484861,-0.026582213,0.0,-0.026582213
3617,-Y,+X,484942,-0.019694737,0.0,-0.019694737
3618,-Y,+X,485021,-0.019694737,0.0,-0.019694737
3619,-Y,+X,485101,-0.023630438,0.0,-0.023630438
3620,-Y,+X,485181,-0.023630438,0.0,-0.023630438
3621,-Y,+X,485261,-0.023630438,0.0,-0.023630438
3622,-Y,+X,485342,-0.024614363,0.0,-0.024614363
3623,-Y,+X,485421,-0.021662587,0.0,-0.021662587
3624,-Y,+X,485502,-0.024614363,0.0,-0.024614363
3625,-Y,+X,485581,-0.026582213,0.0,-0.026582213
3626,-Y,+X,485662,-0.021662587,0.0,-0.021662587
3627,-Y,+X,485741,-0.023630438,0.0,-0.023630438
3628,-Y,+X,485822,-0.018710812,0.0,-0.018710812
3629,-Y,+X,485901,-0.014775112,0.0,-0.014775112
3630,-Y,+X,485982,-0.022646513,0.0,-0.022646513
3631,-Y,+X,486061,-0.016742962,0.0,-0.016742962
3632,-Y,+X,486142,-0.023630438,0.0,-0.023630438
3633,-Y,+X,486221,-0.019694737,0.0,-0.019694737
3634,-Y,+X,486301,-0.019694737,0.0,-0.019694737
3635,-Y,+X,486381,-0.021662587,0.0,-0.021662587
3636,-Y,+X,486461,-0.019694737,0.0,-0.019694737
3637,-Y,+X,486542,-0.021662587,0.0,-0.021662587
3638,-Y,+X,486621,-0.022646513,0.0,-0.022646513
3639,-Y,+X,486702,-0.021662587,0.0,-0.021662587
3640,-Y,+X,486781,-0.024614363,0.0,-0.024614363
3641,-Y,+X,486862,-0.023630438,0.0,-0.023630438
3642,-Y,+X,486941,-0.026582213,0.0,-0.026582213
3643,-Y,+X,487022,-0.023630438,0.0,-0.023630438
3644,-Y,+X,487101,-0.023630438,0.0,-0.023630438
3645,-Y,+X,487182,-0.021662587,0.0,-0.021662587
3646,-Y,+X,487261,-0.023630438,0.0,-0.023630438
3647,-Y,+X,487342,-0.023630438,0.0,-0.023630438
3648,-Y,+X,487421,-0.023630438,0.0,-0.023630438
3649,-Y,+X,487502,-0.021662587,0.0,-0.021662587
3650,-Y,+X,487581,-0.021662587,0.0,-0.021662587
3651,-Y,+X,487661,-0.018710812,0.0,-0.018710812
3652,-Y,+X,487742,-0.022646513,0.0,-0.022646513
3653,-Y,+X,487821,-0.015759037,0.0,-0.015759037
3654,-Y,+X,487902,-0.019694737,0.0,-0.019694737
3655,-Y,+X,487981,-0.024614363,0.0,-0.024614363
3656,-Y,+X,488062,-0.024614363,0.0,-0.024614363
3657,-Y,+X,488141,-0.024614363,0.0,-0.024614363
3658,-Y,+X,488222,-0.023630438,0.0,-0.023630438
3659,-Y,+X,488301,-0.023630438,0.0,-0.023630438
3660,-Y,+X,488382,-0.023630438,0.0,-0.023630438
3661,-Y,+X,488461,-0.019694737,0.0,-0.019694737
3662,-Y,+X,488542,-0.016742962,0.0,-0.016742962
3663,-Y,+X,488621,-0.014775112,0.0,-0.014775112
3664,-Y,+X,488702,-0.019694737,0.0,-0.019694737
3665,-Y,+X,488781,-0.021662587,0.0,-0.021662587
3666,-Y,+X,488861,-0.022646513,0.0,-0.022646513
3667,-Y,+X,488941,-0.019694737,0.0,-0.019694737
3668,-Y,+X,489021,-0.019694737,0.0,-0.019694737
3669,-Y,+X,489102,-0.027566138,0.0,-0.027566138
3670,-Y,+X,489181,-0.023630438,0.0,-0.023630438
3671,-Y,+X,489262,-0.023630438,0.0,-0.023630438
3672,-Y,+X,489341,-0.023630438,0.0,-0.023630438
3673,-Y,+X,489422,-0.023630438,0.0,-0.023630438
3674,-Y,+X,489501,-0.021662587,0.0,-0.021662587
3675,-Y,+X,489582,-0.023630438,0.0,-0.023630438
3676,-Y,+X,489661,-0.023630438,0.0,-0.023630438
3677,-Y,+X,489742,-0.024614363,0.0,-0.024614363
3678,-Y,+X,489821,-0.023630438,0.0,-0.023630438
3679,-Y,+X,489902,-0.023630438,0.0,-0.023630438
3680,-Y,+X,489981,-0.021662587,0.0,-0.021662587
3681,-Y,+X,490061,-0.019694737,0.0,-0.019694737
3682,-Y,+X,490141,-0.022646513,0.0,-0.022646513
3683,-Y,+X,490221,-0.022646513,0.0,-0.022646513
3684,-Y,+X,490302,-0.026582213,0.0,-0.026582213
3685,-Y,+X,490381,-0.026582213,0.0,-0.026582213
3686,-Y,+X,490462,-0.022646513,0.0,-0.022646513
3687,-Y,+X,490541,-0.022646513,0.0,-0.022646513
3688,-Y,+X,490622,-0.015759037,0.0,-0.015759037
3689,-Y,+X,490701,-0.021662587,0.0,-0.021662587
3690,-Y,+X,490782,-0.022646513,0.0,-0.022646513
3691,-Y,+X,490861,-0.018710812,0.0,-0.018710812
3692,-Y,+X,490942,-0.021662587,0.0,-0.021662587
3693,-Y,+X,491021,-0.027566138,0.0,-0.027566138
3694,-Y,+X,491102,-0.019694737,0.0,-0.019694737
3695,-Y,+X,491181,-0.023630438,0.0,-0.023630438
3696,-Y,+X,491261,-0.022646513,0.0,-0.022646513
3697,-Y,+X,491341,-0.015759037,0.0,-0.015759037
3698,-Y,+X,491421,-0.015759037,0.0,-0.015759037
3699,-Y,+X,491502,-0.022646513,0.0,-0.022646513
3700,-Y,+X,491581,-0.023630438,0.0,-0.023630438
3701,-Y,+X,491662,-0.019694737,0.0,-0.019694737
3702,-Y,+X,491741,-0.022646513,0.0,-0.022646513
3703,-Y,+X,491822,-0.022646513,0.0,-0.022646513
3704,-Y,+X,491901,-0.018710812,0.0,-0.018710812
3705,-Y,+X,491982,-0.024614363,0.0,-0.024614363
3706,-Y,+X,492061,-0.022646513,0.0,-0.022646513
3707,-Y,+X,492142,-0.021662587,0.0,-0.021662587
3708,-Y,+X,492221,-0.023630438,0.0,-0.023630438
3709,-Y,+X,492302,-0.026582213,0.0,-0.026582213
3710,-Y,+X,492381,-0.026582213,0.0,-0.026582213
3711,-Y,+X,492462,-0.021662587,0.0,-0.021662587
3712,-Y,+X,492541,-0.023630438,0.0,-0.023630438
3713,-Y,+X,492621,-0.026582213,0.0,-0.026582213
3714,-Y,+X,492701,-0.019694737,0.0,-0.019694737
3715,-Y,+X,492781,-0.024614363,0.0,-0.024614363
3716,-Y,+X,492862,-0.023630438,0.0,-0.023630438
3717,-Y,+X,492941,-0.019694737,0.0,-0.019694737
3718,-Y,+X,493022,-0.023630438,0.0,-0.023630438
3719,-Y,+X,493101,-0.019694737,0.0,-0.019694737
3720,-Y,+X,493182,-0.019694737,0.0,-0.019694737
3721,-Y,+X,493261,-0.021662587,0.0,-0.021662587
3722,-Y,+X,493342,-0.026582213,0.0,-0.026582213
3723,-Y,+X,493421,-0.026582213,0.0,-0.026582213
3724,-Y,+X,493502,-0.026582213,0.0,-0.026582213
3725,-Y,+X,493581,-0.018710812,0.0,-0.018710812
3726,-Y,+X,493662,-0.023630438,0.0,-0.023630438
3727,-Y,+X,493741,-0.027566138,0.0,-0.027566138
3728,-Y,+X,493821,-0.021662587,0.0,-0.021662587
3729,-Y,+X,493901,-0.019694737,0.0,-0.019694737
3730,-Y,+X,493981,-0.021662587,0.0,-0.021662587
3731,-Y,+X,494062,-0.021662587,0.0,-0.021662587
3732,-Y,+X,494141,-0.023630438,0.0,-0.023630438
3733,-Y,+X,494222,-0.026582213,0.0,-0.026582213
3734,-Y,+X,494301,-0.024614363,0.0,-0.024614363
3735,-Y,+X,494382,-0.021662587,0.0,-0.021662587
3736,-Y,+X,494461,-0.021662587,0.0,-0.021662587
3737,-Y,+X,494542,-0.019694737,0.0,-0.019694737
3738,-Y,+X,494621,-0.015759037,0.0,-0.015759037
3739,-Y,+X,494702,-0.019694737,0.0,-0.019694737
3740,-Y,+X,494781,-0.021662587,0.0,-0.021662587
3741,-Y,+X,494862,-0.019694737,0.0,-0.019694737
3742,-Y,+X,494941,-0.019694737,0.0,-0.019694737
3743,-Y,+X,495021,-0.023630438,0.0,-0.023630438
3744,-Y,+X,495101,-0.024614363,0.0,-0.024614363
3745,-Y,+X,495181,-0.023630438,0.0,-0.023630438
3746,-Y,+X,495262,-0.024614363,0.0,-0.024614363
3747,-Y,+X,495341,-0.023630438,0.0,-0.023630438
3748,-Y,+X,495422,-0.023630438,0.0,-0.023630438
3749,-Y,+X,495501,-0.023630438,0.0,-0.023630438
3750,-Y,+X,495582,-0.023630438,0.0,-0.023630438
3751,-Y,+X,495661,-0.023630438,0.0,-0.023630438
3752,-Y,+X,495742,-0.026582213,0.0,-0.026582213
3753,-Y,+X,495821,-0.023630438,0.0,-0.023630438
3754,-Y,+X,495902,-0.024614363,0.0,-0.024614363
3755,-Y,+X,495981,-0.029533988,0.0,-0.029533988
3756,-Y,+X,496062,-0.021662587,0.0,-0.021662587
3757,-Y,+X,496141,-0.023630438,0.0,-0.023630438
3758,-Y,+X,496222,-0.023630438,0.0,-0.023630438
3759,-Y,+X,496301,-0.023630438,0.0,-0.023630438
3760,-Y,+X,496381,-0.023630438,0.0,-0.023630438
3761,-Y,+X,496462,-0.026582213,0.0,-0.026582213
3762,-Y,+X,496541,-0.026582213,0.0,-0.026582213
3763,-Y,+X,496622,-0.026582213,0.0,-0.026582213
3764,-Y,+X,496701,-0.026582213,0.0,-0.026582213
3765,-Y,+X,496782,-0.023630438,0.0,-0.023630438
3766,-Y,+X,496861,-0.024614363,0.0,-0.024614363
3767,-Y,+X,496942,-0.023630438,0.0,-0.023630438
3768,-Y,+X,497021,-0.015759037,0.0,-0.015759037
3769,-Y,+X,497102,-0.020678662,0.0,-0.020678662
3770,-Y,+X,497181,-0.022646513,0.0,-0.022646513
3771,-Y,+X,497262,-0.016742962,0.0,-0.016742962
3772,-Y,+X,497341,-0.021662587,0.0,-0.021662587
3773,-Y,+X,497421,-0.019694737,0.0,-0.019694737
3774,-Y,+X,497501,-0.019694737,0.0,-0.019694737
3775,-Y,+X,497581,-0.027566138,0.0,-0.027566138
3776,-Y,+X,497661,-0.023630438,0.0,-0.023630438
3777,-Y,+X,497741,-0.019694737,0.0,-0.019694737
3778,-Y,+X,497822,-0.023630438,0.0,-0.023630438
3779,-Y,+X,497901,-0.016742962,0.0,-0.016742962
3780,-Y,+X,497982,-0.026582213,0.0,-0.026582213
3781,-Y,+X,498061,-0.022646513,0.0,-0.022646513
3782,-Y,+X,498142,-0.023630438,0.0,-0.023630438
3783,-Y,+X,498221,-0.021662587,0.0,-0.021662587
3784,-Y,+X,498302,-0.013791186,0.0,-0.013791186
3785,-Y,+X,498381,-0.026582213,0.0,-0.026582213
3786,-Y,+X,498462,-0.026582213,0.0,-0.026582213
3787,-Y,+X,498541,-0.026582213,0.0,-0.026582213
3788,-Y,+X,498622,-0.023630438,0.0,-0.023630438
3789,-Y,+X,498701,-0.019694737,0.0,-0.019694737
3790,-Y,+X,498781,-0.014775112,0.0,-0.014775112
3791,-Y,+X,498861,-0.022646513,0.0,-0.022646513
3792,-Y,+X,498941,-0.023630438,0.0,-0.023630438
3793,-Y,+X,499022,-0.030517914,0.0,-0.030517914
3794,-Y,+X,499101,-0.016742962,0.0,-0.016742962
3795,-Y,+X,499182,-0.024614363,0.0,-0.024614363
3796,-Y,+X,499261,-0.016742962,0.0,-0.016742962
3797,-Y,+X,499342,-0.019694737,0.0,-0.019694737
3798,-Y,+X,499421,-0.026582213,0.0,-0.026582213
3799,-Y,+X,499502,-0.019694737,0.0,-0.019694737
3800,-Y,+X,499581,-0.019694737,0.0,-0.019694737
3801,-Y,+X,499662,-0.014775112,0.0,-0.014775112
3802,-Y,+X,499741,-0.019694737,0.0,-0.019694737
3803,-Y,+X,499822,-0.019694737,0.0,-0.019694737
3804,-Y,+X,499901,-0.019694737,0.0,-0.019694737
3805,-Y,+X,499981,-0.019694737,0.0,-0.019694737
3806,-Y,+X,500061,-0.023630438,0.0,-0.023630438
3807,-Y,+X,500141,-0.026582213,0.0,-0.026582213
3808,-Y,+X,500222,-0.023630438,0.0,-0.023630438
3809,-Y,+X,500301,-0.019694737,0.0,-0.019694737
3810,-Y,+X,500382,-0.023630438,0.0,-0.023630438
3811,-Y,+X,500461,-0.024614363,0.0,-0.024614363
3812,-Y,+X,500542,-0.018710812,0.0,-0.018710812
3813,-Y,+X,500621,-0.018710812,0.0,-0.018710812
3814,-Y,+X,500702,-0.021662587,0.0,-0.021662587
3815,-Y,+X,500781,-0.024614363,0.0,-0.024614363
3816,-Y,+X,500862,-0.023630438,0.0,-0.023630438
3817,-Y,+X,500941,-0.018710812,0.0,-0.018710812
3818,-Y,+X,501022,-0.021662587,0.0,-0.021662587
3819,-Y,+X,501101,-0.021662587,0.0,-0.021662587
3820,-Y,+X,501181,-0.022646513,0.0,-0.022646513
3821,-Y,+X,501261,-0.019694737,0.0,-0.019694737
3822,-Y,+X,501341,-0.024614363,0.0,-0.024614363
3823,-Y,+X,501421,-0.023630438,0.0,-0.023630438
3824,-Y,+X,501501,-0.023630438,0.0,-0.023630438
3825,-Y,+X,501582,-0.023630438,0.0,-0.023630438
3826,-Y,+X,501661,-0.031501839,0.0,-0.031501839
3827,-Y,+X,501742,-0.022646513,0.0,-0.022646513
3828,-Y,+X,501821,-0.019694737,0.0,-0.019694737
3829,-Y,+X,501902,-0.023630438,0.0,-0.023630438
3830,-Y,+X,501981,-0.019694737,0.0,-0.019694737
3831,-Y,+X,502062,-0.014775112,0.0,-0.014775112
3832,-Y,+X,502141,-0.026582213,0.0,-0.026582213
3833,-Y,+X,502222,-0.022646513,0.0,-0.022646513
3834,-Y,+X,502301,-0.022646513,0.0,-0.022646513
3835,-Y,+X,502382,-0.023630438,0.0,-0.023630438
3836,-Y,+X,502461,-0.016742962,0.0,-0.016742962
3837,-Y,+X,502541,-0.019694737,0.0,-0.019694737
3838,-Y,+X,502621,-0.019694737,0.0,-0.019694737
3839,-Y,+X,502701,-0.024614363,0.0,-0.024614363
3840,-Y,+X,502782,-0.029533988,0.0,-0.029533988
3841,-Y,+X,502861,-0.023630438,0.0,-0.023630438
3842,-Y,+X,502942,-0.026582213,0.0,-0.026582213
3843,-Y,+X,503021,-0.023630438,0.0,-0.023630438
3844,-Y,+X,503102,-0.016742962,0.0,-0.016742962
3845,-Y,+X,503181,-0.018710812,0.0,-0.018710812
3846,-Y,+X,503262,-0.023630438,0.0,-0.023630438
3847,-Y,+X,503341,-0.022646513,0.0,-0.022646513
3848,-Y,+X,503422,-0.022646513,0.0,-0.022646513
3849,-Y,+X,503501,-0.019694737,0.0,-0.019694737
3850,-Y,+X,503582,-0.023630438,0.0,-0.023630438
3851,-Y,+X,503661,-0.023630438,0.0,-0.023630438
3852,-Y,+X,503741,-0.019694737,0.0,-0.019694737
3853,-Y,+X,503821,-0.019694737,0.0,-0.019694737
3854,-Y,+X,503901,-0.024614363,0.0,-0.024614363
3855,-Y,+X,503982,-0.024614363,0.0,-0.024614363
3856,-Y,+X,504061,-0.022646513,0.0,-0.022646513
3857,-Y,+X,504142,-0.022646513,0.0,-0.022646513
3858,-Y,+X,504221,-0.019694737,0.0,-0.019694737
3859,-Y,+X,504302,-0.021662587,0.0,-0.021662587
3860,-Y,+X,504381,-0.022646513,0.0,-0.022646513
3861,-Y,+X,504462,-0.023630438,0.0,-0.023630438
3862,-Y,+X,504541,-0.023630438,0.0,-0.023630438
3863,-Y,+X,504622,-0.018710812,0.0,-0.018710812
3864,-Y,+X,504701,-0.018710812,0.0,-0.018710812
3865,-Y,+X,504782,-0.015759037,0.0,-0.015759037
3866,-Y,+X,504861,-0.016742962,0.0,-0.016742962
3867,-Y,+X,504942,-0.019694737,0.0,-0.019694737
3868,-Y,+X,505021,-0.023630438,0.0,-0.023630438
3869,-Y,+X,505101,-0.027566138,0.0,-0.027566138
3870,-Y,+X,505182,-0.026582213,0.0,-0.026582213
3871,-Y,+X,505261,-0.023630438,0.0,-0.023630438
3872,-Y,+X,505342,-0.024614363,0.0,-0.024614363
3873,-Y,+X,505421,-0.023630438,0.0,-0.023630438
3874,-Y,+X,505502,-0.026582213,0.0,-0.026582213
3875,-Y,+X,505581,-0.026582213,0.0,-0.026582213
3876,-Y,+X,505662,-0.026582213,0.0,-0.026582213
3877,-Y,+X,505741,-0.023630438,0.0,-0.023630438
3878,-Y,+X,505822,-0.026582213,0.0,-0.026582213
3879,-Y,+X,505901,-0.022646513,0.0,-0.022646513
3880,-Y,+X,505982,-0.019694737,0.0,-0.019694737
3881,-Y,+X,506061,-0.016742962,0.0,-0.016742962
3882,-Y,+X,506142,-0.023630438,0.0,-0.023630438
3883,-Y,+X,506221,-0.023630438,0.0,-0.023630438
3884,-Y,+X,506301,-0.023630438,0.0,-0.023630438
3885,-Y,+X,506381,-0.021662587,0.0,-0.021662587
3886,-Y,+X,506461,-0.023630438,0.0,-0.023630438
3887,-Y,+X,506542,-0.021662587,0.0,-0.021662587
3888,-Y,+X,506621,-0.022646513,0.0,-0.022646513
3889,-Y,+X,506702,-0.022646513,0.0,-0.022646513
3890,-Y,+X,506781,-0.023630438,0.0,-0.023630438
3891,-Y,+X,506862,-0.024614363,0.0,-0.024614363
3892,-Y,+X,506941,-0.021662587,0.0,-0.021662587
3893,-Y,+X,507022,-0.014775112,0.0,-0.014775112
3894,-Y,+X,507101,-0.022646513,0.0,-0.022646513
3895,-Y,+X,507182,-0.016742962,0.0,-0.016742962
3896,-Y,+X,507261,-0.019694737,0.0,-0.019694737
3897,-Y,+X,507342,-0.029533988,0.0,-0.029533988
3898,-Y,+X,507421,-0.026582213,0.0,-0.026582213
3899,-Y,+X,507501,-0.023630438,0.0,-0.023630438
3900,-Y,+X,507581,-0.023630438,0.0,-0.023630438
3901,-Y,+X,507661,-0.030517914,0.0,-0.030517914
3902,-Y,+X,507742,-0.030517914,0.0,-0.030517914
3903,-Y,+X,507821,-0.019694737,0.0,-0.019694737
3904,-Y,+X,507902,-0.029533988,0.0,-0.029533988
3905,-Y,+X,507981,-0.023630438,0.0,-0.023630438
3906,-Y,+X,508062,-0.019694737,0.0,-0.019694737
3907,-Y,+X,508141,-0.019694737,0.0,-0.019694737
3908,-Y,+X,508222,-0.023630438,0.0,-0.023630438
3909,-Y,+X,508301,-0.030517914,0.0,-0.030517914
3910,-Y,+X,508382,-0.026582213,0.0,-0.026582213
3911,-Y,+X,508461,-0.022646513,0.0,-0.022646513
3912,-Y,+X,508542,-0.026582213,0.0,-0.026582213
3913,-Y,+X,508621,-0.023630438,0.0,-0.023630438
3914,-Y,+X,508701,-0.021662587,0.0,-0.021662587
3915,-Y,+X,508781,-0.021662587,0.0,-0.021662587
3916,-Y,+X,508861,-0.024614363,0.0,-0.024614363
3917,-Y,+X,508942,-0.019694737,0.0,-0.019694737
3918,-Y,+X,509021,-0.023630438,0.0,-0.023630438
3919,-Y,+X,509102,-0.023630438,0.0,-0.023630438
3920,-Y,+X,509181,-0.026582213,0.0,-0.026582213
3921,-Y,+X,509262,-0.026582213,0.0,-0.026582213
3922,-Y,+X,509341,-0.021662587,0.0,-0.021662587
3923,-Y,+X,509422,-0.019694737,0.0,-0.019694737
3924,-Y,+X,509501,-0.019694737,0.0,-0.019694737
3925,-Y,+X,509582,-0.023630438,0.0,-0.023630438
3926,-Y,+X,509661,-0.019694737,0.0,-0.019694737
3927,-Y,+X,509742,-0.019694737,0.0,-0.019694737
3928,-Y,+X,509821,-0.023630438,0.0,-0.023630438
3929,-Y,+X,509902,-0.016742962,0.0,-0.016742962
3930,-Y,+X,509981,-0.018710812,0.0,-0.018710812
3931,-Y,+X,510061,-0.023630438,0.0,-0.023630438
3932,-Y,+X,510141,-0.023630438,0.0,-0.023630438
3933,-Y,+X,510221,-0.021662587,0.0,-0.021662587
3934,-Y,+X,510302,-0.019694737,0.0,-0.019694737
3935,-Y,+X,510381,-0.023630438,0.0,-0.023630438
3936,-Y,+X,510462,-0.023630438,0.0,-0.023630438
3937,-Y,+X,510541,-0.022646513,0.0,-0.022646513
3938,-Y,+X,510622,-0.022646513,0.0,-0.022646513
3939,-Y,+X,510701,-0.019694737,0.0,-0.019694737
3940,-Y,+X,510782,-0.019694737,0.0,-0.019694737
3941,-Y,+X,510861,-0.024614363,0.0,-0.024614363
3942,-Y,+X,510942,-0.016742962,0.0,-0.016742962
3943,-Y,+X,511021,-0.024614363,0.0,-0.024614363
3944,-Y,+X,511102,-0.019694737,0.0,-0.019694737
3945,-Y,+X,511181,-0.019694737,0.0,-0.019694737
3946,-Y,+X,511261,-0.021662587,0.0,-0.021662587
3947,-Y,+X,511341,-0.026582213,0.0,-0.026582213
3948,-Y,+X,511421,-0.023630438,0.0,-0.023630438
3949,-Y,+X,511502,-0.022646513,0.0,-0.022646513
3950,-Y,+X,511581,-0.019694737,0.0,-0.019694737
3951,-Y,+X,511662,-0.019694737,0.0,-0.019694737
3952,-Y,+X,511741,-0.018710812,0.0,-0.018710812
3953,-Y,+X,511822,-0.018710812,0.0,-0.018710812
3954,-Y,+X,511901,-0.020678662,0.0,-0.020678662
3955,-Y,+X,511982,-0.023630438,0.0,-0.023630438
3956,-Y,+X,512061,-0.019694737,0.0,-0.019694737
3957,-Y,+X,512142,-0.022646513,0.0,-0.022646513
3958,-Y,+X,512221,-0.023630438,0.0,-0.023630438
3959,-Y,+X,512302,-0.029533988,0.0,-0.029533988
3960,-Y,+X,512381,-0.023630438,0.0,-0.023630438
3961,-Y,+X,512461,-0.023630438,0.0,-0.023630438
3962,-Y,+X,512541,-0.023630438,0.0,-0.023630438
3963,-Y,+X,512621,-0.021662587,0.0,-0.021662587
3964,-Y,+X,512702,-0.019694737,0.0,-0.019694737
3965,-Y,+X,512781,-0.019694737,0.0,-0.019694737
3966,-Y,+X,512862,-0.019694737,0.0,-0.019694737
3967,-Y,+X,512941,-0.015759037,0.0,-0.015759037
3968,-Y,+X,513022,-0.024614363,0.0,-0.024614363
3969,-Y,+X,513101,-0.019694737,0.0,-0.019694737
3970,-Y,+X,513182,-0.019694737,0.0,-0.019694737
3971,-Y,+X,513261,-0.019694737,0.0,-0.019694737
3972,-Y,+X,513342,-0.023630438,0.0,-0.023630438
3973,-Y,+X,513421,-0.023630438,0.0,-0.023630438
3974,-Y,+X,513502,-0.023630438,0.0,-0.023630438
3975,-Y,+X,513581,-0.024614363,0.0,-0.024614363
3976,-Y,+X,513662,-0.015759037,0.0,-0.015759037
3977,-Y,+X,513741,-0.023630438,0.0,-0.023630438
3978,-Y,+X,513821,-0.023630438,0.0,-0.023630438
3979,-Y,+X,513902,-0.026582213,0.0,-0.026582213
3980,-Y,+X,513981,-0.023630438,0.0,-0.023630438
3981,-Y,+X,514062,-0.019694737,0.0,-0.019694737
3982,-Y,+X,514141,-0.023630438,0.0,-0.023630438
3983,-Y,+X,514222,-0.021662587,0.0,-0.021662587
3984,-Y,+X,514301,-0.023630438,0.0,-0.023630438
3985,-Y,+X,514382,-0.023630438,0.0,-0.023630438
3986,-Y,+X,514461,-0.015759037,0.0,-0.015759037
3987,-Y,+X,514542,-0.019694737,0.0,-0.019694737
3988,-Y,+X,514621,-0.021662587,0.0,-0.021662587
3989,-Y,+X,514702,-0.019694737,0.0,-0.019694737
3990,-Y,+X,514781,-0.019694737,0.0,-0.019694737
3991,-Y,+X,514861,-0.019694737,0.0,-0.019694737
3992,-Y,+X,514941,-0.023630438,0.0,-0.023630438
3993,-Y,+X,515021,-0.024614363,0.0,-0.024614363
3994,-Y,+X,515102,-0.031501839,0.0,-0.031501839
3995,-Y,+X,515181,-0.022646513,0.0,-0.022646513
3996,-Y,+X,515262,-0.023630438,0.0,-0.023630438
3997,-Y,+X,515341,-0.019694737,0.0,-0.019694737
3998,-Y,+X,515422,-0.023630438,0.0,-0.023630438
3999,-Y,+X,515501,-0.029533988,0.0,-0.029533988
4000,+Z,+Z,536216,1.007523091,1.0,0.007523091
4001,+Z,+Z,536296,1.007523091,1.0,0.007523091
4002,+Z,+Z,536377,0.999651691,1.0,-0.000348309
4003,+Z,+Z,536456,0.999651691,1.0,-0.000348309
4004,+Z,+Z,536537,0.999651691,1.0,-0.000348309
4005,+Z,+Z,536616,0.999651691,1.0,-0.000348309
4006,+Z,+Z,536696,0.996699915,1.0,-0.003300085
4007,+Z,+Z,536777,0.996699915,1.0,-0.003300085
4008,+Z,+Z,536856,0.996699915,1.0,-0.003300085
4009,+Z,+Z,536936,0.999651691,1.0,-0.000348309
4010,+Z,+Z,537017,0.998667765,1.0,-0.001332235
4011,+Z,+Z,537096,1.001619541,1.0,0.001619541
4012,+Z,+Z,537176,1.011458792,1.0,0.011458792
4013,+Z,+Z,537257,1.011458792,1.0,0.011458792
4014,+Z,+Z,537336,1.003587391,1.0,0.003587391
4015,+Z,+Z,537417,1.001619541,1.0,0.001619541
4016,+Z,+Z,537496,1.003587391,1.0,0.003587391
4017,+Z,+Z,537576,0.996699915,1.0,-0.003300085
4018,+Z,+Z,537657,1.008507017,1.0,0.008507017
4019,+Z,+Z,537736,0.998667765,1.0,-0.001332235
4020,+Z,+Z,537816,0.996699915,1.0,-0.003300085
4021,+Z,+Z,537897,0.996699915,1.0,-0.003300085
4022,+Z,+Z,537976,0.998667765,1.0,-0.001332235
4023,+Z,+Z,538057,0.998667765,1.0,-0.001332235
4024,+Z,+Z,538137,1.000635616,1.0,0.000635616
4025,+Z,+Z,538216,0.999651691,1.0,-0.000348309
4026,+Z,+Z,538297,0.999651691,1.0,-0.000348309
4027,+Z,+Z,538376,1.006539166,1.0,0.006539166
4028,+Z,+Z,538456,0.999651691,1.0,-0.000348309
4029,+Z,+Z,538537,0.993748140,1.0,-0.006251860
4030,+Z,+Z,538616,0.999651691,1.0,-0.000348309
4031,+Z,+Z,538696,0.996699915,1.0,-0.003300085
4032,+Z,+Z,538777,0.999651691,1.0,-0.000348309
4033,+Z,+Z,538856,0.998667765,1.0,-0.001332235
4034,+Z,+Z,538937,0.999651691,1.0,-0.000348309
4035,+Z,+Z,539016,0.998667765,1.0,-0.001332235
4036,+Z,+Z,539096,0.999651691,1.0,-0.000348309
4037,+Z,+Z,539177,0.998667765,1.0,-0.001332235
4038,+Z,+Z,539256,0.995715990,1.0,-0.004284010
4039,+Z,+Z,539336,0.995715990,1.0,-0.004284010
4040,+Z,+Z,539417,1.006539166,1.0,0.006539166
4041,+Z,+Z,539496,0.999651691,1.0,-0.000348309
4042,+Z,+Z,539576,0.996699915,1.0,-0.003300085
4043,+Z,+Z,539657,1.009490942,1.0,0.009490942
4044,+Z,+Z,539736,1.003587391,1.0,0.003587391
4045,+Z,+Z,539817,1.003587391,1.0,0.003587391
4046,+Z,+Z,539896,0.999651691,1.0,-0.000348309
4047,+Z,+Z,539976,0.998667765,1.0,-0.001332235
4048,+Z,+Z,540057,0.995715990,1.0,-0.004284010
4049,+Z,+Z,540136,1.000635616,1.0,0.000635616
4050,+Z,+Z,540216,0.998667765,1.0,-0.001332235
4051,+Z,+Z,540297,0.996699915,1.0,-0.003300085
4052,+Z,+Z,540376,0.996699915,1.0,-0.003300085
4053,+Z,+Z,540456,0.998667765,1.0,-0.001332235
4054,+Z,+Z,540537,1.003587391,1.0,0.003587391
4055,+Z,+Z,540616,0.999651691,1.0,-0.000348309
4056,+Z,+Z,540697,0.996699915,1.0,-0.003300085
4057,+Z,+Z,540776,0.993748140,1.0,-0.006251860
4058,+Z,+Z,540856,1.001619541,1.0,0.001619541
4059,+Z,+Z,540937,0.999651691,1.0,-0.000348309
4060,+Z,+Z,541016,1.003587391,1.0,0.003587391
4061,+Z,+Z,541096,0.999651691,1.0,-0.000348309
4062,+Z,+Z,541177,0.999651691,1.0,-0.000348309
4063,+Z,+Z,541256,0.996699915,1.0,-0.003300085
4064,+Z,+Z,541337,0.998667765,1.0,-0.001332235
4065,+Z,+Z,541416,0.998667765,1.0,-0.001332235
4066,+Z,+Z,541496,1.003587391,1.0,0.003587391
4067,+Z,+Z,541577,1.003587391,1.0,0.003587391
4068,+Z,+Z,541656,0.999651691,1.0,-0.000348309
4069,+Z,+Z,541736,1.000635616,1.0,0.000635616
4070,+Z,+Z,541817,0.998667765,1.0,-0.001332235
4071,+Z,+Z,541896,0.993748140,1.0,-0.006251860
4072,+Z,+Z,541976,1.003587391,1.0,0.003587391
4073,+Z,+Z,542057,1.003587391,1.0,0.003587391
4074,+Z,+Z,542136,1.006539166,1.0,0.006539166
4075,+Z,+Z,542217,0.998667765,1.0,-0.001332235
4076,+Z,+Z,542296,0.999651691,1.0,-0.000348309
4077,+Z,+Z,542376,0.999651691,1.0,-0.000348309
4078,+Z,+Z,542457,1.000635616,1.0,0.000635616
4079,+Z,+Z,542536,0.999651691,1.0,-0.000348309
4080,+Z,+Z,542616,1.003587391,1.0,0.003587391
4081,+Z,+Z,542697,0.998667765,1.0,-0.001332235
4082,+Z,+Z,542776,0.992764215,1.0,-0.007235785
4083,+Z,+Z,542856,0.998667765,1.0,-0.001332235
4084,+Z,+Z,542937,0.998667765,1.0,-0.001332235
4085,+Z,+Z,543016,0.996699915,1.0,-0.003300085
4086,+Z,+Z,543097,0.999651691,1.0,-0.000348309
4087,+Z,+Z,543176,1.000635616,1.0,0.000635616
4088,+Z,+Z,543256,0.999651691,1.0,-0.000348309
4089,+Z,+Z,543337,0.998667765,1.0,-0.001332235
4090,+Z,+Z,543416,0.998667765,1.0,-0.001332235
4091,+Z,+Z,543496,0.996699915,1.0,-0.003300085
4092,+Z,+Z,543577,1.001619541,1.0,0.001619541
4093,+Z,+Z,543656,0.996699915,1.0,-0.003300085
4094,+Z,+Z,543736,0.996699915,1.0,-0.003300085
4095,+Z,+Z,543817,0.998667765,1.0,-0.001332235
4096,+Z,+Z,543896,0.999651691,1.0,-0.000348309
4097,+Z,+Z,543977,0.998667765,1.0,-0.001332235
4098,+Z,+Z,544057,0.998667765,1.0,-0.001332235
4099,+Z,+Z,544136,1.000635616,1.0,0.000635616
4100,+Z,+Z,544217,0.992764215,1.0,-0.007235785
4101,+Z,+Z,544296,0.998667765,1.0,-0.001332235
4102,+Z,+Z,544376,1.003587391,1.0,0.003587391
4103,+Z,+Z,544457,1.003587391,1.0,0.003587391
4104,+Z,+Z,544536,1.001619541,1.0,0.001619541
4105,+Z,+Z,544617,0.996699915,1.0,-0.003300085
4106,+Z,+Z,544697,1.008507017,1.0,0.008507017
4107,+Z,+Z,544776,0.999651691,1.0,-0.000348309
4108,+Z,+Z,544857,1.003587391,1.0,0.003587391
4109,+Z,+Z,544936,0.999651691,1.0,-0.000348309
4110,+Z,+Z,545016,0.996699915,1.0,-0.003300085
4111,+Z,+Z,545097,0.999651691,1.0,-0.000348309
4112,+Z,+Z,545176,0.992764215,1.0,-0.007235785
4113,+Z,+Z,545256,0.998667765,1.0,-0.001332235
4114,+Z,+Z,545337,0.999651691,1.0,-0.000348309
4115,+Z,+Z,545416,1.000635616,1.0,0.000635616
4116,+Z,+Z,545497,1.000635616,1.0,0.000635616
4117,+Z,+Z,545576,0.996699915,1.0,-0.003300085
4118,+Z,+Z,545656,0.999651691,1.0,-0.000348309
4119,+Z,+Z,545737,1.004571316,1.0,0.004571316
4120,+Z,+Z,545816,1.001619541,1.0,0.001619541
4121,+Z,+Z,545896,0.996699915,1.0,-0.003300085
4122,+Z,+Z,545977,1.006539166,1.0,0.006539166
4123,+Z,+Z,546056,0.998667765,1.0,-0.001332235
4124,+Z,+Z,546136,1.001619541,1.0,0.001619541
4125,+Z,+Z,546217,1.003587391,1.0,0.003587391
4126,+Z,+Z,546296,0.996699915,1.0,-0.003300085
4127,+Z,+Z,546377,0.992764215,1.0,-0.007235785
4128,+Z,+Z,546456,0.995715990,1.0,-0.004284010
4129,+Z,+Z,546536,0.995715990,1.0,-0.004284010
4130,+Z,+Z,546617,0.999651691,1.0,-0.000348309
4131,+Z,+Z,546696,1.003587391,1.0,0.003587391
4132,+Z,+Z,546776,0.999651691,1.0,-0.000348309
4133,+Z,+Z,546857,0.992764215,1.0,-0.007235785
4134,+Z,+Z,546936,0.995715990,1.0,-0.004284010
4135,+Z,+Z,547016,0.996699915,1.0,-0.003300085
4136,+Z,+Z,547097,0.999651691,1.0,-0.000348309
4137,+Z,+Z,547176,0.992764215,1.0,-0.007235785
4138,+Z,+Z,547257,0.999651691,1.0,-0.000348309
4139,+Z,+Z,547336,0.999651691,1.0,-0.000348309
4140,+Z,+Z,547416,1.001619541,1.0,0.001619541
4141,+Z,+Z,547497,1.003587391,1.0,0.003587391
4142,+Z,+Z,547576,1.003587391,1.0,0.003587391
4143,+Z,+Z,547656,1.001619541,1.0,0.001619541
4144,+Z,+Z,547737,0.999651691,1.0,-0.000348309
4145,+Z,+Z,547816,1.001619541,1.0,0.001619541
4146,+Z,+Z,547897,0.998667765,1.0,-0.001332235
4147,+Z,+Z,547977,1.000635616,1.0,0.000635616
4148,+Z,+Z,548056,0.999651691,1.0,-0.000348309
4149,+Z,+Z,548137,1.001619541,1.0,0.001619541
4150,+Z,+Z,548216,0.999651691,1.0,-0.000348309
4151,+Z,+Z,548296,1.001619541,1.0,0.001619541
4152,+Z,+Z,548377,1.003587391,1.0,0.003587391
4153,+Z,+Z,548456,1.003587391,1.0,0.003587391
4154,+Z,+Z,548536,1.003587391,1.0,0.003587391
4155,+Z,+Z,548617,0.999651691,1.0,-0.000348309
4156,+Z,+Z,548696,0.999651691,1.0,-0.000348309
4157,+Z,+Z,548777,0.999651691,1.0,-0.000348309
4158,+Z,+Z,548856,0.999651691,1.0,-0.000348309
4159,+Z,+Z,548936,0.992764215,1.0,-0.007235785
4160,+Z,+Z,549017,1.001619541,1.0,0.001619541
4161,+Z,+Z,549096,1.000635616,1.0,0.000635616
4162,+Z,+Z,549176,0.999651691,1.0,-0.000348309
4163,+Z,+Z,549257,0.999651691,1.0,-0.000348309
4164,+Z,+Z,549336,0.999651691,1.0,-0.000348309
4165,+Z,+Z,549416,0.998667765,1.0,-0.001332235
4166,+Z,+Z,549497,1.003587391,1.0,0.003587391
4167,+Z,+Z,549576,1.003587391,1.0,0.003587391
4168,+Z,+Z,549657,1.003587391,1.0,0.003587391
4169,+Z,+Z,549736,1.000635616,1.0,0.000635616
4170,+Z,+Z,549816,0.998667765,1.0,-0.001332235
4171,+Z,+Z,549897,1.003587391,1.0,0.003587391
4172,+Z,+Z,549976,0.996699915,1.0,-0.003300085
4173,+Z,+Z,550056,0.999651691,1.0,-0.000348309
4174,+Z,+Z,550137,1.003587391,1.0,0.003587391
4175,+Z,+Z,550216,0.999651691,1.0,-0.000348309
4176,+Z,+Z,550297,1.001619541,1.0,0.001619541
4177,+Z,+Z,550376,0.999651691,1.0,-0.000348309
4178,+Z,+Z,550456,0.998667765,1.0,-0.001332235
4179,+Z,+Z,550537,0.999651691,1.0,-0.000348309
4180,+Z,+Z,550616,0.999651691,1.0,-0.000348309
4181,+Z,+Z,550696,0.999651691,1.0,-0.000348309
4182,+Z,+Z,550777,1.001619541,1.0,0.001619541
4183,+Z,+Z,550856,0.996699915,1.0,-0.003300085
4184,+Z,+Z,550937,0.999651691,1.0,-0.000348309
4185,+Z,+Z,551016,1.003587391,1.0,0.003587391
4186,+Z,+Z,551096,1.001619541,1.0,0.001619541
4187,+Z,+Z,551177,0.999651691,1.0,-0.000348309
4188,+Z,+Z,551256,1.000635616,1.0,0.000635616
4189,+Z,+Z,551336,1.003587391,1.0,0.003587391
4190,+Z,+Z,551417,0.999651691,1.0,-0.000348309
4191,+Z,+Z,551496,1.001619541,1.0,0.001619541
4192,+Z,+Z,551577,1.006539166,1.0,0.006539166
4193,+Z,+Z,551656,1.006539166,1.0,0.006539166
4194,+Z,+Z,551736,1.003587391,1.0,0.003587391
4195,+Z,+Z,551817,1.007523091,1.0,0.007523091
4196,+Z,+Z,551896,0.999651691,1.0,-0.000348309
4197,+Z,+Z,551976,1.001619541,1.0,0.001619541
4198,+Z,+Z,552057,0.999651691,1.0,-0.000348309
4199,+Z,+Z,552136,0.999651691,1.0,-0.000348309
4200,+Z,+Z,552217,1.007523091,1.0,0.007523091
4201,+Z,+Z,552296,0.999651691,1.0,-0.000348309
4202,+Z,+Z,552376,0.992764215,1.0,-0.007235785
4203,+Z,+Z,552457,0.999651691,1.0,-0.000348309
4204,+Z,+Z,552536,1.000635616,1.0,0.000635616
4205,+Z,+Z,552616,1.000635616,1.0,0.000635616
4206,+Z,+Z,552697,1.003587391,1.0,0.003587391
4207,+Z,+Z,552776,1.000635616,1.0,0.000635616
4208,+Z,+Z,552856,0.999651691,1.0,-0.000348309
4209,+Z,+Z,552937,0.996699915,1.0,-0.003300085
4210,+Z,+Z,553016,1.003587391,1.0,0.003587391
4211,+Z,+Z,553097,0.992764215,1.0,-0.007235785
4212,+Z,+Z,553176,1.000635616,1.0,0.000635616
4213,+Z,+Z,553256,1.000635616,1.0,0.000635616
4214,+Z,+Z,553337,1.003587391,1.0,0.003587391
4215,+Z,+Z,553416,0.999651691,1.0,-0.000348309
4216,+Z,+Z,553496,0.998667765,1.0,-0.001332235
4217,+Z,+Z,553577,0.998667765,1.0,-0.001332235
4218,+Z,+Z,553656,0.998667765,1.0,-0.001332235
4219,+Z,+Z,553737,1.007523091,1.0,0.007523091
4220,+Z,+Z,553817,1.001619541,1.0,0.001619541
4221,+Z,+Z,553896,0.996699915,1.0,-0.003300085
4222,+Z,+Z,553977,0.998667765,1.0,-0.001332235
4223,+Z,+Z,554056,1.003587391,1.0,0.003587391
4224,+Z,+Z,554136,1.001619541,1.0,0.001619541
4225,+Z,+Z,554217,1.008507017,1.0,0.008507017
4226,+Z,+Z,554296,1.007523091,1.0,0.007523091
4227,+Z,+Z,554376,0.999651691,1.0,-0.000348309
4228,+Z,+Z,554457,0.999651691,1.0,-0.000348309
4229,+Z,+Z,554536,1.001619541,1.0,0.001619541
4230,+Z,+Z,554617,0.999651691,1.0,-0.000348309
4231,+Z,+Z,554696,0.999651691,1.0,-0.000348309
4232,+Z,+Z,554776,0.999651691,1.0,-0.000348309
4233,+Z,+Z,554857,0.999651691,1.0,-0.000348309
4234,+Z,+Z,554936,0.999651691,1.0,-0.000348309
4235,+Z,+Z,555016,1.001619541,1.0,0.001619541
4236,+Z,+Z,555097,0.995715990,1.0,-0.004284010
4237,+Z,+Z,555176,0.999651691,1.0,-0.000348309
4238,+Z,+Z,555257,0.993748140,1.0,-0.006251860
4239,+Z,+Z,555337,0.999651691,1.0,-0.000348309
4240,+Z,+Z,555416,1.003587391,1.0,0.003587391
4241,+Z,+Z,555497,0.999651691,1.0,-0.000348309
4242,+Z,+Z,555576,1.001619541,1.0,0.001619541
4243,+Z,+Z,555656,0.998667765,1.0,-0.001332235
4244,+Z,+Z,555737,0.998667765,1.0,-0.001332235
4245,+Z,+Z,555816,0.992764215,1.0,-0.007235785
4246,+Z,+Z,555896,0.996699915,1.0,-0.003300085
4247,+Z,+Z,555977,0.992764215,1.0,-0.007235785
4248,+Z,+Z,556056,1.000635616,1.0,0.000635616
4249,+Z,+Z,556137,0.999651691,1.0,-0.000348309
4250,+Z,+Z,556216,0.996699915,1.0,-0.003300085
4251,+Z,+Z,556296,0.995715990,1.0,-0.004284010
4252,+Z,+Z,556377,0.999651691,1.0,-0.000348309
4253,+Z,+Z,556456,0.998667765,1.0,-0.001332235
4254,+Z,+Z,556536,1.003587391,1.0,0.003587391
4255,+Z,+Z,556617,1.003587391,1.0,0.003587391
4256,+Z,+Z,556696,0.999651691,1.0,-0.000348309
4257,+Z,+Z,556776,0.999651691,1.0,-0.000348309
4258,+Z,+Z,556857,0.992764215,1.0,-0.007235785
4259,+Z,+Z,556936,1.004571316,1.0,0.004571316
4260,+Z,+Z,557017,1.000635616,1.0,0.000635616
4261,+Z,+Z,557096,1.001619541,1.0,0.001619541
4262,+Z,+Z,557176,1.003587391,1.0,0.003587391
4263,+Z,+Z,557257,1.000635616,1.0,0.000635616
4264,+Z,+Z,557336,0.998667765,1.0,-0.001332235
4265,+Z,+Z,557416,0.996699915,1.0,-0.003300085
4266,+Z,+Z,557497,1.001619541,1.0,0.001619541
4267,+Z,+Z,557576,1.007523091,1.0,0.007523091
4268,+Z,+Z,557656,0.999651691,1.0,-0.000348309
4269,+Z,+Z,557737,1.000635616,1.0,0.000635616
4270,+Z,+Z,557816,1.000635616,1.0,0.000635616
4271,+Z,+Z,557897,1.006539166,1.0,0.006539166
4272,+Z,+Z,557976,0.998667765,1.0,-0.001332235
4273,+Z,+Z,558056,0.999651691,1.0,-0.000348309
4274,+Z,+Z,558137,0.999651691,1.0,-0.000348309
4275,+Z,+Z,558216,0.996699915,1.0,-0.003300085
4276,+Z,+Z,558296,0.999651691,1.0,-0.000348309
4277,+Z,+Z,558377,1.004571316,1.0,0.004571316
4278,+Z,+Z,558456,0.998667765,1.0,-0.001332235
4279,+Z,+Z,558537,0.999651691,1.0,-0.000348309
4280,+Z,+Z,558617,1.003587391,1.0,0.003587391
4281,+Z,+Z,558696,0.999651691,1.0,-0.000348309
4282,+Z,+Z,558777,0.999651691,1.0,-0.000348309
4283,+Z,+Z,558856,1.001619541,1.0,0.001619541
4284,+Z,+Z,558936,1.003587391,1.0,0.003587391
4285,+Z,+Z,559017,0.996699915,1.0,-0.003300085
4286,+Z,+Z,559096,0.996699915,1.0,-0.003300085
4287,+Z,+Z,559176,1.004571316,1.0,0.004571316
4288,+Z,+Z,559257,1.001619541,1.0,0.001619541
4289,+Z,+Z,559336,1.001619541,1.0,0.001619541
4290,+Z,+Z,559416,0.999651691,1.0,-0.000348309
4291,+Z,+Z,559497,0.999651691,1.0,-0.000348309
4292,+Z,+Z,559576,0.999651691,1.0,-0.000348309
4293,+Z,+Z,559657,0.996699915,1.0,-0.003300085
4294,+Z,+Z,559736,0.996699915,1.0,-0.003300085
4295,+Z,+Z,559816,0.996699915,1.0,-0.003300085
4296,+Z,+Z,559897,0.999651691,1.0,-0.000348309
4297,+Z,+Z,559976,0.996699915,1.0,-0.003300085
4298,+Z,+Z,560056,0.993748140,1.0,-0.006251860
4299,+Z,+Z,560137,0.998667765,1.0,-0.001332235
4300,+Z,+Z,560216,0.996699915,1.0,-0.003300085
4301,+Z,+Z,560296,0.998667765,1.0,-0.001332235
4302,+Z,+Z,560377,0.999651691,1.0,-0.000348309
4303,+Z,+Z,560456,0.999651691,1.0,-0.000348309
4304,+Z,+Z,560537,0.996699915,1.0,-0.003300085
4305,+Z,+Z,560617,1.001619541,1.0,0.001619541
4306,+Z,+Z,560696,1.006539166,1.0,0.006539166
4307,+Z,+Z,560777,0.999651691,1.0,-0.000348309
4308,+Z,+Z,560856,0.999651691,1.0,-0.000348309
4309,+Z,+Z,560936,0.999651691,1.0,-0.000348309
4310,+Z,+Z,561017,0.999651691,1.0,-0.000348309
4311,+Z,+Z,561096,0.999651691,1.0,-0.000348309
4312,+Z,+Z,561176,0.999651691,1.0,-0.000348309
4313,+Z,+Z,561257,0.999651691,1.0,-0.000348309
4314,+Z,+Z,561336,0.999651691,1.0,-0.000348309
4315,+Z,+Z,561417,0.996699915,1.0,-0.003300085
4316,+Z,+Z,561496,0.999651691,1.0,-0.000348309
4317,+Z,+Z,561576,1.003587391,1.0,0.003587391
4318,+Z,+Z,561657,1.003587391,1.0,0.003587391
4319,+Z,+Z,561736,0.996699915,1.0,-0.003300085
4320,+Z,+Z,561816,1.000635616,1.0,0.000635616
4321,+Z,+Z,561897,1.000635616,1.0,0.000635616
4322,+Z,+Z,561976,1.003587391,1.0,0.003587391
4323,+Z,+Z,562057,1.003587391,1.0,0.003587391
4324,+Z,+Z,562136,1.000635616,1.0,0.000635616
4325,+Z,+Z,562216,0.998667765,1.0,-0.001332235
4326,+Z,+Z,562297,1.001619541,1.0,0.001619541
4327,+Z,+Z,562376,0.992764215,1.0,-0.007235785
4328,+Z,+Z,562456,1.006539166,1.0,0.006539166
4329,+Z,+Z,562537,1.000635616,1.0,0.000635616
4330,+Z,+Z,562616,0.995715990,1.0,-0.004284010
4331,+Z,+Z,562696,0.999651691,1.0,-0.000348309
4332,+Z,+Z,562777,0.999651691,1.0,-0.000348309
4333,+Z,+Z,562856,0.996699915,1.0,-0.003300085
4334,+Z,+Z,562937,0.996699915,1.0,-0.003300085
4335,+Z,+Z,563016,1.007523091,1.0,0.007523091
4336,+Z,+Z,563096,0.997683840,1.0,-0.002316160
4337,+Z,+Z,563177,1.000635616,1.0,0.000635616
4338,+Z,+Z,563256,1.000635616,1.0,0.000635616
4339,+Z,+Z,563336,1.000635616,1.0,0.000635616
4340,+Z,+Z,563417,0.993748140,1.0,-0.006251860
4341,+Z,+Z,563496,0.996699915,1.0,-0.003300085
4342,+Z,+Z,563576,0.999651691,1.0,-0.000348309
4343,+Z,+Z,563657,1.006539166,1.0,0.006539166
4344,+Z,+Z,563736,1.001619541,1.0,0.001619541
4345,+Z,+Z,563817,0.999651691,1.0,-0.000348309
4346,+Z,+Z,563897,0.992764215,1.0,-0.007235785
4347,+Z,+Z,563976,0.992764215,1.0,-0.007235785
4348,+Z,+Z,564057,0.996699915,1.0,-0.003300085
4349,+Z,+Z,564136,0.998667765,1.0,-0.001332235
4350,+Z,+Z,564216,0.998667765,1.0,-0.001332235
4351,+Z,+Z,564297,1.003587391,1.0,0.003587391
4352,+Z,+Z,564376,0.999651691,1.0,-0.000348309
4353,+Z,+Z,564456,1.000635616,1.0,0.000635616
4354,+Z,+Z,564537,1.003587391,1.0,0.003587391
4355,+Z,+Z,564616,0.996699915,1.0,-0.003300085
4356,+Z,+Z,564696,1.003587391,1.0,0.003587391
4357,+Z,+Z,564777,1.001619541,1.0,0.001619541
4358,+Z,+Z,564856,0.999651691,1.0,-0.000348309
4359,+Z,+Z,564937,0.996699915,1.0,-0.003300085
4360,+Z,+Z,565016,0.996699915,1.0,-0.003300085
4361,+Z,+Z,565096,0.992764215,1.0,-0.007235785
4362,+Z,+Z,565177,0.999651691,1.0,-0.000348309
4363,+Z,+Z,565256,0.999651691,1.0,-0.000348309
4364,+Z,+Z,565336,1.001619541,1.0,0.001619541
4365,+Z,+Z,565417,1.004571316,1.0,0.004571316
4366,+Z,+Z,565496,0.999651691,1.0,-0.000348309
4367,+Z,+Z,565576,0.999651691,1.0,-0.000348309
4368,+Z,+Z,565657,0.996699915,1.0,-0.003300085
4369,+Z,+Z,565736,1.003587391,1.0,0.003587391
4370,+Z,+Z,565817,1.000635616,1.0,0.000635616
4371,+Z,+Z,565896,1.003587391,1.0,0.003587391
4372,+Z,+Z,565976,1.003587391,1.0,0.003587391
4373,+Z,+Z,566057,1.003587391,1.0,0.003587391
4374,+Z,+Z,566136,1.003587391,1.0,0.003587391
4375,+Z,+Z,566216,1.003587391,1.0,0.003587391
4376,+Z,+Z,566297,1.004571316,1.0,0.004571316
4377,+Z,+Z,566376,1.001619541,1.0,0.001619541
4378,+Z,+Z,566456,0.999651691,1.0,-0.000348309
4379,+Z,+Z,566537,1.000635616,1.0,0.000635616
4380,+Z,+Z,566616,1.003587391,1.0,0.003587391
4381,+Z,+Z,566697,0.999651691,1.0,-0.000348309
4382,+Z,+Z,566777,1.000635616,1.0,0.000635616
4383,+Z,+Z,566856,0.999651691,1.0,-0.000348309
4384,+Z,+Z,566937,0.999651691,1.0,-0.000348309
4385,+Z,+Z,567016,0.999651691,1.0,-0.000348309
4386,+Z,+Z,567096,0.996699915,1.0,-0.003300085
4387,+Z,+Z,567177,0.996699915,1.0,-0.003300085
4388,+Z,+Z,567256,1.000635616,1.0,0.000635616
4389,+Z,+Z,567336,0.996699915,1.0,-0.003300085
4390,+Z,+Z,567417,1.003587391,1.0,0.003587391
4391,+Z,+Z,567496,0.999651691,1.0,-0.000348309
4392,+Z,+Z,567576,0.998667765,1.0,-0.001332235
4393,+Z,+Z,567657,0.999651691,1.0,-0.000348309
4394,+Z,+Z,567736,1.000635616,1.0,0.000635616
4395,+Z,+Z,567817,1.000635616,1.0,0.000635616
4396,+Z,+Z,567896,1.000635616,1.0,0.000635616
4397,+Z,+Z,567976,1.001619541,1.0,0.001619541
4398,+Z,+Z,568057,1.001619541,1.0,0.001619541
4399,+Z,+Z,568136,1.003587391,1.0,0.003587391
4400,+Z,+Z,568216,1.001619541,1.0,0.001619541
4401,+Z,+Z,568297,1.001619541,1.0,0.001619541
4402,+Z,+Z,568376,1.000635616,1.0,0.000635616
4403,+Z,+Z,568456,1.008507017,1.0,0.008507017
4404,+Z,+Z,568537,0.998667765,1.0,-0.001332235
4405,+Z,+Z,568616,1.003587391,1.0,0.003587391
4406,+Z,+Z,568697,0.999651691,1.0,-0.000348309
4407,+Z,+Z,568776,0.999651691,1.0,-0.000348309
4408,+Z,+Z,568856,0.996699915,1.0,-0.003300085
4409,+Z,+Z,568937,1.004571316,1.0,0.004571316
4410,+Z,+Z,569016,0.999651691,1.0,-0.000348309
4411,+Z,+Z,569096,0.999651691,1.0,-0.000348309
4412,+Z,+Z,569177,1.003587391,1.0,0.003587391
4413,+Z,+Z,569256,0.999651691,1.0,-0.000348309
4414,+Z,+Z,569337,0.998667765,1.0,-0.001332235
4415,+Z,+Z,569416,1.000635616,1.0,0.000635616
4416,+Z,+Z,569496,0.999651691,1.0,-0.000348309
4417,+Z,+Z,569577,1.003587391,1.0,0.003587391
4418,+Z,+Z,569656,0.996699915,1.0,-0.003300085
4419,+Z,+Z,569736,0.999651691,1.0,-0.000348309
4420,+Z,+Z,569817,0.998667765,1.0,-0.001332235
4421,+Z,+Z,569896,1.003587391,1.0,0.003587391
4422,+Z,+Z,569977,0.999651691,1.0,-0.000348309
4423,+Z,+Z,570057,0.999651691,1.0,-0.000348309
4424,+Z,+Z,570136,0.999651691,1.0,-0.000348309
4425,+Z,+Z,570217,1.003587391,1.0,0.003587391
4426,+Z,+Z,570296,0.999651691,1.0,-0.000348309
4427,+Z,+Z,570376,1.003587391,1.0,0.003587391
4428,+Z,+Z,570457,0.999651691,1.0,-0.000348309
4429,+Z,+Z,570536,1.000635616,1.0,0.000635616
4430,+Z,+Z,570616,0.998667765,1.0,-0.001332235
4431,+Z,+Z,570697,0.996699915,1.0,-0.003300085
4432,+Z,+Z,570776,0.999651691,1.0,-0.000348309
4433,+Z,+Z,570857,1.003587391,1.0,0.003587391
4434,+Z,+Z,570936,0.996699915,1.0,-0.003300085
4435,+Z,+Z,571016,0.999651691,1.0,-0.000348309
4436,+Z,+Z,571097,1.003587391,1.0,0.003587391
4437,+Z,+Z,571176,1.003587391,1.0,0.003587391
4438,+Z,+Z,571256,1.003587391,1.0,0.003587391
4439,+Z,+Z,571337,0.993748140,1.0,-0.006251860
4440,+Z,+Z,571416,0.996699915,1.0,-0.003300085
4441,+Z,+Z,571497,1.003587391,1.0,0.003587391
4442,+Z,+Z,571576,0.999651691,1.0,-0.000348309
4443,+Z,+Z,571656,0.999651691,1.0,-0.000348309
4444,+Z,+Z,571737,1.000635616,1.0,0.000635616
4445,+Z,+Z,571816,0.996699915,1.0,-0.003300085
4446,+Z,+Z,571896,1.003587391,1.0,0.003587391
4447,+Z,+Z,571977,0.992764215,1.0,-0.007235785
4448,+Z,+Z,572056,0.996699915,1.0,-0.003300085
4449,+Z,+Z,572137,0.996699915,1.0,-0.003300085
4450,+Z,+Z,572217,1.001619541,1.0,0.001619541
4451,+Z,+Z,572296,0.998667765,1.0,-0.001332235
4452,+Z,+Z,572377,1.007523091,1.0,0.007523091
4453,+Z,+Z,572456,1.006539166,1.0,0.006539166
4454,+Z,+Z,572536,0.998667765,1.0,-0.001332235
4455,+Z,+Z,572617,0.999651691,1.0,-0.000348309
4456,+Z,+Z,572696,0.999651691,1.0,-0.000348309
4457,+Z,+Z,572776,1.000635616,1.0,0.000635616
4458,+Z,+Z,572857,0.998667765,1.0,-0.001332235
4459,+Z,+Z,572936,0.999651691,1.0,-0.000348309
4460,+Z,+Z,573017,0.999651691,1.0,-0.000348309
4461,+Z,+Z,573096,0.993748140,1.0,-0.006251860
4462,+Z,+Z,573176,0.993748140,1.0,-0.006251860
4463,+Z,+Z,573257,0.993748140,1.0,-0.006251860
4464,+Z,+Z,573336,0.998667765,1.0,-0.001332235
4465,+Z,+Z,573416,1.003587391,1.0,0.003587391
4466,+Z,+Z,573497,0.999651691,1.0,-0.000348309
4467,+Z,+Z,573576,0.996699915,1.0,-0.003300085
4468,+Z,+Z,573657,0.996699915,1.0,-0.003300085
4469,+Z,+Z,573736,0.998667765,1.0,-0.001332235
4470,+Z,+Z,573816,0.999651691,1.0,-0.000348309
4471,+Z,+Z,573897,0.999651691,1.0,-0.000348309
4472,+Z,+Z,573976,1.001619541,1.0,0.001619541
4473,+Z,+Z,574056,1.003587391,1.0,0.003587391
4474,+Z,+Z,574137,0.999651691,1.0,-0.000348309
4475,+Z,+Z,574216,0.999651691,1.0,-0.000348309
4476,+Z,+Z,574296,1.006539166,1.0,0.006539166
4477,+Z,+Z,574377,0.996699915,1.0,-0.003300085
4478,+Z,+Z,574456,1.001619541,1.0,0.001619541
4479,+Z,+Z,574537,0.991780290,1.0,-0.008219710
4480,+Z,+Z,574616,1.000635616,1.0,0.000635616
4481,+Z,+Z,574696,1.003587391,1.0,0.003587391
4482,+Z,+Z,574777,0.998667765,1.0,-0.001332235
4483,+Z,+Z,574856,0.996699915,1.0,-0.003300085
4484,+Z,+Z,574936,0.999651691,1.0,-0.000348309
4485,+Z,+Z,575017,0.996699915,1.0,-0.003300085
4486,+Z,+Z,575096,0.999651691,1.0,-0.000348309
4487,+Z,+Z,575176,1.003587391,1.0,0.003587391
4488,+Z,+Z,575257,1.003587391,1.0,0.003587391
4489,+Z,+Z,575336,0.999651691,1.0,-0.000348309
4490,+Z,+Z,575417,0.999651691,1.0,-0.000348309
4491,+Z,+Z,575497,0.995715990,1.0,-0.004284010
4492,+Z,+Z,575576,0.992764215,1.0,-0.007235785
4493,+Z,+Z,575657,0.999651691,1.0,-0.000348309
4494,+Z,+Z,575736,0.999651691,1.0,-0.000348309
4495,+Z,+Z,575816,0.996699915,1.0,-0.003300085
4496,+Z,+Z,575897,0.996699915,1.0,-0.003300085
4497,+Z,+Z,575976,1.006539166,1.0,0.006539166
4498,+Z,+Z,576056,1.003587391,1.0,0.003587391
4499,+Z,+Z,576137,1.000635616,1.0,0.000635616
4500,+Z,+Z,576216,0.999651691,1.0,-0.000348309
4501,+Z,+Z,576296,0.999651691,1.0,-0.000348309
4502,+Z,+Z,576377,0.998667765,1.0,-0.001332235
4503,+Z,+Z,576456,1.011458792,1.0,0.011458792
4504,+Z,+Z,576537,1.000635616,1.0,0.000635616
4505,+Z,+Z,576616,1.003587391,1.0,0.003587391
4506,+Z,+Z,576696,0.999651691,1.0,-0.000348309
4507,+Z,+Z,576777,1.003587391,1.0,0.003587391
4508,+Z,+Z,576856,1.007523091,1.0,0.007523091
4509,+Z,+Z,576937,0.998667765,1.0,-0.001332235
4510,+Z,+Z,577017,0.996699915,1.0,-0.003300085
4511,+Z,+Z,577096,0.998667765,1.0,-0.001332235
4512,+Z,+Z,577177,1.001619541,1.0,0.001619541
4513,+Z,+Z,577256,1.003587391,1.0,0.003587391
4514,+Z,+Z,577336,1.003587391,1.0,0.003587391
4515,+Z,+Z,577417,1.009490942,1.0,0.009490942
4516,+Z,+Z,577496,1.000635616,1.0,0.000635616
4517,+Z,+Z,577576,0.998667765,1.0,-0.001332235
4518,+Z,+Z,577657,0.999651691,1.0,-0.000348309
4519,+Z,+Z,577736,0.998667765,1.0,-0.001332235
4520,+Z,+Z,577817,1.000635616,1.0,0.000635616
4521,+Z,+Z,577897,1.003587391,1.0,0.003587391
4522,+Z,+Z,577976,1.006539166,1.0,0.006539166
4523,+Z,+Z,578057,1.003587391,1.0,0.003587391
4524,+Z,+Z,578136,0.996699915,1.0,-0.003300085
4525,+Z,+Z,578216,0.996699915,1.0,-0.003300085
4526,+Z,+Z,578297,0.999651691,1.0,-0.000348309
4527,+Z,+Z,578376,0.999651691,1.0,-0.000348309
4528,+Z,+Z,578456,0.999651691,1.0,-0.000348309
4529,+Z,+Z,578537,0.996699915,1.0,-0.003300085
4530,+Z,+Z,578616,0.996699915,1.0,-0.003300085
4531,+Z,+Z,578696,0.998667765,1.0,-0.001332235
4532,+Z,+Z,578777,1.008507017,1.0,0.008507017
4533,+Z,+Z,578856,0.998667765,1.0,-0.001332235
4534,+Z,+Z,578937,0.999651691,1.0,-0.000348309
4535,+Z,+Z,579016,1.003587391,1.0,0.003587391
4536,+Z,+Z,579096,0.998667765,1.0,-0.001332235
4537,+Z,+Z,579177,0.996699915,1.0,-0.003300085
4538,+Z,+Z,579256,0.999651691,1.0,-0.000348309
4539,+Z,+Z,579336,0.999651691,1.0,-0.000348309
4540,+Z,+Z,579417,0.999651691,1.0,-0.000348309
4541,+Z,+Z,579496,0.998667765,1.0,-0.001332235
4542,+Z,+Z,579577,0.999651691,1.0,-0.000348309
4543,+Z,+Z,579656,0.999651691,1.0,-0.000348309
4544,+Z,+Z,579736,0.998667765,1.0,-0.001332235
4545,+Z,+Z,579817,0.995715990,1.0,-0.004284010
4546,+Z,+Z,579896,0.996699915,1.0,-0.003300085
4547,+Z,+Z,579976,1.003587391,1.0,0.003587391
4548,+Z,+Z,580057,0.999651691,1.0,-0.000348309
4549,+Z,+Z,580136,0.998667765,1.0,-0.001332235
4550,+Z,+Z,580216,1.000635616,1.0,0.000635616
4551,+Z,+Z,580297,0.999651691,1.0,-0.000348309
4552,+Z,+Z,580376,0.999651691,1.0,-0.000348309
4553,+Z,+Z,580457,1.001619541,1.0,0.001619541
4554,+Z,+Z,580536,0.996699915,1.0,-0.003300085
4555,+Z,+Z,580616,1.000635616,1.0,0.000635616
4556,+Z,+Z,580697,1.003587391,1.0,0.003587391
4557,+Z,+Z,580776,0.999651691,1.0,-0.000348309
4558,+Z,+Z,580856,1.003587391,1.0,0.003587391
4559,+Z,+Z,580937,0.999651691,1.0,-0.000348309
4560,+Z,+Z,581016,0.996699915,1.0,-0.003300085
4561,+Z,+Z,581097,1.003587391,1.0,0.003587391
4562,+Z,+Z,581176,0.995715990,1.0,-0.004284010
4563,+Z,+Z,581256,1.001619541,1.0,0.001619541
4564,+Z,+Z,581337,1.001619541,1.0,0.001619541
4565,+Z,+Z,581416,1.001619541,1.0,0.001619541
4566,+Z,+Z,581496,1.000635616,1.0,0.000635616
4567,+Z,+Z,581577,1.001619541,1.0,0.001619541
4568,+Z,+Z,581656,0.999651691,1.0,-0.000348309
4569,+Z,+Z,581736,0.998667765,1.0,-0.001332235
4570,+Z,+Z,581817,0.996699915,1.0,-0.003300085
4571,+Z,+Z,581896,0.996699915,1.0,-0.003300085
4572,+Z,+Z,581977,1.004571316,1.0,0.004571316
4573,+Z,+Z,582056,1.003587391,1.0,0.003587391
4574,+Z,+Z,582136,1.004571316,1.0,0.004571316
4575,+Z,+Z,582217,0.993748140,1.0,-0.006251860
4576,+Z,+Z,582296,0.999651691,1.0,-0.000348309
4577,+Z,+Z,582376,1.002603466,1.0,0.002603466
4578,+Z,+Z,582457,1.002603466,1.0,0.002603466
4579,+Z,+Z,582536,1.004571316,1.0,0.004571316
4580,+Z,+Z,582617,1.000635616,1.0,0.000635616
4581,+Z,+Z,582696,1.000635616,1.0,0.000635616
4582,+Z,+Z,582776,0.998667765,1.0,-0.001332235
4583,+Z,+Z,582857,0.999651691,1.0,-0.000348309
4584,+Z,+Z,582936,0.992764215,1.0,-0.007235785
4585,+Z,+Z,583016,0.998667765,1.0,-0.001332235
4586,+Z,+Z,583097,0.999651691,1.0,-0.000348309
4587,+Z,+Z,583176,1.000635616,1.0,0.000635616
4588,+Z,+Z,583257,0.999651691,1.0,-0.000348309
4589,+Z,+Z,583337,0.998667765,1.0,-0.001332235
4590,+Z,+Z,583416,1.006539166,1.0,0.006539166
4591,+Z,+Z,583497,1.006539166,1.0,0.006539166
4592,+Z,+Z,583576,1.000635616,1.0,0.000635616
4593,+Z,+Z,583656,0.993748140,1.0,-0.006251860
4594,+Z,+Z,583737,1.006539166,1.0,0.006539166
4595,+Z,+Z,583816,1.000635616,1.0,0.000635616
4596,+Z,+Z,583896,0.999651691,1.0,-0.000348309
4597,+Z,+Z,583977,0.998667765,1.0,-0.001332235
4598,+Z,+Z,584056,1.000635616,1.0,0.000635616
4599,+Z,+Z,584137,1.001619541,1.0,0.001619541
4600,+Z,+Z,584216,1.000635616,1.0,0.000635616
4601,+Z,+Z,584296,1.006539166,1.0,0.006539166
4602,+Z,+Z,584377,0.999651691,1.0,-0.000348309
4603,+Z,+Z,584456,1.000635616,1.0,0.000635616
4604,+Z,+Z,584536,1.000635616,1.0,0.000635616
4605,+Z,+Z,584617,0.998667765,1.0,-0.001332235
4606,+Z,+Z,584696,1.003587391,1.0,0.003587391
4607,+Z,+Z,584776,1.001619541,1.0,0.001619541
4608,+Z,+Z,584857,1.003587391,1.0,0.003587391
4609,+Z,+Z,584936,0.999651691,1.0,-0.000348309
4610,+Z,+Z,585017,1.003587391,1.0,0.003587391
4611,+Z,+Z,585097,0.999651691,1.0,-0.000348309
4612,+Z,+Z,585176,0.999651691,1.0,-0.000348309
4613,+Z,+Z,585257,1.003587391,1.0,0.003587391
4614,+Z,+Z,585336,0.999651691,1.0,-0.000348309
4615,+Z,+Z,585416,1.001619541,1.0,0.001619541
4616,+Z,+Z,585497,1.001619541,1.0,0.001619541
4617,+Z,+Z,585576,0.996699915,1.0,-0.003300085
4618,+Z,+Z,585656,0.999651691,1.0,-0.000348309
4619,+Z,+Z,585737,1.003587391,1.0,0.003587391
4620,+Z,+Z,585816,1.000635616,1.0,0.000635616
4621,+Z,+Z,585897,0.999651691,1.0,-0.000348309
4622,+Z,+Z,585976,0.999651691,1.0,-0.000348309
4623,+Z,+Z,586056,0.993748140,1.0,-0.006251860
4624,+Z,+Z,586137,0.999651691,1.0,-0.000348309
4625,+Z,+Z,586216,0.996699915,1.0,-0.003300085
4626,+Z,+Z,586296,0.999651691,1.0,-0.000348309
4627,+Z,+Z,586377,0.996699915,1.0,-0.003300085
4628,+Z,+Z,586456,1.004571316,1.0,0.004571316
4629,+Z,+Z,586537,1.004571316,1.0,0.004571316
4630,+Z,+Z,586617,0.996699915,1.0,-0.003300085
4631,+Z,+Z,586696,0.999651691,1.0,-0.000348309
4632,+Z,+Z,586777,1.000635616,1.0,0.000635616
4633,+Z,+Z,586856,0.998667765,1.0,-0.001332235
4634,+Z,+Z,586936,0.999651691,1.0,-0.000348309
4635,+Z,+Z,587017,1.003587391,1.0,0.003587391
4636,+Z,+Z,587096,1.000635616,1.0,0.000635616
4637,+Z,+Z,587176,0.993748140,1.0,-0.006251860
4638,+Z,+Z,587257,0.998667765,1.0,-0.001332235
4639,+Z,+Z,587336,1.001619541,1.0,0.001619541
4640,+Z,+Z,587417,1.001619541,1.0,0.001619541
4641,+Z,+Z,587496,1.003587391,1.0,0.003587391
4642,+Z,+Z,587576,1.003587391,1.0,0.003587391
4643,+Z,+Z,587657,0.999651691,1.0,-0.000348309
4644,+Z,+Z,587736,0.999651691,1.0,-0.000348309
4645,+Z,+Z,587816,0.999651691,1.0,-0.000348309
4646,+Z,+Z,587897,0.996699915,1.0,-0.003300085
4647,+Z,+Z,587976,0.999651691,1.0,-0.000348309
4648,+Z,+Z,588057,1.012442717,1.0,0.012442717
4649,+Z,+Z,588136,0.996699915,1.0,-0.003300085
4650,+Z,+Z,588216,0.999651691,1.0,-0.000348309
4651,+Z,+Z,588297,0.996699915,1.0,-0.003300085
4652,+Z,+Z,588376,0.999651691,1.0,-0.000348309
4653,+Z,+Z,588456,1.003587391,1.0,0.003587391
4654,+Z,+Z,588537,0.996699915,1.0,-0.003300085
4655,+Z,+Z,588616,0.996699915,1.0,-0.003300085
4656,+Z,+Z,588696,0.999651691,1.0,-0.000348309
4657,+Z,+Z,588777,0.999651691,1.0,-0.000348309
4658,+Z,+Z,588856,1.000635616,1.0,0.000635616
4659,+Z,+Z,588937,0.999651691,1.0,-0.000348309
4660,+Z,+Z,589016,0.999651691,1.0,-0.000348309
4661,+Z,+Z,589096,1.006539166,1.0,0.006539166
4662,+Z,+Z,589177,0.999651691,1.0,-0.000348309
4663,+Z,+Z,589256,0.996699915,1.0,-0.003300085
4664,+Z,+Z,589336,0.993748140,1.0,-0.006251860
4665,+Z,+Z,589417,0.999651691,1.0,-0.000348309
4666,+Z,+Z,589496,0.996699915,1.0,-0.003300085
4667,+Z,+Z,589577,0.992764215,1.0,-0.007235785
4668,+Z,+Z,589656,0.992764215,1.0,-0.007235785
4669,+Z,+Z,589736,1.000635616,1.0,0.000635616
4670,+Z,+Z,589817,0.999651691,1.0,-0.000348309
4671,+Z,+Z,589896,0.996699915,1.0,-0.003300085
4672,+Z,+Z,589976,0.998667765,1.0,-0.001332235
4673,+Z,+Z,590057,0.996699915,1.0,-0.003300085
4674,+Z,+Z,590136,0.999651691,1.0,-0.000348309
4675,+Z,+Z,590216,1.001619541,1.0,0.001619541
4676,+Z,+Z,590297,0.995715990,1.0,-0.004284010
4677,+Z,+Z,590376,1.000635616,1.0,0.000635616
4678,+Z,+Z,590457,1.003587391,1.0,0.003587391
4679,+Z,+Z,590536,0.999651691,1.0,-0.000348309
4680,+Z,+Z,590616,0.996699915,1.0,-0.003300085
4681,+Z,+Z,590697,0.996699915,1.0,-0.003300085
4682,+Z,+Z,590776,0.999651691,1.0,-0.000348309
4683,+Z,+Z,590856,0.999651691,1.0,-0.000348309
4684,+Z,+Z,590937,0.995715990,1.0,-0.004284010
4685,+Z,+Z,591016,0.999651691,1.0,-0.000348309
4686,+Z,+Z,591097,0.998667765,1.0,-0.001332235
4687,+Z,+Z,591177,0.998667765,1.0,-0.001332235
4688,+Z,+Z,591256,0.998667765,1.0,-0.001332235
4689,+Z,+Z,591337,0.998667765,1.0,-0.001332235
4690,+Z,+Z,591416,1.006539166,1.0,0.006539166
4691,+Z,+Z,591496,1.001619541,1.0,0.001619541
4692,+Z,+Z,591577,0.996699915,1.0,-0.003300085
4693,+Z,+Z,591656,1.003587391,1.0,0.003587391
4694,+Z,+Z,591736,1.003587391,1.0,0.003587391
4695,+Z,+Z,591817,1.001619541,1.0,0.001619541
4696,+Z,+Z,591896,1.007523091,1.0,0.007523091
4697,+Z,+Z,591977,0.999651691,1.0,-0.000348309
4698,+Z,+Z,592056,0.993748140,1.0,-0.006251860
4699,+Z,+Z,592136,0.993748140,1.0,-0.006251860
4700,+Z,+Z,592217,1.006539166,1.0,0.006539166
4701,+Z,+Z,592296,0.996699915,1.0,-0.003300085
4702,+Z,+Z,592376,0.992764215,1.0,-0.007235785
4703,+Z,+Z,592457,0.998667765,1.0,-0.001332235
4704,+Z,+Z,592536,1.000635616,1.0,0.000635616
4705,+Z,+Z,592617,0.999651691,1.0,-0.000348309
4706,+Z,+Z,592696,0.999651691,1.0,-0.000348309
4707,+Z,+Z,592776,0.999651691,1.0,-0.000348309
4708,+Z,+Z,592857,0.998667765,1.0,-0.001332235
4709,+Z,+Z,592936,1.003587391,1.0,0.003587391
4710,+Z,+Z,593016,0.999651691,1.0,-0.000348309
4711,+Z,+Z,593097,1.003587391,1.0,0.003587391
4712,+Z,+Z,593176,0.998667765,1.0,-0.001332235
4713,+Z,+Z,593257,0.999651691,1.0,-0.000348309
4714,+Z,+Z,593336,0.998667765,1.0,-0.001332235
4715,+Z,+Z,593416,0.996699915,1.0,-0.003300085
4716,+Z,+Z,593497,1.001619541,1.0,0.001619541
4717,+Z,+Z,593576,0.999651691,1.0,-0.000348309
4718,+Z,+Z,593656,0.998667765,1.0,-0.001332235
4719,+Z,+Z,593737,0.998667765,1.0,-0.001332235
4720,+Z,+Z,593816,0.998667765,1.0,-0.001332235
4721,+Z,+Z,593896,0.998667765,1.0,-0.001332235
4722,+Z,+Z,593977,1.000635616,1.0,0.000635616
4723,+Z,+Z,594056,1.003587391,1.0,0.003587391
4724,+Z,+Z,594137,0.998667765,1.0,-0.001332235
4725,+Z,+Z,594216,0.995715990,1.0,-0.004284010
4726,+Z,+Z,594296,0.996699915,1.0,-0.003300085
4727,+Z,+Z,594377,1.003587391,1.0,0.003587391
4728,+Z,+Z,594456,0.999651691,1.0,-0.000348309
4729,+Z,+Z,594536,1.007523091,1.0,0.007523091
4730,+Z,+Z,594617,1.003587391,1.0,0.003587391
4731,+Z,+Z,594696,1.006539166,1.0,0.006539166
4732,+Z,+Z,594777,1.006539166,1.0,0.006539166
4733,+Z,+Z,594856,0.998667765,1.0,-0.001332235
4734,+Z,+Z,594936,0.999651691,1.0,-0.000348309
4735,+Z,+Z,595017,1.003587391,1.0,0.003587391
4736,+Z,+Z,595096,0.999651691,1.0,-0.000348309
4737,+Z,+Z,595176,1.014410567,1.0,0.014410567
4738,+Z,+Z,595257,1.003587391,1.0,0.003587391
4739,+Z,+Z,595336,0.995715990,1.0,-0.004284010
4740,+Z,+Z,595417,0.999651691,1.0,-0.000348309
4741,+Z,+Z,595496,1.004571316,1.0,0.004571316
4742,+Z,+Z,595576,0.998667765,1.0,-0.001332235
4743,+Z,+Z,595657,0.999651691,1.0,-0.000348309
4744,+Z,+Z,595736,1.001619541,1.0,0.001619541
4745,+Z,+Z,595816,1.001619541,1.0,0.001619541
4746,+Z,+Z,595897,0.999651691,1.0,-0.000348309
4747,+Z,+Z,595976,1.000635616,1.0,0.000635616
4748,+Z,+Z,596057,0.993748140,1.0,-0.006251860
4749,+Z,+Z,596136,0.998667765,1.0,-0.001332235
4750,+Z,+Z,596216,0.996699915,1.0,-0.003300085
4751,+Z,+Z,596297,0.999651691,1.0,-0.000348309
4752,+Z,+Z,596376,0.996699915,1.0,-0.003300085
4753,+Z,+Z,596456,1.003587391,1.0,0.003587391
4754,+Z,+Z,596537,1.003587391,1.0,0.003587391
4755,+Z,+Z,596616,0.999651691,1.0,-0.000348309
4756,+Z,+Z,596697,0.999651691,1.0,-0.000348309
4757,+Z,+Z,596777,0.999651691,1.0,-0.000348309
4758,+Z,+Z,596856,0.999651691,1.0,-0.000348309
4759,+Z,+Z,596937,1.007523091,1.0,0.007523091
4760,+Z,+Z,597016,0.996699915,1.0,-0.003300085
4761,+Z,+Z,597096,0.996699915,1.0,-0.003300085
4762,+Z,+Z,597177,1.001619541,1.0,0.001619541
4763,+Z,+Z,597256,0.999651691,1.0,-0.000348309
4764,+Z,+Z,597336,0.995715990,1.0,-0.004284010
4765,+Z,+Z,597417,0.999651691,1.0,-0.000348309
4766,+Z,+Z,597496,0.999651691,1.0,-0.000348309
4767,+Z,+Z,597577,0.994732065,1.0,-0.005267935
4768,+Z,+Z,597656,0.992764215,1.0,-0.007235785
4769,+Z,+Z,597736,0.998667765,1.0,-0.001332235
4770,+Z,+Z,597817,1.007523091,1.0,0.007523091
4771,+Z,+Z,597896,1.007523091,1.0,0.007523091
4772,+Z,+Z,597976,0.998667765,1.0,-0.001332235
4773,+Z,+Z,598057,0.999651691,1.0,-0.000348309
4774,+Z,+Z,598136,0.999651691,1.0,-0.000348309
4775,+Z,+Z,598216,0.998667765,1.0,-0.001332235
4776,+Z,+Z,598297,0.993748140,1.0,-0.006251860
4777,+Z,+Z,598376,0.996699915,1.0,-0.003300085
4778,+Z,+Z,598457,0.999651691,1.0,-0.000348309
4779,+Z,+Z,598536,1.004571316,1.0,0.004571316
4780,+Z,+Z,598616,0.999651691,1.0,-0.000348309
4781,+Z,+Z,598697,1.000635616,1.0,0.000635616
4782,+Z,+Z,598776,0.999651691,1.0,-0.000348309
4783,+Z,+Z,598856,1.003587391,1.0,0.003587391
4784,+Z,+Z,598937,1.003587391,1.0,0.003587391
4785,+Z,+Z,599016,1.004571316,1.0,0.004571316
4786,+Z,+Z,599097,1.003587391,1.0,0.003587391
4787,+Z,+Z,599177,1.001619541,1.0,0.001619541
4788,+Z,+Z,599256,1.001619541,1.0,0.001619541
4789,+Z,+Z,599337,0.996699915,1.0,-0.003300085
4790,+Z,+Z,599416,0.996699915,1.0,-0.003300085
4791,+Z,+Z,599496,0.998667765,1.0,-0.001332235
4792,+Z,+Z,599577,0.999651691,1.0,-0.000348309
4793,+Z,+Z,599656,0.999651691,1.0,-0.000348309
4794,+Z,+Z,599736,0.998667765,1.0,-0.001332235
4795,+Z,+Z,599817,0.995715990,1.0,-0.004284010
4796,+Z,+Z,599896,0.996699915,1.0,-0.003300085
4797,+Z,+Z,599977,0.996699915,1.0,-0.003300085
4798,+Z,+Z,600056,0.998667765,1.0,-0.001332235
4799,+Z,+Z,600136,1.003587391,1.0,0.003587391
4800,+Z,+Z,600217,1.000635616,1.0,0.000635616
4801,+Z,+Z,600296,0.998667765,1.0,-0.001332235
4802,+Z,+Z,600376,1.001619541,1.0,0.001619541
4803,+Z,+Z,600457,1.006539166,1.0,0.006539166
4804,+Z,+Z,600536,0.998667765,1.0,-0.001332235
4805,+Z,+Z,600616,0.999651691,1.0,-0.000348309
4806,+Z,+Z,600697,0.996699915,1.0,-0.003300085
4807,+Z,+Z,600776,0.996699915,1.0,-0.003300085
4808,+Z,+Z,600856,0.999651691,1.0,-0.000348309
4809,+Z,+Z,600937,1.000635616,1.0,0.000635616
4810,+Z,+Z,601016,1.000635616,1.0,0.000635616
4811,+Z,+Z,601097,0.998667765,1.0,-0.001332235
4812,+Z,+Z,601176,0.999651691,1.0,-0.000348309
4813,+Z,+Z,601256,0.996699915,1.0,-0.003300085
4814,+Z,+Z,601337,0.999651691,1.0,-0.000348309
4815,+Z,+Z,601416,0.998667765,1.0,-0.001332235
4816,+Z,+Z,601496,0.999651691,1.0,-0.000348309
4817,+Z,+Z,601577,1.001619541,1.0,0.001619541
4818,+Z,+Z,601656,1.000635616,1.0,0.000635616
4819,+Z,+Z,601737,0.999651691,1.0,-0.000348309
4820,+Z,+Z,601816,1.001619541,1.0,0.001619541
4821,+Z,+Z,601896,0.999651691,1.0,-0.000348309
4822,+Z,+Z,601977,0.998667765,1.0,-0.001332235
4823,+Z,+Z,602056,0.998667765,1.0,-0.001332235
4824,+Z,+Z,602136,0.995715990,1.0,-0.004284010
4825,+Z,+Z,602217,0.998667765,1.0,-0.001332235
4826,+Z,+Z,602296,0.993748140,1.0,-0.006251860
4827,+Z,+Z,602377,1.000635616,1.0,0.000635616
4828,+Z,+Z,602457,0.996699915,1.0,-0.003300085
4829,+Z,+Z,602536,0.996699915,1.0,-0.003300085
4830,+Z,+Z,602617,0.996699915,1.0,-0.003300085
4831,+Z,+Z,602696,0.999651691,1.0,-0.000348309
4832,+Z,+Z,602776,0.998667765,1.0,-0.001332235
4833,+Z,+Z,602857,0.999651691,1.0,-0.000348309
4834,+Z,+Z,602936,0.999651691,1.0,-0.000348309
4835,+Z,+Z,603016,0.999651691,1.0,-0.000348309
4836,+Z,+Z,603097,0.993748140,1.0,-0.006251860
4837,+Z,+Z,603176,1.001619541,1.0,0.001619541
4838,+Z,+Z,603257,0.999651691,1.0,-0.000348309
4839,+Z,+Z,603336,0.999651691,1.0,-0.000348309
4840,+Z,+Z,603416,0.999651691,1.0,-0.000348309
4841,+Z,+Z,603497,0.998667765,1.0,-0.001332235
4842,+Z,+Z,603576,0.999651691,1.0,-0.000348309
4843,+Z,+Z,603656,0.993748140,1.0,-0.006251860
4844,+Z,+Z,603737,1.001619541,1.0,0.001619541
4845,+Z,+Z,603816,1.006539166,1.0,0.006539166
4846,+Z,+Z,603897,1.000635616,1.0,0.000635616
4847,+Z,+Z,603976,0.996699915,1.0,-0.003300085
4848,+Z,+Z,604056,0.996699915,1.0,-0.003300085
4849,+Z,+Z,604137,1.000635616,1.0,0.000635616
4850,+Z,+Z,604216,1.003587391,1.0,0.003587391
4851,+Z,+Z,604296,1.003587391,1.0,0.003587391
4852,+Z,+Z,604377,0.996699915,1.0,-0.003300085
4853,+Z,+Z,604456,0.995715990,1.0,-0.004284010
4854,+Z,+Z,604536,0.999651691,1.0,-0.000348309
4855,+Z,+Z,604617,0.999651691,1.0,-0.000348309
4856,+Z,+Z,604696,1.001619541,1.0,0.001619541
4857,+Z,+Z,604777,0.999651691,1.0,-0.000348309
4858,+Z,+Z,604856,1.003587391,1.0,0.003587391
4859,+Z,+Z,604936,0.996699915,1.0,-0.003300085
4860,+Z,+Z,605017,0.996699915,1.0,-0.003300085
4861,+Z,+Z,605096,0.996699915,1.0,-0.003300085
4862,+Z,+Z,605177,0.996699915,1.0,-0.003300085
4863,+Z,+Z,605257,0.999651691,1.0,-0.000348309
4864,+Z,+Z,605336,1.000635616,1.0,0.000635616
4865,+Z,+Z,605417,1.001619541,1.0,0.001619541
4866,+Z,+Z,605496,1.001619541,1.0,0.001619541
4867,+Z,+Z,605576,1.003587391,1.0,0.003587391
4868,+Z,+Z,605657,0.999651691,1.0,-0.000348309
4869,+Z,+Z,605736,0.999651691,1.0,-0.000348309
4870,+Z,+Z,605816,1.007523091,1.0,0.007523091
4871,+Z,+Z,605897,1.003587391,1.0,0.003587391
4872,+Z,+Z,605976,0.998667765,1.0,-0.001332235
4873,+Z,+Z,606057,1.003587391,1.0,0.003587391
4874,+Z,+Z,606137,1.003587391,1.0,0.003587391
4875,+Z,+Z,606216,0.999651691,1.0,-0.000348309
4876,+Z,+Z,606297,1.001619541,1.0,0.001619541
4877,+Z,+Z,606376,0.999651691,1.0,-0.000348309
4878,+Z,+Z,606456,0.998667765,1.0,-0.001332235
4879,+Z,+Z,606537,0.999651691,1.0,-0.000348309
4880,+Z,+Z,606616,0.992764215,1.0,-0.007235785
4881,+Z,+Z,606696,0.999651691,1.0,-0.000348309
4882,+Z,+Z,606777,0.999651691,1.0,-0.000348309
4883,+Z,+Z,606856,1.003587391,1.0,0.003587391
4884,+Z,+Z,606937,0.999651691,1.0,-0.000348309
4885,+Z,+Z,607016,1.003587391,1.0,0.003587391
4886,+Z,+Z,607096,0.993748140,1.0,-0.006251860
4887,+Z,+Z,607177,0.993748140,1.0,-0.006251860
4888,+Z,+Z,607256,0.999651691,1.0,-0.000348309
4889,+Z,+Z,607336,0.999651691,1.0,-0.000348309
4890,+Z,+Z,607417,0.999651691,1.0,-0.000348309
4891,+Z,+Z,607496,1.001619541,1.0,0.001619541
4892,+Z,+Z,607577,1.004571316,1.0,0.004571316
4893,+Z,+Z,607657,1.007523091,1.0,0.007523091
4894,+Z,+Z,607736,1.000635616,1.0,0.000635616
4895,+Z,+Z,607817,1.003587391,1.0,0.003587391
4896,+Z,+Z,607896,0.998667765,1.0,-0.001332235
4897,+Z,+Z,607976,0.998667765,1.0,-0.001332235
4898,+Z,+Z,608057,1.006539166,1.0,0.006539166
4899,+Z,+Z,608136,0.993748140,1.0,-0.006251860
4900,+Z,+Z,608216,0.993748140,1.0,-0.006251860
4901,+Z,+Z,608297,1.000635616,1.0,0.000635616
4902,+Z,+Z,608376,0.999651691,1.0,-0.000348309
4903,+Z,+Z,608457,1.000635616,1.0,0.000635616
4904,+Z,+Z,608536,0.998667765,1.0,-0.001332235
4905,+Z,+Z,608616,0.996699915,1.0,-0.003300085
4906,+Z,+Z,608697,1.001619541,1.0,0.001619541
4907,+Z,+Z,608776,1.006539166,1.0,0.006539166
4908,+Z,+Z,608856,1.000635616,1.0,0.000635616
4909,+Z,+Z,608937,1.007523091,1.0,0.007523091
4910,+Z,+Z,609016,0.998667765,1.0,-0.001332235
4911,+Z,+Z,609097,0.993748140,1.0,-0.006251860
4912,+Z,+Z,609177,1.007523091,1.0,0.007523091
4913,+Z,+Z,609256,1.007523091,1.0,0.007523091
4914,+Z,+Z,609337,0.999651691,1.0,-0.000348309
4915,+Z,+Z,609416,0.999651691,1.0,-0.000348309
4916,+Z,+Z,609496,1.000635616,1.0,0.000635616
4917,+Z,+Z,609577,0.999651691,1.0,-0.000348309
4918,+Z,+Z,609656,0.998667765,1.0,-0.001332235
4919,+Z,+Z,609736,1.004571316,1.0,0.004571316
4920,+Z,+Z,609817,0.999651691,1.0,-0.000348309
4921,+Z,+Z,609896,1.001619541,1.0,0.001619541
4922,+Z,+Z,609977,1.003587391,1.0,0.003587391
4923,+Z,+Z,610056,0.999651691,1.0,-0.000348309
4924,+Z,+Z,610136,0.996699915,1.0,-0.003300085
4925,+Z,+Z,610217,0.996699915,1.0,-0.003300085
4926,+Z,+Z,610296,0.996699915,1.0,-0.003300085
4927,+Z,+Z,610376,0.993748140,1.0,-0.006251860
4928,+Z,+Z,610457,0.999651691,1.0,-0.000348309
4929,+Z,+Z,610536,0.996699915,1.0,-0.003300085
4930,+Z,+Z,610617,0.999651691,1.0,-0.000348309
4931,+Z,+Z,610696,0.999651691,1.0,-0.000348309
4932,+Z,+Z,610776,0.995715990,1.0,-0.004284010
4933,+Z,+Z,610857,0.999651691,1.0,-0.000348309
4934,+Z,+Z,610936,0.999651691,1.0,-0.000348309
4935,+Z,+Z,611016,0.996699915,1.0,-0.003300085
4936,+Z,+Z,611097,1.001619541,1.0,0.001619541
4937,+Z,+Z,611176,0.999651691,1.0,-0.000348309
4938,+Z,+Z,611257,0.999651691,1.0,-0.000348309
4939,+Z,+Z,611336,0.999651691,1.0,-0.000348309
4940,+Z,+Z,611416,1.003587391,1.0,0.003587391
4941,+Z,+Z,611497,0.999651691,1.0,-0.000348309
4942,+Z,+Z,611576,0.996699915,1.0,-0.003300085
4943,+Z,+Z,611656,0.990796364,1.0,-0.009203636
4944,+Z,+Z,611737,0.996699915,1.0,-0.003300085
4945,+Z,+Z,611816,1.000635616,1.0,0.000635616
4946,+Z,+Z,611896,0.996699915,1.0,-0.003300085
4947,+Z,+Z,611977,0.999651691,1.0,-0.000348309
4948,+Z,+Z,612056,0.999651691,1.0,-0.000348309
4949,+Z,+Z,612137,0.996699915,1.0,-0.003300085
4950,+Z,+Z,612216,0.999651691,1.0,-0.000348309
4951,+Z,+Z,612296,0.999651691,1.0,-0.000348309
4952,+Z,+Z,612377,0.999651691,1.0,-0.000348309
4953,+Z,+Z,612456,1.003587391,1.0,0.003587391
4954,+Z,+Z,612536,0.998667765,1.0,-0.001332235
4955,+Z,+Z,612617,0.993748140,1.0,-0.006251860
4956,+Z,+Z,612696,0.999651691,1.0,-0.000348309
4957,+Z,+Z,612777,0.999651691,1.0,-0.000348309
4958,+Z,+Z,612857,0.998667765,1.0,-0.001332235
4959,+Z,+Z,612936,0.998667765,1.0,-0.001332235
4960,+Z,+Z,613017,1.001619541,1.0,0.001619541
4961,+Z,+Z,613096,1.000635616,1.0,0.000635616
4962,+Z,+Z,613176,0.998667765,1.0,-0.001332235
4963,+Z,+Z,613257,0.999651691,1.0,-0.000348309
4964,+Z,+Z,613336,0.999651691,1.0,-0.000348309
4965,+Z,+Z,613416,0.999651691,1.0,-0.000348309
4966,+Z,+Z,613497,1.003587391,1.0,0.003587391
4967,+Z,+Z,613576,1.000635616,1.0,0.000635616
4968,+Z,+Z,613657,0.996699915,1.0,-0.003300085
4969,+Z,+Z,613736,1.000635616,1.0,0.000635616
4970,+Z,+Z,613816,0.998667765,1.0,-0.001332235
4971,+Z,+Z,613897,1.001619541,1.0,0.001619541
4972,+Z,+Z,613976,1.000635616,1.0,0.000635616
4973,+Z,+Z,614056,0.998667765,1.0,-0.001332235
4974,+Z,+Z,614137,0.999651691,1.0,-0.000348309
4975,+Z,+Z,614216,0.998667765,1.0,-0.001332235
4976,+Z,+Z,614297,0.999651691,1.0,-0.000348309
4977,+Z,+Z,614376,0.999651691,1.0,-0.000348309
4978,+Z,+Z,614456,0.999651691,1.0,-0.000348309
4979,+Z,+Z,614537,1.001619541,1.0,0.001619541
4980,+Z,+Z,614616,0.999651691,1.0,-0.000348309
4981,+Z,+Z,614696,1.001619541,1.0,0.001619541
4982,+Z,+Z,614777,1.003587391,1.0,0.003587391
4983,+Z,+Z,614856,1.007523091,1.0,0.007523091
4984,+Z,+Z,614937,0.999651691,1.0,-0.000348309
4985,+Z,+Z,615016,0.999651691,1.0,-0.000348309
4986,+Z,+Z,615096,0.999651691,1.0,-0.000348309
4987,+Z,+Z,615177,0.999651691,1.0,-0.000348309
4988,+Z,+Z,615256,0.999651691,1.0,-0.000348309
4989,+Z,+Z,615336,1.000635616,1.0,0.000635616
4990,+Z,+Z,615417,1.000635616,1.0,0.000635616
4991,+Z,+Z,615496,0.995715990,1.0,-0.004284010
4992,+Z,+Z,615577,0.998667765,1.0,-0.001332235
4993,+Z,+Z,615657,0.999651691,1.0,-0.000348309
4994,+Z,+Z,615736,0.996699915,1.0,-0.003300085
4995,+Z,+Z,615817,0.996699915,1.0,-0.003300085
4996,+Z,+Z,615896,1.003587391,1.0,0.003587391
4997,+Z,+Z,615976,0.992764215,1.0,-0.007235785
4998,+Z,+Z,616057,0.996699915,1.0,-0.003300085
4999,+Z,+Z,616136,1.003587391,1.0,0.003587391
5000,-Z,-Z,666032,-0.986893133,-1.0,0.013106867
5001,-Z,-Z,666111,-0.986893133,-1.0,0.013106867
5002,-Z,-Z,666191,-0.998700235,-1.0,0.001299765
5003,-Z,-Z,666272,-0.998700235,-1.0,0.001299765
5004,-Z,-Z,666352,-0.998700235,-1.0,0.001299765
5005,-Z,-Z,666431,-0.999684160,-1.0,0.000315840
5006,-Z,-Z,666511,-0.998700235,-1.0,0.001299765
5007,-Z,-Z,666592,-0.998700235,-1.0,0.001299765
5008,-Z,-Z,666671,-0.995748460,-1.0,0.004251540
5009,-Z,-Z,666751,-0.997716310,-1.0,0.002283690
5010,-Z,-Z,666832,-1.000668085,-1.0,-0.000668085
5011,-Z,-Z,666911,-0.999684160,-1.0,0.000315840
5012,-Z,-Z,666991,-0.992796684,-1.0,0.007203316
5013,-Z,-Z,667072,-0.999684160,-1.0,0.000315840
5014,-Z,-Z,667152,-0.999684160,-1.0,0.000315840
5015,-Z,-Z,667231,-1.002635935,-1.0,-0.002635935
5016,-Z,-Z,667311,-0.995748460,-1.0,0.004251540
5017,-Z,-Z,667392,-0.998700235,-1.0,0.001299765
5018,-Z,-Z,667471,-0.998700235,-1.0,0.001299765
5019,-Z,-Z,667551,-0.999684160,-1.0,0.000315840
5020,-Z,-Z,667632,-1.003619861,-1.0,-0.003619861
5021,-Z,-Z,667711,-0.999684160,-1.0,0.000315840
5022,-Z,-Z,667791,-0.991812759,-1.0,0.008187241
5023,-Z,-Z,667872,-0.995748460,-1.0,0.004251540
5024,-Z,-Z,667952,-0.995748460,-1.0,0.004251540
5025,-Z,-Z,668031,-1.007555561,-1.0,-0.007555561
5026,-Z,-Z,668111,-1.000668085,-1.0,-0.000668085
5027,-Z,-Z,668192,-1.000668085,-1.0,-0.000668085
5028,-Z,-Z,668271,-0.994764534,-1.0,0.005235466
5029,-Z,-Z,668351,-0.992796684,-1.0,0.007203316
5030,-Z,-Z,668432,-1.006571636,-1.0,-0.006571636
5031,-Z,-Z,668512,-1.002635935,-1.0,-0.002635935
5032,-Z,-Z,668591,-1.007555561,-1.0,-0.007555561
5033,-Z,-Z,668671,-0.997716310,-1.0,0.002283690
5034,-Z,-Z,668752,-1.002635935,-1.0,-0.002635935
5035,-Z,-Z,668831,-1.003619861,-1.0,-0.003619861
5036,-Z,-Z,668911,-1.002635935,-1.0,-0.002635935
5037,-Z,-Z,668992,-0.995748460,-1.0,0.004251540
5038,-Z,-Z,669072,-0.994764534,-1.0,0.005235466
5039,-Z,-Z,669151,-0.995748460,-1.0,0.004251540
5040,-Z,-Z,669231,-0.995748460,-1.0,0.004251540
5041,-Z,-Z,669312,-1.014443037,-1.0,-0.014443037
5042,-Z,-Z,669391,-1.000668085,-1.0,-0.000668085
5043,-Z,-Z,669471,-0.998700235,-1.0,0.001299765
5044,-Z,-Z,669552,-1.002635935,-1.0,-0.002635935
5045,-Z,-Z,669632,-1.002635935,-1.0,-0.002635935
5046,-Z,-Z,669711,-1.005587711,-1.0,-0.005587711
5047,-Z,-Z,669791,-0.997716310,-1.0,0.002283690
5048,-Z,-Z,669872,-1.002635935,-1.0,-0.002635935
5049,-Z,-Z,669951,-0.995748460,-1.0,0.004251540
5050,-Z,-Z,670031,-1.007555561,-1.0,-0.007555561
5051,-Z,-Z,670112,-0.998700235,-1.0,0.001299765
5052,-Z,-Z,670192,-0.995748460,-1.0,0.004251540
5053,-Z,-Z,670271,-0.995748460,-1.0,0.004251540
5054,-Z,-Z,670351,-1.000668085,-1.0,-0.000668085
5055,-Z,-Z,670432,-0.998700235,-1.0,0.001299765
5056,-Z,-Z,670511,-0.999684160,-1.0,0.000315840
5057,-Z,-Z,670591,-1.000668085,-1.0,-0.000668085
5058,-Z,-Z,670672,-1.002635935,-1.0,-0.002635935
5059,-Z,-Z,670752,-0.998700235,-1.0,0.001299765
5060,-Z,-Z,670831,-0.999684160,-1.0,0.000315840
5061,-Z,-Z,670911,-0.998700235,-1.0,0.001299765
5062,-Z,-Z,670992,-1.003619861,-1.0,-0.003619861
5063,-Z,-Z,671071,-1.000668085,-1.0,-0.000668085
5064,-Z,-Z,671151,-0.997716310,-1.0,0.002283690
5065,-Z,-Z,671232,-0.998700235,-1.0,0.001299765
5066,-Z,-Z,671311,-0.998700235,-1.0,0.001299765
5067,-Z,-Z,671391,-1.002635935,-1.0,-0.002635935
5068,-Z,-Z,671472,-0.999684160,-1.0,0.000315840
5069,-Z,-Z,671552,-1.002635935,-1.0,-0.002635935
5070,-Z,-Z,671631,-1.005587711,-1.0,-0.005587711
5071,-Z,-Z,671711,-1.005587711,-1.0,-0.005587711
5072,-Z,-Z,671792,-0.998700235,-1.0,0.001299765
5073,-Z,-Z,671871,-0.999684160,-1.0,0.000315840
5074,-Z,-Z,671951,-0.998700235,-1.0,0.001299765
5075,-Z,-Z,672032,-1.003619861,-1.0,-0.003619861
5076,-Z,-Z,672112,-0.990828834,-1.0,0.009171166
5077,-Z,-Z,672191,-1.002635935,-1.0,-0.002635935
5078,-Z,-Z,672271,-1.000668085,-1.0,-0.000668085
5079,-Z,-Z,672352,-0.998700235,-1.0,0.001299765
5080,-Z,-Z,672431,-0.998700235,-1.0,0.001299765
5081,-Z,-Z,672511,-0.999684160,-1.0,0.000315840
5082,-Z,-Z,672592,-0.999684160,-1.0,0.000315840
5083,-Z,-Z,672672,-0.999684160,-1.0,0.000315840
5084,-Z,-Z,672751,-0.999684160,-1.0,0.000315840
5085,-Z,-Z,672831,-0.998700235,-1.0,0.001299765
5086,-Z,-Z,672912,-1.000668085,-1.0,-0.000668085
5087,-Z,-Z,672991,-1.002635935,-1.0,-0.002635935
5088,-Z,-Z,673071,-1.000668085,-1.0,-0.000668085
5089,-Z,-Z,673152,-0.999684160,-1.0,0.000315840
5090,-Z,-Z,673231,-1.000668085,-1.0,-0.000668085
5091,-Z,-Z,673311,-1.007555561,-1.0,-0.007555561
5092,-Z,-Z,673391,-1.000668085,-1.0,-0.000668085
5093,-Z,-Z,673472,-1.000668085,-1.0,-0.000668085
5094,-Z,-Z,673551,-0.997716310,-1.0,0.002283690
5095,-Z,-Z,673631,-0.998700235,-1.0,0.001299765
5096,-Z,-Z,673712,-0.998700235,-1.0,0.001299765
5097,-Z,-Z,673791,-0.999684160,-1.0,0.000315840
5098,-Z,-Z,673871,-1.000668085,-1.0,-0.000668085
5099,-Z,-Z,673952,-1.002635935,-1.0,-0.002635935
5100,-Z,-Z,674032,-0.998700235,-1.0,0.001299765
5101,-Z,-Z,674111,-0.989844909,-1.0,0.010155091
5102,-Z,-Z,674191,-0.998700235,-1.0,0.001299765
5103,-Z,-Z,674272,-1.002635935,-1.0,-0.002635935
5104,-Z,-Z,674351,-0.998700235,-1.0,0.001299765
5105,-Z,-Z,674431,-0.998700235,-1.0,0.001299765
5106,-Z,-Z,674512,-0.998700235,-1.0,0.001299765
5107,-Z,-Z,674591,-1.002635935,-1.0,-0.002635935
5108,-Z,-Z,674671,-0.998700235,-1.0,0.001299765
5109,-Z,-Z,674752,-0.998700235,-1.0,0.001299765
5110,-Z,-Z,674832,-0.990828834,-1.0,0.009171166
5111,-Z,-Z,674911,-0.998700235,-1.0,0.001299765
5112,-Z,-Z,674991,-0.998700235,-1.0,0.001299765
5113,-Z,-Z,675072,-1.002635935,-1.0,-0.002635935
5114,-Z,-Z,675151,-0.999684160,-1.0,0.000315840
5115,-Z,-Z,675231,-0.998700235,-1.0,0.001299765
5116,-Z,-Z,675312,-0.998700235,-1.0,0.001299765
5117,-Z,-Z,675392,-1.000668085,-1.0,-0.000668085
5118,-Z,-Z,675471,-1.000668085,-1.0,-0.000668085
5119,-Z,-Z,675551,-1.000668085,-1.0,-0.000668085
5120,-Z,-Z,675632,-0.998700235,-1.0,0.001299765
5121,-Z,-Z,675711,-1.007555561,-1.0,-0.007555561
5122,-Z,-Z,675791,-0.990828834,-1.0,0.009171166
5123,-Z,-Z,675872,-0.998700235,-1.0,0.001299765
5124,-Z,-Z,675951,-0.998700235,-1.0,0.001299765
5125,-Z,-Z,676031,-0.998700235,-1.0,0.001299765
5126,-Z,-Z,676111,-0.998700235,-1.0,0.001299765
5127,-Z,-Z,676192,-0.998700235,-1.0,0.001299765
5128,-Z,-Z,676271,-1.000668085,-1.0,-0.000668085
5129,-Z,-Z,676351,-0.998700235,-1.0,0.001299765
5130,-Z,-Z,676432,-0.998700235,-1.0,0.001299765
5131,-Z,-Z,676511,-1.000668085,-1.0,-0.000668085
5132,-Z,-Z,676591,-1.000668085,-1.0,-0.000668085
5133,-Z,-Z,676672,-0.998700235,-1.0,0.001299765
5134,-Z,-Z,676751,-0.999684160,-1.0,0.000315840
5135,-Z,-Z,676831,-0.984925283,-1.0,0.015074717
5136,-Z,-Z,676912,-0.999684160,-1.0,0.000315840
5137,-Z,-Z,676992,-0.994764534,-1.0,0.005235466
5138,-Z,-Z,677071,-1.007555561,-1.0,-0.007555561
5139,-Z,-Z,677151,-1.000668085,-1.0,-0.000668085
5140,-Z,-Z,677232,-1.005587711,-1.0,-0.005587711
5141,-Z,-Z,677311,-1.007555561,-1.0,-0.007555561
5142,-Z,-Z,677391,-0.995748460,-1.0,0.004251540
5143,-Z,-Z,677472,-0.998700235,-1.0,0.001299765
5144,-Z,-Z,677552,-0.998700235,-1.0,0.001299765
5145,-Z,-Z,677631,-0.998700235,-1.0,0.001299765
5146,-Z,-Z,677711,-0.999684160,-1.0,0.000315840
5147,-Z,-Z,677792,-0.998700235,-1.0,0.001299765
5148,-Z,-Z,677871,-0.998700235,-1.0,0.001299765
5149,-Z,-Z,677951,-0.992796684,-1.0,0.007203316
5150,-Z,-Z,678032,-1.002635935,-1.0,-0.002635935
5151,-Z,-Z,678112,-0.998700235,-1.0,0.001299765
5152,-Z,-Z,678191,-0.998700235,-1.0,0.001299765
5153,-Z,-Z,678271,-1.002635935,-1.0,-0.002635935
5154,-Z,-Z,678352,-0.991812759,-1.0,0.008187241
5155,-Z,-Z,678431,-0.997716310,-1.0,0.002283690
5156,-Z,-Z,678511,-0.995748460,-1.0,0.004251540
5157,-Z,-Z,678592,-1.007555561,-1.0,-0.007555561
5158,-Z,-Z,678671,-1.007555561,-1.0,-0.007555561
5159,-Z,-Z,678751,-0.998700235,-1.0,0.001299765
5160,-Z,-Z,678832,-1.003619861,-1.0,-0.003619861
5161,-Z,-Z,678912,-1.007555561,-1.0,-0.007555561
5162,-Z,-Z,678991,-1.000668085,-1.0,-0.000668085
5163,-Z,-Z,679071,-0.999684160,-1.0,0.000315840
5164,-Z,-Z,679152,-0.999684160,-1.0,0.000315840
5165,-Z,-Z,679231,-1.002635935,-1.0,-0.002635935
5166,-Z,-Z,679311,-0.998700235,-1.0,0.001299765
5167,-Z,-Z,679392,-0.998700235,-1.0,0.001299765
5168,-Z,-Z,679472,-0.990828834,-1.0,0.009171166
5169,-Z,-Z,679551,-0.997716310,-1.0,0.002283690
5170,-Z,-Z,679631,-1.000668085,-1.0,-0.000668085
5171,-Z,-Z,679712,-1.000668085,-1.0,-0.000668085
5172,-Z,-Z,679791,-1.005587711,-1.0,-0.005587711
5173,-Z,-Z,679871,-1.000668085,-1.0,-0.000668085
5174,-Z,-Z,679952,-0.998700235,-1.0,0.001299765
5175,-Z,-Z,680032,-0.999684160,-1.0,0.000315840
5176,-Z,-Z,680111,-1.005587711,-1.0,-0.005587711
5177,-Z,-Z,680191,-1.006571636,-1.0,-0.006571636
5178,-Z,-Z,680272,-0.998700235,-1.0,0.001299765
5179,-Z,-Z,680351,-0.995748460,-1.0,0.004251540
5180,-Z,-Z,680431,-0.997716310,-1.0,0.002283690
5181,-Z,-Z,680512,-0.998700235,-1.0,0.001299765
5182,-Z,-Z,680592,-0.998700235,-1.0,0.001299765
5183,-Z,-Z,680671,-1.006571636,-1.0,-0.006571636
5184,-Z,-Z,680752,-1.006571636,-1.0,-0.006571636
5185,-Z,-Z,680832,-0.999684160,-1.0,0.000315840
5186,-Z,-Z,680911,-1.002635935,-1.0,-0.002635935
5187,-Z,-Z,680991,-1.002635935,-1.0,-0.002635935
5188,-Z,-Z,681072,-1.002635935,-1.0,-0.002635935
5189,-Z,-Z,681151,-0.998700235,-1.0,0.001299765
5190,-Z,-Z,681231,-0.986893133,-1.0,0.013106867
5191,-Z,-Z,681312,-0.992796684,-1.0,0.007203316
5192,-Z,-Z,681392,-1.002635935,-1.0,-0.002635935
5193,-Z,-Z,681471,-0.998700235,-1.0,0.001299765
5194,-Z,-Z,681551,-0.998700235,-1.0,0.001299765
5195,-Z,-Z,681632,-0.998700235,-1.0,0.001299765
5196,-Z,-Z,681711,-1.006571636,-1.0,-0.006571636
5197,-Z,-Z,681791,-1.005587711,-1.0,-0.005587711
5198,-Z,-Z,681872,-1.005587711,-1.0,-0.005587711
5199,-Z,-Z,681952,-0.998700235,-1.0,0.001299765
5200,-Z,-Z,682031,-1.006571636,-1.0,-0.006571636
5201,-Z,-Z,682111,-1.005587711,-1.0,-0.005587711
5202,-Z,-Z,682192,-0.997716310,-1.0,0.002283690
5203,-Z,-Z,682271,-0.998700235,-1.0,0.001299765
5204,-Z,-Z,682351,-1.002635935,-1.0,-0.002635935
5205,-Z,-Z,682432,-1.002635935,-1.0,-0.002635935
5206,-Z,-Z,682511,-0.999684160,-1.0,0.000315840
5207,-Z,-Z,682591,-1.002635935,-1.0,-0.002635935
5208,-Z,-Z,682672,-0.997716310,-1.0,0.002283690
5209,-Z,-Z,682752,-0.990828834,-1.0,0.009171166
5210,-Z,-Z,682831,-0.998700235,-1.0,0.001299765
5211,-Z,-Z,682911,-0.998700235,-1.0,0.001299765
5212,-Z,-Z,682992,-0.998700235,-1.0,0.001299765
5213,-Z,-Z,683071,-0.995748460,-1.0,0.004251540
5214,-Z,-Z,683151,-1.006571636,-1.0,-0.006571636
5215,-Z,-Z,683232,-0.995748460,-1.0,0.004251540
5216,-Z,-Z,683312,-0.998700235,-1.0,0.001299765
5217,-Z,-Z,683391,-1.002635935,-1.0,-0.002635935
5218,-Z,-Z,683472,-1.000668085,-1.0,-0.000668085
5219,-Z,-Z,683552,-0.995748460,-1.0,0.004251540
5220,-Z,-Z,683631,-1.002635935,-1.0,-0.002635935
5221,-Z,-Z,683711,-1.007555561,-1.0,-0.007555561
5222,-Z,-Z,683792,-0.995748460,-1.0,0.004251540
5223,-Z,-Z,683871,-0.999684160,-1.0,0.000315840
5224,-Z,-Z,683951,-0.999684160,-1.0,0.000315840
5225,-Z,-Z,684032,-1.002635935,-1.0,-0.002635935
5226,-Z,-Z,684112,-1.007555561,-1.0,-0.007555561
5227,-Z,-Z,684191,-0.998700235,-1.0,0.001299765
5228,-Z,-Z,684271,-1.002635935,-1.0,-0.002635935
5229,-Z,-Z,684352,-1.002635935,-1.0,-0.002635935
5230,-Z,-Z,684431,-1.003619861,-1.0,-0.003619861
5231,-Z,-Z,684511,-1.000668085,-1.0,-0.000668085
5232,-Z,-Z,684592,-1.002635935,-1.0,-0.002635935
5233,-Z,-Z,684672,-1.000668085,-1.0,-0.000668085
5234,-Z,-Z,684751,-1.000668085,-1.0,-0.000668085
5235,-Z,-Z,684831,-1.000668085,-1.0,-0.000668085
5236,-Z,-Z,684912,-1.006571636,-1.0,-0.006571636
5237,-Z,-Z,684991,-1.006571636,-1.0,-0.006571636
5238,-Z,-Z,685071,-1.000668085,-1.0,-0.000668085
5239,-Z,-Z,685152,-0.995748460,-1.0,0.004251540
5240,-Z,-Z,685232,-1.002635935,-1.0,-0.002635935
5241,-Z,-Z,685311,-1.002635935,-1.0,-0.002635935
5242,-Z,-Z,685391,-1.000668085,-1.0,-0.000668085
5243,-Z,-Z,685472,-0.999684160,-1.0,0.000315840
5244,-Z,-Z,685551,-1.007555561,-1.0,-0.007555561
5245,-Z,-Z,685631,-0.994764534,-1.0,0.005235466
5246,-Z,-Z,685712,-0.998700235,-1.0,0.001299765
5247,-Z,-Z,685792,-1.006571636,-1.0,-0.006571636
5248,-Z,-Z,685871,-0.998700235,-1.0,0.001299765
5249,-Z,-Z,685951,-1.002635935,-1.0,-0.002635935
5250,-Z,-Z,686032,-1.002635935,-1.0,-0.002635935
5251,-Z,-Z,686111,-0.997716310,-1.0,0.002283690
5252,-Z,-Z,686191,-0.999684160,-1.0,0.000315840
5253,-Z,-Z,686272,-1.007555561,-1.0,-0.007555561
5254,-Z,-Z,686351,-1.005587711,-1.0,-0.005587711
5255,-Z,-Z,686431,-1.002635935,-1.0,-0.002635935
5256,-Z,-Z,686511,-1.003619861,-1.0,-0.003619861
5257,-Z,-Z,686592,-1.005587711,-1.0,-0.005587711
5258,-Z,-Z,686671,-1.006571636,-1.0,-0.006571636
5259,-Z,-Z,686751,-0.998700235,-1.0,0.001299765
5260,-Z,-Z,686832,-0.995748460,-1.0,0.004251540
5261,-Z,-Z,686911,-1.002635935,-1.0,-0.002635935
5262,-Z,-Z,686991,-1.002635935,-1.0,-0.002635935
5263,-Z,-Z,687072,-1.002635935,-1.0,-0.002635935
5264,-Z,-Z,687152,-1.006571636,-1.0,-0.006571636
5265,-Z,-Z,687231,-1.002635935,-1.0,-0.002635935
5266,-Z,-Z,687311,-1.000668085,-1.0,-0.000668085
5267,-Z,-Z,687392,-0.998700235,-1.0,0.001299765
5268,-Z,-Z,687471,-0.995748460,-1.0,0.004251540
5269,-Z,-Z,687551,-1.006571636,-1.0,-0.006571636
5270,-Z,-Z,687632,-1.003619861,-1.0,-0.003619861
5271,-Z,-Z,687712,-1.007555561,-1.0,-0.007555561
5272,-Z,-Z,687791,-1.002635935,-1.0,-0.002635935
5273,-Z,-Z,687871,-0.992796684,-1.0,0.007203316
5274,-Z,-Z,687952,-0.999684160,-1.0,0.000315840
5275,-Z,-Z,688031,-1.007555561,-1.0,-0.007555561
5276,-Z,-Z,688111,-1.007555561,-1.0,-0.007555561
5277,-Z,-Z,688192,-0.995748460,-1.0,0.004251540
5278,-Z,-Z,688272,-0.998700235,-1.0,0.001299765
5279,-Z,-Z,688351,-1.002635935,-1.0,-0.002635935
5280,-Z,-Z,688431,-0.990828834,-1.0,0.009171166
5281,-Z,-Z,688512,-0.998700235,-1.0,0.001299765
5282,-Z,-Z,688591,-0.998700235,-1.0,0.001299765
5283,-Z,-Z,688671,-1.003619861,-1.0,-0.003619861
5284,-Z,-Z,688752,-0.998700235,-1.0,0.001299765
5285,-Z,-Z,688831,-0.995748460,-1.0,0.004251540
5286,-Z,-Z,688911,-0.995748460,-1.0,0.004251540
5287,-Z,-Z,688992,-1.007555561,-1.0,-0.007555561
5288,-Z,-Z,689072,-0.999684160,-1.0,0.000315840
5289,-Z,-Z,689151,-0.999684160,-1.0,0.000315840
5290,-Z,-Z,689231,-0.999684160,-1.0,0.000315840
5291,-Z,-Z,689312,-1.000668085,-1.0,-0.000668085
5292,-Z,-Z,689391,-1.000668085,-1.0,-0.000668085
5293,-Z,-Z,689471,-0.998700235,-1.0,0.001299765
5294,-Z,-Z,689552,-0.997716310,-1.0,0.002283690
5295,-Z,-Z,689632,-0.998700235,-1.0,0.001299765
5296,-Z,-Z,689711,-0.995748460,-1.0,0.004251540
5297,-Z,-Z,689791,-0.998700235,-1.0,0.001299765
5298,-Z,-Z,689872,-1.002635935,-1.0,-0.002635935
5299,-Z,-Z,689951,-0.999684160,-1.0,0.000315840
5300,-Z,-Z,690031,-0.998700235,-1.0,0.001299765
5301,-Z,-Z,690112,-0.997716310,-1.0,0.002283690
5302,-Z,-Z,690192,-0.997716310,-1.0,0.002283690
5303,-Z,-Z,690271,-0.992796684,-1.0,0.007203316
5304,-Z,-Z,690351,-0.995748460,-1.0,0.004251540
5305,-Z,-Z,690432,-1.002635935,-1.0,-0.002635935
5306,-Z,-Z,690511,-0.995748460,-1.0,0.004251540
5307,-Z,-Z,690591,-0.998700235,-1.0,0.001299765
5308,-Z,-Z,690672,-0.999684160,-1.0,0.000315840
5309,-Z,-Z,690751,-1.002635935,-1.0,-0.002635935
5310,-Z,-Z,690831,-0.994764534,-1.0,0.005235466
5311,-Z,-Z,690912,-0.995748460,-1.0,0.004251540
5312,-Z,-Z,690992,-1.005587711,-1.0,-0.005587711
5313,-Z,-Z,691071,-1.007555561,-1.0,-0.007555561
5314,-Z,-Z,691151,-0.999684160,-1.0,0.000315840
5315,-Z,-Z,691232,-0.999684160,-1.0,0.000315840
5316,-Z,-Z,691311,-1.002635935,-1.0,-0.002635935
5317,-Z,-Z,691391,-1.005587711,-1.0,-0.005587711
5318,-Z,-Z,691472,-0.999684160,-1.0,0.000315840
5319,-Z,-Z,691552,-0.998700235,-1.0,0.001299765
5320,-Z,-Z,691631,-1.000668085,-1.0,-0.000668085
5321,-Z,-Z,691711,-1.010507336,-1.0,-0.010507336
5322,-Z,-Z,691792,-0.998700235,-1.0,0.001299765
5323,-Z,-Z,691871,-0.999684160,-1.0,0.000315840
5324,-Z,-Z,691951,-1.000668085,-1.0,-0.000668085
5325,-Z,-Z,692032,-1.002635935,-1.0,-0.002635935
5326,-Z,-Z,692112,-1.000668085,-1.0,-0.000668085
5327,-Z,-Z,692191,-1.005587711,-1.0,-0.005587711
5328,-Z,-Z,692271,-1.005587711,-1.0,-0.005587711
5329,-Z,-Z,692352,-0.998700235,-1.0,0.001299765
5330,-Z,-Z,692431,-1.003619861,-1.0,-0.003619861
5331,-Z,-Z,692511,-0.999684160,-1.0,0.000315840
5332,-Z,-Z,692592,-0.995748460,-1.0,0.004251540
5333,-Z,-Z,692671,-0.995748460,-1.0,0.004251540
5334,-Z,-Z,692751,-0.999684160,-1.0,0.000315840
5335,-Z,-Z,692831,-1.002635935,-1.0,-0.002635935
5336,-Z,-Z,692912,-0.999684160,-1.0,0.000315840
5337,-Z,-Z,692991,-0.986893133,-1.0,0.013106867
5338,-Z,-Z,693071,-0.998700235,-1.0,0.001299765
5339,-Z,-Z,693152,-1.002635935,-1.0,-0.002635935
5340,-Z,-Z,693231,-1.000668085,-1.0,-0.000668085
5341,-Z,-Z,693311,-1.000668085,-1.0,-0.000668085
5342,-Z,-Z,693391,-1.002635935,-1.0,-0.002635935
5343,-Z,-Z,693472,-0.999684160,-1.0,0.000315840
5344,-Z,-Z,693551,-0.990828834,-1.0,0.009171166
5345,-Z,-Z,693631,-0.998700235,-1.0,0.001299765
5346,-Z,-Z,693712,-0.997716310,-1.0,0.002283690
5347,-Z,-Z,693791,-0.999684160,-1.0,0.000315840
5348,-Z,-Z,693871,-0.998700235,-1.0,0.001299765
5349,-Z,-Z,693952,-0.998700235,-1.0,0.001299765
5350,-Z,-Z,694032,-0.998700235,-1.0,0.001299765
5351,-Z,-Z,694111,-0.998700235,-1.0,0.001299765
5352,-Z,-Z,694191,-0.999684160,-1.0,0.000315840
5353,-Z,-Z,694272,-0.997716310,-1.0,0.002283690
5354,-Z,-Z,694351,-0.997716310,-1.0,0.002283690
5355,-Z,-Z,694431,-0.990828834,-1.0,0.009171166
5356,-Z,-Z,694512,-0.998700235,-1.0,0.001299765
5357,-Z,-Z,694592,-0.998700235,-1.0,0.001299765
5358,-Z,-Z,694671,-1.002635935,-1.0,-0.002635935
5359,-Z,-Z,694752,-0.998700235,-1.0,0.001299765
5360,-Z,-Z,694832,-0.998700235,-1.0,0.001299765
5361,-Z,-Z,694911,-1.006571636,-1.0,-0.006571636
5362,-Z,-Z,694991,-0.998700235,-1.0,0.001299765
5363,-Z,-Z,695072,-1.000668085,-1.0,-0.000668085
5364,-Z,-Z,695151,-1.000668085,-1.0,-0.000668085
5365,-Z,-Z,695231,-0.989844909,-1.0,0.010155091
5366,-Z,-Z,695312,-0.995748460,-1.0,0.004251540
5367,-Z,-Z,695392,-0.995748460,-1.0,0.004251540
5368,-Z,-Z,695471,-0.995748460,-1.0,0.004251540
5369,-Z,-Z,695551,-0.998700235,-1.0,0.001299765
5370,-Z,-Z,695632,-1.007555561,-1.0,-0.007555561
5371,-Z,-Z,695711,-0.998700235,-1.0,0.001299765
5372,-Z,-Z,695791,-0.999684160,-1.0,0.000315840
5373,-Z,-Z,695872,-0.995748460,-1.0,0.004251540
5374,-Z,-Z,695952,-0.998700235,-1.0,0.001299765
5375,-Z,-Z,696031,-1.000668085,-1.0,-0.000668085
5376,-Z,-Z,696111,-1.002635935,-1.0,-0.002635935
5377,-Z,-Z,696192,-0.998700235,-1.0,0.001299765
5378,-Z,-Z,696271,-0.998700235,-1.0,0.001299765
5379,-Z,-Z,696351,-0.998700235,-1.0,0.001299765
5380,-Z,-Z,696432,-0.998700235,-1.0,0.001299765
5381,-Z,-Z,696511,-1.011491262,-1.0,-0.011491262
5382,-Z,-Z,696591,-0.998700235,-1.0,0.001299765
5383,-Z,-Z,696672,-1.000668085,-1.0,-0.000668085
5384,-Z,-Z,696752,-1.005587711,-1.0,-0.005587711
5385,-Z,-Z,696831,-1.002635935,-1.0,-0.002635935
5386,-Z,-Z,696911,-1.006571636,-1.0,-0.006571636
5387,-Z,-Z,696992,-0.999684160,-1.0,0.000315840
5388,-Z,-Z,697071,-0.999684160,-1.0,0.000315840
5389,-Z,-Z,697151,-0.998700235,-1.0,0.001299765
5390,-Z,-Z,697232,-0.999684160,-1.0,0.000315840
5391,-Z,-Z,697312,-1.002635935,-1.0,-0.002635935
5392,-Z,-Z,697391,-0.998700235,-1.0,0.001299765
5393,-Z,-Z,697471,-0.998700235,-1.0,0.001299765
5394,-Z,-Z,697552,-0.995748460,-1.0,0.004251540
5395,-Z,-Z,697631,-1.002635935,-1.0,-0.002635935
5396,-Z,-Z,697711,-1.003619861,-1.0,-0.003619861
5397,-Z,-Z,697792,-0.997716310,-1.0,0.002283690
5398,-Z,-Z,697871,-0.998700235,-1.0,0.001299765
5399,-Z,-Z,697951,-0.997716310,-1.0,0.002283690
5400,-Z,-Z,698032,-0.997716310,-1.0,0.002283690
5401,-Z,-Z,698112,-0.998700235,-1.0,0.001299765
5402,-Z,-Z,698191,-1.002635935,-1.0,-0.002635935
5403,-Z,-Z,698271,-0.998700235,-1.0,0.001299765
5404,-Z,-Z,698352,-0.997716310,-1.0,0.002283690
5405,-Z,-Z,698431,-0.997716310,-1.0,0.002283690
5406,-Z,-Z,698511,-0.998700235,-1.0,0.001299765
5407,-Z,-Z,698592,-0.997716310,-1.0,0.002283690
5408,-Z,-Z,698671,-0.998700235,-1.0,0.001299765
5409,-Z,-Z,698751,-0.998700235,-1.0,0.001299765
5410,-Z,-Z,698832,-1.002635935,-1.0,-0.002635935
5411,-Z,-Z,698912,-1.000668085,-1.0,-0.000668085
5412,-Z,-Z,698991,-1.005587711,-1.0,-0.005587711
5413,-Z,-Z,699071,-1.000668085,-1.0,-0.000668085
5414,-Z,-Z,699152,-0.999684160,-1.0,0.000315840
5415,-Z,-Z,699231,-0.998700235,-1.0,0.001299765
5416,-Z,-Z,699311,-1.004603786,-1.0,-0.004603786
5417,-Z,-Z,699392,-0.998700235,-1.0,0.001299765
5418,-Z,-Z,699472,-0.998700235,-1.0,0.001299765
5419,-Z,-Z,699551,-1.000668085,-1.0,-0.000668085
5420,-Z,-Z,699631,-1.002635935,-1.0,-0.002635935
5421,-Z,-Z,699712,-1.000668085,-1.0,-0.000668085
5422,-Z,-Z,699791,-1.002635935,-1.0,-0.002635935
5423,-Z,-Z,699871,-0.998700235,-1.0,0.001299765
5424,-Z,-Z,699952,-0.990828834,-1.0,0.009171166
5425,-Z,-Z,700032,-1.002635935,-1.0,-0.002635935
5426,-Z,-Z,700111,-1.002635935,-1.0,-0.002635935
5427,-Z,-Z,700191,-1.002635935,-1.0,-0.002635935
5428,-Z,-Z,700272,-1.006571636,-1.0,-0.006571636
5429,-Z,-Z,700351,-1.002635935,-1.0,-0.002635935
5430,-Z,-Z,700431,-1.006571636,-1.0,-0.006571636
5431,-Z,-Z,700512,-1.006571636,-1.0,-0.006571636
5432,-Z,-Z,700592,-1.007555561,-1.0,-0.007555561
5433,-Z,-Z,700671,-0.998700235,-1.0,0.001299765
5434,-Z,-Z,700751,-0.998700235,-1.0,0.001299765
5435,-Z,-Z,700832,-0.989844909,-1.0,0.010155091
5436,-Z,-Z,700911,-1.007555561,-1.0,-0.007555561
5437,-Z,-Z,700991,-1.002635935,-1.0,-0.002635935
5438,-Z,-Z,701072,-0.999684160,-1.0,0.000315840
5439,-Z,-Z,701152,-0.998700235,-1.0,0.001299765
5440,-Z,-Z,701231,-0.992796684,-1.0,0.007203316
5441,-Z,-Z,701311,-0.999684160,-1.0,0.000315840
5442,-Z,-Z,701392,-1.002635935,-1.0,-0.002635935
5443,-Z,-Z,701471,-0.998700235,-1.0,0.001299765
5444,-Z,-Z,701551,-0.998700235,-1.0,0.001299765
5445,-Z,-Z,701632,-1.002635935,-1.0,-0.002635935
5446,-Z,-Z,701711,-1.000668085,-1.0,-0.000668085
5447,-Z,-Z,701791,-1.007555561,-1.0,-0.007555561
5448,-Z,-Z,701872,-0.998700235,-1.0,0.001299765
5449,-Z,-Z,701952,-1.006571636,-1.0,-0.006571636
5450,-Z,-Z,702031,-0.999684160,-1.0,0.000315840
5451,-Z,-Z,702111,-0.999684160,-1.0,0.000315840
5452,-Z,-Z,702192,-1.006571636,-1.0,-0.006571636
5453,-Z,-Z,702271,-1.002635935,-1.0,-0.002635935
5454,-Z,-Z,702351,-0.998700235,-1.0,0.001299765
5455,-Z,-Z,702432,-1.000668085,-1.0,-0.000668085
5456,-Z,-Z,702512,-1.002635935,-1.0,-0.002635935
5457,-Z,-Z,702591,-1.002635935,-1.0,-0.002635935
5458,-Z,-Z,702671,-1.000668085,-1.0,-0.000668085
5459,-Z,-Z,702752,-0.998700235,-1.0,0.001299765
5460,-Z,-Z,702831,-1.005587711,-1.0,-0.005587711
5461,-Z,-Z,702911,-0.995748460,-1.0,0.004251540
5462,-Z,-Z,702992,-0.995748460,-1.0,0.004251540
5463,-Z,-Z,703072,-0.995748460,-1.0,0.004251540
5464,-Z,-Z,703151,-0.998700235,-1.0,0.001299765
5465,-Z,-Z,703231,-1.002635935,-1.0,-0.002635935
5466,-Z,-Z,703312,-1.002635935,-1.0,-0.002635935
5467,-Z,-Z,703391,-0.986893133,-1.0,0.013106867
5468,-Z,-Z,703471,-0.998700235,-1.0,0.001299765
5469,-Z,-Z,703552,-1.000668085,-1.0,-0.000668085
5470,-Z,-Z,703631,-1.000668085,-1.0,-0.000668085
5471,-Z,-Z,703711,-1.003619861,-1.0,-0.003619861
5472,-Z,-Z,703792,-0.998700235,-1.0,0.001299765
5473,-Z,-Z,703872,-1.000668085,-1.0,-0.000668085
5474,-Z,-Z,703951,-0.999684160,-1.0,0.000315840
5475,-Z,-Z,704031,-0.998700235,-1.0,0.001299765
5476,-Z,-Z,704112,-0.999684160,-1.0,0.000315840
5477,-Z,-Z,704191,-0.997716310,-1.0,0.002283690
5478,-Z,-Z,704271,-0.998700235,-1.0,0.001299765
5479,-Z,-Z,704352,-1.002635935,-1.0,-0.002635935
5480,-Z,-Z,704432,-1.007555561,-1.0,-0.007555561
5481,-Z,-Z,704511,-1.000668085,-1.0,-0.000668085
5482,-Z,-Z,704592,-1.003619861,-1.0,-0.003619861
5483,-Z,-Z,704672,-1.003619861,-1.0,-0.003619861
5484,-Z,-Z,704751,-0.991812759,-1.0,0.008187241
5485,-Z,-Z,704831,-0.996732385,-1.0,0.003267615
5486,-Z,-Z,704912,-0.997716310,-1.0,0.002283690
5487,-Z,-Z,704991,-0.998700235,-1.0,0.001299765
5488,-Z,-Z,705071,-1.003619861,-1.0,-0.003619861
5489,-Z,-Z,705152,-0.999684160,-1.0,0.000315840
5490,-Z,-Z,705232,-0.997716310,-1.0,0.002283690
5491,-Z,-Z,705311,-0.998700235,-1.0,0.001299765
5492,-Z,-Z,705391,-1.006571636,-1.0,-0.006571636
5493,-Z,-Z,705472,-0.999684160,-1.0,0.000315840
5494,-Z,-Z,705551,-0.999684160,-1.0,0.000315840
5495,-Z,-Z,705631,-0.999684160,-1.0,0.000315840
5496,-Z,-Z,705712,-0.999684160,-1.0,0.000315840
5497,-Z,-Z,705792,-0.998700235,-1.0,0.001299765
5498,-Z,-Z,705871,-1.003619861,-1.0,-0.003619861
5499,-Z,-Z,705951,-1.000668085,-1.0,-0.000668085
5500,-Z,-Z,706032,-1.002635935,-1.0,-0.002635935
5501,-Z,-Z,706111,-1.006571636,-1.0,-0.006571636
5502,-Z,-Z,706191,-1.006571636,-1.0,-0.006571636
5503,-Z,-Z,706272,-1.015426962,-1.0,-0.015426962
5504,-Z,-Z,706352,-0.997716310,-1.0,0.002283690
5505,-Z,-Z,706431,-0.998700235,-1.0,0.001299765
5506,-Z,-Z,706511,-0.998700235,-1.0,0.001299765
5507,-Z,-Z,706592,-1.000668085,-1.0,-0.000668085
5508,-Z,-Z,706671,-1.002635935,-1.0,-0.002635935
5509,-Z,-Z,706751,-1.002635935,-1.0,-0.002635935
5510,-Z,-Z,706832,-0.998700235,-1.0,0.001299765
5511,-Z,-Z,706912,-0.990828834,-1.0,0.009171166
5512,-Z,-Z,706991,-0.998700235,-1.0,0.001299765
5513,-Z,-Z,707071,-1.002635935,-1.0,-0.002635935
5514,-Z,-Z,707152,-1.002635935,-1.0,-0.002635935
5515,-Z,-Z,707231,-0.998700235,-1.0,0.001299765
5516,-Z,-Z,707311,-0.995748460,-1.0,0.004251540
5517,-Z,-Z,707392,-0.998700235,-1.0,0.001299765
5518,-Z,-Z,707471,-0.999684160,-1.0,0.000315840
5519,-Z,-Z,707551,-0.998700235,-1.0,0.001299765
5520,-Z,-Z,707632,-1.000668085,-1.0,-0.000668085
5521,-Z,-Z,707712,-1.006571636,-1.0,-0.006571636
5522,-Z,-Z,707791,-1.006571636,-1.0,-0.006571636
5523,-Z,-Z,707871,-1.000668085,-1.0,-0.000668085
5524,-Z,-Z,707952,-0.998700235,-1.0,0.001299765
5525,-Z,-Z,708031,-0.994764534,-1.0,0.005235466
5526,-Z,-Z,708111,-0.998700235,-1.0,0.001299765
5527,-Z,-Z,708192,-0.998700235,-1.0,0.001299765
5528,-Z,-Z,708272,-1.002635935,-1.0,-0.002635935
5529,-Z,-Z,708351,-0.997716310,-1.0,0.002283690
5530,-Z,-Z,708431,-1.005587711,-1.0,-0.005587711
5531,-Z,-Z,708512,-0.999684160,-1.0,0.000315840
5532,-Z,-Z,708591,-0.998700235,-1.0,0.001299765
5533,-Z,-Z,708671,-0.995748460,-1.0,0.004251540
5534,-Z,-Z,708752,-0.995748460,-1.0,0.004251540
5535,-Z,-Z,708832,-1.002635935,-1.0,-0.002635935
5536,-Z,-Z,708911,-0.990828834,-1.0,0.009171166
5537,-Z,-Z,708991,-0.999684160,-1.0,0.000315840
5538,-Z,-Z,709072,-0.995748460,-1.0,0.004251540
5539,-Z,-Z,709151,-1.003619861,-1.0,-0.003619861
5540,-Z,-Z,709231,-0.998700235,-1.0,0.001299765
5541,-Z,-Z,709312,-0.999684160,-1.0,0.000315840
5542,-Z,-Z,709391,-1.000668085,-1.0,-0.000668085
5543,-Z,-Z,709471,-1.000668085,-1.0,-0.000668085
5544,-Z,-Z,709552,-1.002635935,-1.0,-0.002635935
5545,-Z,-Z,709632,-1.000668085,-1.0,-0.000668085
5546,-Z,-Z,709711,-1.000668085,-1.0,-0.000668085
5547,-Z,-Z,709791,-1.000668085,-1.0,-0.000668085
5548,-Z,-Z,709872,-1.005587711,-1.0,-0.005587711
5549,-Z,-Z,709951,-1.005587711,-1.0,-0.005587711
5550,-Z,-Z,710031,-0.999684160,-1.0,0.000315840
5551,-Z,-Z,710112,-0.999684160,-1.0,0.000315840
5552,-Z,-Z,710192,-1.000668085,-1.0,-0.000668085
5553,-Z,-Z,710271,-0.998700235,-1.0,0.001299765
5554,-Z,-Z,710351,-0.994764534,-1.0,0.005235466
5555,-Z,-Z,710432,-0.998700235,-1.0,0.001299765
5556,-Z,-Z,710511,-1.000668085,-1.0,-0.000668085
5557,-Z,-Z,710591,-0.998700235,-1.0,0.001299765
5558,-Z,-Z,710672,-0.998700235,-1.0,0.001299765
5559,-Z,-Z,710752,-1.005587711,-1.0,-0.005587711
5560,-Z,-Z,710831,-1.005587711,-1.0,-0.005587711
5561,-Z,-Z,710911,-1.002635935,-1.0,-0.002635935
5562,-Z,-Z,710992,-0.999684160,-1.0,0.000315840
5563,-Z,-Z,711071,-0.997716310,-1.0,0.002283690
5564,-Z,-Z,711151,-0.995748460,-1.0,0.004251540
5565,-Z,-Z,711232,-1.000668085,-1.0,-0.000668085
5566,-Z,-Z,711312,-0.995748460,-1.0,0.004251540
5567,-Z,-Z,711391,-0.997716310,-1.0,0.002283690
5568,-Z,-Z,711471,-1.000668085,-1.0,-0.000668085
5569,-Z,-Z,711552,-0.997716310,-1.0,0.002283690
5570,-Z,-Z,711631,-1.000668085,-1.0,-0.000668085
5571,-Z,-Z,711711,-0.999684160,-1.0,0.000315840
5572,-Z,-Z,711792,-0.996732385,-1.0,0.003267615
5573,-Z,-Z,711871,-0.996732385,-1.0,0.003267615
5574,-Z,-Z,711951,-0.995748460,-1.0,0.004251540
5575,-Z,-Z,712032,-0.995748460,-1.0,0.004251540
5576,-Z,-Z,712112,-1.015426962,-1.0,-0.015426962
5577,-Z,-Z,712191,-1.002635935,-1.0,-0.002635935
5578,-Z,-Z,712271,-0.999684160,-1.0,0.000315840
5579,-Z,-Z,712352,-0.992796684,-1.0,0.007203316
5580,-Z,-Z,712431,-0.998700235,-1.0,0.001299765
5581,-Z,-Z,712511,-1.000668085,-1.0,-0.000668085
5582,-Z,-Z,712592,-1.000668085,-1.0,-0.000668085
5583,-Z,-Z,712671,-0.994764534,-1.0,0.005235466
5584,-Z,-Z,712751,-0.998700235,-1.0,0.001299765
5585,-Z,-Z,712832,-1.002635935,-1.0,-0.002635935
5586,-Z,-Z,712912,-1.002635935,-1.0,-0.002635935
5587,-Z,-Z,712991,-1.015426962,-1.0,-0.015426962
5588,-Z,-Z,713071,-0.998700235,-1.0,0.001299765
5589,-Z,-Z,713152,-1.005587711,-1.0,-0.005587711
5590,-Z,-Z,713231,-0.998700235,-1.0,0.001299765
5591,-Z,-Z,713311,-0.999684160,-1.0,0.000315840
5592,-Z,-Z,713392,-0.998700235,-1.0,0.001299765
5593,-Z,-Z,713471,-0.995748460,-1.0,0.004251540
5594,-Z,-Z,713551,-0.998700235,-1.0,0.001299765
5595,-Z,-Z,713632,-0.999684160,-1.0,0.000315840
5596,-Z,-Z,713712,-0.998700235,-1.0,0.001299765
5597,-Z,-Z,713791,-0.999684160,-1.0,0.000315840
5598,-Z,-Z,713871,-0.997716310,-1.0,0.002283690
5599,-Z,-Z,713952,-0.997716310,-1.0,0.002283690
5600,-Z,-Z,714031,-0.999684160,-1.0,0.000315840
5601,-Z,-Z,714111,-1.006571636,-1.0,-0.006571636
5602,-Z,-Z,714192,-0.991812759,-1.0,0.008187241
5603,-Z,-Z,714272,-0.999684160,-1.0,0.000315840
5604,-Z,-Z,714351,-1.002635935,-1.0,-0.002635935
5605,-Z,-Z,714431,-1.002635935,-1.0,-0.002635935
5606,-Z,-Z,714512,-1.002635935,-1.0,-0.002635935
5607,-Z,-Z,714591,-1.000668085,-1.0,-0.000668085
5608,-Z,-Z,714671,-0.998700235,-1.0,0.001299765
5609,-Z,-Z,714752,-0.999684160,-1.0,0.000315840
5610,-Z,-Z,714832,-1.000668085,-1.0,-0.000668085
5611,-Z,-Z,714911,-1.002635935,-1.0,-0.002635935
5612,-Z,-Z,714991,-1.002635935,-1.0,-0.002635935
5613,-Z,-Z,715072,-0.997716310,-1.0,0.002283690
5614,-Z,-Z,715151,-0.997716310,-1.0,0.002283690
5615,-Z,-Z,715231,-1.007555561,-1.0,-0.007555561
5616,-Z,-Z,715312,-1.000668085,-1.0,-0.000668085
5617,-Z,-Z,715392,-1.000668085,-1.0,-0.000668085
5618,-Z,-Z,715471,-0.998700235,-1.0,0.001299765
5619,-Z,-Z,715551,-1.000668085,-1.0,-0.000668085
5620,-Z,-Z,715632,-0.998700235,-1.0,0.001299765
5621,-Z,-Z,715711,-0.999684160,-1.0,0.000315840
5622,-Z,-Z,715791,-0.995748460,-1.0,0.004251540
5623,-Z,-Z,715872,-0.999684160,-1.0,0.000315840
5624,-Z,-Z,715951,-0.999684160,-1.0,0.000315840
5625,-Z,-Z,716031,-0.994764534,-1.0,0.005235466
5626,-Z,-Z,716111,-0.997716310,-1.0,0.002283690
5627,-Z,-Z,716192,-0.990828834,-1.0,0.009171166
5628,-Z,-Z,716271,-1.000668085,-1.0,-0.000668085
5629,-Z,-Z,716351,-1.005587711,-1.0,-0.005587711
5630,-Z,-Z,716432,-1.003619861,-1.0,-0.003619861
5631,-Z,-Z,716511,-1.002635935,-1.0,-0.002635935
5632,-Z,-Z,716591,-0.999684160,-1.0,0.000315840
5633,-Z,-Z,716672,-0.997716310,-1.0,0.002283690
5634,-Z,-Z,716752,-0.998700235,-1.0,0.001299765
5635,-Z,-Z,716831,-0.999684160,-1.0,0.000315840
5636,-Z,-Z,716911,-1.002635935,-1.0,-0.002635935
5637,-Z,-Z,716992,-1.002635935,-1.0,-0.002635935
5638,-Z,-Z,717071,-1.006571636,-1.0,-0.006571636
5639,-Z,-Z,717151,-0.998700235,-1.0,0.001299765
5640,-Z,-Z,717232,-0.998700235,-1.0,0.001299765
5641,-Z,-Z,717312,-1.005587711,-1.0,-0.005587711
5642,-Z,-Z,717391,-1.010507336,-1.0,-0.010507336
5643,-Z,-Z,717471,-1.006571636,-1.0,-0.006571636
5644,-Z,-Z,717552,-1.002635935,-1.0,-0.002635935
5645,-Z,-Z,717631,-0.999684160,-1.0,0.000315840
5646,-Z,-Z,717711,-0.998700235,-1.0,0.001299765
5647,-Z,-Z,717792,-0.999684160,-1.0,0.000315840
5648,-Z,-Z,717872,-1.003619861,-1.0,-0.003619861
5649,-Z,-Z,717951,-0.998700235,-1.0,0.001299765
5650,-Z,-Z,718031,-0.998700235,-1.0,0.001299765
5651,-Z,-Z,718112,-1.013459112,-1.0,-0.013459112
5652,-Z,-Z,718191,-1.002635935,-1.0,-0.002635935
5653,-Z,-Z,718271,-0.999684160,-1.0,0.000315840
5654,-Z,-Z,718352,-1.002635935,-1.0,-0.002635935
5655,-Z,-Z,718432,-0.998700235,-1.0,0.001299765
5656,-Z,-Z,718511,-0.994764534,-1.0,0.005235466
5657,-Z,-Z,718592,-1.000668085,-1.0,-0.000668085
5658,-Z,-Z,718672,-0.998700235,-1.0,0.001299765
5659,-Z,-Z,718751,-0.998700235,-1.0,0.001299765
5660,-Z,-Z,718831,-1.005587711,-1.0,-0.005587711
5661,-Z,-Z,718912,-0.998700235,-1.0,0.001299765
5662,-Z,-Z,718991,-0.992796684,-1.0,0.007203316
5663,-Z,-Z,719071,-0.992796684,-1.0,0.007203316
5664,-Z,-Z,719152,-0.999684160,-1.0,0.000315840
5665,-Z,-Z,719232,-0.995748460,-1.0,0.004251540
5666,-Z,-Z,719311,-1.007555561,-1.0,-0.007555561
5667,-Z,-Z,719391,-0.999684160,-1.0,0.000315840
5668,-Z,-Z,719472,-0.998700235,-1.0,0.001299765
5669,-Z,-Z,719551,-1.007555561,-1.0,-0.007555561
5670,-Z,-Z,719631,-0.998700235,-1.0,0.001299765
5671,-Z,-Z,719712,-0.998700235,-1.0,0.001299765
5672,-Z,-Z,719791,-1.005587711,-1.0,-0.005587711
5673,-Z,-Z,719871,-0.999684160,-1.0,0.000315840
5674,-Z,-Z,719952,-0.998700235,-1.0,0.001299765
5675,-Z,-Z,720032,-1.000668085,-1.0,-0.000668085
5676,-Z,-Z,720111,-1.000668085,-1.0,-0.000668085
5677,-Z,-Z,720191,-0.990828834,-1.0,0.009171166
5678,-Z,-Z,720272,-0.998700235,-1.0,0.001299765
5679,-Z,-Z,720351,-1.002635935,-1.0,-0.002635935
5680,-Z,-Z,720431,-1.002635935,-1.0,-0.002635935
5681,-Z,-Z,720512,-1.007555561,-1.0,-0.007555561
5682,-Z,-Z,720592,-1.002635935,-1.0,-0.002635935
5683,-Z,-Z,720671,-0.998700235,-1.0,0.001299765
5684,-Z,-Z,720751,-0.995748460,-1.0,0.004251540
5685,-Z,-Z,720832,-0.999684160,-1.0,0.000315840
5686,-Z,-Z,720911,-0.999684160,-1.0,0.000315840
5687,-Z,-Z,720991,-1.002635935,-1.0,-0.002635935
5688,-Z,-Z,721072,-0.998700235,-1.0,0.001299765
5689,-Z,-Z,721151,-0.998700235,-1.0,0.001299765
5690,-Z,-Z,721231,-1.007555561,-1.0,-0.007555561
5691,-Z,-Z,721312,-0.998700235,-1.0,0.001299765
5692,-Z,-Z,721392,-1.002635935,-1.0,-0.002635935
5693,-Z,-Z,721471,-1.000668085,-1.0,-0.000668085
5694,-Z,-Z,721551,-0.991812759,-1.0,0.008187241
5695,-Z,-Z,721632,-0.994764534,-1.0,0.005235466
5696,-Z,-Z,721711,-1.000668085,-1.0,-0.000668085
5697,-Z,-Z,721791,-1.000668085,-1.0,-0.000668085
5698,-Z,-Z,721872,-0.999684160,-1.0,0.000315840
5699,-Z,-Z,721952,-0.998700235,-1.0,0.001299765
5700,-Z,-Z,722031,-0.995748460,-1.0,0.004251540
5701,-Z,-Z,722111,-0.995748460,-1.0,0.004251540
5702,-Z,-Z,722192,-0.999684160,-1.0,0.000315840
5703,-Z,-Z,722271,-0.998700235,-1.0,0.001299765
5704,-Z,-Z,722351,-0.998700235,-1.0,0.001299765
5705,-Z,-Z,722432,-1.000668085,-1.0,-0.000668085
5706,-Z,-Z,722511,-1.003619861,-1.0,-0.003619861
5707,-Z,-Z,722591,-0.998700235,-1.0,0.001299765
5708,-Z,-Z,722672,-0.998700235,-1.0,0.001299765
5709,-Z,-Z,722752,-0.998700235,-1.0,0.001299765
5710,-Z,-Z,722831,-0.998700235,-1.0,0.001299765
5711,-Z,-Z,722911,-0.995748460,-1.0,0.004251540
5712,-Z,-Z,722992,-0.999684160,-1.0,0.000315840
5713,-Z,-Z,723071,-0.998700235,-1.0,0.001299765
5714,-Z,-Z,723151,-0.998700235,-1.0,0.001299765
5715,-Z,-Z,723232,-0.999684160,-1.0,0.000315840
5716,-Z,-Z,723311,-1.002635935,-1.0,-0.002635935
5717,-Z,-Z,723391,-1.002635935,-1.0,-0.002635935
5718,-Z,-Z,723472,-1.002635935,-1.0,-0.002635935
5719,-Z,-Z,723552,-0.995748460,-1.0,0.004251540
5720,-Z,-Z,723631,-1.006571636,-1.0,-0.006571636
5721,-Z,-Z,723711,-1.005587711,-1.0,-0.005587711
5722,-Z,-Z,723792,-1.002635935,-1.0,-0.002635935
5723,-Z,-Z,723871,-1.008539486,-1.0,-0.008539486
5724,-Z,-Z,723951,-1.002635935,-1.0,-0.002635935
5725,-Z,-Z,724032,-0.999684160,-1.0,0.000315840
5726,-Z,-Z,724111,-0.998700235,-1.0,0.001299765
5727,-Z,-Z,724191,-0.998700235,-1.0,0.001299765
5728,-Z,-Z,724271,-1.002635935,-1.0,-0.002635935
5729,-Z,-Z,724352,-0.998700235,-1.0,0.001299765
5730,-Z,-Z,724431,-0.998700235,-1.0,0.001299765
5731,-Z,-Z,724511,-0.990828834,-1.0,0.009171166
5732,-Z,-Z,724592,-1.006571636,-1.0,-0.006571636
5733,-Z,-Z,724671,-1.000668085,-1.0,-0.000668085
5734,-Z,-Z,724751,-1.000668085,-1.0,-0.000668085
5735,-Z,-Z,724832,-1.002635935,-1.0,-0.002635935
5736,-Z,-Z,724912,-1.006571636,-1.0,-0.006571636
5737,-Z,-Z,724991,-1.003619861,-1.0,-0.003619861
5738,-Z,-Z,725071,-0.998700235,-1.0,0.001299765
5739,-Z,-Z,725152,-0.998700235,-1.0,0.001299765
5740,-Z,-Z,725231,-0.998700235,-1.0,0.001299765
5741,-Z,-Z,725311,-0.990828834,-1.0,0.009171166
5742,-Z,-Z,725392,-1.002635935,-1.0,-0.002635935
5743,-Z,-Z,725471,-0.999684160,-1.0,0.000315840
5744,-Z,-Z,725551,-0.998700235,-1.0,0.001299765
5745,-Z,-Z,725632,-0.997716310,-1.0,0.002283690
5746,-Z,-Z,725712,-0.998700235,-1.0,0.001299765
5747,-Z,-Z,725791,-1.003619861,-1.0,-0.003619861
5748,-Z,-Z,725871,-0.998700235,-1.0,0.001299765
5749,-Z,-Z,725952,-1.002635935,-1.0,-0.002635935
5750,-Z,-Z,726031,-0.999684160,-1.0,0.000315840
5751,-Z,-Z,726111,-0.993780609,-1.0,0.006219391
5752,-Z,-Z,726192,-1.006571636,-1.0,-0.006571636
5753,-Z,-Z,726272,-1.006571636,-1.0,-0.006571636
5754,-Z,-Z,726351,-1.002635935,-1.0,-0.002635935
5755,-Z,-Z,726432,-1.002635935,-1.0,-0.002635935
5756,-Z,-Z,726512,-1.003619861,-1.0,-0.003619861
5757,-Z,-Z,726591,-1.000668085,-1.0,-0.000668085
5758,-Z,-Z,726671,-0.998700235,-1.0,0.001299765
5759,-Z,-Z,726752,-1.002635935,-1.0,-0.002635935
5760,-Z,-Z,726831,-1.000668085,-1.0,-0.000668085
5761,-Z,-Z,726911,-1.005587711,-1.0,-0.005587711
5762,-Z,-Z,726992,-1.002635935,-1.0,-0.002635935
5763,-Z,-Z,727072,-1.000668085,-1.0,-0.000668085
5764,-Z,-Z,727151,-0.999684160,-1.0,0.000315840
5765,-Z,-Z,727231,-0.999684160,-1.0,0.000315840
5766,-Z,-Z,727312,-0.998700235,-1.0,0.001299765
5767,-Z,-Z,727391,-0.994764534,-1.0,0.005235466
5768,-Z,-Z,727471,-1.005587711,-1.0,-0.005587711
5769,-Z,-Z,727552,-0.997716310,-1.0,0.002283690
5770,-Z,-Z,727631,-0.998700235,-1.0,0.001299765
5771,-Z,-Z,727711,-0.995748460,-1.0,0.004251540
5772,-Z,-Z,727792,-0.989844909,-1.0,0.010155091
5773,-Z,-Z,727872,-0.998700235,-1.0,0.001299765
5774,-Z,-Z,727951,-0.999684160,-1.0,0.000315840
5775,-Z,-Z,728031,-0.998700235,-1.0,0.001299765
5776,-Z,-Z,728112,-0.997716310,-1.0,0.002283690
5777,-Z,-Z,728191,-0.998700235,-1.0,0.001299765
5778,-Z,-Z,728271,-0.998700235,-1.0,0.001299765
5779,-Z,-Z,728352,-1.000668085,-1.0,-0.000668085
5780,-Z,-Z,728432,-0.998700235,-1.0,0.001299765
5781,-Z,-Z,728511,-0.999684160,-1.0,0.000315840
5782,-Z,-Z,728591,-1.002635935,-1.0,-0.002635935
5783,-Z,-Z,728672,-0.999684160,-1.0,0.000315840
5784,-Z,-Z,728751,-0.998700235,-1.0,0.001299765
5785,-Z,-Z,728831,-0.995748460,-1.0,0.004251540
5786,-Z,-Z,728912,-0.995748460,-1.0,0.004251540
5787,-Z,-Z,728992,-0.999684160,-1.0,0.000315840
5788,-Z,-Z,729071,-1.000668085,-1.0,-0.000668085
5789,-Z,-Z,729152,-0.995748460,-1.0,0.004251540
5790,-Z,-Z,729232,-0.997716310,-1.0,0.002283690
5791,-Z,-Z,729311,-0.997716310,-1.0,0.002283690
5792,-Z,-Z,729391,-0.997716310,-1.0,0.002283690
5793,-Z,-Z,729472,-1.002635935,-1.0,-0.002635935
5794,-Z,-Z,729551,-1.002635935,-1.0,-0.002635935
5795,-Z,-Z,729631,-0.999684160,-1.0,0.000315840
5796,-Z,-Z,729712,-0.998700235,-1.0,0.001299765
5797,-Z,-Z,729792,-0.997716310,-1.0,0.002283690
5798,-Z,-Z,729871,-1.002635935,-1.0,-0.002635935
5799,-Z,-Z,729951,-0.998700235,-1.0,0.001299765
5800,-Z,-Z,730032,-0.992796684,-1.0,0.007203316
5801,-Z,-Z,730111,-0.998700235,-1.0,0.001299765
5802,-Z,-Z,730191,-0.998700235,-1.0,0.001299765
5803,-Z,-Z,730272,-0.998700235,-1.0,0.001299765
5804,-Z,-Z,730351,-0.998700235,-1.0,0.001299765
5805,-Z,-Z,730431,-0.995748460,-1.0,0.004251540
5806,-Z,-Z,730512,-0.997716310,-1.0,0.002283690
5807,-Z,-Z,730592,-1.002635935,-1.0,-0.002635935
5808,-Z,-Z,730671,-0.998700235,-1.0,0.001299765
5809,-Z,-Z,730752,-1.000668085,-1.0,-0.000668085
5810,-Z,-Z,730832,-0.999684160,-1.0,0.000315840
5811,-Z,-Z,730911,-0.995748460,-1.0,0.004251540
5812,-Z,-Z,730991,-1.002635935,-1.0,-0.002635935
5813,-Z,-Z,731072,-0.999684160,-1.0,0.000315840
5814,-Z,-Z,731151,-1.002635935,-1.0,-0.002635935
5815,-Z,-Z,731231,-0.998700235,-1.0,0.001299765
5816,-Z,-Z,731312,-1.000668085,-1.0,-0.000668085
5817,-Z,-Z,731392,-1.000668085,-1.0,-0.000668085
5818,-Z,-Z,731471,-0.998700235,-1.0,0.001299765
5819,-Z,-Z,731551,-0.992796684,-1.0,0.007203316
5820,-Z,-Z,731632,-0.998700235,-1.0,0.001299765
5821,-Z,-Z,731711,-1.002635935,-1.0,-0.002635935
5822,-Z,-Z,731791,-0.998700235,-1.0,0.001299765
5823,-Z,-Z,731872,-0.998700235,-1.0,0.001299765
5824,-Z,-Z,731951,-0.998700235,-1.0,0.001299765
5825,-Z,-Z,732031,-1.002635935,-1.0,-0.002635935
5826,-Z,-Z,732112,-0.995748460,-1.0,0.004251540
5827,-Z,-Z,732192,-1.002635935,-1.0,-0.002635935
5828,-Z,-Z,732271,-0.999684160,-1.0,0.000315840
5829,-Z,-Z,732351,-0.999684160,-1.0,0.000315840
5830,-Z,-Z,732432,-0.998700235,-1.0,0.001299765
5831,-Z,-Z,732511,-1.000668085,-1.0,-0.000668085
5832,-Z,-Z,732591,-1.007555561,-1.0,-0.007555561
5833,-Z,-Z,732672,-0.998700235,-1.0,0.001299765
5834,-Z,-Z,732752,-0.999684160,-1.0,0.000315840
5835,-Z,-Z,732831,-1.000668085,-1.0,-0.000668085
5836,-Z,-Z,732911,-1.002635935,-1.0,-0.002635935
5837,-Z,-Z,732992,-0.999684160,-1.0,0.000315840
5838,-Z,-Z,733071,-0.998700235,-1.0,0.001299765
5839,-Z,-Z,733151,-0.999684160,-1.0,0.000315840
5840,-Z,-Z,733232,-1.000668085,-1.0,-0.000668085
5841,-Z,-Z,733311,-0.998700235,-1.0,0.001299765
5842,-Z,-Z,733391,-0.998700235,-1.0,0.001299765
5843,-Z,-Z,733472,-1.007555561,-1.0,-0.007555561
5844,-Z,-Z,733552,-0.999684160,-1.0,0.000315840
5845,-Z,-Z,733631,-0.998700235,-1.0,0.001299765
5846,-Z,-Z,733711,-0.992796684,-1.0,0.007203316
5847,-Z,-Z,733792,-0.998700235,-1.0,0.001299765
5848,-Z,-Z,733871,-0.998700235,-1.0,0.001299765
5849,-Z,-Z,733951,-0.997716310,-1.0,0.002283690
5850,-Z,-Z,734032,-0.995748460,-1.0,0.004251540
5851,-Z,-Z,734111,-0.999684160,-1.0,0.000315840
5852,-Z,-Z,734191,-0.998700235,-1.0,0.001299765
5853,-Z,-Z,734271,-1.000668085,-1.0,-0.000668085
5854,-Z,-Z,734352,-1.002635935,-1.0,-0.002635935
5855,-Z,-Z,734431,-1.002635935,-1.0,-0.002635935
5856,-Z,-Z,734511,-1.005587711,-1.0,-0.005587711
5857,-Z,-Z,734592,-0.999684160,-1.0,0.000315840
5858,-Z,-Z,734671,-0.995748460,-1.0,0.004251540
5859,-Z,-Z,734751,-1.000668085,-1.0,-0.000668085
5860,-Z,-Z,734831,-0.998700235,-1.0,0.001299765
5861,-Z,-Z,734912,-0.998700235,-1.0,0.001299765
5862,-Z,-Z,734991,-0.998700235,-1.0,0.001299765
5863,-Z,-Z,735071,-1.000668085,-1.0,-0.000668085
5864,-Z,-Z,735152,-1.008539486,-1.0,-0.008539486
5865,-Z,-Z,735231,-1.002635935,-1.0,-0.002635935
5866,-Z,-Z,735311,-1.003619861,-1.0,-0.003619861
5867,-Z,-Z,735392,-1.002635935,-1.0,-0.002635935
5868,-Z,-Z,735472,-1.002635935,-1.0,-0.002635935
5869,-Z,-Z,735551,-0.992796684,-1.0,0.007203316
5870,-Z,-Z,735631,-1.005587711,-1.0,-0.005587711
5871,-Z,-Z,735712,-1.002635935,-1.0,-0.002635935
5872,-Z,-Z,735791,-0.998700235,-1.0,0.001299765
5873,-Z,-Z,735871,-1.005587711,-1.0,-0.005587711
5874,-Z,-Z,735952,-1.000668085,-1.0,-0.000668085
5875,-Z,-Z,736032,-0.995748460,-1.0,0.004251540
5876,-Z,-Z,736111,-0.995748460,-1.0,0.004251540
5877,-Z,-Z,736191,-1.000668085,-1.0,-0.000668085
5878,-Z,-Z,736272,-1.002635935,-1.0,-0.002635935
5879,-Z,-Z,736351,-1.006571636,-1.0,-0.006571636
5880,-Z,-Z,736431,-1.006571636,-1.0,-0.006571636
5881,-Z,-Z,736512,-1.002635935,-1.0,-0.002635935
5882,-Z,-Z,736592,-0.994764534,-1.0,0.005235466
5883,-Z,-Z,736671,-1.005587711,-1.0,-0.005587711
5884,-Z,-Z,736751,-0.998700235,-1.0,0.001299765
5885,-Z,-Z,736832,-1.002635935,-1.0,-0.002635935
5886,-Z,-Z,736911,-1.005587711,-1.0,-0.005587711
5887,-Z,-Z,736991,-1.000668085,-1.0,-0.000668085
5888,-Z,-Z,737072,-0.998700235,-1.0,0.001299765
5889,-Z,-Z,737151,-0.998700235,-1.0,0.001299765
5890,-Z,-Z,737231,-0.998700235,-1.0,0.001299765
5891,-Z,-Z,737312,-0.995748460,-1.0,0.004251540
5892,-Z,-Z,737392,-1.002635935,-1.0,-0.002635935
5893,-Z,-Z,737471,-1.002635935,-1.0,-0.002635935
5894,-Z,-Z,737551,-0.992796684,-1.0,0.007203316
5895,-Z,-Z,737632,-0.987877059,-1.0,0.012122941
5896,-Z,-Z,737711,-0.998700235,-1.0,0.001299765
5897,-Z,-Z,737791,-1.002635935,-1.0,-0.002635935
5898,-Z,-Z,737872,-0.997716310,-1.0,0.002283690
5899,-Z,-Z,737951,-0.998700235,-1.0,0.001299765
5900,-Z,-Z,738031,-0.998700235,-1.0,0.001299765
5901,-Z,-Z,738112,-0.997716310,-1.0,0.002283690
5902,-Z,-Z,738192,-0.998700235,-1.0,0.001299765
5903,-Z,-Z,738271,-0.999684160,-1.0,0.000315840
5904,-Z,-Z,738351,-1.000668085,-1.0,-0.000668085
5905,-Z,-Z,738432,-0.999684160,-1.0,0.000315840
5906,-Z,-Z,738511,-0.999684160,-1.0,0.000315840
5907,-Z,-Z,738591,-0.998700235,-1.0,0.001299765
5908,-Z,-Z,738672,-1.002635935,-1.0,-0.002635935
5909,-Z,-Z,738752,-0.998700235,-1.0,0.001299765
5910,-Z,-Z,738831,-0.998700235,-1.0,0.001299765
5911,-Z,-Z,738912,-0.998700235,-1.0,0.001299765
5912,-Z,-Z,738992,-0.997716310,-1.0,0.002283690
5913,-Z,-Z,739071,-0.997716310,-1.0,0.002283690
5914,-Z,-Z,739151,-0.992796684,-1.0,0.007203316
5915,-Z,-Z,739232,-1.000668085,-1.0,-0.000668085
5916,-Z,-Z,739311,-1.000668085,-1.0,-0.000668085
5917,-Z,-Z,739391,-0.996732385,-1.0,0.003267615
5918,-Z,-Z,739472,-0.996732385,-1.0,0.003267615
5919,-Z,-Z,739552,-0.997716310,-1.0,0.002283690
5920,-Z,-Z,739631,-0.999684160,-1.0,0.000315840
5921,-Z,-Z,739711,-0.998700235,-1.0,0.001299765
5922,-Z,-Z,739792,-0.998700235,-1.0,0.001299765
5923,-Z,-Z,739871,-0.995748460,-1.0,0.004251540
5924,-Z,-Z,739951,-0.998700235,-1.0,0.001299765
5925,-Z,-Z,740032,-1.002635935,-1.0,-0.002635935
5926,-Z,-Z,740111,-0.998700235,-1.0,0.001299765
5927,-Z,-Z,740191,-0.994764534,-1.0,0.005235466
5928,-Z,-Z,740272,-0.994764534,-1.0,0.005235466
5929,-Z,-Z,740352,-0.998700235,-1.0,0.001299765
5930,-Z,-Z,740431,-0.999684160,-1.0,0.000315840
5931,-Z,-Z,740511,-0.999684160,-1.0,0.000315840
5932,-Z,-Z,740592,-0.998700235,-1.0,0.001299765
5933,-Z,-Z,740671,-0.994764534,-1.0,0.005235466
5934,-Z,-Z,740751,-0.991812759,-1.0,0.008187241
5935,-Z,-Z,740832,-0.999684160,-1.0,0.000315840
5936,-Z,-Z,740912,-0.998700235,-1.0,0.001299765
5937,-Z,-Z,740991,-1.003619861,-1.0,-0.003619861
5938,-Z,-Z,741071,-1.002635935,-1.0,-0.002635935
5939,-Z,-Z,741152,-0.999684160,-1.0,0.000315840
5940,-Z,-Z,741231,-0.999684160,-1.0,0.000315840
5941,-Z,-Z,741311,-1.002635935,-1.0,-0.002635935
5942,-Z,-Z,741392,-0.998700235,-1.0,0.001299765
5943,-Z,-Z,741472,-0.999684160,-1.0,0.000315840
5944,-Z,-Z,741551,-0.999684160,-1.0,0.000315840
5945,-Z,-Z,741631,-1.000668085,-1.0,-0.000668085
5946,-Z,-Z,741712,-0.998700235,-1.0,0.001299765
5947,-Z,-Z,741791,-0.998700235,-1.0,0.001299765
5948,-Z,-Z,741871,-0.995748460,-1.0,0.004251540
5949,-Z,-Z,741952,-0.999684160,-1.0,0.000315840
5950,-Z,-Z,742031,-0.998700235,-1.0,0.001299765
5951,-Z,-Z,742111,-1.000668085,-1.0,-0.000668085
5952,-Z,-Z,742192,-0.998700235,-1.0,0.001299765
5953,-Z,-Z,742272,-0.999684160,-1.0,0.000315840
5954,-Z,-Z,742351,-1.000668085,-1.0,-0.000668085
5955,-Z,-Z,742431,-0.998700235,-1.0,0.001299765
5956,-Z,-Z,742512,-1.005587711,-1.0,-0.005587711
5957,-Z,-Z,742591,-1.005587711,-1.0,-0.005587711
5958,-Z,-Z,742671,-1.002635935,-1.0,-0.002635935
5959,-Z,-Z,742752,-0.997716310,-1.0,0.002283690
5960,-Z,-Z,742832,-1.000668085,-1.0,-0.000668085
5961,-Z,-Z,742911,-0.998700235,-1.0,0.001299765
5962,-Z,-Z,742992,-1.002635935,-1.0,-0.002635935
5963,-Z,-Z,743072,-0.998700235,-1.0,0.001299765
5964,-Z,-Z,743151,-0.994764534,-1.0,0.005235466
5965,-Z,-Z,743231,-0.998700235,-1.0,0.001299765
5966,-Z,-Z,743312,-0.995748460,-1.0,0.004251540
5967,-Z,-Z,743391,-0.998700235,-1.0,0.001299765
5968,-Z,-Z,743471,-0.990828834,-1.0,0.009171166
5969,-Z,-Z,743552,-0.990828834,-1.0,0.009171166
5970,-Z,-Z,743632,-0.998700235,-1.0,0.001299765
5971,-Z,-Z,743711,-1.002635935,-1.0,-0.002635935
5972,-Z,-Z,743791,-0.995748460,-1.0,0.004251540
5973,-Z,-Z,743872,-1.000668085,-1.0,-0.000668085
5974,-Z,-Z,743951,-0.998700235,-1.0,0.001299765
5975,-Z,-Z,744031,-0.998700235,-1.0,0.001299765
5976,-Z,-Z,744112,-0.998700235,-1.0,0.001299765
5977,-Z,-Z,744192,-0.998700235,-1.0,0.001299765
5978,-Z,-Z,744271,-0.998700235,-1.0,0.001299765
5979,-Z,-Z,744351,-0.998700235,-1.0,0.001299765
5980,-Z,-Z,744432,-1.002635935,-1.0,-0.002635935
5981,-Z,-Z,744511,-1.000668085,-1.0,-0.000668085
5982,-Z,-Z,744591,-1.000668085,-1.0,-0.000668085
5983,-Z,-Z,744672,-1.013459112,-1.0,-0.013459112
5984,-Z,-Z,744751,-1.000668085,-1.0,-0.000668085
5985,-Z,-Z,744831,-0.998700235,-1.0,0.001299765
5986,-Z,-Z,744912,-0.995748460,-1.0,0.004251540
5987,-Z,-Z,744992,-1.000668085,-1.0,-0.000668085
5988,-Z,-Z,745071,-1.000668085,-1.0,-0.000668085
5989,-Z,-Z,745151,-1.005587711,-1.0,-0.005587711
5990,-Z,-Z,745232,-0.998700235,-1.0,0.001299765
5991,-Z,-Z,745311,-1.000668085,-1.0,-0.000668085
5992,-Z,-Z,745391,-0.995748460,-1.0,0.004251540
5993,-Z,-Z,745472,-0.998700235,-1.0,0.001299765
5994,-Z,-Z,745552,-0.995748460,-1.0,0.004251540
5995,-Z,-Z,745631,-0.995748460,-1.0,0.004251540
5996,-Z,-Z,745711,-1.013459112,-1.0,-0.013459112
5997,-Z,-Z,745792,-0.998700235,-1.0,0.001299765
5998,-Z,-Z,745871,-0.995748460,-1.0,0.004251540
5999,-Z,-Z,745951,-0.999684160,-1.0,0.000315840
