orientation,time_ms,x,y,z,magnitude
+X,53073,-0.032000,-1.124000,0.284000,1.159765
+X,53152,-0.032000,-1.128000,0.291000,1.165371
+X,53233,-0.029000,-1.127000,0.291000,1.164324
+X,53312,-0.029000,-1.127000,0.291000,1.164324
+X,53393,-0.029000,-1.121000,0.286000,1.157272
+X,53472,-0.032000,-1.128000,0.275000,1.161479
+X,53552,-0.029000,-1.124000,0.284000,1.159687
+X,53633,-0.031000,-1.116000,0.287000,1.152730
+X,53712,-0.032000,-1.121000,0.284000,1.156858
+X,53793,-0.031000,-1.119000,0.291000,1.156634
+X,53872,-0.029000,-1.120000,0.286000,1.156303
+X,53953,-0.032000,-1.121000,0.288000,1.157847
+X,54032,-0.033000,-1.127000,0.294000,1.165184
+X,54112,-0.029000,-1.133000,0.287000,1.169144
+X,54192,-0.029000,-1.113000,0.296000,1.152053
+X,54272,-0.029000,-1.113000,0.296000,1.152053
+X,54352,-0.032000,-1.121000,0.291000,1.158596
+X,54432,-0.029000,-1.127000,0.280000,1.161624
+X,54513,-0.020000,-1.125000,0.275000,1.158296
+X,54592,-0.031000,-1.122000,0.287000,1.158540
+X,54673,-0.026000,-1.125000,0.287000,1.161322
+X,54752,-0.029000,-1.127000,0.288000,1.163578
+X,54833,-0.031000,-1.128000,0.289000,1.164846
+X,54912,-0.031000,-1.128000,0.291000,1.165344
+X,54992,-0.029000,-1.128000,0.287000,1.164300
+X,55072,-0.029000,-1.124000,0.284000,1.159687
+X,55152,-0.031000,-1.124000,0.287000,1.160477
+X,55233,-0.031000,-1.124000,0.287000,1.160477
+X,55312,-0.032000,-1.122000,0.286000,1.158319
+X,55393,-0.032000,-1.114000,0.284000,1.150076
+X,55472,-0.032000,-1.124000,0.284000,1.159765
+X,55553,-0.023000,-1.128000,0.288000,1.164413
+X,55632,-0.029000,-1.121000,0.284000,1.156779
+X,55712,-0.029000,-1.121000,0.295000,1.159529
+X,55792,-0.025000,-1.125000,0.294000,1.163050
+X,55872,-0.031000,-1.114000,0.283000,1.149803
+X,55953,-0.034000,-1.122000,0.287000,1.158624
+X,56032,-0.025000,-1.127000,0.289000,1.163733
+X,56113,-0.033000,-1.124000,0.286000,1.160285
+X,56192,-0.034000,-1.122000,0.292000,1.159872
+X,56273,-0.034000,-1.122000,0.292000,1.159872
+X,56352,-0.032000,-1.117000,0.280000,1.152004
+X,56432,-0.032000,-1.124000,0.280000,1.158792
+X,56513,-0.034000,-1.128000,0.287000,1.164435
+X,56592,-0.032000,-1.125000,0.296000,1.163729
+X,56673,-0.026000,-1.121000,0.284000,1.156708
+X,56752,-0.029000,-1.121000,0.284000,1.156779
+X,56833,-0.029000,-1.124000,0.295000,1.162429
+X,56912,-0.029000,-1.137000,0.283000,1.172049
+X,56992,-0.032000,-1.117000,0.283000,1.152737
+X,57072,-0.029000,-1.124000,0.287000,1.160425
+X,57152,-0.033000,-1.121000,0.299000,1.160660
+X,57233,-0.033000,-1.121000,0.299000,1.160660
+X,57312,-0.020000,-1.122000,0.295000,1.160306
+X,57393,-0.032000,-1.128000,0.302000,1.168166
+X,57472,-0.034000,-1.121000,0.287000,1.157655
+X,57553,-0.032000,-1.124000,0.286000,1.160257
+X,57632,-0.033000,-1.124000,0.296000,1.162790
+X,57713,-0.023000,-1.122000,0.288000,1.158601
+X,57792,-0.032000,-1.128000,0.289000,1.164873
+X,57872,-0.028000,-1.133000,0.284000,1.168387
+X,57953,-0.028000,-1.114000,0.287000,1.150717
+X,58032,-0.029000,-1.120000,0.286000,1.156303
+X,58113,-0.029000,-1.124000,0.287000,1.160425
+X,58192,-0.029000,-1.124000,0.287000,1.160425
+X,58273,-0.039000,-1.128000,0.286000,1.164346
+X,58352,-0.034000,-1.128000,0.291000,1.165427
+X,58433,-0.032000,-1.129000,0.288000,1.165594
+X,58512,-0.025000,-1.120000,0.284000,1.155717
+X,58593,-0.026000,-1.120000,0.284000,1.155739
+X,58672,-0.031000,-1.122000,0.284000,1.157800
+X,58752,-0.025000,-1.126000,0.281000,1.160802
+X,58833,-0.028000,-1.124000,0.287000,1.160400
+X,58912,-0.033000,-1.124000,0.280000,1.158820
+X,58993,-0.032000,-1.124000,0.287000,1.160504
+X,59072,-0.031000,-1.121000,0.284000,1.156831
+X,59153,-0.031000,-1.121000,0.284000,1.156831
+X,59232,-0.032000,-1.113000,0.286000,1.149604
+X,59313,-0.032000,-1.122000,0.287000,1.158567
+X,59392,-0.026000,-1.128000,0.291000,1.165221
+X,59472,-0.021000,-1.124000,0.289000,1.160749
+X,59553,-0.032000,-1.123000,0.284000,1.158796
+X,59632,-0.029000,-1.124000,0.280000,1.158713
+X,59713,-0.034000,-1.127000,0.281000,1.162001
+X,59792,-0.036000,-1.124000,0.288000,1.160869
+X,59873,-0.032000,-1.121000,0.294000,1.159354
+X,59952,-0.029000,-1.122000,0.280000,1.156773
+X,60033,-0.032000,-1.121000,0.284000,1.156858
+X,60112,-0.032000,-1.121000,0.284000,1.156858
+X,60192,-0.033000,-1.121000,0.287000,1.157626
+X,60272,-0.031000,-1.121000,0.291000,1.158569
+X,60352,-0.025000,-1.108000,0.280000,1.143105
+X,60433,-0.029000,-1.121000,0.284000,1.156779
+X,60512,-0.031000,-1.124000,0.287000,1.160477
+X,60593,-0.032000,-1.124000,0.286000,1.160257
+X,60672,-0.032000,-1.129000,0.284000,1.164612
+X,60753,-0.029000,-1.124000,0.284000,1.159687
+X,60832,-0.026000,-1.121000,0.286000,1.157200
+X,60913,-0.032000,-1.113000,0.287000,1.149853
+X,60992,-0.032000,-1.120000,0.287000,1.156630
+X,61072,-0.032000,-1.120000,0.287000,1.156630
+X,61152,-0.031000,-1.122000,0.291000,1.159537
+X,61232,-0.032000,-1.124000,0.279000,1.158551
+X,61313,-0.032000,-1.122000,0.284000,1.157827
+X,61392,-0.032000,-1.124000,0.287000,1.160504
+X,61473,-0.025000,-1.117000,0.284000,1.152810
+X,61552,-0.029000,-1.117000,0.280000,1.151924
+X,61633,-0.033000,-1.121000,0.283000,1.156641
+X,61712,-0.034000,-1.122000,0.287000,1.158624
+X,61792,-0.034000,-1.124000,0.288000,1.160808
+X,61872,-0.031000,-1.128000,0.284000,1.163615
+X,61952,-0.031000,-1.121000,0.284000,1.156831
+X,62033,-0.029000,-1.124000,0.287000,1.160425
+X,62112,-0.029000,-1.124000,0.287000,1.160425
+X,62193,-0.032000,-1.122000,0.287000,1.158567
+X,62272,-0.020000,-1.129000,0.283000,1.164100
+X,62353,-0.033000,-1.127000,0.287000,1.163438
+X,62432,-0.032000,-1.122000,0.287000,1.158567
+X,62513,-0.032000,-1.124000,0.296000,1.162762
+X,62592,-0.025000,-1.121000,0.281000,1.155953
+X,62672,-0.032000,-1.124000,0.287000,1.160504
+X,62753,-0.020000,-1.128000,0.285000,1.163619
+X,62832,-0.036000,-1.127000,0.284000,1.162790
+X,62913,-0.029000,-1.124000,0.284000,1.159687
+X,62992,-0.034000,-1.137000,0.295000,1.175138
+X,63073,-0.034000,-1.137000,0.295000,1.175138
+X,63152,-0.026000,-1.117000,0.292000,1.154829
+X,63233,-0.033000,-1.127000,0.288000,1.163685
+X,63312,-0.033000,-1.128000,0.279000,1.162460
+X,63392,-0.032000,-1.121000,0.280000,1.155883
+X,63472,-0.031000,-1.127000,0.284000,1.162646
+X,63552,-0.031000,-1.114000,0.296000,1.153071
+X,63633,-0.032000,-1.124000,0.287000,1.160504
+X,63712,-0.033000,-1.122000,0.288000,1.158843
+X,63793,-0.026000,-1.121000,0.280000,1.155732
+X,63872,-0.026000,-1.124000,0.289000,1.160850
+X,63953,-0.029000,-1.124000,0.296000,1.162683
+X,64032,-0.029000,-1.124000,0.296000,1.162683
+X,64112,-0.032000,-1.117000,0.291000,1.154727
+X,64192,-0.033000,-1.121000,0.280000,1.155911
+X,64272,-0.032000,-1.121000,0.284000,1.156858
+X,64353,-0.029000,-1.121000,0.291000,1.158518
+X,64432,-0.029000,-1.128000,0.288000,1.164547
+X,64513,-0.028000,-1.113000,0.287000,1.149749
+X,64592,-0.026000,-1.121000,0.287000,1.157448
+X,64673,-0.033000,-1.119000,0.287000,1.155690
+X,64752,-0.029000,-1.124000,0.295000,1.162429
+X,64832,-0.031000,-1.118000,0.287000,1.154666
+X,64913,-0.031000,-1.117000,0.288000,1.153947
+X,64992,-0.031000,-1.117000,0.288000,1.153947
+X,65073,-0.031000,-1.136000,0.281000,1.170648
+X,65152,-0.029000,-1.113000,0.286000,1.149524
+X,65233,-0.032000,-1.124000,0.279000,1.158551
+X,65312,-0.033000,-1.121000,0.292000,1.158876
+X,65393,-0.025000,-1.122000,0.279000,1.156438
+X,65472,-0.031000,-1.121000,0.280000,1.155855
+X,65552,-0.032000,-1.124000,0.287000,1.160504
+X,65633,-0.029000,-1.125000,0.288000,1.161641
+X,65712,-0.032000,-1.121000,0.287000,1.157598
+X,65793,-0.029000,-1.115000,0.284000,1.150966
+X,65872,-0.033000,-1.121000,0.280000,1.155911
+X,65953,-0.033000,-1.121000,0.280000,1.155911
+X,66032,-0.032000,-1.122000,0.283000,1.157582
+X,66113,-0.032000,-1.124000,0.284000,1.159765
+X,66192,-0.030000,-1.125000,0.287000,1.161419
+X,66272,-0.029000,-1.127000,0.280000,1.161624
+X,66353,-0.031000,-1.119000,0.281000,1.154159
+X,66432,-0.033000,-1.117000,0.284000,1.153011
+X,66513,-0.033000,-1.122000,0.280000,1.156881
+X,66592,-0.026000,-1.124000,0.287000,1.160354
+X,66673,-0.028000,-1.124000,0.289000,1.160897
+X,66752,-0.026000,-1.128000,0.294000,1.165974
+X,66833,-0.029000,-1.124000,0.281000,1.158955
+X,66912,-0.034000,-1.121000,0.287000,1.157655
+X,66992,-0.034000,-1.121000,0.287000,1.157655
+X,67073,-0.031000,-1.121000,0.287000,1.157571
+X,67152,-0.033000,-1.117000,0.295000,1.155769
+X,67233,-0.029000,-1.128000,0.291000,1.165292
+X,67312,-0.026000,-1.124000,0.284000,1.159615
+X,67393,-0.031000,-1.125000,0.280000,1.159735
+X,67472,-0.032000,-1.124000,0.284000,1.159765
+X,67553,-0.033000,-1.120000,0.291000,1.157657
+X,67632,-0.031000,-1.122000,0.288000,1.158788
+X,67712,-0.032000,-1.124000,0.284000,1.159765
+X,67793,-0.032000,-1.121000,0.284000,1.156858
+X,67872,-0.032000,-1.129000,0.279000,1.163403
+X,67953,-0.032000,-1.129000,0.279000,1.163403
+X,68032,-0.026000,-1.121000,0.281000,1.155975
+X,68113,-0.031000,-1.124000,0.280000,1.158765
+X,68192,-0.031000,-1.124000,0.280000,1.158765
+X,68273,-0.026000,-1.121000,0.286000,1.157200
+X,68352,-0.029000,-1.121000,0.289000,1.158017
+X,68432,-0.034000,-1.128000,0.295000,1.166433
+X,68513,-0.032000,-1.133000,0.289000,1.169715
+X,68592,-0.028000,-1.117000,0.289000,1.154120
+X,68673,-0.031000,-1.121000,0.286000,1.157324
+X,68752,-0.033000,-1.121000,0.291000,1.158625
+X,68833,-0.031000,-1.127000,0.288000,1.163630
+X,68912,-0.031000,-1.127000,0.288000,1.163630
+X,68993,-0.018000,-1.124000,0.287000,1.160202
+X,69072,-0.029000,-1.124000,0.284000,1.159687
+X,69152,-0.032000,-1.121000,0.280000,1.155883
+X,69233,-0.029000,-1.127000,0.287000,1.163331
+X,69312,-0.031000,-1.121000,0.287000,1.157571
+X,69393,-0.033000,-1.121000,0.287000,1.157626
+X,69472,-0.031000,-1.128000,0.286000,1.164105
+X,69553,-0.029000,-1.125000,0.287000,1.161394
+X,69632,-0.032000,-1.128000,0.295000,1.166376
+X,69713,-0.032000,-1.128000,0.291000,1.165371
+X,69792,-0.032000,-1.120000,0.287000,1.156630
+X,69872,-0.032000,-1.120000,0.287000,1.156630
+X,69953,-0.032000,-1.137000,0.286000,1.172855
+X,70032,-0.029000,-1.108000,0.280000,1.143199
+X,70113,-0.032000,-1.125000,0.295000,1.163475
+X,70192,-0.031000,-1.124000,0.284000,1.159738
+X,70273,-0.032000,-1.120000,0.286000,1.156382
+X,70352,-0.032000,-1.121000,0.284000,1.156858
+X,70433,-0.029000,-1.128000,0.291000,1.165292
+X,70512,-0.031000,-1.137000,0.287000,1.173072
+X,70592,-0.023000,-1.128000,0.291000,1.165158
+X,70673,-0.030000,-1.125000,0.287000,1.161419
+X,70752,-0.033000,-1.122000,0.294000,1.160349
+X,70833,-0.033000,-1.122000,0.294000,1.160349
+X,70912,-0.029000,-1.124000,0.286000,1.160178
+X,70993,-0.028000,-1.128000,0.287000,1.164275
+X,71072,-0.029000,-1.124000,0.286000,1.160178
+X,71153,-0.029000,-1.124000,0.284000,1.159687
+X,71232,-0.032000,-1.128000,0.295000,1.166376
+X,71312,-0.026000,-1.124000,0.295000,1.162358
+X,71393,-0.032000,-1.124000,0.295000,1.162508
+X,71472,-0.032000,-1.129000,0.302000,1.169132
+X,71553,-0.029000,-1.121000,0.287000,1.157519
+X,71632,-0.025000,-1.133000,0.291000,1.170041
+X,71713,-0.031000,-1.130000,0.292000,1.167529
+X,71792,-0.034000,-1.124000,0.286000,1.160314
+X,71872,-0.034000,-1.124000,0.286000,1.160314
+X,71953,-0.033000,-1.124000,0.286000,1.160285
+X,72032,-0.032000,-1.124000,0.295000,1.162508
+X,72113,-0.034000,-1.128000,0.304000,1.168741
+X,72192,-0.033000,-1.127000,0.287000,1.163438
+X,72273,-0.032000,-1.121000,0.288000,1.157847
+X,72352,-0.032000,-1.124000,0.287000,1.160504
+X,72433,-0.032000,-1.130000,0.300000,1.169583
+X,72512,-0.025000,-1.124000,0.296000,1.162591
+X,72593,-0.026000,-1.133000,0.287000,1.169074
+X,72672,-0.029000,-1.121000,0.288000,1.157768
+X,72752,-0.031000,-1.121000,0.288000,1.157819
+X,72833,-0.031000,-1.121000,0.288000,1.157819
+X,72912,-0.041000,-1.124000,0.284000,1.160049
+X,72993,-0.036000,-1.124000,0.279000,1.158669
+X,73072,-0.034000,-1.124000,0.294000,1.162311
+X,73153,-0.032000,-1.128000,0.283000,1.163399
+X,73232,-0.032000,-1.124000,0.284000,1.159765
+X,73313,-0.031000,-1.121000,0.288000,1.157819
+X,73392,-0.032000,-1.128000,0.287000,1.164378
+X,73473,-0.033000,-1.127000,0.287000,1.163438
+X,73552,-0.028000,-1.124000,0.289000,1.160897
+X,73632,-0.031000,-1.124000,0.284000,1.159738
+X,73713,-0.026000,-1.124000,0.281000,1.158884
+X,73792,-0.026000,-1.124000,0.281000,1.158884
+X,73873,-0.032000,-1.140000,0.286000,1.175764
+X,73952,-0.032000,-1.127000,0.295000,1.165409
+X,74033,-0.032000,-1.128000,0.284000,1.163643
+X,74112,-0.029000,-1.121000,0.291000,1.158518
+X,74193,-0.032000,-1.125000,0.288000,1.161720
+X,74272,-0.033000,-1.122000,0.284000,1.157855
+X,74352,-0.029000,-1.129000,0.289000,1.165763
+X,74433,-0.028000,-1.129000,0.287000,1.165244
+X,74512,-0.032000,-1.113000,0.278000,1.147640
+X,74593,-0.033000,-1.121000,0.284000,1.156886
+X,74672,-0.033000,-1.117000,0.281000,1.152276
+X,74753,-0.033000,-1.117000,0.281000,1.152276
+X,74832,-0.023000,-1.121000,0.280000,1.155669
+X,74913,-0.032000,-1.124000,0.287000,1.160504
+X,74992,-0.031000,-1.124000,0.291000,1.161472
+X,75072,-0.032000,-1.126000,0.286000,1.162194
+X,75152,-0.032000,-1.121000,0.287000,1.157598
+X,75232,-0.034000,-1.121000,0.283000,1.156670
+X,75313,-0.033000,-1.125000,0.291000,1.162495
+X,75392,-0.025000,-1.128000,0.289000,1.164702
+X,75473,-0.032000,-1.122000,0.286000,1.158319
+X,75552,-0.036000,-1.124000,0.286000,1.160374
+X,75633,-0.032000,-1.124000,0.284000,1.159765
+X,75712,-0.032000,-1.124000,0.284000,1.159765
+X,75793,-0.030000,-1.137000,0.280000,1.171353
+X,75872,-0.032000,-1.128000,0.291000,1.165371
+X,75952,-0.029000,-1.124000,0.284000,1.159687
+X,76032,-0.029000,-1.121000,0.284000,1.156779
+X,76112,-0.029000,-1.121000,0.284000,1.156779
+X,76193,-0.029000,-1.128000,0.291000,1.165292
+X,76272,-0.031000,-1.122000,0.287000,1.158540
+X,76353,-0.029000,-1.130000,0.289000,1.166731
+X,76432,-0.024000,-1.129000,0.295000,1.167151
+X,76513,-0.020000,-1.121000,0.284000,1.156588
+X,76592,-0.031000,-1.122000,0.294000,1.160293
+X,76672,-0.031000,-1.122000,0.294000,1.160293
+X,76752,-0.029000,-1.124000,0.283000,1.159442
+X,76832,-0.034000,-1.122000,0.283000,1.157639
+X,76913,-0.033000,-1.124000,0.281000,1.159062
+X,76992,-0.033000,-1.124000,0.287000,1.160532
+X,77073,-0.032000,-1.121000,0.279000,1.155641
+X,77152,-0.033000,-1.121000,0.295000,1.159636
+X,77233,-0.026000,-1.127000,0.281000,1.161794
+X,77312,-0.036000,-1.127000,0.280000,1.161820
+X,77392,-0.026000,-1.121000,0.288000,1.157696
+X,77472,-0.032000,-1.127000,0.292000,1.164653
+X,77552,-0.033000,-1.124000,0.296000,1.162790
+X,77633,-0.025000,-1.129000,0.295000,1.167172
+X,77712,-0.025000,-1.129000,0.295000,1.167172
+X,77793,-0.029000,-1.121000,0.291000,1.158518
+X,77872,-0.032000,-1.121000,0.284000,1.156858
+X,77953,-0.033000,-1.129000,0.280000,1.163671
+X,78032,-0.034000,-1.117000,0.286000,1.153534
+X,78112,-0.028000,-1.130000,0.291000,1.167204
+X,78192,-0.033000,-1.125000,0.290000,1.162245
+X,78272,-0.029000,-1.117000,0.291000,1.154648
+X,78353,-0.027000,-1.122000,0.284000,1.157700
+X,78432,-0.032000,-1.128000,0.295000,1.166376
+X,78513,-0.029000,-1.116000,0.284000,1.151934
+X,78592,-0.033000,-1.122000,0.280000,1.156881
+X,78673,-0.033000,-1.122000,0.280000,1.156881
+X,78752,-0.033000,-1.129000,0.292000,1.166616
+X,78832,-0.032000,-1.120000,0.284000,1.155889
+X,78912,-0.031000,-1.121000,0.280000,1.155855
+X,78992,-0.033000,-1.124000,0.279000,1.158579
+X,79073,-0.033000,-1.124000,0.278000,1.158339
+X,79152,-0.036000,-1.117000,0.286000,1.153595
+X,79233,-0.029000,-1.119000,0.284000,1.154841
+X,79312,-0.033000,-1.119000,0.287000,1.155690
+X,79393,-0.033000,-1.130000,0.294000,1.168086
+X,79472,-0.029000,-1.124000,0.287000,1.160425
+X,79552,-0.029000,-1.137000,0.281000,1.171568
+X,79632,-0.029000,-1.137000,0.281000,1.171568
+X,79712,-0.029000,-1.121000,0.295000,1.159529
+X,79793,-0.033000,-1.124000,0.296000,1.162790
+X,79872,-0.032000,-1.127000,0.287000,1.163410
+X,79953,-0.033000,-1.121000,0.286000,1.157379
+X,80032,-0.034000,-1.121000,0.286000,1.157408
+X,80113,-0.032000,-1.128000,0.291000,1.165371
+X,80192,-0.029000,-1.124000,0.284000,1.159687
+X,80273,-0.029000,-1.121000,0.287000,1.157519
+X,80352,-0.031000,-1.133000,0.296000,1.171438
+X,80432,-0.033000,-1.128000,0.288000,1.164653
+X,80513,-0.032000,-1.123000,0.284000,1.158796
+X,80592,-0.032000,-1.123000,0.284000,1.158796
+X,80673,-0.032000,-1.136000,0.289000,1.172621
+X,80752,-0.032000,-1.119000,0.291000,1.156662
+X,80833,-0.032000,-1.128000,0.287000,1.164378
+X,80912,-0.032000,-1.120000,0.281000,1.155156
+X,80992,-0.032000,-1.121000,0.280000,1.155883
+X,81072,-0.032000,-1.121000,0.286000,1.157351
+X,81152,-0.029000,-1.125000,0.289000,1.161889
+X,81233,-0.031000,-1.129000,0.288000,1.165567
+X,81312,-0.025000,-1.127000,0.292000,1.164482
+X,81393,-0.034000,-1.122000,0.294000,1.160377
+X,81472,-0.025000,-1.122000,0.289000,1.158892
+X,81553,-0.025000,-1.122000,0.289000,1.158892
+X,81632,-0.032000,-1.124000,0.287000,1.160504
+X,81712,-0.032000,-1.123000,0.289000,1.160032
+X,81792,-0.029000,-1.137000,0.286000,1.172777
+X,81872,-0.036000,-1.121000,0.289000,1.158213
+X,81953,-0.032000,-1.124000,0.280000,1.158792
+X,82032,-0.029000,-1.125000,0.287000,1.161394
+X,82113,-0.032000,-1.119000,0.286000,1.155414
+X,82192,-0.029000,-1.120000,0.283000,1.155565
+X,82273,-0.032000,-1.128000,0.296000,1.166629
+X,82352,-0.032000,-1.124000,0.295000,1.162508
+X,82433,-0.025000,-1.124000,0.284000,1.159593
+X,82512,-0.025000,-1.124000,0.284000,1.159593
+X,82592,-0.026000,-1.127000,0.291000,1.164253
+X,82673,-0.032000,-1.128000,0.287000,1.164378
+X,82752,-0.031000,-1.125000,0.286000,1.161198
+X,82833,-0.032000,-1.119000,0.287000,1.155662
+X,82912,-0.029000,-1.122000,0.289000,1.158985
+X,82993,-0.031000,-1.121000,0.284000,1.156831
+X,83072,-0.032000,-1.122000,0.287000,1.158567
+X,83152,-0.029000,-1.124000,0.280000,1.158713
+X,83233,-0.032000,-1.125000,0.288000,1.161720
+X,83312,-0.031000,-1.124000,0.291000,1.161472
+X,83393,-0.029000,-1.121000,0.284000,1.156779
+X,83472,-0.026000,-1.121000,0.287000,1.157448
+X,83553,-0.026000,-1.121000,0.287000,1.157448
+X,83632,-0.026000,-1.125000,0.297000,1.163834
+X,83713,-0.029000,-1.129000,0.296000,1.167518
+X,83792,-0.032000,-1.125000,0.287000,1.161472
+X,83873,-0.033000,-1.127000,0.287000,1.163438
+X,83952,-0.034000,-1.127000,0.289000,1.163961
+X,84032,-0.032000,-1.128000,0.303000,1.168425
+X,84113,-0.026000,-1.122000,0.286000,1.158169
+X,84192,-0.032000,-1.117000,0.284000,1.152983
+X,84273,-0.032000,-1.120000,0.284000,1.155889
+X,84352,-0.032000,-1.127000,0.280000,1.161703
+X,84433,-0.033000,-1.122000,0.286000,1.158347
+X,84512,-0.033000,-1.122000,0.286000,1.158347
+X,84593,-0.025000,-1.117000,0.287000,1.153552
+X,84672,-0.029000,-1.121000,0.286000,1.157272
+X,84752,-0.031000,-1.137000,0.287000,1.173072
+X,84833,-0.033000,-1.117000,0.284000,1.153011
+X,84912,-0.032000,-1.124000,0.287000,1.160504
+X,84993,-0.033000,-1.122000,0.294000,1.160349
+X,85072,-0.032000,-1.127000,0.286000,1.163163
+X,85153,-0.031000,-1.121000,0.284000,1.156831
+X,85232,-0.029000,-1.128000,0.288000,1.164547
+X,85313,-0.032000,-1.116000,0.289000,1.153257
+X,85392,-0.028000,-1.127000,0.294000,1.165053
+X,85472,-0.028000,-1.127000,0.294000,1.165053
+X,85553,-0.032000,-1.125000,0.284000,1.160735
+X,85632,-0.032000,-1.124000,0.302000,1.164304
+X,85713,-0.032000,-1.128000,0.291000,1.165371
+X,85792,-0.032000,-1.121000,0.284000,1.156858
+X,85873,-0.029000,-1.124000,0.279000,1.158472
+X,85952,-0.033000,-1.128000,0.284000,1.163670
+X,86033,-0.026000,-1.124000,0.280000,1.158642
+X,86112,-0.032000,-1.124000,0.284000,1.159765
+X,86192,-0.029000,-1.127000,0.286000,1.163085
+X,86273,-0.026000,-1.120000,0.284000,1.155739
+X,86352,-0.028000,-1.108000,0.295000,1.146941
+X,86433,-0.028000,-1.108000,0.295000,1.146941
+X,86512,-0.032000,-1.114000,0.296000,1.153098
+X,86593,-0.031000,-1.124000,0.286000,1.160230
+X,86672,-0.032000,-1.127000,0.287000,1.163410
+X,86753,-0.034000,-1.127000,0.294000,1.165213
+X,86832,-0.032000,-1.120000,0.287000,1.156630
+X,86912,-0.028000,-1.127000,0.292000,1.164550
+X,86993,-0.029000,-1.124000,0.295000,1.162429
+X,87072,-0.025000,-1.122000,0.287000,1.158395
+X,87153,-0.029000,-1.120000,0.283000,1.155565
+X,87232,-0.034000,-1.120000,0.289000,1.157185
+X,87313,-0.032000,-1.124000,0.284000,1.159765
+X,87392,-0.032000,-1.124000,0.284000,1.159765
+X,87473,-0.034000,-1.137000,0.290000,1.173893
+X,87552,-0.026000,-1.117000,0.286000,1.153326
+X,87632,-0.029000,-1.127000,0.280000,1.161624
+X,87713,-0.041000,-1.124000,0.279000,1.158835
+X,87792,-0.032000,-1.120000,0.280000,1.154913
+X,87873,-0.025000,-1.117000,0.296000,1.155824
+X,87952,-0.031000,-1.119000,0.288000,1.155883
+X,88033,-0.029000,-1.122000,0.295000,1.160496
+X,88112,-0.031000,-1.124000,0.287000,1.160477
+X,88193,-0.031000,-1.121000,0.289000,1.158069
+X,88272,-0.028000,-1.121000,0.284000,1.156754
+X,88352,-0.028000,-1.121000,0.284000,1.156754
+X,88433,-0.032000,-1.121000,0.287000,1.157598
+X,88512,-0.031000,-1.128000,0.294000,1.166096
+X,88593,-0.033000,-1.124000,0.284000,1.159793
+X,88672,-0.030000,-1.125000,0.288000,1.161666
+X,88753,-0.029000,-1.124000,0.289000,1.160921
+X,88832,-0.032000,-1.127000,0.292000,1.164653
+X,88913,-0.029000,-1.124000,0.287000,1.160425
+X,88992,-0.036000,-1.133000,0.287000,1.169339
+X,89073,-0.029000,-1.128000,0.288000,1.164547
+X,89152,-0.029000,-1.124000,0.287000,1.160425
+X,89232,-0.029000,-1.121000,0.294000,1.159275
+X,89313,-0.040000,-1.124000,0.291000,1.161747
+X,89392,-0.040000,-1.124000,0.291000,1.161747
+X,89473,-0.025000,-1.128000,0.296000,1.166458
+X,89552,-0.031000,-1.127000,0.280000,1.161675
+X,89633,-0.032000,-1.133000,0.284000,1.168490
+X,89712,-0.032000,-1.113000,0.284000,1.149108
+X,89793,-0.033000,-1.124000,0.291000,1.161527
+X,89872,-0.029000,-1.121000,0.295000,1.159529
+X,89952,-0.029000,-1.121000,0.291000,1.158518
+X,90033,-0.032000,-1.128000,0.295000,1.166376
+X,90112,-0.036000,-1.121000,0.289000,1.158213
+X,90193,-0.029000,-1.113000,0.284000,1.149028
+X,90272,-0.032000,-1.124000,0.281000,1.159034
+X,90353,-0.032000,-1.124000,0.281000,1.159034
+X,90432,-0.032000,-1.122000,0.281000,1.157095
+X,90513,-0.029000,-1.121000,0.284000,1.156779
+X,90592,-0.032000,-1.121000,0.287000,1.157598
+X,90672,-0.031000,-1.125000,0.286000,1.161198
+X,90753,-0.031000,-1.125000,0.279000,1.159494
+X,90832,-0.032000,-1.128000,0.291000,1.165371
+X,90913,-0.025000,-1.127000,0.289000,1.163733
+X,90992,-0.029000,-1.121000,0.294000,1.159275
+X,91073,-0.033000,-1.127000,0.295000,1.165437
+X,91152,-0.032000,-1.121000,0.284000,1.156858
+X,91233,-0.029000,-1.128000,0.294000,1.166045
+X,91312,-0.029000,-1.128000,0.294000,1.166045
+X,91392,-0.032000,-1.125000,0.288000,1.161720
+X,91473,-0.031000,-1.117000,0.284000,1.152955
+X,91552,-0.031000,-1.124000,0.289000,1.160973
+X,91633,-0.032000,-1.125000,0.280000,1.159762
+X,91712,-0.029000,-1.122000,0.281000,1.157016
+X,91793,-0.032000,-1.121000,0.284000,1.156858
+X,91872,-0.032000,-1.111000,0.279000,1.145943
+X,91953,-0.032000,-1.121000,0.286000,1.157351
+X,92032,-0.033000,-1.125000,0.287000,1.161500
+X,92112,-0.032000,-1.120000,0.288000,1.156879
+X,92193,-0.029000,-1.121000,0.287000,1.157519
+X,92272,-0.029000,-1.121000,0.287000,1.157519
+X,92353,-0.020000,-1.124000,0.294000,1.161986
+X,92432,-0.029000,-1.120000,0.284000,1.155810
+X,92513,-0.033000,-1.121000,0.280000,1.155911
+X,92592,-0.033000,-1.116000,0.287000,1.152785
+X,92673,-0.031000,-1.121000,0.281000,1.156098
+X,92752,-0.029000,-1.124000,0.280000,1.158713
+X,92832,-0.026000,-1.122000,0.279000,1.156461
+X,92913,-0.033000,-1.128000,0.300000,1.167678
+X,92992,-0.029000,-1.124000,0.287000,1.160425
+X,93073,-0.029000,-1.121000,0.280000,1.155804
+X,93152,-0.031000,-1.120000,0.281000,1.155129
+X,93233,-0.031000,-1.120000,0.281000,1.155129
+X,93312,-0.032000,-1.124000,0.281000,1.159034
+X,93393,-0.031000,-1.128000,0.291000,1.165344
+X,93472,-0.029000,-1.127000,0.286000,1.163085
+X,93552,-0.028000,-1.124000,0.284000,1.159662
+X,93633,-0.033000,-1.128000,0.284000,1.163670
+X,93712,-0.032000,-1.127000,0.281000,1.161944
+X,93793,-0.031000,-1.117000,0.284000,1.152955
+X,93872,-0.029000,-1.127000,0.291000,1.164324
+X,93953,-0.029000,-1.124000,0.280000,1.158713
+X,94032,-0.031000,-1.117000,0.286000,1.153450
+X,94113,-0.026000,-1.124000,0.287000,1.160354
+X,94192,-0.029000,-1.125000,0.286000,1.161147
+X,94272,-0.029000,-1.125000,0.286000,1.161147
+X,94353,-0.031000,-1.129000,0.284000,1.164585
+X,94432,-0.025000,-1.124000,0.286000,1.160085
+X,94513,-0.031000,-1.121000,0.280000,1.155855
+X,94592,-0.032000,-1.121000,0.288000,1.157847
+X,94673,-0.032000,-1.125000,0.286000,1.161226
+X,94752,-0.029000,-1.129000,0.287000,1.165269
+X,94833,-0.025000,-1.128000,0.281000,1.162742
+X,94912,-0.032000,-1.124000,0.286000,1.160257
+X,94992,-0.034000,-1.122000,0.281000,1.157152
+X,95073,-0.033000,-1.126000,0.287000,1.162469
+X,95152,-0.033000,-1.124000,0.284000,1.159793
+X,95233,-0.033000,-1.124000,0.284000,1.159793
+X,95312,-0.032000,-1.119000,0.279000,1.153701
+X,95393,-0.029000,-1.128000,0.284000,1.163564
+X,95472,-0.029000,-1.128000,0.286000,1.164054
+X,95553,-0.033000,-1.128000,0.280000,1.162701
+X,95632,-0.032000,-1.128000,0.289000,1.164873
+X,95712,-0.032000,-1.128000,0.290000,1.165121
+X,95793,-0.029000,-1.124000,0.287000,1.160425
+X,95872,-0.025000,-1.120000,0.283000,1.155471
+X,95953,-0.034000,-1.121000,0.284000,1.156915
+X,96032,-0.031000,-1.124000,0.287000,1.160477
+X,96113,-0.032000,-1.121000,0.281000,1.156125
+X,96192,-0.032000,-1.121000,0.281000,1.156125
+X,96273,-0.033000,-1.128000,0.300000,1.167678
+X,96352,-0.028000,-1.129000,0.296000,1.167493
+X,96432,-0.029000,-1.127000,0.295000,1.165330
+X,96513,-0.032000,-1.128000,0.286000,1.164132
+X,96592,-0.032000,-1.124000,0.284000,1.159765
+X,96673,-0.029000,-1.117000,0.286000,1.153398
+X,96752,-0.033000,-1.122000,0.286000,1.158347
+X,96833,-0.036000,-1.120000,0.283000,1.155762
+X,96912,-0.032000,-1.121000,0.291000,1.158596
+X,96993,-0.033000,-1.121000,0.287000,1.157626
+X,97072,-0.029000,-1.122000,0.284000,1.157748
+X,97153,-0.029000,-1.122000,0.284000,1.157748
+X,97232,-0.029000,-1.128000,0.284000,1.163564
+X,97312,-0.031000,-1.121000,0.286000,1.157324
+X,97393,-0.026000,-1.124000,0.284000,1.159615
+X,97472,-0.033000,-1.122000,0.287000,1.158595
+X,97553,-0.033000,-1.121000,0.279000,1.155669
+X,97632,-0.032000,-1.124000,0.296000,1.162762
+X,97713,-0.032000,-1.122000,0.288000,1.158815
+X,97792,-0.033000,-1.127000,0.287000,1.163438
+X,97873,-0.029000,-1.122000,0.284000,1.157748
+X,97952,-0.032000,-1.121000,0.284000,1.156858
+X,98032,-0.041000,-1.121000,0.291000,1.158880
+X,98113,-0.041000,-1.121000,0.291000,1.158880
+X,98192,-0.032000,-1.121000,0.280000,1.155883
+X,98273,-0.025000,-1.121000,0.287000,1.157426
+X,98352,-0.032000,-1.121000,0.299000,1.160632
+X,98433,-0.032000,-1.128000,0.287000,1.164378
+X,98512,-0.031000,-1.125000,0.287000,1.161445
+X,98593,-0.032000,-1.122000,0.291000,1.159564
+X,98672,-0.026000,-1.133000,0.294000,1.170812
+X,98753,-0.026000,-1.125000,0.287000,1.161322
+X,98832,-0.032000,-1.121000,0.287000,1.157598
+X,98912,-0.032000,-1.121000,0.281000,1.156125
+X,98992,-0.029000,-1.124000,0.296000,1.162683
+X,99072,-0.033000,-1.113000,0.287000,1.149881
+X,99153,-0.033000,-1.113000,0.287000,1.149881
+X,99232,-0.036000,-1.133000,0.289000,1.169832
+X,99313,-0.033000,-1.128000,0.290000,1.165149
+X,99392,-0.025000,-1.128000,0.291000,1.165200
+X,99473,-0.029000,-1.125000,0.287000,1.161394
+X,99552,-0.031000,-1.128000,0.283000,1.163372
+X,99633,-0.028000,-1.122000,0.289000,1.158960
+X,99712,-0.032000,-1.124000,0.291000,1.161499
+X,99792,-0.032000,-1.122000,0.291000,1.159564
+X,99873,-0.033000,-1.127000,0.287000,1.163438
+X,99952,-0.032000,-1.124000,0.291000,1.161499
+X,100033,-0.031000,-1.125000,0.286000,1.161198
+X,100112,-0.031000,-1.125000,0.286000,1.161198
+X,100193,-0.033000,-1.124000,0.287000,1.160532
+X,100273,-0.029000,-1.127000,0.280000,1.161624
+X,100352,-0.031000,-1.124000,0.286000,1.160230
+X,100433,-0.031000,-1.120000,0.284000,1.155862
+X,100512,-0.034000,-1.121000,0.288000,1.157904
+X,100592,-0.033000,-1.122000,0.281000,1.157123
+X,100673,-0.021000,-1.127000,0.281000,1.161693
+X,100752,-0.025000,-1.125000,0.296000,1.163557
+X,100832,-0.026000,-1.124000,0.287000,1.160354
+X,100913,-0.029000,-1.122000,0.288000,1.158736
+X,100992,-0.032000,-1.122000,0.288000,1.158815
+X,101072,-0.032000,-1.122000,0.288000,1.158815
+X,101153,-0.039000,-1.122000,0.292000,1.160030
+X,101232,-0.032000,-1.124000,0.287000,1.160504
+X,101313,-0.029000,-1.124000,0.281000,1.158955
+X,101392,-0.031000,-1.122000,0.278000,1.156343
+X,101472,-0.032000,-1.120000,0.278000,1.154430
+X,101553,-0.032000,-1.121000,0.280000,1.155883
+X,101632,-0.029000,-1.127000,0.287000,1.163331
+X,101712,-0.041000,-1.128000,0.286000,1.164414
+X,101793,-0.034000,-1.121000,0.284000,1.156915
+X,101872,-0.026000,-1.124000,0.287000,1.160354
+X,101953,-0.029000,-1.128000,0.281000,1.162835
+X,102033,-0.029000,-1.128000,0.281000,1.162835
+X,102112,-0.026000,-1.137000,0.284000,1.172221
+X,102193,-0.029000,-1.122000,0.284000,1.157748
+X,102272,-0.029000,-1.124000,0.279000,1.158472
+X,102352,-0.029000,-1.124000,0.279000,1.158472
+X,102433,-0.032000,-1.122000,0.279000,1.156611
+X,102512,-0.032000,-1.119000,0.295000,1.157674
+X,102592,-0.028000,-1.121000,0.287000,1.157495
+X,102673,-0.028000,-1.121000,0.284000,1.156754
+X,102752,-0.032000,-1.121000,0.283000,1.156613
+X,102833,-0.026000,-1.128000,0.294000,1.165974
+X,102913,-0.028000,-1.130000,0.292000,1.167454
+X,102992,-0.028000,-1.130000,0.292000,1.167454
+X,103073,-0.031000,-1.124000,0.287000,1.160477
+X,103152,-0.029000,-1.124000,0.288000,1.160673
+X,103232,-0.029000,-1.127000,0.287000,1.163331
+X,103313,-0.033000,-1.124000,0.288000,1.160779
+X,103392,-0.033000,-1.121000,0.284000,1.156886
+X,103472,-0.029000,-1.122000,0.288000,1.158736
+X,103553,-0.032000,-1.124000,0.284000,1.159765
+X,103632,-0.032000,-1.124000,0.281000,1.159034
+X,103713,-0.032000,-1.119000,0.287000,1.155662
+X,103792,-0.031000,-1.117000,0.284000,1.152955
+X,103872,-0.032000,-1.124000,0.279000,1.158551
+X,103953,-0.032000,-1.128000,0.281000,1.162914
+X,104032,-0.032000,-1.128000,0.281000,1.162914
+X,104112,-0.029000,-1.129000,0.300000,1.168538
+X,104193,-0.031000,-1.124000,0.287000,1.160477
+X,104272,-0.032000,-1.126000,0.281000,1.160974
+X,104353,-0.032000,-1.124000,0.284000,1.159765
+X,104432,-0.029000,-1.124000,0.280000,1.158713
+X,104512,-0.026000,-1.124000,0.280000,1.158642
+X,104593,-0.031000,-1.124000,0.287000,1.160477
+X,104672,-0.025000,-1.122000,0.280000,1.156680
+X,104752,-0.031000,-1.124000,0.288000,1.160724
+X,104833,-0.032000,-1.113000,0.288000,1.150103
+X,104912,-0.025000,-1.121000,0.284000,1.156686
+X,104993,-0.025000,-1.121000,0.284000,1.156686
+X,105072,-0.033000,-1.122000,0.280000,1.156881
+X,105152,-0.032000,-1.122000,0.291000,1.159564
+X,105233,-0.029000,-1.124000,0.284000,1.159687
+X,105312,-0.031000,-1.117000,0.295000,1.155714
+X,105392,-0.031000,-1.124000,0.287000,1.160477
+X,105473,-0.031000,-1.117000,0.279000,1.151734
+X,105552,-0.032000,-1.119000,0.286000,1.155414
+X,105632,-0.033000,-1.133000,0.295000,1.171240
+X,105713,-0.029000,-1.127000,0.291000,1.164324
+X,105792,-0.033000,-1.124000,0.287000,1.160532
+X,105873,-0.026000,-1.127000,0.291000,1.164253
+X,105953,-0.026000,-1.127000,0.291000,1.164253
+X,106032,-0.029000,-1.128000,0.305000,1.168867
+X,106113,-0.029000,-1.121000,0.284000,1.156779
+X,106192,-0.029000,-1.133000,0.288000,1.169390
+X,106272,-0.025000,-1.127000,0.291000,1.164231
+X,106353,-0.029000,-1.121000,0.287000,1.157519
+X,106432,-0.029000,-1.122000,0.284000,1.157748
+X,106512,-0.028000,-1.128000,0.291000,1.165268
+X,106593,-0.025000,-1.121000,0.286000,1.157178
+X,106672,-0.029000,-1.124000,0.281000,1.158955
+X,106753,-0.031000,-1.124000,0.281000,1.159007
+X,106833,-0.030000,-1.121000,0.282000,1.156315
+X,106912,-0.030000,-1.121000,0.282000,1.156315
+X,106993,-0.033000,-1.123000,0.284000,1.158824
+X,107072,-0.026000,-1.127000,0.281000,1.161794
+X,107152,-0.029000,-1.119000,0.283000,1.154596
+X,107233,-0.032000,-1.129000,0.287000,1.165347
+X,107312,-0.036000,-1.124000,0.295000,1.162625
+X,107392,-0.029000,-1.128000,0.291000,1.165292
+X,107473,-0.031000,-1.124000,0.282000,1.159250
+X,107552,-0.028000,-1.121000,0.284000,1.156754
+X,107633,-0.033000,-1.128000,0.289000,1.164901
+X,107712,-0.036000,-1.125000,0.286000,1.161343
+X,107792,-0.036000,-1.113000,0.284000,1.149226
+X,107873,-0.036000,-1.113000,0.284000,1.149226
+X,107952,-0.032000,-1.121000,0.287000,1.157598
+X,108032,-0.032000,-1.124000,0.286000,1.160257
+X,108113,-0.037000,-1.124000,0.279000,1.158700
+X,108192,-0.029000,-1.124000,0.294000,1.162176
+X,108272,-0.032000,-1.128000,0.281000,1.162914
+X,108353,-0.032000,-1.121000,0.280000,1.155883
+X,108432,-0.029000,-1.121000,0.289000,1.158017
+X,108513,-0.028000,-1.122000,0.287000,1.158463
+X,108592,-0.032000,-1.127000,0.292000,1.164653
+X,108672,-0.036000,-1.122000,0.286000,1.158437
+X,108753,-0.031000,-1.121000,0.283000,1.156586
+X,108832,-0.031000,-1.121000,0.283000,1.156586
+X,108912,-0.032000,-1.117000,0.284000,1.152983
+X,108993,-0.033000,-1.121000,0.292000,1.158876
+X,109072,-0.032000,-1.119000,0.284000,1.154920
+X,109153,-0.032000,-1.119000,0.280000,1.153943
+X,109233,-0.036000,-1.122000,0.280000,1.156970
+X,109312,-0.033000,-1.128000,0.299000,1.167422
+X,109393,-0.033000,-1.124000,0.294000,1.162283
+X,109472,-0.032000,-1.122000,0.287000,1.158567
+X,109552,-0.025000,-1.127000,0.288000,1.163485
+X,109633,-0.034000,-1.121000,0.284000,1.156915
+X,109712,-0.029000,-1.118000,0.284000,1.153872
+X,109792,-0.029000,-1.118000,0.284000,1.153872
+X,109873,-0.026000,-1.128000,0.287000,1.164229
+X,109952,-0.031000,-1.124000,0.280000,1.158765
+X,110032,-0.031000,-1.124000,0.278000,1.158284
+X,110113,-0.031000,-1.122000,0.280000,1.156825
+X,110192,-0.029000,-1.124000,0.286000,1.160178
+X,110273,-0.025000,-1.122000,0.287000,1.158395
+X,110352,-0.029000,-1.124000,0.291000,1.161421
+X,110432,-0.031000,-1.122000,0.291000,1.159537
+X,110513,-0.033000,-1.122000,0.291000,1.159592
+X,110592,-0.021000,-1.127000,0.289000,1.163654
+X,110672,-0.029000,-1.124000,0.300000,1.163708
+X,110753,-0.025000,-1.124000,0.284000,1.159593
+X,110832,-0.025000,-1.124000,0.284000,1.159593
+X,110913,-0.031000,-1.121000,0.278000,1.155373
+X,110993,-0.033000,-1.124000,0.295000,1.162536
+X,111072,-0.024000,-1.124000,0.300000,1.163594
+X,111153,-0.029000,-1.121000,0.279000,1.155562
+X,111232,-0.029000,-1.119000,0.299000,1.158621
+X,111312,-0.029000,-1.125000,0.295000,1.163396
+X,111393,-0.029000,-1.124000,0.286000,1.160178
+X,111472,-0.033000,-1.121000,0.294000,1.159382
+X,111552,-0.026000,-1.121000,0.291000,1.158446
+X,111633,-0.029000,-1.121000,0.289000,1.158017
+X,111712,-0.032000,-1.129000,0.296000,1.167596
+X,111793,-0.032000,-1.129000,0.296000,1.167596
+X,111872,-0.033000,-1.122000,0.292000,1.159843
+X,111952,-0.030000,-1.122000,0.281000,1.157041
+X,112033,-0.036000,-1.117000,0.287000,1.153843
+X,112112,-0.032000,-1.119000,0.284000,1.154920
+X,112192,-0.032000,-1.121000,0.287000,1.157598
+X,112273,-0.032000,-1.124000,0.291000,1.161499
+X,112352,-0.029000,-1.133000,0.291000,1.170133
+X,112432,-0.029000,-1.120000,0.287000,1.156551
+X,112513,-0.036000,-1.124000,0.284000,1.159883
+X,112592,-0.033000,-1.121000,0.287000,1.157626
+X,112673,-0.029000,-1.128000,0.287000,1.164300
+X,112752,-0.029000,-1.128000,0.287000,1.164300
+X,112832,-0.020000,-1.121000,0.284000,1.156588
+X,112913,-0.032000,-1.120000,0.283000,1.155644
+X,112992,-0.031000,-1.111000,0.287000,1.147890
+X,113072,-0.029000,-1.122000,0.284000,1.157748
+X,113153,-0.032000,-1.120000,0.287000,1.156630
+X,113232,-0.034000,-1.124000,0.284000,1.159822
+X,113313,-0.032000,-1.122000,0.281000,1.157095
+X,113392,-0.031000,-1.121000,0.281000,1.156098
+X,113472,-0.034000,-1.121000,0.278000,1.155457
+X,113553,-0.032000,-1.121000,0.283000,1.156613
+X,113632,-0.034000,-1.114000,0.295000,1.152899
+X,113712,-0.034000,-1.114000,0.295000,1.152899
+X,113793,-0.032000,-1.125000,0.294000,1.163222
+X,113872,-0.034000,-1.125000,0.286000,1.161282
+X,113952,-0.032000,-1.126000,0.295000,1.164442
+X,114033,-0.029000,-1.124000,0.295000,1.162429
+X,114112,-0.029000,-1.129000,0.294000,1.167012
+X,114193,-0.025000,-1.119000,0.284000,1.154748
+X,114272,-0.028000,-1.124000,0.294000,1.162151
+X,114352,-0.025000,-1.129000,0.295000,1.167172
+X,114433,-0.029000,-1.121000,0.284000,1.156779
+X,114512,-0.031000,-1.117000,0.286000,1.153450
+X,114592,-0.032000,-1.129000,0.287000,1.165347
+X,114673,-0.032000,-1.129000,0.287000,1.165347
+X,114752,-0.032000,-1.113000,0.284000,1.149108
+X,114833,-0.036000,-1.124000,0.279000,1.158669
+X,114913,-0.041000,-1.124000,0.289000,1.161283
+X,114992,-0.032000,-1.122000,0.284000,1.157827
+X,115073,-0.034000,-1.127000,0.286000,1.163220
+X,115152,-0.029000,-1.128000,0.289000,1.164794
+X,115232,-0.032000,-1.128000,0.288000,1.164625
+X,115313,-0.032000,-1.121000,0.287000,1.157598
+X,115392,-0.032000,-1.124000,0.292000,1.161750
+X,115472,-0.020000,-1.122000,0.283000,1.157313
+X,115553,-0.032000,-1.120000,0.299000,1.159666
+X,115632,-0.032000,-1.120000,0.299000,1.159666
+X,115713,-0.029000,-1.128000,0.289000,1.164794
+X,115792,-0.029000,-1.120000,0.299000,1.159587
+X,115872,-0.032000,-1.117000,0.288000,1.153974
+X,115953,-0.032000,-1.126000,0.284000,1.161704
+X,116032,-0.033000,-1.127000,0.291000,1.164431
+X,116113,-0.031000,-1.124000,0.288000,1.160724
+X,116193,-0.033000,-1.127000,0.295000,1.165437
+X,116272,-0.031000,-1.121000,0.295000,1.159580
+X,116353,-0.039000,-1.120000,0.287000,1.156845
+X,116432,-0.023000,-1.128000,0.289000,1.164660
+X,116512,-0.033000,-1.117000,0.287000,1.153753
+X,116593,-0.029000,-1.128000,0.291000,1.165292
+X,116672,-0.029000,-1.128000,0.291000,1.165292
+X,116752,-0.025000,-1.133000,0.287000,1.169052
+X,116833,-0.032000,-1.121000,0.289000,1.158096
+X,116912,-0.033000,-1.127000,0.295000,1.165437
+X,116993,-0.032000,-1.122000,0.288000,1.158815
+X,117073,-0.032000,-1.113000,0.284000,1.149108
+X,117152,-0.032000,-1.119000,0.284000,1.154920
+X,117233,-0.029000,-1.127000,0.288000,1.163578
+X,117312,-0.031000,-1.113000,0.292000,1.151084
+X,117392,-0.032000,-1.128000,0.297000,1.166883
+X,117473,-0.032000,-1.128000,0.291000,1.165371
+X,117552,-0.033000,-1.128000,0.291000,1.165399
+X,117632,-0.033000,-1.128000,0.291000,1.165399
+X,117713,-0.026000,-1.136000,0.287000,1.171982
+X,117792,-0.032000,-1.113000,0.287000,1.149853
+X,117873,-0.036000,-1.121000,0.284000,1.156976
+X,117952,-0.031000,-1.117000,0.286000,1.153450
+X,118032,-0.032000,-1.121000,0.284000,1.156858
+X,118113,-0.034000,-1.125000,0.291000,1.162524
+X,118192,-0.029000,-1.124000,0.300000,1.163708
+X,118272,-0.032000,-1.128000,0.287000,1.164378
+X,118353,-0.033000,-1.128000,0.287000,1.164406
+X,118432,-0.029000,-1.128000,0.286000,1.164054
+X,118512,-0.028000,-1.124000,0.289000,1.160897
+X,118593,-0.028000,-1.124000,0.289000,1.160897
+X,118672,-0.032000,-1.128000,0.284000,1.163643
+X,118753,-0.033000,-1.119000,0.281000,1.154214
+X,118832,-0.032000,-1.124000,0.288000,1.160751
+X,118912,-0.026000,-1.121000,0.289000,1.157946
+X,118993,-0.029000,-1.122000,0.287000,1.158488
+X,119072,-0.029000,-1.127000,0.294000,1.165078
+X,119152,-0.026000,-1.124000,0.291000,1.161350
+X,119233,-0.029000,-1.119000,0.279000,1.153622
+X,119312,-0.032000,-1.121000,0.294000,1.159354
+X,119392,-0.032000,-1.128000,0.286000,1.164132
+X,119473,-0.029000,-1.128000,0.297000,1.166805
+X,119552,-0.029000,-1.128000,0.297000,1.166805
+X,119633,-0.029000,-1.122000,0.289000,1.158985
+X,119712,-0.029000,-1.124000,0.288000,1.160673
+X,119792,-0.031000,-1.124000,0.280000,1.158765
+X,119873,-0.033000,-1.124000,0.284000,1.159793
+X,119952,-0.028000,-1.121000,0.279000,1.155537
+X,120032,-0.034000,-1.121000,0.273000,1.154264
+X,120113,-0.032000,-1.120000,0.289000,1.157128
+X,120192,-0.028000,-1.121000,0.288000,1.157743
+X,120273,-0.029000,-1.121000,0.291000,1.158518
+X,120353,-0.032000,-1.125000,0.297000,1.163984
+X,120432,-0.029000,-1.121000,0.287000,1.157519
+X,120513,-0.029000,-1.121000,0.287000,1.157519
+X,120592,-0.031000,-1.121000,0.285000,1.157077
+X,120672,-0.032000,-1.128000,0.300000,1.167651
+X,120753,-0.029000,-1.133000,0.295000,1.171134
+X,120832,-0.031000,-1.124000,0.288000,1.160724
+X,120912,-0.029000,-1.121000,0.284000,1.156779
+X,120993,-0.033000,-1.121000,0.287000,1.157626
+X,121072,-0.032000,-1.124000,0.286000,1.160257
+X,121153,-0.032000,-1.117000,0.287000,1.153725
+X,121232,-0.033000,-1.122000,0.284000,1.157855
+X,121312,-0.031000,-1.120000,0.287000,1.156603
+X,121393,-0.033000,-1.124000,0.280000,1.158820
+X,121472,-0.033000,-1.124000,0.280000,1.158820
+X,121552,-0.029000,-1.112000,0.284000,1.148060
+X,121633,-0.034000,-1.121000,0.286000,1.157408
+X,121712,-0.031000,-1.124000,0.279000,1.158524
+X,121793,-0.031000,-1.128000,0.281000,1.162887
+X,121872,-0.025000,-1.125000,0.296000,1.163557
+X,121952,-0.032000,-1.127000,0.288000,1.163657
+X,122033,-0.026000,-1.128000,0.284000,1.163493
+X,122112,-0.029000,-1.127000,0.284000,1.162594
+X,122192,-0.029000,-1.122000,0.289000,1.158985
+X,122273,-0.032000,-1.120000,0.279000,1.154671
+X,122352,-0.032000,-1.117000,0.295000,1.155741
+X,122432,-0.029000,-1.120000,0.281000,1.155077
+X,122513,-0.029000,-1.120000,0.281000,1.155077
+X,122592,-0.029000,-1.120000,0.283000,1.155565
+X,122673,-0.029000,-1.123000,0.287000,1.159456
+X,122752,-0.032000,-1.124000,0.291000,1.161499
+X,122832,-0.029000,-1.128000,0.287000,1.164300
+X,122913,-0.026000,-1.127000,0.287000,1.163260
+X,122992,-0.032000,-1.125000,0.289000,1.161968
+X,123072,-0.036000,-1.127000,0.286000,1.163280
+X,123153,-0.029000,-1.108000,0.287000,1.144934
+X,123232,-0.030000,-1.124000,0.291000,1.161446
+X,123313,-0.034000,-1.121000,0.289000,1.158153
+X,123393,-0.032000,-1.124000,0.283000,1.159521
+X,123472,-0.032000,-1.124000,0.283000,1.159521
+X,123553,-0.032000,-1.121000,0.287000,1.157598
+X,123632,-0.032000,-1.119000,0.281000,1.154186
+X,123712,-0.034000,-1.124000,0.291000,1.161556
+X,123793,-0.032000,-1.113000,0.287000,1.149853
+X,123872,-0.030000,-1.119000,0.288000,1.155857
+X,123953,-0.037000,-1.121000,0.286000,1.157500
+X,124033,-0.030000,-1.124000,0.284000,1.159712
+X,124112,-0.030000,-1.127000,0.296000,1.165609
+X,124193,-0.028000,-1.124000,0.294000,1.162151
+X,124272,-0.026000,-1.121000,0.286000,1.157200
+X,124352,-0.031000,-1.124000,0.288000,1.160724
+X,124433,-0.031000,-1.124000,0.288000,1.160724
+X,124512,-0.032000,-1.120000,0.291000,1.157629
+X,124592,-0.029000,-1.121000,0.284000,1.156779
+X,124673,-0.029000,-1.121000,0.287000,1.157519
+X,124752,-0.025000,-1.124000,0.289000,1.160828
+X,124833,-0.032000,-1.127000,0.281000,1.161944
+X,124912,-0.033000,-1.121000,0.283000,1.156641
+X,124992,-0.032000,-1.127000,0.286000,1.163163
+X,125073,-0.031000,-1.126000,0.289000,1.162909
+X,125152,-0.032000,-1.127000,0.284000,1.162673
+X,125232,-0.034000,-1.122000,0.287000,1.158624
+X,125313,-0.033000,-1.124000,0.280000,1.158820
+X,125392,-0.033000,-1.124000,0.280000,1.158820
+X,125472,-0.029000,-1.137000,0.284000,1.172291
+X,125553,-0.031000,-1.113000,0.280000,1.148098
+X,125632,-0.039000,-1.121000,0.280000,1.156098
+X,125713,-0.033000,-1.121000,0.283000,1.156641
+X,125792,-0.034000,-1.122000,0.287000,1.158624
+X,125872,-0.032000,-1.123000,0.292000,1.160783
+X,125953,-0.026000,-1.128000,0.289000,1.164724
+X,126032,-0.032000,-1.127000,0.284000,1.162673
+X,126112,-0.032000,-1.117000,0.284000,1.152983
+X,126193,-0.034000,-1.124000,0.287000,1.160561
+X,126272,-0.033000,-1.124000,0.284000,1.159793
+X,126353,-0.033000,-1.124000,0.284000,1.159793
+X,126432,-0.032000,-1.125000,0.286000,1.161226
+X,126512,-0.031000,-1.121000,0.289000,1.158069
+X,126593,-0.036000,-1.120000,0.286000,1.156500
+X,126672,-0.036000,-1.121000,0.283000,1.156731
+X,126752,-0.032000,-1.113000,0.284000,1.149108
+X,126833,-0.032000,-1.128000,0.294000,1.166123
+X,126912,-0.020000,-1.127000,0.289000,1.163636
+X,126993,-0.032000,-1.124000,0.286000,1.160257
+X,127072,-0.031000,-1.128000,0.287000,1.164351
+X,127152,-0.028000,-1.124000,0.288000,1.160648
+X,127233,-0.031000,-1.124000,0.283000,1.159494
+X,127312,-0.029000,-1.117000,0.288000,1.153895
+X,127392,-0.029000,-1.117000,0.288000,1.153895
+X,127473,-0.034000,-1.121000,0.284000,1.156915
+X,127552,-0.031000,-1.128000,0.279000,1.162405
+X,127632,-0.029000,-1.127000,0.281000,1.161865
+X,127713,-0.031000,-1.129000,0.289000,1.165814
+X,127792,-0.029000,-1.128000,0.289000,1.164794
+X,127873,-0.034000,-1.124000,0.284000,1.159822
+X,127952,-0.029000,-1.122000,0.288000,1.158736
+X,128032,-0.025000,-1.121000,0.281000,1.155953
+X,128113,-0.030000,-1.121000,0.281000,1.156072
+X,128192,-0.032000,-1.127000,0.286000,1.163163
+X,128272,-0.029000,-1.128000,0.287000,1.164300
+X,128353,-0.029000,-1.128000,0.287000,1.164300
+X,128432,-0.025000,-1.121000,0.283000,1.156441
+X,128513,-0.036000,-1.127000,0.294000,1.165273
+X,128592,-0.029000,-1.125000,0.287000,1.161394
+X,128672,-0.023000,-1.121000,0.281000,1.155911
+X,128753,-0.033000,-1.128000,0.294000,1.166151
+X,128832,-0.029000,-1.124000,0.280000,1.158713
+X,128912,-0.028000,-1.128000,0.289000,1.164770
+X,128993,-0.032000,-1.124000,0.286000,1.160257
+X,129072,-0.033000,-1.124000,0.289000,1.161028
+X,129152,-0.032000,-1.121000,0.287000,1.157598
+X,129233,-0.033000,-1.127000,0.295000,1.165437
+X,129312,-0.033000,-1.127000,0.295000,1.165437
+X,129393,-0.029000,-1.137000,0.291000,1.174006
+X,129472,-0.029000,-1.117000,0.284000,1.152903
+X,129552,-0.032000,-1.121000,0.286000,1.157351
+X,129633,-0.031000,-1.124000,0.294000,1.162228
+X,129712,-0.029000,-1.124000,0.287000,1.160425
+X,129792,-0.029000,-1.119000,0.291000,1.156582
+X,129873,-0.032000,-1.121000,0.287000,1.157598
+X,129952,-0.033000,-1.113000,0.286000,1.149632
+X,130032,-0.031000,-1.121000,0.284000,1.156831
+X,130113,-0.033000,-1.124000,0.287000,1.160532
+X,130192,-0.034000,-1.127000,0.291000,1.164459
+X,130273,-0.034000,-1.127000,0.291000,1.164459
+X,130352,-0.039000,-1.125000,0.282000,1.160461
+X,130432,-0.029000,-1.117000,0.284000,1.152903
+X,130513,-0.029000,-1.120000,0.281000,1.155077
+X,130592,-0.025000,-1.125000,0.286000,1.161054
+X,130672,-0.029000,-1.121000,0.279000,1.155562
+X,130753,-0.032000,-1.125000,0.287000,1.161472
+X,130832,-0.023000,-1.121000,0.289000,1.157882
+X,130913,-0.031000,-1.121000,0.294000,1.159326
+X,130993,-0.036000,-1.127000,0.287000,1.163526
+X,131072,-0.029000,-1.121000,0.294000,1.159275
+X,131153,-0.033000,-1.121000,0.286000,1.157379
+X,131232,-0.033000,-1.121000,0.286000,1.157379
+X,131312,-0.032000,-1.120000,0.284000,1.155889
+X,131393,-0.032000,-1.120000,0.289000,1.157128
+X,131472,-0.036000,-1.127000,0.280000,1.161820
+X,131552,-0.033000,-1.122000,0.283000,1.157610
+X,131633,-0.025000,-1.124000,0.291000,1.161328
+X,131712,-0.029000,-1.121000,0.284000,1.156779
+X,131793,-0.024000,-1.121000,0.275000,1.154488
+X,131873,-0.032000,-1.121000,0.286000,1.157351
+X,131952,-0.036000,-1.127000,0.294000,1.165273
+X,132033,-0.028000,-1.126000,0.289000,1.162833
+X,132112,-0.031000,-1.114000,0.284000,1.150049
+X,132192,-0.031000,-1.114000,0.284000,1.150049
+X,132273,-0.036000,-1.121000,0.283000,1.156731
+X,132352,-0.033000,-1.124000,0.287000,1.160532
+X,132432,-0.032000,-1.128000,0.295000,1.166376
+X,132513,-0.034000,-1.126000,0.295000,1.164498
+X,132592,-0.032000,-1.122000,0.284000,1.157827
+X,132673,-0.029000,-1.120000,0.283000,1.155565
+X,132752,-0.026000,-1.121000,0.284000,1.156708
+X,132832,-0.031000,-1.128000,0.307000,1.169442
+X,132913,-0.031000,-1.124000,0.290000,1.161222
+X,132992,-0.032000,-1.122000,0.279000,1.156611
-X,161007,-0.090000,1.016000,0.279000,1.057448
-X,161088,-0.089000,1.011000,0.300000,1.058320
-X,161167,-0.093000,1.017000,0.281000,1.059197
-X,161248,-0.090000,1.019000,0.284000,1.061658
-X,161327,-0.092000,1.025000,0.287000,1.068390
-X,161408,-0.093000,1.028000,0.291000,1.072434
-X,161487,-0.089000,1.019000,0.287000,1.062380
-X,161568,-0.089000,1.015000,0.281000,1.056933
-X,161647,-0.089000,1.015000,0.281000,1.056933
-X,161728,-0.087000,1.017000,0.289000,1.060839
-X,161807,-0.080000,1.016000,0.287000,1.058785
-X,161888,-0.093000,1.016000,0.287000,1.059846
-X,161967,-0.093000,1.016000,0.291000,1.060936
-X,162047,-0.088000,1.022000,0.287000,1.065175
-X,162128,-0.089000,1.016000,0.283000,1.058426
-X,162207,-0.089000,1.020000,0.288000,1.063609
-X,162288,-0.093000,1.022000,0.300000,1.069174
-X,162367,-0.089000,1.012000,0.288000,1.055940
-X,162448,-0.090000,1.016000,0.284000,1.058778
-X,162527,-0.092000,1.020000,0.287000,1.063594
-X,162608,-0.090000,1.024000,0.304000,1.071957
-X,162687,-0.090000,1.024000,0.304000,1.071957
-X,162768,-0.088000,1.020000,0.291000,1.064343
-X,162847,-0.095000,1.016000,0.291000,1.061114
-X,162927,-0.090000,1.016000,0.287000,1.059587
-X,163008,-0.088000,1.020000,0.288000,1.063526
-X,163087,-0.089000,1.016000,0.291000,1.060593
-X,163168,-0.080000,1.022000,0.281000,1.062942
-X,163247,-0.097000,1.020000,0.287000,1.064039
-X,163328,-0.093000,1.022000,0.294000,1.067506
-X,163407,-0.090000,1.020000,0.288000,1.063694
-X,163488,-0.089000,1.017000,0.287000,1.060462
-X,163567,-0.089000,1.016000,0.292000,1.060868
-X,163648,-0.089000,1.016000,0.292000,1.060868
-X,163727,-0.092000,1.027000,0.284000,1.069509
-X,163807,-0.093000,1.023000,0.291000,1.067642
-X,163888,-0.089000,1.023000,0.286000,1.065948
-X,163967,-0.084000,1.022000,0.283000,1.063780
-X,164048,-0.085000,1.016000,0.291000,1.060265
-X,164127,-0.096000,1.020000,0.291000,1.065034
-X,164208,-0.089000,1.016000,0.287000,1.059503
-X,164287,-0.089000,1.016000,0.289000,1.060046
-X,164368,-0.089000,1.014000,0.295000,1.059784
-X,164447,-0.090000,1.025000,0.287000,1.068220
-X,164528,-0.092000,1.020000,0.280000,1.061727
-X,164607,-0.092000,1.020000,0.280000,1.061727
-X,164688,-0.097000,1.020000,0.288000,1.064309
-X,164767,-0.088000,1.020000,0.287000,1.063256
-X,164847,-0.089000,1.020000,0.291000,1.064426
-X,164928,-0.090000,1.017000,0.297000,1.063296
-X,165007,-0.088000,1.016000,0.287000,1.059419
-X,165088,-0.089000,1.022000,0.295000,1.067441
-X,165167,-0.087000,1.023000,0.292000,1.067409
-X,165248,-0.089000,1.016000,0.287000,1.059503
-X,165327,-0.089000,1.016000,0.289000,1.060046
-X,165408,-0.090000,1.020000,0.287000,1.063423
-X,165487,-0.089000,1.016000,0.295000,1.061698
-X,165567,-0.089000,1.016000,0.295000,1.061698
-X,165647,-0.089000,1.016000,0.307000,1.065094
-X,165727,-0.088000,1.019000,0.291000,1.063384
-X,165808,-0.090000,1.020000,0.284000,1.062618
-X,165887,-0.093000,1.015000,0.291000,1.059979
-X,165968,-0.089000,1.022000,0.289000,1.065798
-X,166047,-0.089000,1.011000,0.287000,1.054709
-X,166128,-0.087000,1.016000,0.292000,1.060702
-X,166207,-0.087000,1.016000,0.291000,1.060427
-X,166288,-0.093000,1.022000,0.295000,1.067782
-X,166367,-0.089000,1.020000,0.295000,1.065526
-X,166448,-0.089000,1.016000,0.292000,1.060868
-X,166527,-0.092000,1.016000,0.289000,1.060302
-X,166607,-0.092000,1.016000,0.289000,1.060302
-X,166687,-0.093000,1.020000,0.287000,1.063681
-X,166767,-0.097000,1.019000,0.291000,1.064167
-X,166848,-0.089000,1.030000,0.295000,1.075103
-X,166927,-0.089000,1.017000,0.288000,1.060733
-X,167008,-0.089000,1.016000,0.287000,1.059503
-X,167087,-0.096000,1.020000,0.291000,1.065034
-X,167168,-0.096000,1.020000,0.295000,1.066134
-X,167247,-0.093000,1.017000,0.300000,1.064396
-X,167328,-0.093000,1.016000,0.292000,1.061211
-X,167407,-0.090000,1.019000,0.292000,1.063826
-X,167487,-0.093000,1.022000,0.287000,1.065599
-X,167567,-0.093000,1.022000,0.287000,1.065599
-X,167647,-0.092000,1.035000,0.297000,1.080693
-X,167728,-0.093000,1.020000,0.287000,1.063681
-X,167807,-0.093000,1.015000,0.286000,1.058617
-X,167888,-0.089000,1.011000,0.291000,1.055804
-X,167967,-0.090000,1.016000,0.295000,1.061782
-X,168048,-0.087000,1.020000,0.300000,1.066756
-X,168127,-0.093000,1.020000,0.291000,1.064768
-X,168208,-0.089000,1.017000,0.291000,1.061551
-X,168287,-0.090000,1.023000,0.296000,1.068759
-X,168368,-0.084000,1.016000,0.300000,1.062691
-X,168447,-0.095000,1.020000,0.284000,1.063053
-X,168527,-0.095000,1.020000,0.284000,1.063053
-X,168608,-0.100000,1.024000,0.294000,1.070052
-X,168687,-0.097000,1.019000,0.295000,1.065268
-X,168768,-0.093000,1.020000,0.284000,1.062876
-X,168847,-0.089000,1.016000,0.295000,1.061698
-X,168928,-0.087000,1.024000,0.295000,1.069191
-X,169007,-0.089000,1.020000,0.300000,1.066921
-X,169088,-0.090000,1.020000,0.300000,1.067005
-X,169167,-0.093000,1.016000,0.289000,1.060389
-X,169248,-0.090000,1.016000,0.287000,1.059587
-X,169327,-0.081000,1.015000,0.295000,1.060099
-X,169407,-0.089000,1.014000,0.289000,1.058129
-X,169488,-0.089000,1.014000,0.289000,1.058129
-X,169567,-0.089000,1.017000,0.287000,1.060462
-X,169648,-0.084000,1.016000,0.297000,1.061848
-X,169727,-0.093000,1.022000,0.286000,1.065330
-X,169808,-0.096000,1.023000,0.287000,1.066824
-X,169887,-0.087000,1.022000,0.295000,1.067276
-X,169968,-0.087000,1.020000,0.291000,1.064260
-X,170047,-0.088000,1.020000,0.289000,1.063797
-X,170128,-0.093000,1.017000,0.295000,1.062997
-X,170207,-0.093000,1.015000,0.292000,1.060254
-X,170288,-0.088000,1.020000,0.308000,1.069116
-X,170367,-0.089000,1.020000,0.295000,1.065526
-X,170447,-0.093000,1.020000,0.292000,1.065041
-X,170528,-0.093000,1.020000,0.292000,1.065041
-X,170607,-0.092000,1.015000,0.289000,1.059344
-X,170688,-0.089000,1.019000,0.291000,1.063467
-X,170767,-0.089000,1.016000,0.296000,1.061976
-X,170848,-0.089000,1.025000,0.295000,1.070313
-X,170927,-0.089000,1.016000,0.292000,1.060868
-X,171008,-0.093000,1.011000,0.286000,1.054782
-X,171087,-0.088000,1.016000,0.288000,1.059690
-X,171168,-0.089000,1.014000,0.291000,1.058677
-X,171247,-0.088000,1.017000,0.295000,1.062571
-X,171327,-0.093000,1.016000,0.299000,1.063158
-X,171408,-0.090000,1.014000,0.289000,1.058214
-X,171487,-0.090000,1.014000,0.289000,1.058214
-X,171568,-0.090000,1.012000,0.291000,1.056847
-X,171647,-0.089000,1.016000,0.295000,1.061698
-X,171728,-0.089000,1.020000,0.292000,1.064699
-X,171807,-0.090000,1.027000,0.291000,1.071219
-X,171888,-0.089000,1.016000,0.297000,1.062255
-X,171967,-0.097000,1.019000,0.287000,1.063080
-X,172048,-0.096000,1.020000,0.287000,1.063948
-X,172127,-0.093000,1.014000,0.289000,1.058473
-X,172207,-0.088000,1.017000,0.291000,1.061468
-X,172287,-0.087000,1.012000,0.289000,1.056046
-X,172367,-0.089000,1.016000,0.295000,1.061698
-X,172448,-0.089000,1.016000,0.295000,1.061698
-X,172527,-0.089000,1.024000,0.297000,1.069909
-X,172608,-0.089000,1.016000,0.291000,1.060593
-X,172687,-0.096000,1.016000,0.291000,1.061204
-X,172768,-0.090000,1.015000,0.288000,1.058900
-X,172847,-0.081000,1.016000,0.291000,1.059952
-X,172928,-0.090000,1.019000,0.302000,1.066614
-X,173007,-0.089000,1.023000,0.296000,1.068675
-X,173088,-0.089000,1.022000,0.288000,1.065528
-X,173167,-0.082000,1.016000,0.294000,1.060856
-X,173248,-0.092000,1.017000,0.295000,1.062910
-X,173327,-0.089000,1.020000,0.292000,1.064699
-X,173407,-0.089000,1.020000,0.292000,1.064699
-X,173488,-0.097000,1.022000,0.288000,1.066226
-X,173567,-0.082000,1.019000,0.291000,1.062904
-X,173648,-0.090000,1.020000,0.297000,1.066166
-X,173727,-0.089000,1.017000,0.295000,1.062655
-X,173808,-0.088000,1.015000,0.288000,1.058732
-X,173887,-0.088000,1.020000,0.285000,1.062718
-X,173968,-0.089000,1.020000,0.287000,1.063339
-X,174047,-0.089000,1.010000,0.287000,1.053750
-X,174128,-0.085000,1.028000,0.287000,1.070690
-X,174207,-0.093000,1.023000,0.287000,1.066558
-X,174287,-0.092000,1.020000,0.295000,1.065781
-X,174368,-0.093000,1.020000,0.287000,1.063681
-X,174447,-0.093000,1.020000,0.287000,1.063681
-X,174528,-0.097000,1.022000,0.294000,1.067862
-X,174607,-0.084000,1.022000,0.294000,1.066760
-X,174688,-0.089000,1.012000,0.291000,1.056762
-X,174767,-0.089000,1.016000,0.287000,1.059503
-X,174848,-0.093000,1.020000,0.287000,1.063681
-X,174927,-0.092000,1.019000,0.287000,1.062635
-X,175007,-0.090000,1.027000,0.291000,1.071219
-X,175087,-0.090000,1.016000,0.295000,1.061782
-X,175167,-0.093000,1.020000,0.286000,1.063412
-X,175248,-0.089000,1.020000,0.287000,1.063339
-X,175327,-0.093000,1.020000,0.288000,1.063952
-X,175408,-0.093000,1.020000,0.288000,1.063952
-X,175487,-0.079000,1.024000,0.288000,1.066659
-X,175568,-0.093000,1.020000,0.292000,1.065041
-X,175647,-0.093000,1.019000,0.299000,1.066026
-X,175728,-0.092000,1.022000,0.287000,1.065513
-X,175807,-0.089000,1.020000,0.295000,1.065526
-X,175887,-0.089000,1.020000,0.294000,1.065250
-X,175967,-0.095000,1.033000,0.288000,1.076596
-X,176047,-0.093000,1.015000,0.291000,1.059979
-X,176128,-0.093000,1.015000,0.300000,1.062485
-X,176207,-0.092000,1.016000,0.295000,1.061953
-X,176288,-0.097000,1.020000,0.291000,1.065124
-X,176367,-0.097000,1.020000,0.291000,1.065124
-X,176448,-0.082000,1.016000,0.288000,1.059209
-X,176527,-0.089000,1.015000,0.286000,1.058273
-X,176608,-0.093000,1.016000,0.295000,1.062040
-X,176687,-0.092000,1.020000,0.294000,1.065505
-X,176768,-0.090000,1.022000,0.295000,1.067525
-X,176847,-0.089000,1.031000,0.291000,1.074971
-X,176927,-0.088000,1.016000,0.296000,1.061893
-X,177007,-0.089000,1.015000,0.294000,1.060463
-X,177087,-0.089000,1.017000,0.300000,1.064054
-X,177168,-0.092000,1.020000,0.287000,1.063594
-X,177247,-0.089000,1.016000,0.288000,1.059774
-X,177328,-0.088000,1.017000,0.292000,1.061742
-X,177407,-0.088000,1.017000,0.292000,1.061742
-X,177488,-0.092000,1.019000,0.287000,1.062635
-X,177567,-0.087000,1.017000,0.287000,1.060296
-X,177648,-0.088000,1.015000,0.295000,1.060657
-X,177727,-0.093000,1.016000,0.294000,1.061763
-X,177807,-0.093000,1.020000,0.291000,1.064768
-X,177887,-0.089000,1.020000,0.287000,1.063339
-X,177967,-0.095000,1.020000,0.287000,1.063858
-X,178048,-0.093000,1.022000,0.294000,1.067506
-X,178127,-0.089000,1.017000,0.299000,1.063772
-X,178208,-0.089000,1.021000,0.292000,1.065657
-X,178287,-0.097000,1.022000,0.295000,1.068138
-X,178368,-0.097000,1.022000,0.295000,1.068138
-X,178447,-0.093000,1.028000,0.295000,1.073526
-X,178528,-0.087000,1.014000,0.292000,1.058787
-X,178607,-0.092000,1.014000,0.291000,1.058934
-X,178688,-0.095000,1.014000,0.300000,1.061707
-X,178767,-0.088000,1.016000,0.289000,1.059963
-X,178847,-0.095000,1.019000,0.289000,1.063441
-X,178928,-0.090000,1.019000,0.287000,1.062464
-X,179007,-0.088000,1.016000,0.302000,1.063581
-X,179088,-0.089000,1.016000,0.287000,1.059503
-X,179167,-0.093000,1.016000,0.291000,1.060936
-X,179248,-0.089000,1.016000,0.286000,1.059232
-X,179327,-0.089000,1.016000,0.286000,1.059232
-X,179408,-0.090000,1.019000,0.289000,1.063006
-X,179487,-0.084000,1.031000,0.287000,1.073492
-X,179567,-0.090000,1.019000,0.296000,1.064930
-X,179648,-0.093000,1.014000,0.296000,1.060406
-X,179727,-0.090000,1.017000,0.284000,1.059738
-X,179808,-0.080000,1.016000,0.287000,1.058785
-X,179887,-0.087000,1.014000,0.312000,1.064476
-X,179968,-0.089000,1.016000,0.300000,1.063098
-X,180047,-0.089000,1.018000,0.291000,1.062509
-X,180128,-0.089000,1.024000,0.295000,1.069356
-X,180207,-0.089000,1.019000,0.284000,1.061573
-X,180288,-0.089000,1.019000,0.284000,1.061573
-X,180367,-0.089000,1.017000,0.294000,1.062378
-X,180447,-0.093000,1.016000,0.295000,1.062040
-X,180528,-0.095000,1.019000,0.284000,1.062093
-X,180607,-0.088000,1.016000,0.291000,1.060510
-X,180688,-0.089000,1.016000,0.292000,1.060868
-X,180767,-0.090000,1.015000,0.286000,1.058358
-X,180848,-0.088000,1.016000,0.294000,1.061337
-X,180927,-0.093000,1.016000,0.291000,1.060936
-X,181008,-0.089000,1.017000,0.296000,1.062933
-X,181087,-0.088000,1.027000,0.296000,1.072422
-X,181168,-0.089000,1.020000,0.287000,1.063339
-X,181247,-0.093000,1.020000,0.289000,1.064223
-X,181327,-0.093000,1.020000,0.289000,1.064223
-X,181408,-0.097000,1.022000,0.287000,1.065956
-X,181487,-0.089000,1.019000,0.289000,1.062922
-X,181568,-0.090000,1.020000,0.291000,1.064510
-X,181647,-0.089000,1.022000,0.299000,1.068553
-X,181728,-0.089000,1.016000,0.289000,1.060046
-X,181807,-0.096000,1.015000,0.294000,1.061073
-X,181888,-0.090000,1.016000,0.295000,1.061782
-X,181967,-0.088000,1.016000,0.289000,1.059963
-X,182047,-0.090000,1.017000,0.288000,1.060817
-X,182127,-0.088000,1.020000,0.288000,1.063526
-X,182207,-0.089000,1.016000,0.291000,1.060593
-X,182288,-0.089000,1.016000,0.291000,1.060593
-X,182367,-0.089000,1.020000,0.300000,1.066921
-X,182448,-0.089000,1.013000,0.295000,1.058827
-X,182527,-0.093000,1.019000,0.287000,1.062722
-X,182608,-0.089000,1.019000,0.289000,1.062922
-X,182687,-0.088000,1.022000,0.284000,1.064370
-X,182768,-0.093000,1.017000,0.287000,1.060805
-X,182847,-0.093000,1.020000,0.291000,1.064768
-X,182928,-0.089000,1.015000,0.291000,1.059635
-X,183007,-0.080000,1.011000,0.291000,1.055084
-X,183087,-0.088000,1.015000,0.288000,1.058732
-X,183167,-0.092000,1.016000,0.295000,1.061953
-X,183247,-0.092000,1.016000,0.295000,1.061953
-X,183328,-0.086000,1.020000,0.286000,1.062823
-X,183407,-0.093000,1.020000,0.302000,1.067826
-X,183488,-0.090000,1.020000,0.295000,1.065610
-X,183567,-0.089000,1.020000,0.291000,1.064426
-X,183648,-0.089000,1.016000,0.297000,1.062255
-X,183727,-0.093000,1.014000,0.291000,1.059021
-X,183808,-0.090000,1.017000,0.291000,1.061636
-X,183887,-0.089000,1.017000,0.295000,1.062655
-X,183967,-0.097000,1.024000,0.295000,1.070051
-X,184047,-0.092000,1.020000,0.292000,1.064954
-X,184127,-0.088000,1.015000,0.295000,1.060657
-X,184208,-0.088000,1.015000,0.295000,1.060657
-X,184287,-0.084000,1.023000,0.295000,1.067993
-X,184368,-0.092000,1.020000,0.290000,1.064408
-X,184447,-0.095000,1.027000,0.292000,1.071922
-X,184528,-0.093000,1.020000,0.295000,1.065868
-X,184607,-0.088000,1.016000,0.287000,1.059419
-X,184688,-0.085000,1.017000,0.291000,1.061223
-X,184767,-0.092000,1.020000,0.300000,1.067176
-X,184847,-0.088000,1.020000,0.295000,1.065443
-X,184927,-0.089000,1.012000,0.291000,1.056762
-X,185007,-0.089000,1.017000,0.291000,1.061551
-X,185088,-0.085000,1.027000,0.286000,1.069462
-X,185167,-0.090000,1.016000,0.292000,1.060952
-X,185248,-0.090000,1.016000,0.292000,1.060952
-X,185327,-0.092000,1.017000,0.291000,1.061807
-X,185408,-0.090000,1.022000,0.286000,1.065073
-X,185487,-0.093000,1.016000,0.295000,1.062040
-X,185567,-0.092000,1.017000,0.286000,1.060448
-X,185647,-0.089000,1.020000,0.295000,1.065526
-X,185727,-0.096000,1.016000,0.300000,1.063707
-X,185808,-0.092000,1.020000,0.297000,1.066336
-X,185887,-0.092000,1.025000,0.299000,1.071676
-X,185968,-0.086000,1.022000,0.297000,1.067749
-X,186047,-0.095000,1.016000,0.286000,1.059753
-X,186128,-0.090000,1.020000,0.294000,1.065334
-X,186207,-0.090000,1.020000,0.294000,1.065334
-X,186288,-0.082000,1.020000,0.288000,1.063047
-X,186367,-0.089000,1.020000,0.289000,1.063881
-X,186447,-0.092000,1.020000,0.297000,1.066336
-X,186528,-0.092000,1.016000,0.292000,1.061124
-X,186607,-0.090000,1.011000,0.294000,1.056720
-X,186688,-0.092000,1.019000,0.297000,1.065380
-X,186767,-0.092000,1.016000,0.290000,1.060575
-X,186848,-0.092000,1.020000,0.295000,1.065781
-X,186927,-0.089000,1.017000,0.291000,1.061551
-X,187008,-0.089000,1.024000,0.287000,1.067177
-X,187087,-0.095000,1.025000,0.298000,1.071659
-X,187168,-0.095000,1.025000,0.298000,1.071659
-X,187247,-0.093000,1.015000,0.307000,1.064482
-X,187327,-0.093000,1.021000,0.291000,1.065726
-X,187407,-0.096000,1.020000,0.288000,1.064218
-X,187487,-0.089000,1.017000,0.295000,1.062655
-X,187568,-0.090000,1.016000,0.297000,1.062339
-X,187647,-0.096000,1.016000,0.291000,1.061204
-X,187728,-0.089000,1.020000,0.286000,1.063070
-X,187807,-0.084000,1.023000,0.279000,1.063685
-X,187888,-0.096000,1.017000,0.287000,1.061072
-X,187967,-0.089000,1.016000,0.304000,1.064233
-X,188047,-0.093000,1.020000,0.291000,1.064768
-X,188127,-0.093000,1.020000,0.291000,1.064768
-X,188207,-0.089000,1.014000,0.287000,1.057585
-X,188288,-0.089000,1.016000,0.286000,1.059232
-X,188367,-0.089000,1.023000,0.291000,1.067301
-X,188448,-0.089000,1.017000,0.287000,1.060462
-X,188527,-0.097000,1.015000,0.288000,1.059518
-X,188608,-0.089000,1.016000,0.291000,1.060593
-X,188687,-0.088000,1.017000,0.291000,1.061468
-X,188768,-0.090000,1.019000,0.300000,1.066049
-X,188847,-0.089000,1.020000,0.300000,1.066921
-X,188928,-0.089000,1.016000,0.292000,1.060868
-X,189007,-0.093000,1.020000,0.287000,1.063681
-X,189087,-0.089000,1.017000,0.300000,1.064054
-X,189167,-0.089000,1.017000,0.300000,1.064054
-X,189247,-0.084000,1.025000,0.295000,1.069909
-X,189328,-0.093000,1.019000,0.287000,1.062722
-X,189407,-0.093000,1.020000,0.284000,1.062876
-X,189488,-0.090000,1.014000,0.287000,1.057670
-X,189567,-0.090000,1.016000,0.294000,1.061505
-X,189648,-0.089000,1.022000,0.284000,1.064453
-X,189727,-0.093000,1.016000,0.300000,1.063440
-X,189808,-0.092000,1.016000,0.291000,1.060849
-X,189887,-0.090000,1.031000,0.286000,1.073712
-X,189968,-0.093000,1.022000,0.287000,1.065599
-X,190047,-0.101000,1.020000,0.291000,1.065496
-X,190127,-0.101000,1.020000,0.291000,1.065496
-X,190208,-0.097000,1.017000,0.288000,1.061434
-X,190287,-0.088000,1.016000,0.286000,1.059149
-X,190368,-0.089000,1.017000,0.295000,1.062655
-X,190447,-0.092000,1.014000,0.286000,1.057571
-X,190528,-0.093000,1.014000,0.281000,1.056317
-X,190607,-0.093000,1.016000,0.286000,1.059576
-X,190688,-0.092000,1.020000,0.286000,1.063325
-X,190767,-0.090000,1.023000,0.295000,1.068482
-X,190847,-0.093000,1.025000,0.296000,1.070929
-X,190928,-0.093000,1.016000,0.291000,1.060936
-X,191007,-0.093000,1.016000,0.288000,1.060117
-X,191088,-0.093000,1.016000,0.288000,1.060117
-X,191167,-0.090000,1.015000,0.289000,1.059172
-X,191248,-0.090000,1.016000,0.287000,1.059587
-X,191327,-0.090000,1.016000,0.294000,1.061505
-X,191408,-0.085000,1.017000,0.295000,1.062327
-X,191487,-0.089000,1.020000,0.297000,1.066082
-X,191567,-0.088000,1.016000,0.294000,1.061337
-X,191647,-0.090000,1.016000,0.288000,1.059858
-X,191727,-0.093000,1.023000,0.291000,1.067642
-X,191808,-0.089000,1.030000,0.291000,1.074012
-X,191887,-0.089000,1.016000,0.289000,1.060046
-X,191968,-0.089000,1.017000,0.291000,1.061551
-X,192047,-0.088000,1.015000,0.295000,1.060657
-X,192128,-0.088000,1.015000,0.295000,1.060657
-X,192207,-0.080000,1.016000,0.287000,1.058785
-X,192288,-0.089000,1.019000,0.296000,1.064846
-X,192367,-0.092000,1.016000,0.295000,1.061953
-X,192448,-0.089000,1.016000,0.291000,1.060593
-X,192527,-0.087000,1.018000,0.291000,1.062344
-X,192607,-0.089000,1.017000,0.291000,1.061551
-X,192687,-0.092000,1.023000,0.287000,1.066472
-X,192767,-0.089000,1.014000,0.287000,1.057585
-X,192848,-0.095000,1.012000,0.286000,1.055919
-X,192927,-0.090000,1.016000,0.289000,1.060131
-X,193008,-0.090000,1.020000,0.291000,1.064510
-X,193087,-0.090000,1.020000,0.291000,1.064510
-X,193168,-0.088000,1.014000,0.287000,1.057501
-X,193247,-0.090000,1.016000,0.295000,1.061782
-X,193328,-0.089000,1.020000,0.287000,1.063339
-X,193407,-0.090000,1.014000,0.295000,1.059868
-X,193487,-0.093000,1.023000,0.291000,1.067642
-X,193567,-0.092000,1.016000,0.296000,1.062232
-X,193647,-0.096000,1.020000,0.288000,1.064218
-X,193728,-0.090000,1.019000,0.302000,1.066614
-X,193807,-0.084000,1.020000,0.295000,1.065120
-X,193888,-0.093000,1.020000,0.291000,1.064768
-X,193967,-0.093000,1.024000,0.294000,1.069421
-X,194048,-0.093000,1.024000,0.294000,1.069421
-X,194127,-0.090000,1.020000,0.296000,1.065887
-X,194207,-0.092000,1.016000,0.291000,1.060849
-X,194287,-0.093000,1.027000,0.288000,1.070664
-X,194367,-0.089000,1.022000,0.287000,1.065258
-X,194448,-0.095000,1.019000,0.294000,1.064811
-X,194527,-0.097000,1.016000,0.294000,1.062121
-X,194608,-0.084000,1.017000,0.289000,1.060597
-X,194687,-0.097000,1.016000,0.287000,1.060205
-X,194768,-0.088000,1.020000,0.289000,1.063797
-X,194847,-0.092000,1.020000,0.297000,1.066336
-X,194928,-0.093000,1.016000,0.291000,1.060936
-X,195007,-0.093000,1.016000,0.291000,1.060936
-X,195087,-0.089000,1.020000,0.291000,1.064426
-X,195168,-0.093000,1.011000,0.294000,1.056980
-X,195247,-0.088000,1.023000,0.300000,1.069707
-X,195328,-0.093000,1.017000,0.294000,1.062720
-X,195407,-0.093000,1.020000,0.295000,1.065868
-X,195488,-0.087000,1.015000,0.284000,1.057568
-X,195567,-0.087000,1.019000,0.295000,1.064404
-X,195648,-0.090000,1.016000,0.295000,1.061782
-X,195727,-0.089000,1.020000,0.299000,1.066641
-X,195808,-0.092000,1.020000,0.296000,1.066058
-X,195887,-0.092000,1.017000,0.297000,1.063467
-X,195967,-0.095000,1.016000,0.291000,1.061114
-X,196048,-0.095000,1.016000,0.291000,1.061114
-X,196127,-0.089000,1.027000,0.295000,1.072229
-X,196208,-0.089000,1.015000,0.291000,1.059635
-X,196287,-0.093000,1.016000,0.286000,1.059576
-X,196368,-0.093000,1.016000,0.286000,1.059576
-X,196447,-0.092000,1.016000,0.279000,1.057620
-X,196528,-0.096000,1.012000,0.287000,1.056281
-X,196607,-0.089000,1.020000,0.289000,1.063881
-X,196687,-0.087000,1.016000,0.291000,1.060427
-X,196767,-0.087000,1.017000,0.287000,1.060296
-X,196847,-0.090000,1.016000,0.287000,1.059587
-X,196928,-0.093000,1.014000,0.297000,1.060686
-X,197007,-0.093000,1.014000,0.297000,1.060686
-X,197088,-0.089000,1.016000,0.295000,1.061698
-X,197167,-0.088000,1.022000,0.289000,1.065715
-X,197248,-0.095000,1.017000,0.283000,1.059907
-X,197327,-0.097000,1.020000,0.287000,1.064039
-X,197408,-0.077000,1.016000,0.288000,1.058834
-X,197487,-0.084000,1.014000,0.295000,1.059376
-X,197567,-0.089000,1.019000,0.287000,1.062380
-X,197647,-0.088000,1.017000,0.284000,1.059570
-X,197727,-0.088000,1.020000,0.289000,1.063797
-X,197808,-0.089000,1.016000,0.286000,1.059232
-X,197887,-0.093000,1.017000,0.291000,1.061894
-X,197968,-0.093000,1.017000,0.291000,1.061894
-X,198047,-0.095000,1.028000,0.300000,1.075086
-X,198128,-0.089000,1.020000,0.291000,1.064426
-X,198207,-0.089000,1.016000,0.288000,1.059774
-X,198288,-0.093000,1.014000,0.291000,1.059021
-X,198367,-0.089000,1.016000,0.296000,1.061976
-X,198448,-0.080000,1.015000,0.288000,1.058097
-X,198527,-0.090000,1.020000,0.294000,1.065334
-X,198607,-0.090000,1.020000,0.289000,1.063965
-X,198688,-0.089000,1.017000,0.294000,1.062378
-X,198767,-0.093000,1.016000,0.287000,1.059846
-X,198848,-0.095000,1.020000,0.296000,1.066321
-X,198927,-0.095000,1.020000,0.296000,1.066321
-X,199008,-0.095000,1.023000,0.294000,1.068639
-X,199087,-0.085000,1.019000,0.296000,1.064520
-X,199168,-0.093000,1.016000,0.289000,1.060389
-X,199247,-0.090000,1.016000,0.288000,1.059858
-X,199327,-0.095000,1.020000,0.291000,1.064944
-X,199408,-0.085000,1.016000,0.295000,1.061370
-X,199487,-0.089000,1.017000,0.287000,1.060462
-X,199568,-0.089000,1.020000,0.291000,1.064426
-X,199647,-0.089000,1.015000,0.295000,1.060741
-X,199728,-0.089000,1.017000,0.302000,1.064619
-X,199807,-0.088000,1.016000,0.294000,1.061337
-X,199888,-0.094000,1.017000,0.299000,1.064202
-X,199967,-0.094000,1.017000,0.299000,1.064202
-X,200048,-0.088000,1.019000,0.295000,1.064486
-X,200127,-0.089000,1.020000,0.295000,1.065526
-X,200207,-0.087000,1.020000,0.291000,1.064260
-X,200287,-0.089000,1.027000,0.297000,1.072781
-X,200367,-0.089000,1.020000,0.300000,1.066921
-X,200448,-0.089000,1.014000,0.300000,1.061187
-X,200527,-0.090000,1.016000,0.287000,1.059587
-X,200608,-0.090000,1.017000,0.287000,1.060546
-X,200687,-0.093000,1.027000,0.291000,1.071475
-X,200768,-0.093000,1.016000,0.291000,1.060936
-X,200847,-0.093000,1.023000,0.291000,1.067642
-X,200928,-0.093000,1.023000,0.291000,1.067642
-X,201007,-0.093000,1.022000,0.292000,1.066957
-X,201088,-0.089000,1.017000,0.290000,1.061278
-X,201167,-0.082000,1.025000,0.289000,1.068115
-X,201248,-0.092000,1.022000,0.295000,1.067695
-X,201327,-0.095000,1.020000,0.291000,1.064944
-X,201407,-0.093000,1.012000,0.287000,1.056012
-X,201488,-0.089000,1.016000,0.302000,1.063664
-X,201567,-0.088000,1.016000,0.294000,1.061337
-X,201648,-0.089000,1.023000,0.289000,1.066757
-X,201727,-0.093000,1.017000,0.286000,1.060535
-X,201808,-0.090000,1.014000,0.294000,1.059590
-X,201887,-0.090000,1.014000,0.294000,1.059590
-X,201968,-0.090000,1.020000,0.295000,1.065610
-X,202047,-0.095000,1.020000,0.295000,1.066044
-X,202127,-0.092000,1.016000,0.294000,1.061676
-X,202207,-0.095000,1.022000,0.289000,1.066316
-X,202287,-0.096000,1.017000,0.287000,1.061072
-X,202368,-0.095000,1.019000,0.299000,1.066202
-X,202447,-0.092000,1.020000,0.291000,1.064681
-X,202528,-0.090000,1.016000,0.292000,1.060952
-X,202607,-0.089000,1.023000,0.300000,1.069790
-X,202688,-0.089000,1.022000,0.291000,1.066342
-X,202767,-0.089000,1.017000,0.294000,1.062378
-X,202848,-0.095000,1.016000,0.291000,1.061114
-X,202927,-0.095000,1.016000,0.291000,1.061114
-X,203007,-0.096000,1.017000,0.295000,1.063264
-X,203088,-0.089000,1.015000,0.291000,1.059635
-X,203167,-0.088000,1.017000,0.289000,1.060921
-X,203248,-0.092000,1.017000,0.294000,1.062633
-X,203327,-0.088000,1.016000,0.291000,1.060510
-X,203408,-0.093000,1.023000,0.289000,1.067098
-X,203487,-0.093000,1.024000,0.295000,1.069696
-X,203568,-0.093000,1.020000,0.295000,1.065868
-X,203647,-0.087000,1.023000,0.295000,1.068233
-X,203727,-0.089000,1.016000,0.287000,1.059503
-X,203807,-0.089000,1.019000,0.295000,1.064569
-X,203887,-0.089000,1.019000,0.295000,1.064569
-X,203968,-0.081000,1.016000,0.287000,1.058861
-X,204047,-0.093000,1.016000,0.287000,1.059846
-X,204128,-0.089000,1.023000,0.291000,1.067301
-X,204207,-0.093000,1.016000,0.295000,1.062040
-X,204288,-0.088000,1.020000,0.283000,1.062183
-X,204367,-0.089000,1.027000,0.300000,1.073615
-X,204448,-0.088000,1.020000,0.303000,1.067686
-X,204527,-0.093000,1.020000,0.295000,1.065868
-X,204607,-0.090000,1.016000,0.287000,1.059587
-X,204687,-0.087000,1.020000,0.291000,1.064260
-X,204767,-0.089000,1.022000,0.291000,1.066342
-X,204848,-0.089000,1.022000,0.291000,1.066342
-X,204927,-0.086000,1.017000,0.304000,1.064942
-X,205008,-0.089000,1.017000,0.295000,1.062655
-X,205087,-0.087000,1.016000,0.295000,1.061532
-X,205168,-0.088000,1.016000,0.295000,1.061614
-X,205247,-0.089000,1.023000,0.294000,1.068123
-X,205328,-0.093000,1.020000,0.300000,1.067262
-X,205407,-0.095000,1.015000,0.295000,1.061261
-X,205488,-0.089000,1.011000,0.287000,1.054709
-X,205567,-0.085000,1.012000,0.295000,1.057541
-X,205647,-0.089000,1.017000,0.295000,1.062655
-X,205727,-0.090000,1.017000,0.290000,1.061362
-X,205807,-0.090000,1.017000,0.290000,1.061362
-X,205888,-0.090000,1.016000,0.291000,1.060678
-X,205967,-0.088000,1.020000,0.289000,1.063797
-X,206048,-0.093000,1.027000,0.287000,1.070396
-X,206127,-0.093000,1.017000,0.291000,1.061894
-X,206208,-0.093000,1.016000,0.295000,1.062040
-X,206287,-0.085000,1.015000,0.291000,1.059307
-X,206368,-0.089000,1.022000,0.295000,1.067441
-X,206447,-0.089000,1.014000,0.294000,1.059506
-X,206527,-0.089000,1.027000,0.291000,1.071135
-X,206607,-0.093000,1.020000,0.295000,1.065868
-X,206687,-0.088000,1.016000,0.292000,1.060785
-X,206768,-0.087000,1.011000,0.291000,1.055638
-X,206847,-0.087000,1.011000,0.291000,1.055638
-X,206928,-0.090000,1.016000,0.288000,1.059858
-X,207007,-0.089000,1.030000,0.291000,1.074012
-X,207088,-0.093000,1.020000,0.291000,1.064768
-X,207167,-0.095000,1.024000,0.300000,1.071261
-X,207248,-0.088000,1.016000,0.287000,1.059419
-X,207327,-0.085000,1.014000,0.291000,1.058349
-X,207407,-0.087000,1.015000,0.291000,1.059469
-X,207487,-0.089000,1.015000,0.287000,1.058544
-X,207567,-0.093000,1.022000,0.287000,1.065599
-X,207648,-0.089000,1.020000,0.291000,1.064426
-X,207727,-0.089000,1.020000,0.295000,1.065526
-X,207808,-0.089000,1.020000,0.295000,1.065526
-X,207887,-0.090000,1.023000,0.299000,1.069593
-X,207968,-0.084000,1.020000,0.295000,1.065120
-X,208047,-0.088000,1.016000,0.291000,1.060510
-X,208128,-0.089000,1.014000,0.292000,1.058953
-X,208207,-0.096000,1.017000,0.299000,1.064381
-X,208288,-0.088000,1.017000,0.303000,1.064820
-X,208367,-0.089000,1.017000,0.291000,1.061551
-X,208447,-0.093000,1.017000,0.294000,1.062720
-X,208527,-0.097000,1.017000,0.288000,1.061434
-X,208607,-0.089000,1.017000,0.288000,1.060733
-X,208688,-0.090000,1.022000,0.287000,1.065342
-X,208767,-0.090000,1.022000,0.287000,1.065342
-X,208848,-0.089000,1.020000,0.286000,1.063070
-X,208927,-0.093000,1.016000,0.289000,1.060389
-X,209008,-0.093000,1.016000,0.300000,1.063440
-X,209087,-0.093000,1.020000,0.289000,1.064223
-X,209167,-0.082000,1.020000,0.291000,1.063863
-X,209247,-0.088000,1.015000,0.291000,1.059552
-X,209327,-0.096000,1.020000,0.287000,1.063948
-X,209408,-0.090000,1.017000,0.284000,1.059738
-X,209487,-0.090000,1.020000,0.294000,1.065334
-X,209568,-0.093000,1.016000,0.284000,1.059038
-X,209647,-0.089000,1.016000,0.291000,1.060593
-X,209728,-0.088000,1.020000,0.289000,1.063797
-X,209807,-0.088000,1.020000,0.289000,1.063797
-X,209888,-0.088000,1.015000,0.289000,1.059004
-X,209967,-0.089000,1.016000,0.286000,1.059232
-X,210047,-0.092000,1.019000,0.287000,1.062635
-X,210127,-0.089000,1.020000,0.291000,1.064426
-X,210207,-0.093000,1.019000,0.287000,1.062722
-X,210288,-0.090000,1.016000,0.296000,1.062060
-X,210367,-0.089000,1.016000,0.294000,1.061420
-X,210448,-0.089000,1.020000,0.287000,1.063339
-X,210527,-0.090000,1.020000,0.294000,1.065334
-X,210608,-0.090000,1.016000,0.287000,1.059587
-X,210687,-0.089000,1.023000,0.297000,1.068952
-X,210768,-0.089000,1.023000,0.297000,1.068952
-X,210847,-0.089000,1.020000,0.287000,1.063339
-X,210927,-0.089000,1.017000,0.292000,1.061826
-X,211007,-0.089000,1.016000,0.291000,1.060593
-X,211087,-0.089000,1.016000,0.294000,1.061420
-X,211168,-0.088000,1.016000,0.295000,1.061614
-X,211247,-0.085000,1.008000,0.304000,1.056269
-X,211328,-0.089000,1.016000,0.295000,1.061698
-X,211407,-0.089000,1.020000,0.291000,1.064426
-X,211488,-0.089000,1.031000,0.297000,1.076611
-X,211567,-0.087000,1.020000,0.295000,1.065361
-X,211648,-0.088000,1.016000,0.287000,1.059419
-X,211727,-0.088000,1.016000,0.287000,1.059419
-X,211807,-0.101000,1.020000,0.287000,1.064411
-X,211888,-0.089000,1.016000,0.291000,1.060593
-X,211967,-0.089000,1.015000,0.295000,1.060741
-X,212048,-0.093000,1.016000,0.291000,1.060936
-X,212127,-0.087000,1.016000,0.291000,1.060427
-X,212208,-0.089000,1.016000,0.289000,1.060046
-X,212287,-0.089000,1.019000,0.300000,1.065965
-X,212368,-0.089000,1.022000,0.294000,1.067165
-X,212447,-0.085000,1.017000,0.281000,1.058525
-X,212528,-0.096000,1.017000,0.288000,1.061343
-X,212607,-0.090000,1.020000,0.296000,1.065887
-X,212687,-0.090000,1.020000,0.296000,1.065887
-X,212768,-0.080000,1.020000,0.295000,1.064812
-X,212847,-0.090000,1.020000,0.294000,1.065334
-X,212928,-0.093000,1.016000,0.300000,1.063440
-X,213007,-0.093000,1.016000,0.289000,1.060389
-X,213088,-0.089000,1.015000,0.292000,1.059910
-X,213167,-0.089000,1.020000,0.291000,1.064426
-X,213248,-0.087000,1.016000,0.291000,1.060427
-X,213327,-0.087000,1.020000,0.291000,1.064260
-X,213408,-0.088000,1.022000,0.292000,1.066533
-X,213487,-0.089000,1.022000,0.291000,1.066342
-X,213568,-0.090000,1.022000,0.287000,1.065342
-X,213647,-0.095000,1.016000,0.292000,1.061388
-X,213727,-0.095000,1.016000,0.292000,1.061388
-X,213808,-0.092000,1.011000,0.300000,1.058577
-X,213887,-0.087000,1.011000,0.291000,1.055638
-X,213968,-0.089000,1.017000,0.287000,1.060462
-X,214047,-0.095000,1.027000,0.295000,1.072744
-X,214128,-0.088000,1.016000,0.287000,1.059419
-X,214207,-0.089000,1.020000,0.291000,1.064426
-X,214288,-0.093000,1.024000,0.287000,1.067518
-X,214367,-0.089000,1.020000,0.291000,1.064426
-X,214448,-0.093000,1.016000,0.294000,1.061763
-X,214527,-0.093000,1.016000,0.295000,1.062040
-X,214607,-0.090000,1.020000,0.284000,1.062618
-X,214688,-0.090000,1.020000,0.284000,1.062618
-X,214767,-0.093000,1.019000,0.291000,1.063810
-X,214848,-0.093000,1.030000,0.295000,1.075441
-X,214927,-0.093000,1.015000,0.296000,1.061362
-X,215008,-0.093000,1.016000,0.291000,1.060936
-X,215087,-0.090000,1.020000,0.292000,1.064784
-X,215168,-0.080000,1.016000,0.288000,1.059056
-X,215247,-0.090000,1.016000,0.291000,1.060678
-X,215327,-0.093000,1.023000,0.291000,1.067642
-X,215407,-0.093000,1.014000,0.288000,1.058201
-X,215487,-0.087000,1.016000,0.294000,1.061254
-X,215568,-0.087000,1.016000,0.295000,1.061532
-X,215647,-0.087000,1.016000,0.295000,1.061532
-X,215728,-0.090000,1.015000,0.300000,1.062226
-X,215807,-0.093000,1.019000,0.295000,1.064911
-X,215888,-0.093000,1.019000,0.296000,1.065188
-X,215967,-0.093000,1.020000,0.291000,1.064768
-X,216048,-0.088000,1.016000,0.302000,1.063581
-X,216127,-0.092000,1.016000,0.291000,1.060849
-X,216207,-0.092000,1.017000,0.288000,1.060989
-X,216288,-0.088000,1.016000,0.289000,1.059963
-X,216367,-0.089000,1.020000,0.289000,1.063881
-X,216448,-0.093000,1.025000,0.295000,1.070653
-X,216527,-0.084000,1.020000,0.287000,1.062932
-X,216608,-0.084000,1.020000,0.287000,1.062932
-X,216687,-0.093000,1.019000,0.287000,1.062722
-X,216768,-0.090000,1.016000,0.291000,1.060678
-X,216847,-0.090000,1.016000,0.291000,1.060678
-X,216928,-0.093000,1.016000,0.291000,1.060936
-X,217007,-0.095000,1.017000,0.289000,1.061525
-X,217087,-0.088000,1.016000,0.291000,1.060510
-X,217168,-0.085000,1.016000,0.294000,1.061092
-X,217247,-0.089000,1.019000,0.300000,1.065965
-X,217328,-0.087000,1.015000,0.295000,1.060575
-X,217407,-0.090000,1.022000,0.295000,1.067525
-X,217488,-0.089000,1.020000,0.300000,1.066921
-X,217567,-0.089000,1.017000,0.304000,1.065188
-X,217648,-0.089000,1.017000,0.304000,1.065188
-X,217727,-0.089000,1.024000,0.295000,1.069356
-X,217808,-0.092000,1.016000,0.287000,1.059759
-X,217887,-0.093000,1.016000,0.291000,1.060936
-X,217968,-0.084000,1.016000,0.296000,1.061569
-X,218047,-0.090000,1.016000,0.291000,1.060678
-X,218127,-0.090000,1.016000,0.302000,1.063748
-X,218208,-0.089000,1.019000,0.300000,1.065965
-X,218287,-0.089000,1.015000,0.297000,1.061299
-X,218368,-0.089000,1.010000,0.291000,1.054847
-X,218447,-0.093000,1.020000,0.291000,1.064768
-X,218528,-0.090000,1.016000,0.289000,1.060131
-X,218607,-0.090000,1.016000,0.289000,1.060131
-X,218688,-0.089000,1.023000,0.295000,1.068398
-X,218767,-0.093000,1.020000,0.291000,1.064768
-X,218847,-0.093000,1.016000,0.284000,1.059038
-X,218928,-0.093000,1.020000,0.287000,1.063681
-X,219007,-0.089000,1.024000,0.289000,1.067716
-X,219088,-0.088000,1.016000,0.294000,1.061337
-X,219167,-0.089000,1.020000,0.291000,1.064426
-X,219248,-0.090000,1.022000,0.291000,1.066426
-X,219327,-0.089000,1.025000,0.295000,1.070313
-X,219408,-0.089000,1.016000,0.294000,1.061420
-X,219487,-0.089000,1.023000,0.289000,1.066757
-X,219567,-0.089000,1.023000,0.289000,1.066757
-X,219648,-0.090000,1.019000,0.289000,1.063006
-X,219727,-0.093000,1.016000,0.295000,1.062040
-X,219808,-0.089000,1.016000,0.295000,1.061698
-X,219887,-0.084000,1.016000,0.287000,1.059094
-X,219968,-0.089000,1.012000,0.305000,1.060703
-X,220047,-0.090000,1.016000,0.291000,1.060678
-X,220128,-0.093000,1.025000,0.295000,1.070653
-X,220207,-0.092000,1.023000,0.291000,1.067555
-X,220287,-0.093000,1.016000,0.291000,1.060936
-X,220367,-0.088000,1.017000,0.294000,1.062294
-X,220447,-0.095000,1.016000,0.287000,1.060024
-X,220528,-0.095000,1.016000,0.287000,1.060024
-X,220607,-0.077000,1.020000,0.281000,1.060797
-X,220688,-0.093000,1.022000,0.297000,1.068336
-X,220767,-0.089000,1.020000,0.286000,1.063070
-X,220848,-0.087000,1.016000,0.284000,1.058528
-X,220927,-0.088000,1.022000,0.295000,1.067358
-X,221008,-0.089000,1.022000,0.297000,1.067995
-X,221087,-0.096000,1.020000,0.288000,1.064218
-X,221167,-0.093000,1.017000,0.289000,1.061348
-X,221248,-0.081000,1.024000,0.291000,1.067623
-X,221327,-0.090000,1.020000,0.294000,1.065334
-X,221408,-0.093000,1.016000,0.291000,1.060936
-X,221487,-0.088000,1.016000,0.286000,1.059149
-X,221568,-0.088000,1.016000,0.286000,1.059149
-X,221647,-0.093000,1.020000,0.295000,1.065868
-X,221728,-0.088000,1.017000,0.288000,1.060649
-X,221807,-0.088000,1.016000,0.288000,1.059690
-X,221887,-0.090000,1.016000,0.294000,1.061505
-X,221967,-0.095000,1.022000,0.297000,1.068512
-X,222047,-0.097000,1.023000,0.294000,1.068819
-X,222128,-0.097000,1.024000,0.279000,1.065751
-X,222207,-0.097000,1.015000,0.280000,1.057371
-X,222288,-0.095000,1.022000,0.292000,1.067133
-X,222367,-0.096000,1.016000,0.291000,1.061204
-X,222448,-0.093000,1.016000,0.296000,1.062319
-X,222527,-0.093000,1.016000,0.296000,1.062319
-X,222608,-0.088000,1.023000,0.295000,1.068315
-X,222687,-0.090000,1.014000,0.283000,1.056591
-X,222767,-0.084000,1.014000,0.295000,1.059376
-X,222847,-0.087000,1.015000,0.295000,1.060575
-X,222927,-0.084000,1.012000,0.295000,1.057461
-X,223008,-0.087000,1.014000,0.294000,1.059340
-X,223087,-0.093000,1.020000,0.294000,1.065591
-X,223168,-0.089000,1.019000,0.294000,1.064292
-X,223247,-0.093000,1.016000,0.288000,1.060117
-X,223328,-0.093000,1.016000,0.291000,1.060936
-X,223407,-0.085000,1.023000,0.300000,1.069464
-X,223488,-0.085000,1.023000,0.300000,1.069464
-X,223567,-0.096000,1.024000,0.291000,1.068865
-X,223648,-0.089000,1.017000,0.295000,1.062655
-X,223727,-0.089000,1.017000,0.302000,1.064619
-X,223807,-0.090000,1.023000,0.291000,1.067385
-X,223888,-0.088000,1.022000,0.300000,1.068751
-X,223967,-0.089000,1.023000,0.291000,1.067301
-X,224048,-0.089000,1.017000,0.300000,1.064054
-X,224127,-0.093000,1.019000,0.288000,1.062993
-X,224208,-0.090000,1.027000,0.300000,1.073699
-X,224287,-0.089000,1.016000,0.291000,1.060593
-X,224368,-0.089000,1.019000,0.295000,1.064569
-X,224447,-0.089000,1.019000,0.295000,1.064569
-X,224528,-0.087000,1.016000,0.290000,1.060153
-X,224607,-0.080000,1.016000,0.287000,1.058785
-X,224688,-0.090000,1.017000,0.291000,1.061636
-X,224767,-0.090000,1.016000,0.291000,1.060678
-X,224847,-0.089000,1.020000,0.299000,1.066641
-X,224928,-0.089000,1.020000,0.295000,1.065526
-X,225007,-0.089000,1.020000,0.292000,1.064699
-X,225088,-0.090000,1.025000,0.294000,1.070122
-X,225167,-0.093000,1.017000,0.291000,1.061894
-X,225248,-0.093000,1.016000,0.292000,1.061211
-X,225327,-0.090000,1.016000,0.287000,1.059587
-X,225408,-0.088000,1.016000,0.283000,1.058343
-X,225487,-0.088000,1.016000,0.283000,1.058343
-X,225567,-0.089000,1.016000,0.292000,1.060868
-X,225647,-0.090000,1.016000,0.303000,1.064032
-X,225727,-0.090000,1.011000,0.295000,1.056999
-X,225807,-0.097000,1.022000,0.291000,1.067040
-X,225887,-0.093000,1.020000,0.296000,1.066145
-X,225968,-0.093000,1.016000,0.287000,1.059846
-X,226047,-0.084000,1.020000,0.288000,1.063203
-X,226128,-0.090000,1.020000,0.295000,1.065610
-X,226207,-0.089000,1.016000,0.300000,1.063098
-X,226288,-0.088000,1.012000,0.299000,1.058909
-X,226367,-0.085000,1.016000,0.295000,1.061370
-X,226448,-0.085000,1.016000,0.295000,1.061370
-X,226527,-0.089000,1.022000,0.292000,1.066616
-X,226607,-0.092000,1.016000,0.287000,1.059759
-X,226687,-0.084000,1.019000,0.292000,1.063335
-X,226767,-0.093000,1.016000,0.299000,1.063158
-X,226848,-0.089000,1.023000,0.288000,1.066487
-X,226927,-0.090000,1.020000,0.284000,1.062618
-X,227008,-0.087000,1.020000,0.287000,1.063174
-X,227087,-0.090000,1.020000,0.291000,1.064510
-X,227168,-0.088000,1.016000,0.295000,1.061614
-X,227247,-0.089000,1.014000,0.287000,1.057585
-X,227328,-0.089000,1.020000,0.287000,1.063339
-X,227407,-0.089000,1.020000,0.287000,1.063339
-X,227488,-0.087000,1.027000,0.291000,1.070971
-X,227567,-0.093000,1.016000,0.292000,1.061211
-X,227647,-0.090000,1.016000,0.295000,1.061782
-X,227727,-0.095000,1.020000,0.294000,1.065768
-X,227807,-0.088000,1.014000,0.295000,1.059700
-X,227888,-0.087000,1.022000,0.286000,1.064823
-X,227967,-0.089000,1.017000,0.292000,1.061826
-X,228048,-0.089000,1.022000,0.289000,1.065798
-X,228127,-0.089000,1.023000,0.296000,1.068675
-X,228208,-0.092000,1.020000,0.291000,1.064681
-X,228287,-0.090000,1.020000,0.292000,1.064784
-X,228368,-0.087000,1.016000,0.296000,1.061810
-X,228447,-0.087000,1.016000,0.296000,1.061810
-X,228527,-0.089000,1.027000,0.295000,1.072229
-X,228607,-0.094000,1.022000,0.289000,1.066227
-X,228687,-0.093000,1.019000,0.289000,1.063264
-X,228768,-0.089000,1.016000,0.291000,1.060593
-X,228847,-0.085000,1.012000,0.295000,1.057541
-X,228928,-0.090000,1.012000,0.287000,1.055752
-X,229007,-0.089000,1.016000,0.287000,1.059503
-X,229088,-0.090000,1.017000,0.291000,1.061636
-X,229167,-0.090000,1.015000,0.287000,1.058628
-X,229248,-0.089000,1.019000,0.292000,1.063741
-X,229327,-0.093000,1.027000,0.294000,1.072294
-X,229407,-0.093000,1.027000,0.294000,1.072294
-X,229487,-0.089000,1.016000,0.291000,1.060593
-X,229567,-0.093000,1.016000,0.284000,1.059038
-X,229648,-0.093000,1.016000,0.286000,1.059576
-X,229727,-0.089000,1.019000,0.287000,1.062380
-X,229808,-0.089000,1.022000,0.288000,1.065528
-X,229887,-0.089000,1.016000,0.286000,1.059232
-X,229968,-0.089000,1.011000,0.286000,1.054437
-X,230047,-0.088000,1.014000,0.286000,1.057230
-X,230128,-0.089000,1.023000,0.284000,1.065413
-X,230207,-0.090000,1.017000,0.291000,1.061636
-X,230287,-0.095000,1.020000,0.291000,1.064944
-X,230368,-0.095000,1.020000,0.291000,1.064944
-X,230447,-0.097000,1.020000,0.287000,1.064039
-X,230528,-0.092000,1.016000,0.287000,1.059759
-X,230607,-0.093000,1.020000,0.288000,1.063952
-X,230688,-0.089000,1.016000,0.287000,1.059503
-X,230767,-0.089000,1.013000,0.298000,1.059667
-X,230848,-0.090000,1.017000,0.289000,1.061089
-X,230927,-0.095000,1.020000,0.287000,1.063858
-X,231008,-0.090000,1.027000,0.294000,1.072038
-X,231087,-0.093000,1.020000,0.287000,1.063681
-X,231167,-0.090000,1.015000,0.289000,1.059172
-X,231247,-0.092000,1.017000,0.287000,1.060718
-X,231327,-0.092000,1.017000,0.287000,1.060718
-X,231408,-0.094000,1.019000,0.304000,1.067527
-X,231487,-0.090000,1.016000,0.291000,1.060678
-X,231568,-0.093000,1.019000,0.289000,1.063264
-X,231647,-0.087000,1.030000,0.291000,1.073848
-X,231728,-0.090000,1.016000,0.284000,1.058778
-X,231807,-0.088000,1.016000,0.287000,1.059419
-X,231888,-0.089000,1.020000,0.291000,1.064426
-X,231967,-0.089000,1.017000,0.295000,1.062655
-X,232047,-0.089000,1.016000,0.296000,1.061976
-X,232127,-0.090000,1.020000,0.291000,1.064510
-X,232207,-0.089000,1.022000,0.291000,1.066342
-X,232288,-0.090000,1.020000,0.291000,1.064510
-X,232367,-0.090000,1.020000,0.291000,1.064510
-X,232448,-0.089000,1.016000,0.295000,1.061698
-X,232527,-0.090000,1.025000,0.286000,1.067952
-X,232608,-0.090000,1.020000,0.291000,1.064510
-X,232687,-0.095000,1.016000,0.292000,1.061388
-X,232768,-0.093000,1.017000,0.287000,1.060805
-X,232847,-0.087000,1.020000,0.287000,1.063174
-X,232927,-0.090000,1.019000,0.289000,1.063006
-X,233007,-0.095000,1.022000,0.292000,1.067133
-X,233087,-0.095000,1.022000,0.289000,1.066316
-X,233168,-0.089000,1.020000,0.299000,1.066641
-X,233247,-0.089000,1.019000,0.295000,1.064569
-X,233328,-0.089000,1.019000,0.295000,1.064569
-X,233407,-0.089000,1.024000,0.290000,1.067987
-X,233488,-0.090000,1.023000,0.293000,1.067932
-X,233567,-0.095000,1.019000,0.288000,1.063170
-X,233648,-0.090000,1.022000,0.292000,1.066700
-X,233727,-0.088000,1.016000,0.295000,1.061614
-X,233807,-0.088000,1.014000,0.308000,1.063393
-X,233887,-0.090000,1.019000,0.291000,1.063552
-X,233967,-0.089000,1.012000,0.291000,1.056762
-X,234048,-0.089000,1.014000,0.291000,1.058677
-X,234127,-0.084000,1.020000,0.300000,1.066516
-X,234208,-0.089000,1.027000,0.289000,1.070594
-X,234287,-0.089000,1.027000,0.289000,1.070594
-X,234368,-0.095000,1.024000,0.296000,1.070148
-X,234447,-0.093000,1.016000,0.294000,1.061763
-X,234528,-0.088000,1.016000,0.296000,1.061893
-X,234607,-0.090000,1.016000,0.283000,1.058511
-X,234688,-0.089000,1.020000,0.286000,1.063070
-X,234767,-0.090000,1.022000,0.294000,1.067249
-X,234848,-0.088000,1.016000,0.291000,1.060510
-X,234927,-0.090000,1.024000,0.284000,1.066458
-X,235007,-0.090000,1.027000,0.288000,1.070408
-X,235087,-0.088000,1.017000,0.300000,1.063970
-X,235167,-0.093000,1.016000,0.287000,1.059846
-X,235248,-0.093000,1.016000,0.287000,1.059846
-X,235327,-0.089000,1.027000,0.291000,1.071135
-X,235408,-0.090000,1.019000,0.295000,1.064653
-X,235487,-0.093000,1.016000,0.287000,1.059846
-X,235568,-0.093000,1.020000,0.295000,1.065868
-X,235647,-0.090000,1.014000,0.287000,1.057670
-X,235728,-0.089000,1.016000,0.291000,1.060593
-X,235807,-0.089000,1.020000,0.287000,1.063339
-X,235888,-0.093000,1.025000,0.297000,1.071206
-X,235967,-0.093000,1.016000,0.284000,1.059038
-X,236047,-0.096000,1.017000,0.291000,1.062161
-X,236128,-0.093000,1.022000,0.300000,1.069174
-X,236207,-0.089000,1.019000,0.295000,1.064569
-X,236288,-0.089000,1.019000,0.295000,1.064569
-X,236367,-0.089000,1.016000,0.291000,1.060593
-X,236448,-0.089000,1.016000,0.294000,1.061420
-X,236527,-0.093000,1.019000,0.295000,1.064911
-X,236608,-0.096000,1.022000,0.286000,1.065596
-X,236687,-0.089000,1.021000,0.295000,1.066483
-X,236767,-0.089000,1.016000,0.291000,1.060593
-X,236847,-0.088000,1.014000,0.287000,1.057501
-X,236927,-0.093000,1.017000,0.291000,1.061894
-X,237008,-0.087000,1.014000,0.287000,1.057419
-X,237087,-0.089000,1.016000,0.291000,1.060593
-X,237168,-0.090000,1.016000,0.295000,1.061782
-X,237247,-0.090000,1.016000,0.295000,1.061782
-X,237328,-0.089000,1.017000,0.305000,1.065474
-X,237407,-0.093000,1.020000,0.291000,1.064768
-X,237488,-0.092000,1.020000,0.292000,1.064954
-X,237567,-0.089000,1.015000,0.295000,1.060741
-X,237648,-0.089000,1.017000,0.291000,1.061551
-X,237727,-0.095000,1.019000,0.291000,1.063986
-X,237807,-0.092000,1.014000,0.295000,1.060040
-X,237888,-0.089000,1.017000,0.292000,1.061826
-X,237967,-0.084000,1.020000,0.294000,1.064844
-X,238048,-0.095000,1.014000,0.292000,1.059474
-X,238127,-0.089000,1.016000,0.295000,1.061698
-X,238208,-0.089000,1.016000,0.295000,1.061698
-X,238287,-0.090000,1.016000,0.287000,1.059587
-X,238368,-0.089000,1.020000,0.295000,1.065526
-X,238447,-0.093000,1.019000,0.296000,1.065188
-X,238528,-0.090000,1.019000,0.296000,1.064930
-X,238607,-0.095000,1.022000,0.288000,1.066045
-X,238687,-0.093000,1.019000,0.289000,1.063264
-X,238768,-0.090000,1.016000,0.291000,1.060678
-X,238847,-0.090000,1.017000,0.295000,1.062739
-X,238928,-0.088000,1.011000,0.295000,1.056830
-X,239007,-0.089000,1.016000,0.289000,1.060046
-X,239088,-0.092000,1.016000,0.291000,1.060849
-X,239167,-0.092000,1.016000,0.291000,1.060849
-X,239248,-0.090000,1.022000,0.290000,1.066154
-X,239327,-0.090000,1.016000,0.294000,1.061505
-X,239407,-0.090000,1.023000,0.284000,1.065497
-X,239488,-0.089000,1.016000,0.287000,1.059503
-X,239567,-0.095000,1.019000,0.287000,1.062899
-X,239648,-0.093000,1.020000,0.297000,1.066423
-X,239727,-0.089000,1.024000,0.297000,1.069909
-X,239808,-0.090000,1.017000,0.289000,1.061089
-X,239887,-0.085000,1.020000,0.291000,1.064099
-X,239968,-0.095000,1.020000,0.291000,1.064944
-X,240047,-0.093000,1.016000,0.283000,1.058770
-X,240127,-0.089000,1.012000,0.294000,1.057592
-X,240207,-0.089000,1.012000,0.294000,1.057592
-X,240287,-0.090000,1.016000,0.291000,1.060678
-X,240368,-0.089000,1.020000,0.289000,1.063881
-X,240447,-0.089000,1.016000,0.291000,1.060593
-X,240528,-0.095000,1.017000,0.286000,1.060712
-X,240607,-0.093000,1.017000,0.291000,1.061894
-X,240688,-0.089000,1.020000,0.287000,1.063339
-X,240767,-0.093000,1.016000,0.287000,1.059846
-X,240848,-0.093000,1.016000,0.291000,1.060936
-X,240927,-0.089000,1.016000,0.295000,1.061698
+Y,329155,-1.057000,-0.041000,0.304000,1.100612
+Y,329235,-1.063000,-0.039000,0.304000,1.106303
+Y,329316,-1.064000,-0.036000,0.305000,1.107437
+Y,329395,-1.073000,-0.039000,0.304000,1.115915
+Y,329476,-1.064000,-0.040000,0.310000,1.108962
+Y,329555,-1.064000,-0.040000,0.305000,1.107574
+Y,329635,-1.064000,-0.045000,0.304000,1.107491
+Y,329716,-1.064000,-0.045000,0.304000,1.107491
+Y,329795,-1.064000,-0.041000,0.305000,1.107611
+Y,329875,-1.069000,-0.040000,0.307000,1.112928
+Y,329956,-1.057000,-0.034000,0.305000,1.100650
+Y,330035,-1.073000,-0.040000,0.304000,1.115950
+Y,330116,-1.064000,-0.037000,0.308000,1.108300
+Y,330195,-1.066000,-0.034000,0.310000,1.110681
+Y,330275,-1.063000,-0.036000,0.307000,1.107029
+Y,330356,-1.063000,-0.041000,0.307000,1.107203
+Y,330435,-1.069000,-0.039000,0.304000,1.112069
+Y,330515,-1.067000,-0.040000,0.307000,1.111008
+Y,330596,-1.056000,-0.040000,0.305000,1.099891
+Y,330675,-1.073000,-0.039000,0.304000,1.115915
+Y,330756,-1.073000,-0.039000,0.304000,1.115915
+Y,330835,-1.069000,-0.033000,0.304000,1.111875
+Y,330915,-1.063000,-0.029000,0.307000,1.106824
+Y,330996,-1.068000,-0.039000,0.307000,1.111933
+Y,331075,-1.064000,-0.036000,0.303000,1.106888
+Y,331155,-1.065000,-0.039000,0.304000,1.108225
+Y,331236,-1.057000,-0.040000,0.304000,1.100575
+Y,331315,-1.073000,-0.039000,0.305000,1.116188
+Y,331396,-1.065000,-0.040000,0.305000,1.108535
+Y,331475,-1.063000,-0.036000,0.305000,1.106476
+Y,331555,-1.063000,-0.045000,0.307000,1.107358
+Y,331636,-1.064000,-0.040000,0.304000,1.107299
+Y,331715,-1.061000,-0.039000,0.310000,1.106048
+Y,331795,-1.061000,-0.039000,0.310000,1.106048
+Y,331876,-1.059000,-0.042000,0.304000,1.102570
+Y,331955,-1.064000,-0.037000,0.308000,1.108300
+Y,332036,-1.073000,-0.036000,0.311000,1.117741
+Y,332115,-1.061000,-0.036000,0.312000,1.106508
+Y,332195,-1.063000,-0.031000,0.305000,1.106325
+Y,332276,-1.060000,-0.040000,0.304000,1.103456
+Y,332355,-1.064000,-0.044000,0.303000,1.107177
+Y,332435,-1.064000,-0.041000,0.307000,1.108163
+Y,332516,-1.064000,-0.040000,0.307000,1.108127
+Y,332595,-1.055000,-0.042000,0.304000,1.098729
+Y,332676,-1.063000,-0.039000,0.304000,1.106303
+Y,332755,-1.063000,-0.039000,0.304000,1.106303
+Y,332835,-1.069000,-0.040000,0.305000,1.112378
+Y,332916,-1.062000,-0.040000,0.304000,1.105378
+Y,332995,-1.064000,-0.041000,0.308000,1.108441
+Y,333075,-1.066000,-0.040000,0.307000,1.110047
+Y,333156,-1.063000,-0.039000,0.307000,1.107131
+Y,333235,-1.056000,-0.040000,0.304000,1.099614
+Y,333316,-1.073000,-0.036000,0.307000,1.116635
+Y,333395,-1.065000,-0.041000,0.308000,1.109401
+Y,333475,-1.063000,-0.040000,0.304000,1.106338
+Y,333556,-1.065000,-0.039000,0.304000,1.108225
+Y,333635,-1.064000,-0.039000,0.305000,1.107539
+Y,333716,-1.063000,-0.039000,0.312000,1.108528
+Y,333795,-1.063000,-0.039000,0.312000,1.108528
+Y,333875,-1.060000,-0.041000,0.296000,1.101316
+Y,333956,-1.073000,-0.037000,0.304000,1.115847
+Y,334035,-1.066000,-0.037000,0.310000,1.110777
+Y,334115,-1.066000,-0.040000,0.307000,1.110047
+Y,334196,-1.063000,-0.041000,0.310000,1.108039
+Y,334275,-1.065000,-0.040000,0.312000,1.110481
+Y,334356,-1.063000,-0.041000,0.307000,1.107203
+Y,334435,-1.064000,-0.044000,0.299000,1.106089
+Y,334515,-1.073000,-0.039000,0.305000,1.116188
+Y,334596,-1.064000,-0.040000,0.303000,1.107025
+Y,334675,-1.063000,-0.041000,0.305000,1.106650
+Y,334755,-1.064000,-0.041000,0.304000,1.107336
+Y,334836,-1.064000,-0.041000,0.304000,1.107336
+Y,334915,-1.061000,-0.036000,0.312000,1.106508
+Y,334996,-1.061000,-0.039000,0.312000,1.106610
+Y,335075,-1.049000,-0.040000,0.312000,1.095146
+Y,335155,-1.073000,-0.041000,0.308000,1.117083
+Y,335236,-1.065000,-0.040000,0.303000,1.107986
+Y,335315,-1.061000,-0.037000,0.307000,1.105142
+Y,335395,-1.066000,-0.037000,0.307000,1.109943
+Y,335476,-1.063000,-0.041000,0.302000,1.105827
+Y,335555,-1.066000,-0.040000,0.304000,1.109221
+Y,335636,-1.060000,-0.041000,0.308000,1.104602
+Y,335715,-1.060000,-0.039000,0.310000,1.105089
+Y,335795,-1.060000,-0.039000,0.310000,1.105089
+Y,335876,-1.064000,-0.040000,0.305000,1.107574
+Y,335955,-1.073000,-0.039000,0.303000,1.115643
+Y,336036,-1.066000,-0.037000,0.304000,1.109117
+Y,336115,-1.066000,-0.040000,0.307000,1.110047
+Y,336195,-1.066000,-0.039000,0.307000,1.110012
+Y,336276,-1.063000,-0.036000,0.312000,1.108426
+Y,336355,-1.064000,-0.034000,0.304000,1.107099
+Y,336435,-1.064000,-0.039000,0.304000,1.107264
+Y,336516,-1.061000,-0.040000,0.306000,1.104969
+Y,336595,-1.064000,-0.039000,0.307000,1.108091
+Y,336675,-1.064000,-0.036000,0.310000,1.108825
+Y,336756,-1.064000,-0.033000,0.308000,1.108174
+Y,336835,-1.064000,-0.033000,0.308000,1.108174
+Y,336916,-1.064000,-0.045000,0.308000,1.108596
+Y,336995,-1.065000,-0.039000,0.305000,1.108499
+Y,337075,-1.064000,-0.039000,0.307000,1.108091
+Y,337156,-1.063000,-0.040000,0.312000,1.108563
+Y,337235,-1.060000,-0.040000,0.312000,1.105687
+Y,337315,-1.065000,-0.032000,0.312000,1.110222
+Y,337396,-1.066000,-0.045000,0.307000,1.110239
+Y,337475,-1.061000,-0.037000,0.307000,1.105142
+Y,337556,-1.064000,-0.039000,0.307000,1.108091
+Y,337635,-1.060000,-0.036000,0.310000,1.104987
+Y,337715,-1.053000,-0.036000,0.305000,1.096873
+Y,337796,-1.065000,-0.033000,0.308000,1.109134
+Y,337875,-1.065000,-0.033000,0.308000,1.109134
+Y,337955,-1.073000,-0.039000,0.310000,1.117564
+Y,338036,-1.064000,-0.040000,0.304000,1.107299
+Y,338115,-1.068000,-0.036000,0.307000,1.111831
+Y,338196,-1.064000,-0.036000,0.310000,1.108825
+Y,338275,-1.064000,-0.036000,0.304000,1.107162
+Y,338355,-1.064000,-0.036000,0.304000,1.107162
+Y,338436,-1.058000,-0.040000,0.304000,1.101535
+Y,338515,-1.069000,-0.040000,0.304000,1.112105
+Y,338595,-1.058000,-0.036000,0.312000,1.103632
+Y,338676,-1.061000,-0.032000,0.310000,1.105823
+Y,338755,-1.068000,-0.039000,0.302000,1.110562
+Y,338836,-1.068000,-0.039000,0.302000,1.110562
+Y,338915,-1.068000,-0.037000,0.304000,1.111040
+Y,338995,-1.064000,-0.036000,0.311000,1.109105
+Y,339076,-1.064000,-0.037000,0.319000,1.111407
+Y,339155,-1.061000,-0.040000,0.307000,1.105246
+Y,339235,-1.055000,-0.042000,0.305000,1.099006
+Y,339316,-1.069000,-0.040000,0.305000,1.112378
+Y,339395,-1.073000,-0.036000,0.312000,1.118020
+Y,339476,-1.064000,-0.040000,0.304000,1.107299
+Y,339555,-1.064000,-0.029000,0.300000,1.105865
+Y,339635,-1.064000,-0.040000,0.310000,1.108962
+Y,339716,-1.063000,-0.034000,0.307000,1.106966
+Y,339795,-1.064000,-0.041000,0.304000,1.107336
+Y,339876,-1.064000,-0.041000,0.304000,1.107336
+Y,339955,-1.058000,-0.043000,0.307000,1.102480
+Y,340035,-1.066000,-0.034000,0.305000,1.109296
+Y,340116,-1.062000,-0.040000,0.304000,1.105378
+Y,340195,-1.064000,-0.034000,0.305000,1.107374
+Y,340275,-1.065000,-0.036000,0.304000,1.108123
+Y,340356,-1.064000,-0.045000,0.310000,1.109153
+Y,340435,-1.066000,-0.040000,0.304000,1.109221
+Y,340516,-1.066000,-0.040000,0.310000,1.110881
+Y,340595,-1.064000,-0.041000,0.307000,1.108163
+Y,340675,-1.073000,-0.040000,0.304000,1.115950
+Y,340756,-1.063000,-0.040000,0.310000,1.108002
+Y,340835,-1.065000,-0.036000,0.305000,1.108398
+Y,340915,-1.065000,-0.036000,0.305000,1.108398
+Y,340996,-1.064000,-0.049000,0.307000,1.108488
+Y,341075,-1.066000,-0.041000,0.303000,1.108984
+Y,341156,-1.066000,-0.040000,0.304000,1.109221
+Y,341235,-1.053000,-0.040000,0.304000,1.096734
+Y,341315,-1.065000,-0.039000,0.304000,1.108225
+Y,341396,-1.066000,-0.037000,0.307000,1.109943
+Y,341475,-1.064000,-0.040000,0.312000,1.109522
+Y,341555,-1.064000,-0.041000,0.307000,1.108163
+Y,341636,-1.065000,-0.037000,0.304000,1.108156
+Y,341715,-1.064000,-0.039000,0.304000,1.107264
+Y,341796,-1.066000,-0.039000,0.304000,1.109186
+Y,341876,-1.066000,-0.039000,0.304000,1.109186
+Y,341955,-1.076000,-0.040000,0.303000,1.118564
+Y,342036,-1.066000,-0.040000,0.310000,1.110881
+Y,342115,-1.064000,-0.044000,0.311000,1.109393
+Y,342195,-1.065000,-0.045000,0.311000,1.110392
+Y,342276,-1.064000,-0.040000,0.310000,1.108962
+Y,342355,-1.064000,-0.037000,0.312000,1.109418
+Y,342436,-1.063000,-0.036000,0.310000,1.107865
+Y,342516,-1.060000,-0.036000,0.305000,1.103595
+Y,342595,-1.065000,-0.041000,0.307000,1.109123
+Y,342676,-1.065000,-0.036000,0.304000,1.108123
+Y,342755,-1.064000,-0.032000,0.304000,1.107039
+Y,342835,-1.064000,-0.036000,0.303000,1.106888
+Y,342916,-1.064000,-0.036000,0.303000,1.106888
+Y,342995,-1.064000,-0.048000,0.307000,1.108444
+Y,343076,-1.061000,-0.036000,0.312000,1.106508
+Y,343156,-1.066000,-0.040000,0.312000,1.111440
+Y,343235,-1.058000,-0.041000,0.305000,1.101848
+Y,343316,-1.064000,-0.040000,0.311000,1.109242
+Y,343395,-1.063000,-0.040000,0.307000,1.107167
+Y,343475,-1.064000,-0.037000,0.307000,1.108022
+Y,343556,-1.064000,-0.045000,0.305000,1.107766
+Y,343635,-1.066000,-0.033000,0.307000,1.109817
+Y,343716,-1.064000,-0.040000,0.307000,1.108127
+Y,343795,-1.064000,-0.040000,0.295000,1.104862
+Y,343875,-1.064000,-0.040000,0.295000,1.104862
+Y,343956,-1.073000,-0.040000,0.304000,1.115950
+Y,344035,-1.069000,-0.036000,0.304000,1.111968
+Y,344115,-1.067000,-0.039000,0.304000,1.110147
+Y,344196,-1.066000,-0.041000,0.307000,1.110084
+Y,344275,-1.064000,-0.039000,0.308000,1.108369
+Y,344356,-1.066000,-0.041000,0.304000,1.109258
+Y,344435,-1.056000,-0.036000,0.304000,1.099476
+Y,344515,-1.073000,-0.036000,0.307000,1.116635
+Y,344596,-1.064000,-0.037000,0.307000,1.108022
+Y,344675,-1.065000,-0.036000,0.310000,1.109784
+Y,344755,-1.068000,-0.041000,0.305000,1.111454
+Y,344836,-1.064000,-0.040000,0.311000,1.109242
+Y,344915,-1.064000,-0.040000,0.311000,1.109242
+Y,344996,-1.065000,-0.040000,0.303000,1.107986
+Y,345075,-1.060000,-0.040000,0.305000,1.103732
+Y,345155,-1.073000,-0.042000,0.307000,1.116845
+Y,345236,-1.070000,-0.040000,0.304000,1.113066
+Y,345315,-1.066000,-0.036000,0.304000,1.109084
+Y,345396,-1.069000,-0.041000,0.304000,1.112141
+Y,345476,-1.065000,-0.036000,0.308000,1.109227
+Y,345555,-1.060000,-0.032000,0.310000,1.104864
+Y,345636,-1.069000,-0.035000,0.307000,1.112760
+Y,345715,-1.073000,-0.041000,0.300000,1.114904
+Y,345795,-1.066000,-0.042000,0.304000,1.109295
+Y,345876,-1.064000,-0.032000,0.307000,1.107867
+Y,345955,-1.064000,-0.032000,0.307000,1.107867
+Y,346036,-1.065000,-0.045000,0.305000,1.108727
+Y,346115,-1.064000,-0.037000,0.305000,1.107470
+Y,346195,-1.064000,-0.040000,0.315000,1.110370
+Y,346276,-1.060000,-0.040000,0.305000,1.103732
+Y,346355,-1.073000,-0.037000,0.307000,1.116668
+Y,346435,-1.064000,-0.039000,0.312000,1.109487
+Y,346516,-1.065000,-0.029000,0.307000,1.108745
+Y,346595,-1.065000,-0.041000,0.305000,1.108572
+Y,346676,-1.064000,-0.039000,0.305000,1.107539
+Y,346755,-1.063000,-0.037000,0.308000,1.107340
+Y,346835,-1.060000,-0.039000,0.312000,1.105651
+Y,346916,-1.053000,-0.039000,0.307000,1.097533
+Y,346995,-1.053000,-0.039000,0.307000,1.097533
+Y,347075,-1.063000,-0.042000,0.308000,1.107518
+Y,347156,-1.064000,-0.039000,0.310000,1.108926
+Y,347235,-1.061000,-0.040000,0.307000,1.105246
+Y,347316,-1.065000,-0.049000,0.305000,1.108896
+Y,347395,-1.063000,-0.039000,0.307000,1.107131
+Y,347475,-1.069000,-0.040000,0.307000,1.112928
+Y,347556,-1.058000,-0.036000,0.300000,1.100300
+Y,347635,-1.073000,-0.039000,0.307000,1.116736
+Y,347715,-1.064000,-0.042000,0.307000,1.108201
+Y,347796,-1.061000,-0.040000,0.302000,1.103868
+Y,347875,-1.068000,-0.045000,0.307000,1.112159
+Y,347956,-1.068000,-0.045000,0.307000,1.112159
+Y,348035,-1.065000,-0.036000,0.319000,1.112332
+Y,348115,-1.061000,-0.036000,0.311000,1.106227
+Y,348196,-1.055000,-0.039000,0.307000,1.099452
+Y,348275,-1.073000,-0.039000,0.305000,1.116188
+Y,348356,-1.064000,-0.040000,0.304000,1.107299
+Y,348436,-1.063000,-0.040000,0.304000,1.106338
+Y,348515,-1.066000,-0.045000,0.310000,1.111072
+Y,348596,-1.064000,-0.036000,0.312000,1.109385
+Y,348675,-1.065000,-0.040000,0.304000,1.108260
+Y,348755,-1.056000,-0.039000,0.305000,1.099855
+Y,348836,-1.064000,-0.036000,0.305000,1.107437
+Y,348915,-1.061000,-0.040000,0.310000,1.106084
+Y,348996,-1.061000,-0.040000,0.310000,1.106084
+Y,349076,-1.063000,-0.029000,0.310000,1.107660
+Y,349155,-1.064000,-0.041000,0.307000,1.108163
+Y,349236,-1.064000,-0.040000,0.312000,1.109522
+Y,349315,-1.061000,-0.036000,0.305000,1.104555
+Y,349395,-1.068000,-0.034000,0.310000,1.112601
+Y,349476,-1.060000,-0.039000,0.304000,1.103421
+Y,349555,-1.073000,-0.040000,0.304000,1.115950
+Y,349635,-1.064000,-0.036000,0.303000,1.106888
+Y,349716,-1.064000,-0.040000,0.304000,1.107299
+Y,349795,-1.063000,-0.041000,0.312000,1.108600
+Y,349876,-1.069000,-0.041000,0.311000,1.114075
+Y,349955,-1.069000,-0.041000,0.311000,1.114075
+Y,350035,-1.064000,-0.040000,0.304000,1.107299
+Y,350116,-1.064000,-0.039000,0.303000,1.106990
+Y,350195,-1.060000,-0.034000,0.307000,1.104086
+Y,350275,-1.066000,-0.040000,0.302000,1.108675
+Y,350356,-1.065000,-0.045000,0.303000,1.108178
+Y,350435,-1.064000,-0.040000,0.300000,1.106208
+Y,350516,-1.066000,-0.045000,0.307000,1.110239
+Y,350595,-1.066000,-0.036000,0.307000,1.109910
+Y,350675,-1.064000,-0.040000,0.307000,1.108127
+Y,350756,-1.064000,-0.039000,0.306000,1.107814
+Y,350835,-1.073000,-0.040000,0.307000,1.116771
+Y,350916,-1.060000,-0.039000,0.303000,1.103145
+Y,350995,-1.060000,-0.039000,0.303000,1.103145
+Y,351075,-1.060000,-0.038000,0.304000,1.103386
+Y,351156,-1.065000,-0.049000,0.307000,1.109448
+Y,351235,-1.063000,-0.040000,0.302000,1.105791
+Y,351315,-1.061000,-0.036000,0.304000,1.104279
+Y,351396,-1.064000,-0.036000,0.307000,1.107990
+Y,351475,-1.066000,-0.039000,0.308000,1.110289
+Y,351556,-1.058000,-0.036000,0.303000,1.101122
+Y,351635,-1.056000,-0.039000,0.304000,1.099578
+Y,351715,-1.073000,-0.040000,0.304000,1.115950
+Y,351796,-1.065000,-0.045000,0.307000,1.109279
+Y,351875,-1.061000,-0.036000,0.304000,1.104279
+Y,351955,-1.063000,-0.045000,0.305000,1.106806
+Y,352036,-1.063000,-0.045000,0.305000,1.106806
+Y,352115,-1.064000,-0.040000,0.316000,1.110654
+Y,352196,-1.068000,-0.034000,0.312000,1.113159
+Y,352276,-1.064000,-0.036000,0.310000,1.108825
+Y,352355,-1.056000,-0.036000,0.311000,1.101432
+Y,352436,-1.063000,-0.040000,0.310000,1.108002
+Y,352515,-1.073000,-0.036000,0.304000,1.115814
+Y,352595,-1.073000,-0.036000,0.305000,1.116087
+Y,352676,-1.065000,-0.039000,0.311000,1.110165
+Y,352755,-1.064000,-0.037000,0.312000,1.109418
+Y,352836,-1.067000,-0.039000,0.311000,1.112084
+Y,352916,-1.065000,-0.036000,0.308000,1.109227
+Y,352995,-1.065000,-0.036000,0.308000,1.109227
+Y,353076,-1.064000,-0.036000,0.319000,1.111374
+Y,353155,-1.064000,-0.040000,0.307000,1.108127
+Y,353235,-1.061000,-0.042000,0.305000,1.104767
+Y,353316,-1.063000,-0.040000,0.304000,1.106338
+Y,353395,-1.064000,-0.039000,0.304000,1.107264
+Y,353476,-1.068000,-0.031000,0.308000,1.111957
+Y,353556,-1.060000,-0.045000,0.310000,1.105317
+Y,353635,-1.060000,-0.039000,0.304000,1.103421
+Y,353716,-1.064000,-0.040000,0.307000,1.108127
+Y,353795,-1.060000,-0.037000,0.302000,1.102802
+Y,353875,-1.073000,-0.039000,0.307000,1.116736
+Y,353956,-1.066000,-0.036000,0.305000,1.109359
+Y,354035,-1.066000,-0.036000,0.305000,1.109359
+Y,354116,-1.065000,-0.037000,0.305000,1.108431
+Y,354196,-1.068000,-0.041000,0.305000,1.111454
+Y,354275,-1.069000,-0.039000,0.307000,1.112893
+Y,354356,-1.064000,-0.040000,0.307000,1.108127
+Y,354435,-1.056000,-0.037000,0.305000,1.099786
+Y,354515,-1.073000,-0.040000,0.308000,1.117047
+Y,354596,-1.063000,-0.039000,0.307000,1.107131
+Y,354675,-1.065000,-0.036000,0.310000,1.109784
+Y,354756,-1.066000,-0.041000,0.307000,1.110084
+Y,354835,-1.060000,-0.040000,0.307000,1.104287
+Y,354915,-1.069000,-0.041000,0.304000,1.112141
+Y,354996,-1.057000,-0.036000,0.304000,1.100437
+Y,355075,-1.057000,-0.036000,0.304000,1.100437
+Y,355155,-1.069000,-0.039000,0.304000,1.112069
+Y,355236,-1.064000,-0.039000,0.305000,1.107539
+Y,355315,-1.064000,-0.029000,0.304000,1.106957
+Y,355396,-1.064000,-0.040000,0.304000,1.107299
+Y,355475,-1.060000,-0.038000,0.312000,1.105617
+Y,355555,-1.063000,-0.042000,0.308000,1.107518
+Y,355636,-1.060000,-0.040000,0.307000,1.104287
+Y,355715,-1.065000,-0.041000,0.302000,1.107750
+Y,355795,-1.064000,-0.040000,0.304000,1.107299
+Y,355876,-1.064000,-0.036000,0.307000,1.107990
+Y,355955,-1.063000,-0.037000,0.305000,1.106509
+Y,356036,-1.063000,-0.037000,0.305000,1.106509
+Y,356115,-1.064000,-0.040000,0.305000,1.107574
+Y,356195,-1.064000,-0.037000,0.319000,1.111407
+Y,356276,-1.056000,-0.037000,0.305000,1.099786
+Y,356355,-1.065000,-0.037000,0.304000,1.108156
+Y,356435,-1.070000,-0.036000,0.305000,1.113203
+Y,356516,-1.066000,-0.029000,0.312000,1.111099
+Y,356595,-1.060000,-0.041000,0.307000,1.104323
+Y,356676,-1.065000,-0.039000,0.307000,1.109051
+Y,356755,-1.066000,-0.040000,0.316000,1.112570
+Y,356835,-1.058000,-0.040000,0.299000,1.100166
+Y,356916,-1.073000,-0.040000,0.304000,1.115950
+Y,356995,-1.064000,-0.040000,0.304000,1.107299
+Y,357076,-1.064000,-0.040000,0.304000,1.107299
+Y,357156,-1.067000,-0.041000,0.305000,1.110493
+Y,357235,-1.065000,-0.041000,0.305000,1.108572
+Y,357316,-1.068000,-0.038000,0.307000,1.111898
+Y,357395,-1.063000,-0.040000,0.307000,1.107167
+Y,357475,-1.069000,-0.034000,0.305000,1.112179
+Y,357556,-1.056000,-0.040000,0.304000,1.099614
+Y,357635,-1.056000,-0.040000,0.305000,1.099891
+Y,357716,-1.065000,-0.040000,0.305000,1.108535
+Y,357795,-1.064000,-0.041000,0.304000,1.107336
+Y,357875,-1.064000,-0.039000,0.304000,1.107264
+Y,357956,-1.061000,-0.040000,0.304000,1.104417
+Y,358035,-1.063000,-0.041000,0.305000,1.106650
+Y,358115,-1.063000,-0.041000,0.305000,1.106650
+Y,358196,-1.066000,-0.039000,0.307000,1.110012
+Y,358275,-1.060000,-0.042000,0.303000,1.103256
+Y,358356,-1.073000,-0.039000,0.303000,1.115643
+Y,358435,-1.064000,-0.039000,0.304000,1.107264
+Y,358515,-1.065000,-0.029000,0.307000,1.108745
+Y,358596,-1.065000,-0.045000,0.307000,1.109279
+Y,358675,-1.063000,-0.040000,0.307000,1.107167
+Y,358755,-1.065000,-0.040000,0.312000,1.110481
+Y,358836,-1.056000,-0.036000,0.305000,1.099753
+Y,358915,-1.073000,-0.040000,0.312000,1.118156
+Y,358996,-1.070000,-0.037000,0.307000,1.113785
+Y,359075,-1.070000,-0.037000,0.307000,1.113785
+Y,359155,-1.062000,-0.042000,0.304000,1.105452
+Y,359236,-1.068000,-0.040000,0.308000,1.112245
+Y,359315,-1.064000,-0.041000,0.308000,1.108441
+Y,359395,-1.062000,-0.036000,0.311000,1.107186
+Y,359476,-1.065000,-0.036000,0.304000,1.108123
+Y,359555,-1.064000,-0.040000,0.307000,1.108127
+Y,359636,-1.060000,-0.036000,0.304000,1.103319
+Y,359715,-1.065000,-0.039000,0.311000,1.110165
+Y,359795,-1.065000,-0.036000,0.303000,1.107849
+Y,359876,-1.064000,-0.036000,0.305000,1.107437
+Y,359955,-1.065000,-0.040000,0.310000,1.109921
+Y,360035,-1.061000,-0.042000,0.307000,1.105321
+Y,360116,-1.061000,-0.042000,0.307000,1.105321
+Y,360195,-1.069000,-0.040000,0.303000,1.111832
+Y,360276,-1.056000,-0.042000,0.304000,1.099689
+Y,360355,-1.073000,-0.039000,0.304000,1.115915
+Y,360435,-1.066000,-0.036000,0.307000,1.109910
+Y,360516,-1.064000,-0.040000,0.307000,1.108127
+Y,360595,-1.065000,-0.045000,0.304000,1.108452
+Y,360675,-1.061000,-0.034000,0.305000,1.104492
+Y,360756,-1.064000,-0.039000,0.310000,1.108926
+Y,360835,-1.064000,-0.041000,0.303000,1.107062
+Y,360916,-1.073000,-0.036000,0.304000,1.115814
+Y,360995,-1.064000,-0.034000,0.307000,1.107926
+Y,361075,-1.063000,-0.039000,0.304000,1.106303
+Y,361156,-1.063000,-0.039000,0.304000,1.106303
+Y,361235,-1.064000,-0.036000,0.305000,1.107437
+Y,361315,-1.063000,-0.045000,0.304000,1.106531
+Y,361396,-1.064000,-0.040000,0.304000,1.107299
+Y,361475,-1.061000,-0.036000,0.307000,1.105109
+Y,361556,-1.066000,-0.040000,0.304000,1.109221
+Y,361635,-1.049000,-0.036000,0.304000,1.092755
+Y,361715,-1.073000,-0.036000,0.304000,1.115814
+Y,361796,-1.064000,-0.040000,0.307000,1.108127
+Y,361875,-1.061000,-0.036000,0.307000,1.105109
+Y,361955,-1.064000,-0.039000,0.310000,1.108926
+Y,362036,-1.064000,-0.041000,0.303000,1.107062
+Y,362115,-1.064000,-0.041000,0.303000,1.107062
+Y,362196,-1.064000,-0.037000,0.316000,1.110550
+Y,362275,-1.063000,-0.036000,0.312000,1.108426
+Y,362355,-1.063000,-0.039000,0.312000,1.108528
+Y,362436,-1.054000,-0.036000,0.307000,1.098390
+Y,362515,-1.064000,-0.040000,0.302000,1.106752
+Y,362595,-1.068000,-0.039000,0.308000,1.112209
+Y,362676,-1.066000,-0.040000,0.307000,1.110047
+Y,362755,-1.066000,-0.039000,0.307000,1.110012
+Y,362836,-1.069000,-0.039000,0.304000,1.112069
+Y,362916,-1.065000,-0.040000,0.312000,1.110481
+Y,362995,-1.056000,-0.040000,0.299000,1.098243
+Y,363076,-1.060000,-0.044000,0.305000,1.103884
+Y,363155,-1.060000,-0.044000,0.305000,1.103884
+Y,363235,-1.064000,-0.041000,0.307000,1.108163
+Y,363316,-1.065000,-0.032000,0.305000,1.108275
+Y,363395,-1.064000,-0.041000,0.307000,1.108163
+Y,363476,-1.066000,-0.040000,0.305000,1.109496
+Y,363555,-1.064000,-0.039000,0.310000,1.108926
+Y,363635,-1.060000,-0.040000,0.307000,1.104287
+Y,363716,-1.064000,-0.040000,0.303000,1.107025
+Y,363795,-1.066000,-0.040000,0.304000,1.109221
+Y,363875,-1.063000,-0.036000,0.307000,1.107029
+Y,363956,-1.064000,-0.037000,0.310000,1.108857
+Y,364035,-1.064000,-0.045000,0.300000,1.106400
+Y,364116,-1.064000,-0.040000,0.304000,1.107299
+Y,364195,-1.064000,-0.040000,0.304000,1.107299
+Y,364275,-1.060000,-0.039000,0.310000,1.105089
+Y,364356,-1.057000,-0.036000,0.304000,1.100437
+Y,364435,-1.065000,-0.036000,0.306000,1.108673
+Y,364515,-1.069000,-0.041000,0.310000,1.113796
+Y,364596,-1.064000,-0.040000,0.307000,1.108127
+Y,364675,-1.064000,-0.040000,0.302000,1.106752
+Y,364756,-1.064000,-0.045000,0.304000,1.107491
+Y,364835,-1.063000,-0.040000,0.307000,1.107167
+Y,364915,-1.066000,-0.040000,0.307000,1.110047
+Y,364996,-1.061000,-0.039000,0.304000,1.104381
+Y,365075,-1.073000,-0.039000,0.307000,1.116736
+Y,365155,-1.073000,-0.039000,0.307000,1.116736
+Y,365236,-1.064000,-0.040000,0.304000,1.107299
+Y,365315,-1.068000,-0.034000,0.305000,1.111218
+Y,365396,-1.063000,-0.049000,0.307000,1.107528
+Y,365475,-1.064000,-0.040000,0.305000,1.107574
+Y,365555,-1.060000,-0.040000,0.304000,1.103456
+Y,365636,-1.060000,-0.040000,0.300000,1.102361
+Y,365715,-1.063000,-0.037000,0.304000,1.106234
+Y,365795,-1.073000,-0.036000,0.308000,1.116910
+Y,365876,-1.066000,-0.040000,0.304000,1.109221
+Y,365955,-1.064000,-0.039000,0.305000,1.107539
+Y,366036,-1.065000,-0.036000,0.305000,1.108398
+Y,366115,-1.064000,-0.040000,0.307000,1.108127
+Y,366195,-1.064000,-0.040000,0.307000,1.108127
+Y,366276,-1.065000,-0.040000,0.304000,1.108260
+Y,366355,-1.056000,-0.040000,0.304000,1.099614
+Y,366435,-1.073000,-0.037000,0.307000,1.116668
+Y,366516,-1.066000,-0.042000,0.304000,1.109295
+Y,366595,-1.065000,-0.041000,0.304000,1.108297
+Y,366676,-1.063000,-0.038000,0.311000,1.108212
+Y,366755,-1.060000,-0.045000,0.304000,1.103649
+Y,366835,-1.060000,-0.039000,0.305000,1.103697
+Y,366916,-1.064000,-0.037000,0.304000,1.107195
+Y,366995,-1.060000,-0.045000,0.305000,1.103925
+Y,367075,-1.073000,-0.044000,0.307000,1.116922
+Y,367156,-1.073000,-0.044000,0.307000,1.116922
+Y,367235,-1.066000,-0.041000,0.307000,1.110084
+Y,367316,-1.065000,-0.036000,0.304000,1.108123
+Y,367395,-1.064000,-0.041000,0.304000,1.107336
+Y,367475,-1.064000,-0.042000,0.307000,1.108201
+Y,367556,-1.063000,-0.036000,0.310000,1.107865
+Y,367635,-1.065000,-0.040000,0.310000,1.109921
+Y,367715,-1.060000,-0.040000,0.303000,1.103181
+Y,367796,-1.065000,-0.040000,0.304000,1.108260
+Y,367875,-1.073000,-0.034000,0.303000,1.115479
+Y,367956,-1.064000,-0.039000,0.304000,1.107264
+Y,368035,-1.064000,-0.040000,0.310000,1.108962
+Y,368115,-1.065000,-0.031000,0.310000,1.109633
+Y,368196,-1.065000,-0.031000,0.310000,1.109633
+Y,368275,-1.064000,-0.047000,0.304000,1.107574
+Y,368355,-1.068000,-0.040000,0.305000,1.111418
+Y,368436,-1.060000,-0.034000,0.310000,1.104924
+Y,368515,-1.064000,-0.040000,0.310000,1.108962
+Y,368596,-1.053000,-0.036000,0.305000,1.096873
+Y,368675,-1.064000,-0.040000,0.307000,1.108127
+Y,368755,-1.066000,-0.041000,0.311000,1.111197
+Y,368836,-1.060000,-0.037000,0.308000,1.104460
+Y,368915,-1.065000,-0.041000,0.305000,1.108572
+Y,368995,-1.064000,-0.039000,0.307000,1.108091
+Y,369076,-1.064000,-0.037000,0.310000,1.108857
+Y,369155,-1.058000,-0.037000,0.305000,1.101707
+Y,369236,-1.058000,-0.037000,0.305000,1.101707
+Y,369315,-1.076000,-0.037000,0.305000,1.119004
+Y,369395,-1.064000,-0.039000,0.304000,1.107264
+Y,369476,-1.064000,-0.039000,0.307000,1.108091
+Y,369555,-1.064000,-0.040000,0.305000,1.107574
+Y,369635,-1.064000,-0.036000,0.307000,1.107990
+Y,369716,-1.060000,-0.041000,0.307000,1.104323
+Y,369795,-1.061000,-0.039000,0.304000,1.104381
+Y,369876,-1.064000,-0.036000,0.307000,1.107990
+Y,369955,-1.056000,-0.036000,0.305000,1.099753
+Y,370035,-1.073000,-0.039000,0.305000,1.116188
+Y,370116,-1.066000,-0.037000,0.307000,1.109943
+Y,370195,-1.066000,-0.037000,0.307000,1.109943
+Y,370276,-1.064000,-0.040000,0.308000,1.108404
+Y,370356,-1.060000,-0.040000,0.312000,1.105687
+Y,370435,-1.064000,-0.038000,0.305000,1.107504
+Y,370516,-1.065000,-0.040000,0.304000,1.108260
+Y,370595,-1.060000,-0.039000,0.307000,1.104251
+Y,370675,-1.073000,-0.047000,0.304000,1.116223
+Y,370756,-1.064000,-0.045000,0.304000,1.107491
+Y,370835,-1.060000,-0.040000,0.310000,1.105124
+Y,370916,-1.064000,-0.041000,0.304000,1.107336
+Y,370996,-1.058000,-0.040000,0.311000,1.103488
+Y,371075,-1.066000,-0.039000,0.308000,1.110289
+Y,371156,-1.066000,-0.037000,0.307000,1.109943
+Y,371235,-1.066000,-0.037000,0.307000,1.109943
+Y,371315,-1.076000,-0.040000,0.307000,1.119654
+Y,371396,-1.066000,-0.040000,0.308000,1.110324
+Y,371475,-1.064000,-0.032000,0.305000,1.107314
+Y,371555,-1.064000,-0.045000,0.300000,1.106400
+Y,371636,-1.069000,-0.037000,0.307000,1.112825
+Y,371715,-1.064000,-0.039000,0.305000,1.107539
+Y,371796,-1.056000,-0.040000,0.305000,1.099891
+Y,371875,-1.063000,-0.040000,0.305000,1.106614
+Y,371955,-1.063000,-0.040000,0.302000,1.105791
+Y,372036,-1.066000,-0.034000,0.307000,1.109847
+Y,372115,-1.066000,-0.041000,0.310000,1.110917
+Y,372196,-1.064000,-0.040000,0.304000,1.107299
+Y,372276,-1.064000,-0.040000,0.304000,1.107299
+Y,372355,-1.064000,-0.040000,0.304000,1.107299
+Y,372436,-1.058000,-0.045000,0.307000,1.102560
+Y,372515,-1.064000,-0.036000,0.302000,1.106615
+Y,372595,-1.066000,-0.036000,0.305000,1.109359
+Y,372676,-1.064000,-0.032000,0.310000,1.108702
+Y,372755,-1.064000,-0.040000,0.311000,1.109242
+Y,372835,-1.061000,-0.041000,0.308000,1.105561
+Y,372916,-1.064000,-0.039000,0.310000,1.108926
+Y,372995,-1.064000,-0.039000,0.310000,1.108926
+Y,373076,-1.056000,-0.037000,0.299000,1.098137
+Y,373155,-1.069000,-0.040000,0.303000,1.111832
+Y,373235,-1.069000,-0.040000,0.303000,1.111832
+Y,373316,-1.064000,-0.029000,0.310000,1.108619
+Y,373395,-1.066000,-0.032000,0.304000,1.108962
+Y,373476,-1.064000,-0.041000,0.304000,1.107336
+Y,373555,-1.064000,-0.034000,0.303000,1.106825
+Y,373635,-1.063000,-0.034000,0.308000,1.107244
+Y,373716,-1.050000,-0.036000,0.299000,1.092336
+Y,373795,-1.064000,-0.040000,0.307000,1.108127
+Y,373875,-1.064000,-0.039000,0.308000,1.108369
+Y,373956,-1.069000,-0.040000,0.304000,1.112105
+Y,374035,-1.065000,-0.045000,0.304000,1.108452
+Y,374115,-1.064000,-0.036000,0.312000,1.109385
+Y,374196,-1.058000,-0.039000,0.305000,1.101776
+Y,374275,-1.058000,-0.039000,0.305000,1.101776
+Y,374356,-1.057000,-0.036000,0.304000,1.100437
+Y,374435,-1.073000,-0.039000,0.306000,1.116461
+Y,374515,-1.064000,-0.039000,0.304000,1.107264
+Y,374596,-1.060000,-0.034000,0.304000,1.103255
+Y,374675,-1.065000,-0.039000,0.308000,1.109329
+Y,374755,-1.064000,-0.041000,0.307000,1.108163
+Y,374836,-1.064000,-0.040000,0.307000,1.108127
+Y,374915,-1.065000,-0.040000,0.310000,1.109921
+Y,374996,-1.055000,-0.040000,0.305000,1.098931
+Y,375075,-1.073000,-0.036000,0.304000,1.115814
+Y,375155,-1.064000,-0.040000,0.306000,1.107850
+Y,375236,-1.064000,-0.040000,0.307000,1.108127
+Y,375315,-1.064000,-0.040000,0.307000,1.108127
+Y,375395,-1.064000,-0.045000,0.304000,1.107491
+Y,375476,-1.063000,-0.039000,0.307000,1.107131
+Y,375555,-1.064000,-0.040000,0.305000,1.107574
+Y,375636,-1.064000,-0.039000,0.300000,1.106172
+Y,375715,-1.073000,-0.032000,0.304000,1.115692
+Y,375795,-1.069000,-0.034000,0.307000,1.112729
+Y,375876,-1.064000,-0.029000,0.312000,1.109180
+Y,375955,-1.068000,-0.041000,0.305000,1.111454
+Y,376035,-1.065000,-0.036000,0.305000,1.108398
+Y,376116,-1.068000,-0.040000,0.307000,1.111968
+Y,376195,-1.069000,-0.036000,0.305000,1.112242
+Y,376276,-1.069000,-0.036000,0.305000,1.112242
+Y,376355,-1.073000,-0.037000,0.303000,1.115575
+Y,376435,-1.064000,-0.042000,0.304000,1.107373
+Y,376516,-1.066000,-0.037000,0.311000,1.111056
+Y,376595,-1.064000,-0.041000,0.307000,1.108163
+Y,376675,-1.064000,-0.036000,0.304000,1.107162
+Y,376756,-1.065000,-0.040000,0.304000,1.108260
+Y,376835,-1.060000,-0.040000,0.304000,1.103456
+Y,376916,-1.064000,-0.039000,0.308000,1.108369
+Y,376995,-1.063000,-0.039000,0.312000,1.108528
+Y,377075,-1.064000,-0.040000,0.307000,1.108127
+Y,377156,-1.066000,-0.039000,0.304000,1.109186
+Y,377235,-1.060000,-0.036000,0.305000,1.103595
+Y,377315,-1.060000,-0.036000,0.305000,1.103595
+Y,377396,-1.064000,-0.045000,0.307000,1.108318
+Y,377475,-1.064000,-0.039000,0.304000,1.107264
+Y,377556,-1.066000,-0.036000,0.307000,1.109910
+Y,377635,-1.064000,-0.034000,0.312000,1.109322
+Y,377715,-1.073000,-0.034000,0.310000,1.117401
+Y,377796,-1.061000,-0.040000,0.307000,1.105246
+Y,377875,-1.060000,-0.037000,0.308000,1.104460
+Y,377955,-1.064000,-0.041000,0.308000,1.108441
+Y,378036,-1.063000,-0.041000,0.308000,1.107481
+Y,378115,-1.065000,-0.040000,0.310000,1.109921
+Y,378196,-1.056000,-0.040000,0.305000,1.099891
+Y,378275,-1.073000,-0.040000,0.310000,1.117600
+Y,378355,-1.073000,-0.040000,0.310000,1.117600
+Y,378436,-1.064000,-0.039000,0.304000,1.107264
+Y,378515,-1.067000,-0.041000,0.304000,1.110219
+Y,378595,-1.069000,-0.041000,0.307000,1.112965
+Y,378676,-1.064000,-0.036000,0.310000,1.108825
+Y,378755,-1.066000,-0.039000,0.315000,1.112251
+Y,378836,-1.056000,-0.039000,0.297000,1.097664
+Y,378915,-1.064000,-0.039000,0.305000,1.107539
+Y,378995,-1.066000,-0.037000,0.307000,1.109943
+Y,379076,-1.065000,-0.032000,0.307000,1.108827
+Y,379155,-1.063000,-0.040000,0.311000,1.108282
+Y,379235,-1.066000,-0.039000,0.303000,1.108912
+Y,379316,-1.066000,-0.039000,0.303000,1.108912
+Y,379395,-1.065000,-0.040000,0.303000,1.107986
+Y,379476,-1.056000,-0.039000,0.305000,1.099855
+Y,379555,-1.064000,-0.036000,0.307000,1.107990
+Y,379635,-1.066000,-0.037000,0.310000,1.110777
+Y,379716,-1.063000,-0.032000,0.305000,1.106353
+Y,379795,-1.064000,-0.041000,0.307000,1.108163
+Y,379875,-1.064000,-0.040000,0.308000,1.108404
+Y,379956,-1.064000,-0.036000,0.307000,1.107990
+Y,380035,-1.056000,-0.037000,0.305000,1.099786
+Y,380116,-1.073000,-0.039000,0.310000,1.117564
+Y,380195,-1.064000,-0.036000,0.307000,1.107990
+Y,380275,-1.064000,-0.038000,0.305000,1.107504
+Y,380356,-1.064000,-0.038000,0.305000,1.107504
+Y,380435,-1.066000,-0.047000,0.304000,1.109496
+Y,380515,-1.064000,-0.041000,0.304000,1.107336
+Y,380596,-1.063000,-0.037000,0.311000,1.108178
+Y,380675,-1.056000,-0.037000,0.305000,1.099786
+Y,380756,-1.066000,-0.036000,0.306000,1.109634
+Y,380835,-1.062000,-0.039000,0.313000,1.107851
+Y,380915,-1.060000,-0.041000,0.304000,1.103493
+Y,380996,-1.064000,-0.037000,0.307000,1.108022
+Y,381075,-1.064000,-0.041000,0.307000,1.108163
+Y,381156,-1.066000,-0.039000,0.304000,1.109186
+Y,381236,-1.064000,-0.039000,0.304000,1.107264
+Y,381315,-1.050000,-0.039000,0.312000,1.096068
+Y,381396,-1.050000,-0.039000,0.312000,1.096068
+Y,381475,-1.071000,-0.040000,0.304000,1.114027
+Y,381555,-1.066000,-0.034000,0.303000,1.108747
+Y,381636,-1.066000,-0.039000,0.302000,1.108639
+Y,381715,-1.065000,-0.039000,0.305000,1.108499
+Y,381796,-1.064000,-0.040000,0.305000,1.107574
+Y,381876,-1.060000,-0.039000,0.310000,1.105089
+Y,381955,-1.058000,-0.039000,0.307000,1.102331
+Y,382036,-1.056000,-0.036000,0.304000,1.099476
+Y,382115,-1.073000,-0.040000,0.311000,1.117877
+Y,382195,-1.064000,-0.040000,0.308000,1.108404
+Y,382276,-1.063000,-0.034000,0.307000,1.106966
+Y,382355,-1.063000,-0.034000,0.307000,1.106966
+Y,382436,-1.065000,-0.045000,0.302000,1.107905
+Y,382515,-1.064000,-0.037000,0.312000,1.109418
+Y,382595,-1.065000,-0.040000,0.318000,1.112182
+Y,382676,-1.060000,-0.040000,0.305000,1.103732
+Y,382755,-1.073000,-0.040000,0.304000,1.115950
+Y,382835,-1.067000,-0.040000,0.304000,1.110182
+Y,382916,-1.065000,-0.040000,0.303000,1.107986
+Y,382995,-1.066000,-0.045000,0.307000,1.110239
+Y,383076,-1.060000,-0.040000,0.304000,1.103456
+Y,383155,-1.066000,-0.040000,0.304000,1.109221
+Y,383235,-1.058000,-0.036000,0.312000,1.103632
+Y,383316,-1.073000,-0.041000,0.307000,1.116807
+Y,383395,-1.073000,-0.041000,0.307000,1.116807
+Y,383476,-1.069000,-0.040000,0.312000,1.114318
+Y,383555,-1.064000,-0.040000,0.308000,1.108404
+Y,383635,-1.066000,-0.041000,0.304000,1.109258
+Y,383716,-1.069000,-0.044000,0.307000,1.113079
+Y,383795,-1.064000,-0.040000,0.307000,1.108127
+Y,383875,-1.056000,-0.036000,0.304000,1.099476
+Y,383956,-1.064000,-0.039000,0.307000,1.108091
+Y,384035,-1.060000,-0.037000,0.304000,1.103352
+Y,384116,-1.066000,-0.034000,0.303000,1.108747
+Y,384195,-1.064000,-0.041000,0.307000,1.108163
+Y,384275,-1.065000,-0.039000,0.310000,1.109886
+Y,384356,-1.068000,-0.039000,0.307000,1.111933
+Y,384435,-1.068000,-0.039000,0.307000,1.111933
+Y,384515,-1.062000,-0.040000,0.305000,1.105653
+Y,384596,-1.073000,-0.040000,0.305000,1.116223
+Y,384675,-1.068000,-0.036000,0.304000,1.111007
+Y,384756,-1.064000,-0.036000,0.307000,1.107990
+Y,384835,-1.065000,-0.041000,0.307000,1.109123
+Y,384915,-1.066000,-0.040000,0.310000,1.110881
+Y,384996,-1.066000,-0.040000,0.307000,1.110047
+Y,385075,-1.053000,-0.040000,0.304000,1.096734
+Y,385156,-1.073000,-0.036000,0.305000,1.116087
+Y,385236,-1.064000,-0.040000,0.307000,1.108127
+Y,385315,-1.064000,-0.036000,0.311000,1.109105
+Y,385396,-1.064000,-0.036000,0.311000,1.109105
+Y,385475,-1.064000,-0.045000,0.308000,1.108596
+Y,385555,-1.066000,-0.036000,0.307000,1.109910
+Y,385636,-1.065000,-0.039000,0.308000,1.109329
+Y,385715,-1.053000,-0.042000,0.305000,1.097086
+Y,385795,-1.073000,-0.037000,0.307000,1.116668
+Y,385876,-1.065000,-0.036000,0.312000,1.110344
+Y,385955,-1.066000,-0.031000,0.305000,1.109208
+Y,386036,-1.072000,-0.049000,0.304000,1.115348
+Y,386115,-1.069000,-0.036000,0.304000,1.111968
+Y,386195,-1.065000,-0.041000,0.305000,1.108572
+Y,386276,-1.056000,-0.039000,0.305000,1.099855
+Y,386355,-1.073000,-0.040000,0.305000,1.116223
+Y,386436,-1.073000,-0.040000,0.305000,1.116223
+Y,386515,-1.069000,-0.036000,0.304000,1.111968
+Y,386595,-1.064000,-0.036000,0.304000,1.107162
+Y,386676,-1.066000,-0.041000,0.307000,1.110084
+Y,386755,-1.063000,-0.037000,0.305000,1.106509
+Y,386835,-1.064000,-0.040000,0.307000,1.108127
+Y,386916,-1.066000,-0.037000,0.307000,1.109943
+Y,386995,-1.065000,-0.036000,0.307000,1.108950
+Y,387076,-1.062000,-0.037000,0.310000,1.106939
+Y,387155,-1.064000,-0.040000,0.313000,1.109804
+Y,387235,-1.066000,-0.037000,0.312000,1.111336
+Y,387316,-1.064000,-0.040000,0.307000,1.108127
+Y,387395,-1.063000,-0.040000,0.305000,1.106614
+Y,387475,-1.063000,-0.040000,0.305000,1.106614
+Y,387556,-1.064000,-0.040000,0.304000,1.107299
+Y,387635,-1.066000,-0.039000,0.304000,1.109186
+Y,387716,-1.060000,-0.040000,0.308000,1.104565
+Y,387795,-1.063000,-0.039000,0.310000,1.107966
+Y,387875,-1.064000,-0.040000,0.304000,1.107299
+Y,387956,-1.066000,-0.040000,0.302000,1.108675
+Y,388035,-1.056000,-0.036000,0.305000,1.099753
+Y,388115,-1.073000,-0.039000,0.307000,1.116736
+Y,388196,-1.060000,-0.039000,0.307000,1.104251
+Y,388275,-1.063000,-0.031000,0.311000,1.107994
+Y,388356,-1.066000,-0.041000,0.305000,1.109532
+Y,388435,-1.066000,-0.041000,0.305000,1.109532
+Y,388515,-1.065000,-0.039000,0.313000,1.110727
+Y,388596,-1.064000,-0.040000,0.312000,1.109522
+Y,388675,-1.063000,-0.040000,0.303000,1.106064
+Y,388755,-1.064000,-0.041000,0.304000,1.107336
+Y,388836,-1.066000,-0.036000,0.300000,1.107994
+Y,388915,-1.061000,-0.029000,0.304000,1.104073
+Y,388996,-1.061000,-0.045000,0.304000,1.104609
+Y,389075,-1.065000,-0.036000,0.311000,1.110064
+Y,389155,-1.064000,-0.036000,0.310000,1.108825
+Y,389236,-1.056000,-0.037000,0.305000,1.099786
+Y,389315,-1.066000,-0.040000,0.304000,1.109221
+Y,389395,-1.061000,-0.037000,0.307000,1.105142
+Y,389476,-1.061000,-0.037000,0.307000,1.105142
+Y,389555,-1.064000,-0.040000,0.310000,1.108962
+Y,389636,-1.064000,-0.049000,0.307000,1.108488
+Y,389715,-1.063000,-0.039000,0.307000,1.107131
+Y,389795,-1.064000,-0.040000,0.315000,1.110370
+Y,389876,-1.061000,-0.039000,0.303000,1.104106
+Y,389955,-1.064000,-0.033000,0.304000,1.107069
+Y,390035,-1.073000,-0.033000,0.311000,1.117649
+Y,390116,-1.069000,-0.039000,0.304000,1.112069
+Y,390195,-1.064000,-0.041000,0.304000,1.107336
+Y,390276,-1.060000,-0.039000,0.305000,1.103697
+Y,390355,-1.064000,-0.039000,0.307000,1.108091
+Y,390435,-1.060000,-0.034000,0.307000,1.104086
+Y,390516,-1.060000,-0.034000,0.307000,1.104086
+Y,390595,-1.060000,-0.039000,0.305000,1.103697
+Y,390675,-1.073000,-0.034000,0.307000,1.116572
+Y,390756,-1.066000,-0.039000,0.304000,1.109186
+Y,390835,-1.064000,-0.036000,0.304000,1.107162
+Y,390916,-1.066000,-0.041000,0.307000,1.110084
+Y,390995,-1.065000,-0.044000,0.307000,1.109238
+Y,391075,-1.065000,-0.040000,0.305000,1.108535
+Y,391156,-1.064000,-0.034000,0.310000,1.108761
+Y,391235,-1.060000,-0.040000,0.311000,1.105405
+Y,391315,-1.073000,-0.036000,0.304000,1.115814
+Y,391396,-1.064000,-0.039000,0.307000,1.108091
+Y,391475,-1.064000,-0.039000,0.307000,1.108091
+Y,391556,-1.065000,-0.036000,0.311000,1.110064
+Y,391635,-1.069000,-0.041000,0.304000,1.112141
+Y,391715,-1.064000,-0.037000,0.307000,1.108022
+Y,391796,-1.064000,-0.040000,0.302000,1.106752
+Y,391875,-1.063000,-0.040000,0.304000,1.106338
+Y,391955,-1.069000,-0.041000,0.310000,1.113796
+Y,392036,-1.058000,-0.037000,0.310000,1.103101
+Y,392115,-1.064000,-0.040000,0.304000,1.107299
+Y,392196,-1.063000,-0.041000,0.304000,1.106375
+Y,392275,-1.064000,-0.042000,0.300000,1.106282
+Y,392355,-1.060000,-0.039000,0.318000,1.107359
+Y,392436,-1.060000,-0.036000,0.307000,1.104149
+Y,392515,-1.060000,-0.036000,0.307000,1.104149
+Y,392596,-1.057000,-0.039000,0.304000,1.100539
+Y,392676,-1.073000,-0.040000,0.307000,1.116771
+Y,392755,-1.065000,-0.036000,0.304000,1.108123
+Y,392836,-1.063000,-0.040000,0.303000,1.106064
+Y,392915,-1.069000,-0.041000,0.307000,1.112965
+Y,392995,-1.064000,-0.040000,0.307000,1.108127
+Y,393076,-1.063000,-0.035000,0.307000,1.106997
+Y,393155,-1.053000,-0.040000,0.305000,1.097011
+Y,393236,-1.073000,-0.037000,0.307000,1.116668
+Y,393316,-1.065000,-0.040000,0.304000,1.108260
+Y,393395,-1.065000,-0.036000,0.305000,1.108398
+Y,393476,-1.065000,-0.041000,0.308000,1.109401
+Y,393555,-1.065000,-0.041000,0.308000,1.109401
+Y,393635,-1.064000,-0.036000,0.304000,1.107162
+Y,393716,-1.060000,-0.037000,0.307000,1.104182
+Y,393795,-1.056000,-0.032000,0.305000,1.099629
+Y,393876,-1.073000,-0.036000,0.311000,1.117741
+Y,393955,-1.065000,-0.040000,0.307000,1.109087
+Y,394035,-1.064000,-0.044000,0.308000,1.108556
+Y,394116,-1.061000,-0.045000,0.307000,1.105439
+Y,394195,-1.064000,-0.039000,0.303000,1.106990
+Y,394275,-1.064000,-0.039000,0.312000,1.109487
+Y,394356,-1.051000,-0.040000,0.304000,1.094814
+Y,394435,-1.073000,-0.040000,0.307000,1.116771
+Y,394516,-1.073000,-0.040000,0.307000,1.116771
+Y,394595,-1.062000,-0.028000,0.310000,1.106674
+Y,394675,-1.060000,-0.036000,0.308000,1.104427
+Y,394756,-1.065000,-0.036000,0.304000,1.108123
+Y,394835,-1.058000,-0.040000,0.307000,1.102367
+Y,394915,-1.060000,-0.040000,0.316000,1.106822
+Y,394996,-1.060000,-0.037000,0.297000,1.101444
+Y,395075,-1.073000,-0.037000,0.307000,1.116668
+Y,395156,-1.064000,-0.040000,0.310000,1.108962
+Y,395235,-1.066000,-0.039000,0.307000,1.110012
+Y,395315,-1.064000,-0.041000,0.304000,1.107336
+Y,395396,-1.065000,-0.040000,0.305000,1.108535
+Y,395475,-1.066000,-0.037000,0.304000,1.109117
+Y,395555,-1.066000,-0.037000,0.304000,1.109117
+Y,395636,-1.055000,-0.036000,0.304000,1.098516
+Y,395715,-1.073000,-0.040000,0.305000,1.116223
+Y,395796,-1.064000,-0.039000,0.307000,1.108091
+Y,395875,-1.064000,-0.039000,0.307000,1.108091
+Y,395955,-1.064000,-0.041000,0.305000,1.107611
+Y,396036,-1.064000,-0.039000,0.303000,1.106990
+Y,396115,-1.063000,-0.034000,0.312000,1.108363
+Y,396195,-1.060000,-0.037000,0.305000,1.103628
+Y,396276,-1.058000,-0.037000,0.304000,1.101430
+Y,396355,-1.064000,-0.040000,0.304000,1.107299
+Y,396436,-1.064000,-0.040000,0.307000,1.108127
+Y,396515,-1.064000,-0.036000,0.311000,1.109105
+Y,396595,-1.064000,-0.036000,0.311000,1.109105
+Y,396676,-1.064000,-0.039000,0.307000,1.108091
+Y,396755,-1.065000,-0.037000,0.307000,1.108983
+Y,396835,-1.058000,-0.040000,0.305000,1.101812
+Y,396916,-1.073000,-0.042000,0.307000,1.116845
+Y,396995,-1.064000,-0.040000,0.304000,1.107299
+Y,397076,-1.066000,-0.039000,0.304000,1.109186
+Y,397155,-1.066000,-0.045000,0.307000,1.110239
+Y,397235,-1.060000,-0.036000,0.312000,1.105550
+Y,397316,-1.063000,-0.037000,0.305000,1.106509
+Y,397395,-1.057000,-0.036000,0.305000,1.100713
+Y,397475,-1.073000,-0.039000,0.311000,1.117842
+Y,397556,-1.073000,-0.039000,0.311000,1.117842
+Y,397635,-1.064000,-0.026000,0.305000,1.107157
+Y,397716,-1.063000,-0.032000,0.304000,1.106078
+Y,397795,-1.063000,-0.049000,0.304000,1.106700
+Y,397875,-1.069000,-0.036000,0.307000,1.112792
+Y,397956,-1.064000,-0.039000,0.307000,1.108091
+Y,398035,-1.065000,-0.037000,0.304000,1.108156
+Y,398115,-1.073000,-0.040000,0.307000,1.116771
+Y,398196,-1.066000,-0.040000,0.310000,1.110881
+Y,398275,-1.064000,-0.036000,0.312000,1.109385
+Y,398356,-1.064000,-0.033000,0.310000,1.108731
+Y,398435,-1.064000,-0.040000,0.312000,1.109522
+Y,398515,-1.061000,-0.036000,0.308000,1.105387
+Y,398596,-1.061000,-0.036000,0.308000,1.105387
+Y,398675,-1.057000,-0.039000,0.304000,1.100539
+Y,398755,-1.073000,-0.037000,0.311000,1.117774
+Y,398836,-1.066000,-0.037000,0.304000,1.109117
+Y,398915,-1.068000,-0.037000,0.305000,1.111314
+Y,398996,-1.069000,-0.041000,0.310000,1.113796
+Y,399075,-1.064000,-0.039000,0.305000,1.107539
+Y,399155,-1.064000,-0.039000,0.316000,1.110618
+Y,399236,-1.060000,-0.040000,0.299000,1.102089
+Y,399315,-1.073000,-0.036000,0.307000,1.116635
+Y,399395,-1.060000,-0.039000,0.307000,1.104251
+Y,399476,-1.061000,-0.032000,0.304000,1.104156
+Y,399555,-1.061000,-0.032000,0.304000,1.104156
+Y,399636,-1.066000,-0.041000,0.302000,1.108711
+Y,399715,-1.064000,-0.036000,0.312000,1.109385
+Y,399795,-1.065000,-0.036000,0.304000,1.108123
+Y,399876,-1.063000,-0.036000,0.312000,1.108426
+Y,399955,-1.069000,-0.037000,0.315000,1.115058
+Y,400035,-1.061000,-0.040000,0.312000,1.106646
+Y,400116,-1.064000,-0.036000,0.305000,1.107437
+Y,400195,-1.068000,-0.041000,0.307000,1.112004
+Y,400276,-1.064000,-0.042000,0.305000,1.107648
+Y,400355,-1.065000,-0.040000,0.311000,1.110201
+Y,400435,-1.056000,-0.041000,0.305000,1.099928
+Y,400516,-1.073000,-0.040000,0.305000,1.116223
+Y,400595,-1.073000,-0.040000,0.305000,1.116223
+Y,400675,-1.070000,-0.040000,0.307000,1.113889
+Y,400756,-1.064000,-0.036000,0.307000,1.107990
+Y,400835,-1.065000,-0.041000,0.307000,1.109123
+Y,400916,-1.064000,-0.040000,0.307000,1.108127
+Y,400996,-1.068000,-0.040000,0.307000,1.111968
+Y,401075,-1.056000,-0.032000,0.297000,1.097437
+Y,401156,-1.073000,-0.039000,0.310000,1.117564
+Y,401235,-1.064000,-0.040000,0.311000,1.109242
+Y,401315,-1.065000,-0.036000,0.312000,1.110344
+Y,401396,-1.060000,-0.037000,0.308000,1.104460
+Y,401475,-1.060000,-0.040000,0.305000,1.103732
+Y,401556,-1.065000,-0.039000,0.302000,1.107678
+Y,401635,-1.065000,-0.039000,0.302000,1.107678
+Y,401715,-1.057000,-0.040000,0.304000,1.100575
+Y,401796,-1.073000,-0.041000,0.308000,1.117083
+Y,401875,-1.069000,-0.041000,0.305000,1.112415
+Y,401955,-1.065000,-0.040000,0.307000,1.109087
+Y,402036,-1.063000,-0.036000,0.310000,1.107865
+Y,402115,-1.063000,-0.040000,0.312000,1.108563
+Y,402195,-1.064000,-0.036000,0.311000,1.109105
+Y,402276,-1.060000,-0.040000,0.307000,1.104287
+Y,402355,-1.073000,-0.041000,0.305000,1.116259
+Y,402436,-1.060000,-0.040000,0.304000,1.103456
+Y,402515,-1.065000,-0.040000,0.307000,1.109087
+Y,402595,-1.065000,-0.040000,0.307000,1.109087
+Y,402676,-1.064000,-0.041000,0.304000,1.107336
+Y,402755,-1.066000,-0.039000,0.308000,1.110289
+Y,402836,-1.064000,-0.040000,0.304000,1.107299
+Y,402915,-1.056000,-0.041000,0.304000,1.099651
+Y,402995,-1.073000,-0.036000,0.307000,1.116635
+Y,403076,-1.069000,-0.036000,0.310000,1.113623
+Y,403155,-1.065000,-0.042000,0.304000,1.108334
+Y,403235,-1.061000,-0.045000,0.307000,1.105439
+Y,403316,-1.060000,-0.040000,0.312000,1.105687
+Y,403395,-1.063000,-0.036000,0.313000,1.108708
+Y,403476,-1.057000,-0.037000,0.299000,1.099099
+Y,403555,-1.073000,-0.040000,0.304000,1.115950
+Y,403635,-1.073000,-0.040000,0.304000,1.115950
+Y,403716,-1.064000,-0.031000,0.307000,1.107838
+Y,403795,-1.063000,-0.026000,0.307000,1.106749
+Y,403875,-1.064000,-0.045000,0.310000,1.109153
+Y,403956,-1.064000,-0.039000,0.312000,1.109487
+Y,404035,-1.064000,-0.036000,0.311000,1.109105
+Y,404116,-1.055000,-0.033000,0.305000,1.098699
+Y,404195,-1.073000,-0.036000,0.307000,1.116635
+Y,404275,-1.063000,-0.039000,0.304000,1.106303
+Y,404356,-1.064000,-0.040000,0.308000,1.108404
+Y,404435,-1.065000,-0.041000,0.308000,1.109401
+Y,404515,-1.065000,-0.039000,0.307000,1.109051
+Y,404596,-1.068000,-0.037000,0.307000,1.111864
+Y,404675,-1.068000,-0.037000,0.307000,1.111864
+Y,404756,-1.058000,-0.037000,0.304000,1.101430
+Y,404835,-1.064000,-0.036000,0.305000,1.107437
+Y,404915,-1.069000,-0.040000,0.304000,1.112105
+Y,404996,-1.065000,-0.036000,0.307000,1.108950
+Y,405075,-1.064000,-0.040000,0.307000,1.108127
+Y,405156,-1.063000,-0.037000,0.307000,1.107062
+Y,405236,-1.064000,-0.036000,0.310000,1.108825
+Y,405315,-1.060000,-0.036000,0.305000,1.103595
+Y,405396,-1.073000,-0.036000,0.304000,1.115814
+Y,405475,-1.065000,-0.040000,0.304000,1.108260
+Y,405555,-1.061000,-0.036000,0.307000,1.105109
+Y,405636,-1.064000,-0.045000,0.310000,1.109153
+Y,405715,-1.064000,-0.045000,0.310000,1.109153
+Y,405795,-1.064000,-0.037000,0.310000,1.108857
+Y,405876,-1.066000,-0.040000,0.308000,1.110324
+Y,405955,-1.057000,-0.040000,0.305000,1.100851
+Y,406036,-1.073000,-0.036000,0.307000,1.116635
+Y,406115,-1.066000,-0.034000,0.304000,1.109021
+Y,406195,-1.064000,-0.040000,0.304000,1.107299
+Y,406276,-1.064000,-0.036000,0.303000,1.106888
+Y,406355,-1.065000,-0.039000,0.304000,1.108225
+Y,406435,-1.064000,-0.037000,0.307000,1.108022
+Y,406516,-1.064000,-0.039000,0.305000,1.107539
+Y,406595,-1.060000,-0.040000,0.305000,1.103732
+Y,406676,-1.060000,-0.040000,0.305000,1.103732
+Y,406755,-1.077000,-0.037000,0.307000,1.120512
+Y,406835,-1.063000,-0.036000,0.304000,1.106201
+Y,406916,-1.064000,-0.041000,0.305000,1.107611
+Y,406995,-1.060000,-0.045000,0.302000,1.103100
+Y,407076,-1.060000,-0.041000,0.300000,1.102398
+Y,407155,-1.060000,-0.040000,0.312000,1.105687
+Y,407235,-1.056000,-0.039000,0.304000,1.099578
+Y,407316,-1.065000,-0.039000,0.307000,1.109051
+Y,407395,-1.064000,-0.035000,0.307000,1.107958
+Y,407475,-1.060000,-0.034000,0.310000,1.104924
+Y,407556,-1.069000,-0.045000,0.307000,1.113119
+Y,407635,-1.064000,-0.040000,0.307000,1.108127
+Y,407716,-1.064000,-0.040000,0.307000,1.108127
+Y,407795,-1.064000,-0.039000,0.303000,1.106990
+Y,407875,-1.059000,-0.037000,0.305000,1.102667
+Y,407956,-1.073000,-0.040000,0.307000,1.116771
+Y,408035,-1.064000,-0.042000,0.304000,1.107373
+Y,408115,-1.060000,-0.035000,0.311000,1.105236
+Y,408196,-1.064000,-0.041000,0.311000,1.109278
+Y,408275,-1.064000,-0.041000,0.308000,1.108441
+Y,408356,-1.066000,-0.037000,0.311000,1.111056
+Y,408435,-1.056000,-0.039000,0.311000,1.101534
+Y,408515,-1.060000,-0.041000,0.312000,1.105724
+Y,408596,-1.066000,-0.040000,0.308000,1.110324
+Y,408675,-1.066000,-0.036000,0.305000,1.109359
+Y,408755,-1.066000,-0.036000,0.305000,1.109359
+Y,408835,-1.065000,-0.040000,0.310000,1.109921
+Y,408915,-1.064000,-0.037000,0.304000,1.107195
+Y,408996,-1.064000,-0.034000,0.304000,1.107099
+Y,409075,-1.064000,-0.036000,0.304000,1.107162
-Y,435582,0.947000,-0.064000,0.272000,0.987365
-Y,435661,0.947000,-0.068000,0.273000,0.987908
-Y,435742,0.945000,-0.064000,0.275000,0.986279
-Y,435821,0.943000,-0.066000,0.275000,0.984495
-Y,435902,0.943000,-0.058000,0.275000,0.983991
-Y,435981,0.947000,-0.069000,0.271000,0.987426
-Y,436062,0.944000,-0.068000,0.272000,0.984756
-Y,436141,0.951000,-0.066000,0.268000,0.990243
-Y,436222,0.945000,-0.064000,0.275000,0.986279
-Y,436301,0.947000,-0.064000,0.280000,0.989598
-Y,436382,0.947000,-0.064000,0.280000,0.989598
-Y,436461,0.948000,-0.064000,0.279000,0.990273
-Y,436541,0.944000,-0.065000,0.275000,0.985386
-Y,436621,0.950000,-0.064000,0.271000,0.989968
-Y,436701,0.947000,-0.065000,0.278000,0.989100
-Y,436782,0.953000,-0.065000,0.275000,0.994012
-Y,436861,0.943000,-0.072000,0.275000,0.984915
-Y,436942,0.944000,-0.072000,0.271000,0.984764
-Y,437021,0.945000,-0.065000,0.275000,0.986344
-Y,437102,0.947000,-0.073000,0.273000,0.988265
-Y,437181,0.944000,-0.066000,0.275000,0.985453
-Y,437262,0.940000,-0.063000,0.275000,0.981424
-Y,437341,0.956000,-0.068000,0.272000,0.996265
-Y,437422,0.956000,-0.068000,0.272000,0.996265
-Y,437501,0.947000,-0.068000,0.273000,0.987908
-Y,437582,0.945000,-0.065000,0.273000,0.985788
-Y,437661,0.944000,-0.068000,0.275000,0.985589
-Y,437741,0.947000,-0.069000,0.275000,0.988532
-Y,437821,0.947000,-0.065000,0.279000,0.989381
-Y,437901,0.947000,-0.071000,0.268000,0.986749
-Y,437981,0.947000,-0.068000,0.268000,0.986538
-Y,438061,0.947000,-0.065000,0.272000,0.987430
-Y,438142,0.947000,-0.068000,0.270000,0.987083
-Y,438221,0.950000,-0.077000,0.268000,0.990077
-Y,438302,0.944000,-0.065000,0.275000,0.985386
-Y,438381,0.944000,-0.068000,0.272000,0.984756
-Y,438462,0.944000,-0.068000,0.272000,0.984756
-Y,438541,0.956000,-0.066000,0.264000,0.993976
-Y,438622,0.944000,-0.071000,0.270000,0.984417
-Y,438701,0.945000,-0.072000,0.275000,0.986830
-Y,438782,0.945000,-0.065000,0.275000,0.986344
-Y,438861,0.945000,-0.072000,0.275000,0.986830
-Y,438942,0.947000,-0.064000,0.279000,0.989316
-Y,439021,0.944000,-0.068000,0.278000,0.986430
-Y,439101,0.951000,-0.068000,0.273000,0.991743
-Y,439181,0.943000,-0.064000,0.279000,0.985488
-Y,439261,0.952000,-0.066000,0.273000,0.992567
-Y,439342,0.950000,-0.064000,0.271000,0.989968
-Y,439421,0.950000,-0.064000,0.271000,0.989968
-Y,439502,0.947000,-0.064000,0.280000,0.989598
-Y,439581,0.950000,-0.063000,0.275000,0.991006
-Y,439662,0.944000,-0.064000,0.271000,0.984212
-Y,439741,0.945000,-0.066000,0.271000,0.985303
-Y,439822,0.945000,-0.064000,0.271000,0.985171
-Y,439901,0.947000,-0.064000,0.268000,0.986270
-Y,439982,0.947000,-0.064000,0.272000,0.987365
-Y,440061,0.947000,-0.061000,0.280000,0.989409
-Y,440142,0.943000,-0.068000,0.280000,0.986039
-Y,440221,0.950000,-0.064000,0.272000,0.990242
-Y,440301,0.951000,-0.064000,0.271000,0.990928
-Y,440381,0.944000,-0.068000,0.271000,0.984480
-Y,440461,0.944000,-0.068000,0.271000,0.984480
-Y,440542,0.945000,-0.066000,0.273000,0.985855
-Y,440621,0.947000,-0.071000,0.276000,0.988952
-Y,440702,0.951000,-0.068000,0.275000,0.992295
-Y,440781,0.947000,-0.069000,0.271000,0.987426
-Y,440862,0.943000,-0.069000,0.271000,0.983591
-Y,440941,0.950000,-0.065000,0.275000,0.991136
-Y,441022,0.947000,-0.060000,0.273000,0.987389
-Y,441101,0.947000,-0.077000,0.268000,0.987199
-Y,441182,0.945000,-0.065000,0.270000,0.984962
-Y,441261,0.950000,-0.064000,0.280000,0.992470
-Y,441342,0.958000,-0.068000,0.273000,0.998457
-Y,441421,0.945000,-0.068000,0.273000,0.985991
-Y,441501,0.945000,-0.068000,0.273000,0.985991
-Y,441581,0.947000,-0.063000,0.272000,0.987300
-Y,441661,0.945000,-0.068000,0.272000,0.985714
-Y,441742,0.950000,-0.065000,0.278000,0.991972
-Y,441821,0.953000,-0.068000,0.265000,0.991493
-Y,441902,0.947000,-0.066000,0.275000,0.988327
-Y,441981,0.952000,-0.068000,0.271000,0.992154
-Y,442062,0.947000,-0.068000,0.275000,0.988462
-Y,442141,0.952000,-0.073000,0.275000,0.993608
-Y,442222,0.945000,-0.068000,0.279000,0.987669
-Y,442301,0.945000,-0.071000,0.271000,0.985651
-Y,442382,0.945000,-0.071000,0.272000,0.985926
-Y,442461,0.947000,-0.064000,0.271000,0.987090
-Y,442542,0.947000,-0.064000,0.271000,0.987090
-Y,442621,0.950000,-0.056000,0.270000,0.989210
-Y,442701,0.947000,-0.073000,0.270000,0.987440
-Y,442781,0.947000,-0.064000,0.275000,0.988195
-Y,442861,0.945000,-0.065000,0.273000,0.985788
-Y,442942,0.947000,-0.065000,0.273000,0.987706
-Y,443021,0.947000,-0.068000,0.271000,0.987357
-Y,443102,0.947000,-0.068000,0.271000,0.987357
-Y,443181,0.947000,-0.077000,0.275000,0.989122
-Y,443262,0.947000,-0.068000,0.271000,0.987357
-Y,443341,0.945000,-0.064000,0.279000,0.987402
-Y,443422,0.950000,-0.065000,0.276000,0.991414
-Y,443501,0.950000,-0.065000,0.276000,0.991414
-Y,443582,0.945000,-0.064000,0.272000,0.985447
-Y,443661,0.947000,-0.068000,0.272000,0.987632
-Y,443742,0.951000,-0.068000,0.271000,0.991194
-Y,443821,0.952000,-0.068000,0.276000,0.993531
-Y,443902,0.958000,-0.072000,0.267000,0.997114
-Y,443981,0.946000,-0.064000,0.271000,0.986130
-Y,444061,0.945000,-0.066000,0.270000,0.985028
-Y,444141,0.950000,-0.073000,0.271000,0.990591
-Y,444221,0.951000,-0.064000,0.275000,0.992029
-Y,444302,0.947000,-0.065000,0.271000,0.987155
-Y,444381,0.952000,-0.066000,0.272000,0.992292
-Y,444462,0.945000,-0.064000,0.272000,0.985447
-Y,444541,0.945000,-0.064000,0.272000,0.985447
-Y,444622,0.948000,-0.061000,0.272000,0.988134
-Y,444701,0.944000,-0.068000,0.271000,0.984480
-Y,444782,0.945000,-0.071000,0.273000,0.986202
-Y,444861,0.948000,-0.068000,0.284000,0.991960
-Y,444942,0.947000,-0.066000,0.272000,0.987496
-Y,445021,0.948000,-0.064000,0.270000,0.987775
-Y,445102,0.950000,-0.065000,0.270000,0.989760
-Y,445181,0.947000,-0.072000,0.271000,0.987641
-Y,445261,0.947000,-0.068000,0.275000,0.988462
-Y,445341,0.947000,-0.066000,0.278000,0.989166
-Y,445421,0.956000,-0.065000,0.265000,0.994176
-Y,445502,0.945000,-0.065000,0.270000,0.984962
-Y,445581,0.945000,-0.065000,0.270000,0.984962
-Y,445662,0.945000,-0.068000,0.268000,0.984618
-Y,445741,0.948000,-0.064000,0.275000,0.989154
-Y,445822,0.944000,-0.066000,0.273000,0.984896
-Y,445901,0.944000,-0.066000,0.275000,0.985453
-Y,445982,0.947000,-0.066000,0.271000,0.987221
-Y,446061,0.947000,-0.065000,0.270000,0.986881
-Y,446142,0.944000,-0.071000,0.271000,0.984692
-Y,446221,0.944000,-0.061000,0.275000,0.985130
-Y,446302,0.945000,-0.066000,0.275000,0.986411
-Y,446381,0.947000,-0.064000,0.276000,0.988474
-Y,446461,0.950000,-0.065000,0.268000,0.989216
-Y,446541,0.950000,-0.065000,0.268000,0.989216
-Y,446621,0.947000,-0.068000,0.270000,0.987083
-Y,446702,0.944000,-0.066000,0.270000,0.984069
-Y,446781,0.947000,-0.072000,0.272000,0.987915
-Y,446862,0.944000,-0.071000,0.278000,0.986641
-Y,446941,0.956000,-0.065000,0.272000,0.996065
-Y,447022,0.944000,-0.068000,0.268000,0.983658
-Y,447101,0.945000,-0.069000,0.271000,0.985508
-Y,447182,0.947000,-0.069000,0.273000,0.987977
-Y,447261,0.947000,-0.071000,0.268000,0.986749
-Y,447342,0.947000,-0.066000,0.268000,0.986402
-Y,447421,0.952000,-0.064000,0.275000,0.992988
-Y,447502,0.950000,-0.064000,0.275000,0.991071
-Y,447581,0.950000,-0.064000,0.275000,0.991071
-Y,447662,0.947000,-0.068000,0.279000,0.989583
-Y,447741,0.950000,-0.068000,0.278000,0.992173
-Y,447821,0.948000,-0.068000,0.272000,0.988591
-Y,447902,0.947000,-0.065000,0.275000,0.988261
-Y,447981,0.947000,-0.063000,0.275000,0.988131
-Y,448062,0.951000,-0.065000,0.275000,0.992094
-Y,448141,0.944000,-0.069000,0.272000,0.984825
-Y,448222,0.950000,-0.069000,0.275000,0.991406
-Y,448301,0.947000,-0.068000,0.280000,0.989865
-Y,448382,0.944000,-0.066000,0.270000,0.984069
-Y,448461,0.947000,-0.064000,0.271000,0.987090
-Y,448542,0.952000,-0.071000,0.272000,0.992637
-Y,448621,0.952000,-0.071000,0.272000,0.992637
-Y,448702,0.950000,-0.067000,0.279000,0.992386
-Y,448781,0.947000,-0.065000,0.273000,0.987706
-Y,448862,0.960000,-0.066000,0.272000,0.999970
-Y,448941,0.951000,-0.066000,0.271000,0.991059
-Y,449021,0.953000,-0.071000,0.272000,0.993596
-Y,449101,0.950000,-0.066000,0.268000,0.989283
-Y,449181,0.952000,-0.071000,0.274000,0.993187
-Y,449262,0.947000,-0.063000,0.278000,0.988970
-Y,449341,0.947000,-0.064000,0.272000,0.987365
-Y,449422,0.945000,-0.065000,0.268000,0.984416
-Y,449501,0.940000,-0.065000,0.267000,0.979344
-Y,449582,0.942000,-0.066000,0.272000,0.982702
-Y,449661,0.942000,-0.066000,0.272000,0.982702
-Y,449742,0.947000,-0.072000,0.272000,0.987915
-Y,449821,0.951000,-0.066000,0.273000,0.991608
-Y,449902,0.950000,-0.069000,0.278000,0.992242
-Y,449981,0.947000,-0.066000,0.273000,0.987772
-Y,450062,0.946000,-0.072000,0.271000,0.986682
-Y,450141,0.947000,-0.064000,0.270000,0.986816
-Y,450221,0.944000,-0.073000,0.271000,0.984838
-Y,450301,0.945000,-0.065000,0.270000,0.984962
-Y,450381,0.950000,-0.064000,0.275000,0.991071
-Y,450462,0.951000,-0.064000,0.278000,0.992865
-Y,450541,0.944000,-0.068000,0.271000,0.984480
-Y,450622,0.944000,-0.068000,0.271000,0.984480
-Y,450701,0.948000,-0.072000,0.268000,0.987781
-Y,450782,0.943000,-0.073000,0.272000,0.984155
-Y,450861,0.948000,-0.064000,0.273000,0.988599
-Y,450942,0.951000,-0.064000,0.275000,0.992029
-Y,451021,0.952000,-0.065000,0.270000,0.991680
-Y,451102,0.947000,-0.064000,0.272000,0.987365
-Y,451181,0.944000,-0.068000,0.275000,0.985589
-Y,451262,0.947000,-0.073000,0.271000,0.987714
-Y,451341,0.947000,-0.066000,0.271000,0.987221
-Y,451421,0.944000,-0.063000,0.271000,0.984147
-Y,451501,0.947000,-0.069000,0.271000,0.987426
-Y,451581,0.947000,-0.066000,0.273000,0.987772
-Y,451662,0.947000,-0.066000,0.273000,0.987772
-Y,451741,0.951000,-0.072000,0.275000,0.992577
-Y,451822,0.945000,-0.064000,0.273000,0.985723
-Y,451901,0.944000,-0.071000,0.275000,0.985800
-Y,451982,0.947000,-0.072000,0.272000,0.987915
-Y,452061,0.947000,-0.066000,0.272000,0.987496
-Y,452142,0.944000,-0.064000,0.271000,0.984212
-Y,452221,0.947000,-0.066000,0.271000,0.987221
-Y,452302,0.944000,-0.073000,0.272000,0.985114
-Y,452381,0.947000,-0.071000,0.280000,0.990076
-Y,452462,0.944000,-0.071000,0.270000,0.984417
-Y,452541,0.950000,-0.066000,0.272000,0.990374
-Y,452622,0.947000,-0.065000,0.275000,0.988261
-Y,452701,0.947000,-0.065000,0.275000,0.988261
-Y,452781,0.948000,-0.066000,0.275000,0.989285
-Y,452861,0.951000,-0.068000,0.278000,0.993131
-Y,452941,0.947000,-0.064000,0.275000,0.988195
-Y,453022,0.950000,-0.066000,0.271000,0.990099
-Y,453101,0.947000,-0.064000,0.271000,0.987090
-Y,453182,0.945000,-0.072000,0.271000,0.985723
-Y,453261,0.947000,-0.065000,0.279000,0.989381
-Y,453342,0.944000,-0.068000,0.273000,0.985032
-Y,453421,0.944000,-0.068000,0.271000,0.984480
-Y,453502,0.956000,-0.068000,0.267000,0.994911
-Y,453581,0.945000,-0.072000,0.271000,0.985723
-Y,453662,0.945000,-0.072000,0.271000,0.985723
-Y,453741,0.945000,-0.072000,0.271000,0.985723
-Y,453822,0.945000,-0.065000,0.272000,0.985512
-Y,453901,0.944000,-0.073000,0.272000,0.985114
-Y,453981,0.945000,-0.064000,0.275000,0.986279
-Y,454061,0.947000,-0.068000,0.278000,0.989301
-Y,454141,0.950000,-0.066000,0.276000,0.991480
-Y,454222,0.944000,-0.068000,0.271000,0.984480
-Y,454301,0.947000,-0.072000,0.275000,0.988746
-Y,454382,0.945000,-0.064000,0.273000,0.985723
-Y,454461,0.947000,-0.064000,0.271000,0.987090
-Y,454542,0.945000,-0.071000,0.275000,0.986758
-Y,454621,0.950000,-0.068000,0.271000,0.990235
-Y,454702,0.950000,-0.068000,0.271000,0.990235
-Y,454781,0.951000,-0.061000,0.271000,0.990739
-Y,454862,0.948000,-0.064000,0.273000,0.988599
-Y,454941,0.947000,-0.068000,0.278000,0.989301
-Y,455022,0.948000,-0.061000,0.268000,0.987040
-Y,455101,0.947000,-0.068000,0.272000,0.987632
-Y,455181,0.950000,-0.066000,0.272000,0.990374
-Y,455261,0.944000,-0.071000,0.271000,0.984692
-Y,455341,0.947000,-0.071000,0.271000,0.987568
-Y,455422,0.945000,-0.064000,0.271000,0.985171
-Y,455501,0.956000,-0.072000,0.265000,0.994658
-Y,455582,0.947000,-0.071000,0.271000,0.987568
-Y,455661,0.944000,-0.066000,0.276000,0.985732
-Y,455742,0.944000,-0.066000,0.276000,0.985732
-Y,455821,0.947000,-0.066000,0.276000,0.988606
-Y,455902,0.944000,-0.073000,0.272000,0.985114
-Y,455981,0.947000,-0.071000,0.271000,0.987568
-Y,456062,0.951000,-0.069000,0.271000,0.991263
-Y,456141,0.947000,-0.068000,0.272000,0.987632
-Y,456222,0.952000,-0.068000,0.278000,0.994088
-Y,456301,0.947000,-0.069000,0.275000,0.988532
-Y,456382,0.945000,-0.064000,0.273000,0.985723
-Y,456461,0.945000,-0.065000,0.279000,0.987467
-Y,456541,0.947000,-0.061000,0.275000,0.988005
-Y,456622,0.952000,-0.064000,0.268000,0.991072
-Y,456701,0.947000,-0.064000,0.272000,0.987365
-Y,456782,0.947000,-0.064000,0.272000,0.987365
-Y,456861,0.947000,-0.071000,0.264000,0.985670
-Y,456942,0.945000,-0.066000,0.268000,0.984482
-Y,457021,0.947000,-0.068000,0.271000,0.987357
-Y,457102,0.944000,-0.068000,0.270000,0.984205
-Y,457181,0.952000,-0.065000,0.272000,0.992226
-Y,457262,0.945000,-0.064000,0.280000,0.987685
-Y,457341,0.950000,-0.064000,0.276000,0.991349
-Y,457422,0.951000,-0.068000,0.271000,0.991194
-Y,457501,0.947000,-0.068000,0.275000,0.988462
-Y,457581,0.953000,-0.065000,0.264000,0.991025
-Y,457661,0.947000,-0.068000,0.270000,0.987083
-Y,457741,0.947000,-0.068000,0.270000,0.987083
-Y,457821,0.950000,-0.065000,0.272000,0.990307
-Y,457901,0.948000,-0.073000,0.278000,0.990614
-Y,457982,0.945000,-0.069000,0.272000,0.985784
-Y,458061,0.944000,-0.068000,0.270000,0.984205
-Y,458142,0.945000,-0.065000,0.272000,0.985512
-Y,458221,0.947000,-0.068000,0.275000,0.988462
-Y,458302,0.944000,-0.064000,0.273000,0.984764
-Y,458381,0.947000,-0.069000,0.271000,0.987426
-Y,458462,0.947000,-0.068000,0.276000,0.988741
-Y,458541,0.948000,-0.068000,0.270000,0.988042
-Y,458622,0.953000,-0.064000,0.273000,0.993395
-Y,458701,0.948000,-0.071000,0.272000,0.988802
-Y,458782,0.948000,-0.071000,0.272000,0.988802
-Y,458861,0.947000,-0.071000,0.271000,0.987568
-Y,458941,0.947000,-0.065000,0.271000,0.987155
-Y,459021,0.947000,-0.063000,0.278000,0.988970
-Y,459101,0.947000,-0.068000,0.271000,0.987357
-Y,459182,0.956000,-0.066000,0.273000,0.996404
-Y,459261,0.947000,-0.066000,0.271000,0.987221
-Y,459342,0.952000,-0.071000,0.278000,0.994298
-Y,459421,0.950000,-0.064000,0.275000,0.991071
-Y,459502,0.945000,-0.071000,0.275000,0.986758
-Y,459581,0.947000,-0.063000,0.272000,0.987300
-Y,459662,0.944000,-0.065000,0.270000,0.984002
-Y,459741,0.952000,-0.068000,0.268000,0.991338
-Y,459822,0.952000,-0.068000,0.268000,0.991338
-Y,459901,0.947000,-0.066000,0.275000,0.988327
-Y,459982,0.947000,-0.060000,0.272000,0.987113
-Y,460061,0.950000,-0.068000,0.272000,0.990509
-Y,460141,0.945000,-0.066000,0.275000,0.986411
-Y,460221,0.947000,-0.072000,0.272000,0.987915
-Y,460301,0.944000,-0.066000,0.270000,0.984069
-Y,460382,0.950000,-0.072000,0.264000,0.988625
-Y,460461,0.950000,-0.069000,0.272000,0.990578
-Y,460542,0.947000,-0.068000,0.275000,0.988462
-Y,460621,0.944000,-0.065000,0.272000,0.984553
-Y,460702,0.950000,-0.071000,0.280000,0.992946
-Y,460781,0.950000,-0.071000,0.280000,0.992946
-Y,460862,0.944000,-0.064000,0.279000,0.986445
-Y,460941,0.952000,-0.068000,0.279000,0.994369
-Y,461022,0.950000,-0.068000,0.272000,0.990509
-Y,461101,0.950000,-0.072000,0.272000,0.990792
-Y,461182,0.955000,-0.068000,0.280000,0.997521
-Y,461261,0.947000,-0.072000,0.275000,0.988746
-Y,461341,0.945000,-0.068000,0.271000,0.985439
-Y,461421,0.944000,-0.068000,0.271000,0.984480
-Y,461501,0.945000,-0.068000,0.280000,0.987952
-Y,461582,0.945000,-0.072000,0.268000,0.984902
-Y,461661,0.948000,-0.066000,0.268000,0.987362
-Y,461742,0.948000,-0.068000,0.271000,0.988316
-Y,461821,0.948000,-0.068000,0.271000,0.988316
-Y,461902,0.948000,-0.068000,0.268000,0.987498
-Y,461981,0.944000,-0.073000,0.272000,0.985114
-Y,462062,0.944000,-0.068000,0.271000,0.984480
-Y,462141,0.944000,-0.064000,0.271000,0.984212
-Y,462222,0.942000,-0.064000,0.276000,0.983685
-Y,462301,0.947000,-0.066000,0.273000,0.987772
-Y,462382,0.947000,-0.068000,0.273000,0.987908
-Y,462461,0.945000,-0.065000,0.279000,0.987467
-Y,462542,0.948000,-0.064000,0.278000,0.989992
-Y,462621,0.945000,-0.065000,0.270000,0.984962
-Y,462701,0.948000,-0.064000,0.275000,0.989154
-Y,462781,0.947000,-0.065000,0.268000,0.986336
-Y,462861,0.947000,-0.065000,0.268000,0.986336
-Y,462942,0.944000,-0.068000,0.274000,0.985310
-Y,463021,0.959000,-0.068000,0.265000,0.997261
-Y,463102,0.952000,-0.071000,0.270000,0.992091
-Y,463181,0.944000,-0.071000,0.268000,0.983870
-Y,463262,0.944000,-0.068000,0.270000,0.984205
-Y,463341,0.947000,-0.071000,0.273000,0.988119
-Y,463422,0.947000,-0.069000,0.275000,0.988532
-Y,463501,0.944000,-0.064000,0.270000,0.983937
-Y,463582,0.946000,-0.066000,0.271000,0.986262
-Y,463661,0.947000,-0.065000,0.276000,0.988539
-Y,463742,0.948000,-0.065000,0.275000,0.989219
-Y,463821,0.945000,-0.064000,0.275000,0.986279
-Y,463901,0.945000,-0.064000,0.275000,0.986279
-Y,463981,0.952000,-0.065000,0.268000,0.991137
-Y,464061,0.947000,-0.068000,0.271000,0.987357
-Y,464142,0.947000,-0.066000,0.271000,0.987221
-Y,464221,0.944000,-0.073000,0.278000,0.986787
-Y,464302,0.947000,-0.068000,0.273000,0.987908
-Y,464381,0.947000,-0.068000,0.275000,0.988462
-Y,464462,0.945000,-0.065000,0.272000,0.985512
-Y,464541,0.945000,-0.064000,0.275000,0.986279
-Y,464622,0.947000,-0.068000,0.268000,0.986538
-Y,464701,0.944000,-0.071000,0.271000,0.984692
-Y,464782,0.944000,-0.065000,0.281000,0.987077
-Y,464861,0.944000,-0.065000,0.281000,0.987077
-Y,464942,0.955000,-0.071000,0.265000,0.993625
-Y,465021,0.947000,-0.066000,0.271000,0.987221
-Y,465101,0.948000,-0.071000,0.271000,0.988527
-Y,465181,0.947000,-0.068000,0.271000,0.987357
-Y,465261,0.950000,-0.066000,0.272000,0.990374
-Y,465342,0.952000,-0.064000,0.275000,0.992988
-Y,465421,0.947000,-0.064000,0.273000,0.987641
-Y,465502,0.947000,-0.072000,0.275000,0.988746
-Y,465581,0.950000,-0.068000,0.276000,0.991615
-Y,465662,0.950000,-0.064000,0.271000,0.989968
-Y,465741,0.947000,-0.071000,0.279000,0.989793
-Y,465822,0.953000,-0.068000,0.265000,0.991493
-Y,465901,0.953000,-0.068000,0.265000,0.991493
-Y,465982,0.944000,-0.069000,0.273000,0.985102
-Y,466061,0.947000,-0.064000,0.275000,0.988195
-Y,466142,0.948000,-0.077000,0.268000,0.988158
-Y,466221,0.944000,-0.069000,0.271000,0.984550
-Y,466302,0.944000,-0.069000,0.271000,0.984550
-Y,466381,0.956000,-0.066000,0.267000,0.994777
-Y,466461,0.945000,-0.066000,0.275000,0.986411
-Y,466541,0.950000,-0.060000,0.275000,0.990820
-Y,466621,0.950000,-0.072000,0.278000,0.992455
-Y,466702,0.950000,-0.066000,0.272000,0.990374
-Y,466781,0.947000,-0.064000,0.272000,0.987365
-Y,466862,0.947000,-0.065000,0.270000,0.986881
-Y,466941,0.947000,-0.065000,0.270000,0.986881
-Y,467022,0.950000,-0.061000,0.267000,0.988691
-Y,467101,0.950000,-0.071000,0.272000,0.990719
-Y,467182,0.947000,-0.068000,0.275000,0.988462
-Y,467261,0.947000,-0.068000,0.273000,0.987908
-Y,467342,0.945000,-0.066000,0.280000,0.987816
-Y,467421,0.947000,-0.065000,0.272000,0.987430
-Y,467502,0.947000,-0.065000,0.271000,0.987155
-Y,467581,0.947000,-0.071000,0.270000,0.987294
-Y,467661,0.948000,-0.068000,0.279000,0.990540
-Y,467741,0.947000,-0.068000,0.275000,0.988462
-Y,467821,0.952000,-0.071000,0.275000,0.993464
-Y,467902,0.947000,-0.068000,0.271000,0.987357
-Y,467981,0.947000,-0.068000,0.271000,0.987357
-Y,468062,0.944000,-0.066000,0.271000,0.984344
-Y,468141,0.944000,-0.069000,0.270000,0.984275
-Y,468222,0.947000,-0.071000,0.272000,0.987843
-Y,468301,0.944000,-0.066000,0.276000,0.985732
-Y,468382,0.955000,-0.066000,0.272000,0.995171
-Y,468461,0.947000,-0.068000,0.271000,0.987357
-Y,468542,0.947000,-0.061000,0.268000,0.986080
-Y,468621,0.947000,-0.072000,0.275000,0.988746
-Y,468702,0.947000,-0.068000,0.283000,0.990718
-Y,468781,0.947000,-0.066000,0.278000,0.989166
-Y,468861,0.952000,-0.069000,0.272000,0.992496
-Y,468941,0.952000,-0.069000,0.272000,0.992496
-Y,469021,0.951000,-0.068000,0.278000,0.993131
-Y,469102,0.947000,-0.068000,0.275000,0.988462
-Y,469181,0.948000,-0.068000,0.273000,0.988866
-Y,469262,0.951000,-0.068000,0.275000,0.992295
-Y,469341,0.958000,-0.066000,0.265000,0.996165
-Y,469422,0.945000,-0.068000,0.273000,0.985991
-Y,469501,0.947000,-0.066000,0.275000,0.988327
-Y,469582,0.951000,-0.068000,0.273000,0.991743
-Y,469661,0.944000,-0.064000,0.268000,0.983390
-Y,469742,0.944000,-0.068000,0.275000,0.985589
-Y,469821,0.955000,-0.066000,0.272000,0.995171
-Y,469902,0.944000,-0.069000,0.270000,0.984275
-Y,469981,0.944000,-0.069000,0.270000,0.984275
-Y,470062,0.947000,-0.068000,0.271000,0.987357
-Y,470141,0.948000,-0.073000,0.272000,0.988947
-Y,470221,0.950000,-0.064000,0.280000,0.992470
-Y,470302,0.947000,-0.066000,0.267000,0.986131
-Y,470381,0.946000,-0.069000,0.270000,0.986193
-Y,470462,0.945000,-0.072000,0.272000,0.985998
-Y,470541,0.947000,-0.064000,0.273000,0.987641
-Y,470622,0.950000,-0.066000,0.275000,0.991202
-Y,470701,0.952000,-0.065000,0.270000,0.991680
-Y,470782,0.944000,-0.066000,0.270000,0.984069
-Y,470861,0.945000,-0.072000,0.268000,0.984902
-Y,470942,0.944000,-0.071000,0.275000,0.985800
-Y,471021,0.944000,-0.071000,0.275000,0.985800
-Y,471102,0.947000,-0.064000,0.287000,0.991602
-Y,471181,0.950000,-0.068000,0.268000,0.989418
-Y,471262,0.945000,-0.065000,0.276000,0.986623
-Y,471341,0.948000,-0.068000,0.273000,0.988866
-Y,471421,0.947000,-0.063000,0.268000,0.986206
-Y,471501,0.947000,-0.069000,0.278000,0.989370
-Y,471581,0.951000,-0.068000,0.275000,0.992295
-Y,471662,0.951000,-0.066000,0.265000,0.989435
-Y,471741,0.945000,-0.066000,0.275000,0.986411
-Y,471822,0.947000,-0.065000,0.271000,0.987155
-Y,471901,0.947000,-0.068000,0.271000,0.987357
-Y,471982,0.950000,-0.065000,0.278000,0.991972
-Y,472061,0.950000,-0.065000,0.278000,0.991972
-Y,472142,0.947000,-0.065000,0.276000,0.988539
-Y,472221,0.945000,-0.068000,0.272000,0.985714
-Y,472302,0.945000,-0.068000,0.271000,0.985439
-Y,472381,0.952000,-0.071000,0.270000,0.992091
-Y,472462,0.947000,-0.065000,0.272000,0.987430
-Y,472541,0.947000,-0.064000,0.273000,0.987641
-Y,472621,0.945000,-0.072000,0.271000,0.985723
-Y,472701,0.944000,-0.065000,0.278000,0.986228
-Y,472781,0.944000,-0.066000,0.275000,0.985453
-Y,472862,0.940000,-0.071000,0.272000,0.981135
-Y,472941,0.950000,-0.066000,0.276000,0.991480
-Y,473022,0.950000,-0.066000,0.276000,0.991480
-Y,473101,0.947000,-0.066000,0.283000,0.990583
-Y,473182,0.945000,-0.068000,0.271000,0.985439
-Y,473261,0.945000,-0.072000,0.272000,0.985998
-Y,473342,0.947000,-0.069000,0.271000,0.987426
-Y,473421,0.945000,-0.068000,0.270000,0.985164
-Y,473502,0.951000,-0.066000,0.275000,0.992160
-Y,473581,0.947000,-0.064000,0.272000,0.987365
-Y,473662,0.943000,-0.064000,0.271000,0.983253
-Y,473741,0.947000,-0.068000,0.272000,0.987632
-Y,473821,0.943000,-0.064000,0.271000,0.983253
-Y,473901,0.945000,-0.060000,0.272000,0.985195
-Y,473981,0.951000,-0.068000,0.278000,0.993131
-Y,474062,0.951000,-0.068000,0.278000,0.993131
-Y,474141,0.950000,-0.064000,0.275000,0.991071
-Y,474222,0.947000,-0.064000,0.280000,0.989598
-Y,474301,0.945000,-0.066000,0.271000,0.985303
-Y,474382,0.948000,-0.064000,0.275000,0.989154
-Y,474461,0.943000,-0.073000,0.271000,0.983879
-Y,474542,0.947000,-0.065000,0.271000,0.987155
-Y,474621,0.958000,-0.068000,0.265000,0.996300
-Y,474702,0.947000,-0.068000,0.276000,0.988741
-Y,474781,0.948000,-0.065000,0.270000,0.987841
-Y,474862,0.950000,-0.066000,0.268000,0.989283
-Y,474941,0.947000,-0.071000,0.271000,0.987568
-Y,475022,0.945000,-0.073000,0.273000,0.986348
-Y,475101,0.945000,-0.073000,0.273000,0.986348
-Y,475181,0.944000,-0.064000,0.275000,0.985321
-Y,475261,0.944000,-0.061000,0.271000,0.984021
-Y,475341,0.948000,-0.069000,0.270000,0.988112
-Y,475422,0.955000,-0.069000,0.265000,0.993484
-Y,475501,0.944000,-0.064000,0.271000,0.984212
-Y,475582,0.945000,-0.071000,0.268000,0.984830
-Y,475661,0.951000,-0.069000,0.268000,0.990447
-Y,475742,0.960000,-0.065000,0.272000,0.999904
-Y,475821,0.947000,-0.071000,0.272000,0.987843
-Y,475902,0.942000,-0.066000,0.270000,0.982151
-Y,475981,0.947000,-0.077000,0.273000,0.988568
-Y,476062,0.947000,-0.072000,0.273000,0.988191
-Y,476141,0.947000,-0.072000,0.273000,0.988191
-Y,476222,0.945000,-0.066000,0.278000,0.987251
-Y,476301,0.944000,-0.065000,0.271000,0.984277
-Y,476381,0.945000,-0.073000,0.272000,0.986072
-Y,476461,0.947000,-0.065000,0.272000,0.987430
-Y,476541,0.945000,-0.064000,0.275000,0.986279
-Y,476622,0.945000,-0.064000,0.276000,0.986558
-Y,476701,0.944000,-0.068000,0.276000,0.985868
-Y,476782,0.952000,-0.068000,0.272000,0.992427
-Y,476861,0.945000,-0.068000,0.273000,0.985991
-Y,476942,0.944000,-0.068000,0.271000,0.984480
-Y,477021,0.953000,-0.068000,0.265000,0.991493
-Y,477102,0.947000,-0.068000,0.271000,0.987357
-Y,477181,0.947000,-0.068000,0.271000,0.987357
-Y,477262,0.950000,-0.068000,0.268000,0.989418
-Y,477341,0.944000,-0.068000,0.271000,0.984480
-Y,477422,0.948000,-0.068000,0.275000,0.989420
-Y,477501,0.947000,-0.066000,0.272000,0.987496
-Y,477581,0.944000,-0.064000,0.275000,0.985321
-Y,477661,0.944000,-0.072000,0.268000,0.983943
-Y,477741,0.950000,-0.065000,0.273000,0.990583
-Y,477822,0.956000,-0.071000,0.263000,0.994055
-Y,477901,0.947000,-0.065000,0.271000,0.987155
-Y,477982,0.952000,-0.056000,0.272000,0.991677
-Y,478061,0.944000,-0.073000,0.270000,0.984563
-Y,478142,0.944000,-0.073000,0.270000,0.984563
-Y,478221,0.944000,-0.068000,0.281000,0.987280
-Y,478302,0.952000,-0.068000,0.272000,0.992427
-Y,478381,0.950000,-0.072000,0.273000,0.991067
-Y,478462,0.945000,-0.066000,0.275000,0.986411
-Y,478541,0.947000,-0.066000,0.268000,0.986402
-Y,478622,0.947000,-0.068000,0.272000,0.987632
-Y,478701,0.944000,-0.065000,0.272000,0.984553
-Y,478782,0.944000,-0.066000,0.273000,0.984896
-Y,478861,0.950000,-0.065000,0.280000,0.992535
-Y,478941,0.947000,-0.071000,0.275000,0.988673
-Y,479022,0.947000,-0.064000,0.282000,0.990166
-Y,479101,0.945000,-0.068000,0.268000,0.984618
-Y,479182,0.945000,-0.068000,0.268000,0.984618
-Y,479261,0.945000,-0.068000,0.273000,0.985991
-Y,479342,0.951000,-0.071000,0.272000,0.991678
-Y,479421,0.950000,-0.069000,0.272000,0.990578
-Y,479502,0.947000,-0.071000,0.275000,0.988673
-Y,479581,0.945000,-0.069000,0.273000,0.986060
-Y,479662,0.956000,-0.066000,0.265000,0.994242
-Y,479741,0.943000,-0.066000,0.275000,0.984495
-Y,479822,0.947000,-0.066000,0.271000,0.987221
-Y,479901,0.950000,-0.068000,0.272000,0.990509
-Y,479982,0.947000,-0.068000,0.278000,0.989301
-Y,480061,0.950000,-0.068000,0.271000,0.990235
-Y,480141,0.947000,-0.068000,0.273000,0.987908
-Y,480221,0.947000,-0.068000,0.273000,0.987908
-Y,480301,0.952000,-0.068000,0.264000,0.990265
-Y,480382,0.947000,-0.065000,0.273000,0.987706
-Y,480461,0.950000,-0.065000,0.272000,0.990307
-Y,480542,0.950000,-0.068000,0.278000,0.992173
-Y,480621,0.948000,-0.068000,0.271000,0.988316
-Y,480702,0.947000,-0.069000,0.272000,0.987701
-Y,480781,0.956000,-0.072000,0.269000,0.995731
-Y,480862,0.944000,-0.069000,0.270000,0.984275
-Y,480941,0.947000,-0.073000,0.267000,0.986624
-Y,481022,0.945000,-0.064000,0.275000,0.986279
-Y,481101,0.947000,-0.064000,0.271000,0.987090
-Y,481182,0.943000,-0.066000,0.270000,0.983110
-Y,481261,0.943000,-0.066000,0.270000,0.983110
-Y,481341,0.947000,-0.069000,0.268000,0.986607
-Y,481421,0.944000,-0.077000,0.275000,0.986250
-Y,481501,0.947000,-0.064000,0.275000,0.988195
-Y,481582,0.950000,-0.066000,0.271000,0.990099
-Y,481661,0.948000,-0.072000,0.271000,0.988599
-Y,481742,0.944000,-0.072000,0.272000,0.985040
-Y,481821,0.942000,-0.077000,0.271000,0.983226
-Y,481902,0.950000,-0.072000,0.268000,0.989701
-Y,481981,0.950000,-0.072000,0.276000,0.991897
-Y,482062,0.953000,-0.068000,0.269000,0.992569
-Y,482141,0.947000,-0.064000,0.267000,0.985999
-Y,482222,0.947000,-0.064000,0.267000,0.985999
-Y,482301,0.948000,-0.065000,0.273000,0.988665
-Y,482382,0.950000,-0.071000,0.271000,0.990445
-Y,482461,0.947000,-0.072000,0.273000,0.988191
-Y,482541,0.955000,-0.068000,0.273000,0.995579
-Y,482621,0.950000,-0.068000,0.272000,0.990509
-Y,482701,0.947000,-0.068000,0.271000,0.987357
-Y,482782,0.944000,-0.068000,0.270000,0.984205
-Y,482861,0.944000,-0.072000,0.271000,0.984764
-Y,482942,0.944000,-0.066000,0.271000,0.984344
-Y,483021,0.950000,-0.065000,0.270000,0.989760
-Y,483102,0.951000,-0.068000,0.272000,0.991468
-Y,483181,0.947000,-0.071000,0.268000,0.986749
-Y,483262,0.947000,-0.071000,0.268000,0.986749
-Y,483341,0.947000,-0.068000,0.284000,0.991004
-Y,483422,0.948000,-0.069000,0.263000,0.986222
-Y,483501,0.943000,-0.071000,0.272000,0.984009
-Y,483582,0.947000,-0.071000,0.273000,0.988119
-Y,483661,0.947000,-0.063000,0.273000,0.987576
-Y,483742,0.945000,-0.068000,0.272000,0.985714
-Y,483821,0.944000,-0.068000,0.275000,0.985589
-Y,483901,0.947000,-0.069000,0.270000,0.987152
-Y,483981,0.945000,-0.071000,0.271000,0.985651
-Y,484061,0.944000,-0.066000,0.271000,0.984344
-Y,484142,0.944000,-0.069000,0.271000,0.984550
-Y,484221,0.947000,-0.072000,0.271000,0.987641
-Y,484302,0.947000,-0.072000,0.271000,0.987641
-Y,484381,0.950000,-0.068000,0.270000,0.989962
-Y,484462,0.950000,-0.065000,0.270000,0.989760
-Y,484541,0.952000,-0.072000,0.270000,0.992163
-Y,484622,0.947000,-0.071000,0.280000,0.990076
-Y,484701,0.951000,-0.068000,0.268000,0.990378
-Y,484782,0.947000,-0.064000,0.270000,0.986816
-Y,484861,0.952000,-0.063000,0.268000,0.991008
-Y,484942,0.953000,-0.068000,0.275000,0.994212
-Y,485021,0.947000,-0.068000,0.275000,0.988462
-Y,485101,0.943000,-0.065000,0.271000,0.983318
-Y,485181,0.947000,-0.066000,0.271000,0.987221
-Y,485261,0.947000,-0.066000,0.271000,0.987221
-Y,485342,0.947000,-0.073000,0.270000,0.987440
-Y,485421,0.945000,-0.068000,0.273000,0.985991
-Y,485502,0.944000,-0.068000,0.270000,0.984205
-Y,485581,0.945000,-0.068000,0.268000,0.984618
-Y,485662,0.948000,-0.068000,0.273000,0.988866
-Y,485741,0.945000,-0.068000,0.271000,0.985439
-Y,485822,0.952000,-0.077000,0.276000,0.994188
-Y,485901,0.950000,-0.068000,0.280000,0.992736
-Y,485982,0.948000,-0.072000,0.272000,0.988874
-Y,486061,0.947000,-0.068000,0.278000,0.989301
-Y,486142,0.952000,-0.066000,0.271000,0.992019
-Y,486221,0.944000,-0.068000,0.275000,0.985589
-Y,486301,0.944000,-0.068000,0.275000,0.985589
-Y,486381,0.945000,-0.079000,0.273000,0.986810
-Y,486461,0.950000,-0.066000,0.275000,0.991202
-Y,486542,0.947000,-0.064000,0.273000,0.987641
-Y,486621,0.945000,-0.068000,0.272000,0.985714
-Y,486702,0.947000,-0.068000,0.273000,0.987908
-Y,486781,0.948000,-0.073000,0.270000,0.988399
-Y,486862,0.947000,-0.068000,0.271000,0.987357
-Y,486941,0.947000,-0.065000,0.268000,0.986336
-Y,487022,0.948000,-0.068000,0.271000,0.988316
-Y,487101,0.945000,-0.068000,0.271000,0.985439
-Y,487182,0.948000,-0.072000,0.273000,0.989150
-Y,487261,0.947000,-0.068000,0.271000,0.987357
-Y,487342,0.947000,-0.068000,0.271000,0.987357
-Y,487421,0.947000,-0.061000,0.271000,0.986900
-Y,487502,0.950000,-0.068000,0.273000,0.990784
-Y,487581,0.943000,-0.068000,0.273000,0.984074
-Y,487661,0.944000,-0.068000,0.276000,0.985868
-Y,487742,0.952000,-0.066000,0.272000,0.992292
-Y,487821,0.947000,-0.071000,0.279000,0.989793
-Y,487902,0.951000,-0.068000,0.275000,0.992295
-Y,487981,0.947000,-0.068000,0.270000,0.987083
-Y,488062,0.945000,-0.064000,0.270000,0.984896
-Y,488141,0.944000,-0.066000,0.270000,0.984069
-Y,488222,0.944000,-0.066000,0.271000,0.984344
-Y,488301,0.947000,-0.068000,0.271000,0.987357
-Y,488382,0.947000,-0.068000,0.271000,0.987357
-Y,488461,0.944000,-0.072000,0.275000,0.985873
-Y,488542,0.947000,-0.064000,0.278000,0.989034
-Y,488621,0.956000,-0.068000,0.280000,0.998479
-Y,488702,0.947000,-0.068000,0.275000,0.988462
-Y,488781,0.947000,-0.072000,0.273000,0.988191
-Y,488861,0.948000,-0.077000,0.272000,0.989251
-Y,488941,0.950000,-0.064000,0.275000,0.991071
-Y,489021,0.944000,-0.064000,0.275000,0.985321
-Y,489102,0.952000,-0.066000,0.267000,0.990933
-Y,489181,0.947000,-0.068000,0.271000,0.987357
-Y,489262,0.947000,-0.069000,0.271000,0.987426
-Y,489341,0.947000,-0.069000,0.271000,0.987426
-Y,489422,0.947000,-0.074000,0.271000,0.987788
-Y,489501,0.944000,-0.073000,0.273000,0.985390
-Y,489582,0.945000,-0.068000,0.271000,0.985439
-Y,489661,0.947000,-0.069000,0.271000,0.987426
-Y,489742,0.943000,-0.068000,0.270000,0.983246
-Y,489821,0.947000,-0.068000,0.271000,0.987357
-Y,489902,0.947000,-0.071000,0.271000,0.987568
-Y,489981,0.950000,-0.071000,0.273000,0.990994
-Y,490061,0.947000,-0.069000,0.275000,0.988532
-Y,490141,0.948000,-0.068000,0.272000,0.988591
-Y,490221,0.953000,-0.065000,0.272000,0.993186
-Y,490302,0.944000,-0.066000,0.268000,0.983522
-Y,490381,0.944000,-0.066000,0.268000,0.983522
-Y,490462,0.950000,-0.073000,0.272000,0.990865
-Y,490541,0.948000,-0.071000,0.272000,0.988802
-Y,490622,0.952000,-0.065000,0.279000,0.994168
-Y,490701,0.945000,-0.069000,0.273000,0.986060
-Y,490782,0.955000,-0.071000,0.272000,0.995515
-Y,490861,0.940000,-0.069000,0.276000,0.982108
-Y,490942,0.947000,-0.057000,0.273000,0.987212
-Y,491021,0.947000,-0.073000,0.267000,0.986624
-Y,491102,0.945000,-0.069000,0.275000,0.986616
-Y,491181,0.944000,-0.071000,0.271000,0.984692
-Y,491261,0.950000,-0.065000,0.272000,0.990307
-Y,491341,0.948000,-0.068000,0.279000,0.990540
-Y,491421,0.948000,-0.068000,0.279000,0.990540
-Y,491502,0.952000,-0.071000,0.272000,0.992637
-Y,491581,0.950000,-0.073000,0.271000,0.990591
-Y,491662,0.944000,-0.068000,0.275000,0.985589
-Y,491741,0.944000,-0.068000,0.272000,0.984756
-Y,491822,0.945000,-0.066000,0.272000,0.985578
-Y,491901,0.945000,-0.061000,0.276000,0.986368
-Y,491982,0.948000,-0.064000,0.270000,0.987775
-Y,492061,0.944000,-0.073000,0.272000,0.985114
-Y,492142,0.947000,-0.065000,0.273000,0.987706
-Y,492221,0.948000,-0.068000,0.271000,0.988316
-Y,492302,0.952000,-0.064000,0.268000,0.991072
-Y,492381,0.952000,-0.064000,0.268000,0.991072
-Y,492462,0.945000,-0.065000,0.273000,0.985788
-Y,492541,0.944000,-0.061000,0.271000,0.984021
-Y,492621,0.944000,-0.077000,0.268000,0.984322
-Y,492701,0.945000,-0.066000,0.275000,0.986411
-Y,492781,0.950000,-0.068000,0.270000,0.989962
-Y,492862,0.940000,-0.066000,0.271000,0.980509
-Y,492941,0.945000,-0.071000,0.275000,0.986758
-Y,493022,0.944000,-0.077000,0.271000,0.985143
-Y,493101,0.947000,-0.064000,0.275000,0.988195
-Y,493182,0.944000,-0.068000,0.275000,0.985589
-Y,493261,0.947000,-0.071000,0.273000,0.988119
-Y,493342,0.943000,-0.068000,0.268000,0.982699
-Y,493421,0.943000,-0.068000,0.268000,0.982699
-Y,493502,0.944000,-0.073000,0.268000,0.984017
-Y,493581,0.948000,-0.071000,0.276000,0.989910
-Y,493662,0.948000,-0.071000,0.271000,0.988527
-Y,493741,0.945000,-0.068000,0.267000,0.984346
-Y,493821,0.947000,-0.068000,0.273000,0.987908
-Y,493901,0.947000,-0.065000,0.275000,0.988261
-Y,493981,0.951000,-0.069000,0.273000,0.991812
-Y,494062,0.950000,-0.068000,0.273000,0.990784
-Y,494141,0.944000,-0.066000,0.271000,0.984344
-Y,494222,0.945000,-0.068000,0.268000,0.984618
-Y,494301,0.951000,-0.068000,0.270000,0.990921
-Y,494382,0.947000,-0.068000,0.273000,0.987908
-Y,494461,0.947000,-0.068000,0.273000,0.987908
-Y,494542,0.947000,-0.077000,0.275000,0.989122
-Y,494621,0.947000,-0.069000,0.279000,0.989652
-Y,494702,0.947000,-0.073000,0.275000,0.988819
-Y,494781,0.944000,-0.071000,0.273000,0.985244
-Y,494862,0.943000,-0.069000,0.275000,0.984700
-Y,494941,0.942000,-0.077000,0.275000,0.984336
-Y,495021,0.944000,-0.064000,0.271000,0.984212
-Y,495101,0.947000,-0.064000,0.270000,0.986816
-Y,495181,0.945000,-0.064000,0.271000,0.985171
-Y,495262,0.950000,-0.063000,0.270000,0.989631
-Y,495341,0.947000,-0.068000,0.271000,0.987357
-Y,495422,0.944000,-0.068000,0.271000,0.984480
-Y,495501,0.944000,-0.068000,0.271000,0.984480
-Y,495582,0.947000,-0.066000,0.271000,0.987221
-Y,495661,0.947000,-0.066000,0.271000,0.987221
-Y,495742,0.945000,-0.066000,0.268000,0.984482
-Y,495821,0.947000,-0.066000,0.271000,0.987221
-Y,495902,0.952000,-0.072000,0.270000,0.992163
-Y,495981,0.945000,-0.068000,0.265000,0.983806
-Y,496062,0.945000,-0.068000,0.273000,0.985991
-Y,496141,0.947000,-0.068000,0.271000,0.987357
-Y,496222,0.951000,-0.069000,0.271000,0.991263
-Y,496301,0.945000,-0.063000,0.271000,0.985107
-Y,496381,0.944000,-0.069000,0.271000,0.984550
-Y,496462,0.944000,-0.065000,0.268000,0.983456
-Y,496541,0.944000,-0.065000,0.268000,0.983456
-Y,496622,0.945000,-0.068000,0.268000,0.984618
-Y,496701,0.944000,-0.069000,0.268000,0.983728
-Y,496782,0.947000,-0.068000,0.271000,0.987357
-Y,496861,0.950000,-0.063000,0.270000,0.989631
-Y,496942,0.945000,-0.077000,0.271000,0.986101
-Y,497021,0.947000,-0.064000,0.279000,0.989316
-Y,497102,0.947000,-0.064000,0.274000,0.987917
-Y,497181,0.947000,-0.071000,0.272000,0.987843
-Y,497262,0.947000,-0.066000,0.278000,0.989166
-Y,497341,0.945000,-0.077000,0.273000,0.986652
-Y,497421,0.947000,-0.068000,0.275000,0.988462
-Y,497501,0.947000,-0.068000,0.275000,0.988462
-Y,497581,0.947000,-0.071000,0.267000,0.986478
-Y,497661,0.947000,-0.068000,0.271000,0.987357
-Y,497741,0.951000,-0.065000,0.275000,0.992094
-Y,497822,0.947000,-0.077000,0.271000,0.988018
-Y,497901,0.944000,-0.066000,0.278000,0.986294
-Y,497982,0.945000,-0.068000,0.268000,0.984618
-Y,498061,0.947000,-0.064000,0.272000,0.987365
-Y,498142,0.947000,-0.057000,0.271000,0.986660
-Y,498221,0.948000,-0.064000,0.273000,0.988599
-Y,498302,0.950000,-0.068000,0.281000,0.993018
-Y,498381,0.948000,-0.068000,0.268000,0.987498
-Y,498462,0.947000,-0.069000,0.268000,0.986607
-Y,498541,0.947000,-0.069000,0.268000,0.986607
-Y,498622,0.948000,-0.073000,0.271000,0.988673
-Y,498701,0.945000,-0.071000,0.275000,0.986758
-Y,498781,0.945000,-0.071000,0.280000,0.988163
-Y,498861,0.945000,-0.066000,0.272000,0.985578
-Y,498941,0.947000,-0.066000,0.271000,0.987221
-Y,499022,0.947000,-0.069000,0.264000,0.985528
-Y,499101,0.950000,-0.066000,0.278000,0.992038
-Y,499182,0.950000,-0.071000,0.270000,0.990172
-Y,499261,0.946000,-0.071000,0.278000,0.988555
-Y,499342,0.944000,-0.068000,0.275000,0.985589
-Y,499421,0.950000,-0.065000,0.268000,0.989216
-Y,499502,0.948000,-0.068000,0.275000,0.989420
-Y,499581,0.948000,-0.068000,0.275000,0.989420
-Y,499662,0.947000,-0.068000,0.280000,0.989865
-Y,499741,0.947000,-0.068000,0.275000,0.988462
-Y,499822,0.945000,-0.068000,0.275000,0.986546
-Y,499901,0.947000,-0.068000,0.275000,0.988462
-Y,499981,0.950000,-0.072000,0.275000,0.991619
-Y,500061,0.950000,-0.066000,0.271000,0.990099
-Y,500141,0.947000,-0.071000,0.268000,0.986749
-Y,500222,0.945000,-0.065000,0.271000,0.985236
-Y,500301,0.953000,-0.065000,0.275000,0.994012
-Y,500382,0.947000,-0.066000,0.271000,0.987221
-Y,500461,0.950000,-0.069000,0.270000,0.990031
-Y,500542,0.950000,-0.068000,0.276000,0.991615
-Y,500621,0.950000,-0.068000,0.276000,0.991615
-Y,500702,0.947000,-0.068000,0.273000,0.987908
-Y,500781,0.947000,-0.065000,0.270000,0.986881
-Y,500862,0.951000,-0.071000,0.271000,0.991405
-Y,500941,0.945000,-0.073000,0.276000,0.987183
-Y,501022,0.942000,-0.064000,0.273000,0.982847
-Y,501101,0.944000,-0.068000,0.273000,0.985032
-Y,501181,0.952000,-0.072000,0.272000,0.992709
-Y,501261,0.951000,-0.069000,0.275000,0.992364
-Y,501341,0.947000,-0.068000,0.270000,0.987083
-Y,501421,0.950000,-0.068000,0.271000,0.990235
-Y,501501,0.948000,-0.071000,0.271000,0.988527
-Y,501582,0.948000,-0.071000,0.271000,0.988527
-Y,501661,0.947000,-0.065000,0.263000,0.984989
-Y,501742,0.956000,-0.068000,0.272000,0.996265
-Y,501821,0.948000,-0.069000,0.275000,0.989490
-Y,501902,0.948000,-0.066000,0.271000,0.988181
-Y,501981,0.944000,-0.066000,0.275000,0.985453
-Y,502062,0.947000,-0.071000,0.280000,0.990076
-Y,502141,0.951000,-0.068000,0.268000,0.990378
-Y,502222,0.950000,-0.065000,0.272000,0.990307
-Y,502301,0.947000,-0.065000,0.272000,0.987430
-Y,502382,0.947000,-0.068000,0.271000,0.987357
-Y,502461,0.947000,-0.068000,0.278000,0.989301
-Y,502541,0.947000,-0.064000,0.275000,0.988195
-Y,502621,0.947000,-0.064000,0.275000,0.988195
-Y,502701,0.947000,-0.071000,0.270000,0.987294
-Y,502782,0.956000,-0.065000,0.265000,0.994176
-Y,502861,0.947000,-0.064000,0.271000,0.987090
-Y,502942,0.947000,-0.068000,0.268000,0.986538
-Y,503021,0.947000,-0.072000,0.271000,0.987641
-Y,503102,0.944000,-0.068000,0.278000,0.986430
-Y,503181,0.947000,-0.068000,0.276000,0.988741
-Y,503262,0.950000,-0.069000,0.271000,0.990304
-Y,503341,0.944000,-0.068000,0.272000,0.984756
-Y,503422,0.944000,-0.065000,0.272000,0.984553
-Y,503501,0.945000,-0.065000,0.275000,0.986344
-Y,503582,0.945000,-0.068000,0.271000,0.985439
-Y,503661,0.945000,-0.068000,0.271000,0.985439
-Y,503741,0.943000,-0.065000,0.275000,0.984428
-Y,503821,0.945000,-0.066000,0.275000,0.986411
-Y,503901,0.948000,-0.066000,0.270000,0.987907
-Y,503982,0.945000,-0.065000,0.270000,0.984962
-Y,504061,0.947000,-0.064000,0.272000,0.987365
-Y,504142,0.950000,-0.064000,0.272000,0.990242
-Y,504221,0.942000,-0.066000,0.275000,0.983537
-Y,504302,0.948000,-0.069000,0.273000,0.988936
-Y,504381,0.952000,-0.064000,0.272000,0.992161
-Y,504462,0.950000,-0.066000,0.271000,0.990099
-Y,504541,0.950000,-0.065000,0.271000,0.990033
-Y,504622,0.950000,-0.068000,0.276000,0.991615
-Y,504701,0.950000,-0.068000,0.276000,0.991615
-Y,504782,0.948000,-0.077000,0.279000,0.991198
-Y,504861,0.952000,-0.066000,0.278000,0.993954
-Y,504942,0.945000,-0.066000,0.275000,0.986411
-Y,505021,0.945000,-0.069000,0.271000,0.985508
-Y,505101,0.944000,-0.068000,0.267000,0.983386
-Y,505182,0.950000,-0.065000,0.268000,0.989216
-Y,505261,0.948000,-0.068000,0.271000,0.988316
-Y,505342,0.945000,-0.066000,0.270000,0.985028
-Y,505421,0.952000,-0.069000,0.271000,0.992223
-Y,505502,0.950000,-0.065000,0.268000,0.989216
-Y,505581,0.945000,-0.068000,0.268000,0.984618
-Y,505662,0.945000,-0.068000,0.268000,0.984618
-Y,505741,0.947000,-0.064000,0.271000,0.987090
-Y,505822,0.943000,-0.063000,0.268000,0.982365
-Y,505901,0.947000,-0.066000,0.272000,0.987496
-Y,505982,0.944000,-0.068000,0.275000,0.985589
-Y,506061,0.947000,-0.066000,0.278000,0.989166
-Y,506142,0.947000,-0.066000,0.271000,0.987221
-Y,506221,0.950000,-0.068000,0.271000,0.990235
-Y,506301,0.944000,-0.066000,0.271000,0.984344
-Y,506381,0.948000,-0.073000,0.273000,0.989223
-Y,506461,0.947000,-0.071000,0.271000,0.987568
-Y,506542,0.947000,-0.065000,0.273000,0.987706
-Y,506621,0.947000,-0.065000,0.272000,0.987430
-Y,506702,0.947000,-0.065000,0.272000,0.987430
-Y,506781,0.947000,-0.068000,0.271000,0.987357
-Y,506862,0.952000,-0.056000,0.270000,0.991131
-Y,506941,0.947000,-0.068000,0.273000,0.987908
-Y,507022,0.950000,-0.066000,0.280000,0.992601
-Y,507101,0.947000,-0.066000,0.272000,0.987496
-Y,507182,0.947000,-0.066000,0.278000,0.989166
-Y,507261,0.947000,-0.068000,0.275000,0.988462
-Y,507342,0.950000,-0.068000,0.265000,0.988610
-Y,507421,0.952000,-0.068000,0.268000,0.991338
-Y,507501,0.947000,-0.066000,0.271000,0.987221
-Y,507581,0.947000,-0.064000,0.271000,0.987090
-Y,507661,0.947000,-0.077000,0.264000,0.986121
-Y,507742,0.947000,-0.077000,0.264000,0.986121
-Y,507821,0.944000,-0.071000,0.275000,0.985800
-Y,507902,0.956000,-0.071000,0.265000,0.994586
-Y,507981,0.951000,-0.068000,0.271000,0.991194
-Y,508062,0.950000,-0.066000,0.275000,0.991202
-Y,508141,0.950000,-0.065000,0.275000,0.991136
-Y,508222,0.947000,-0.064000,0.271000,0.987090
-Y,508301,0.947000,-0.065000,0.264000,0.985256
-Y,508382,0.947000,-0.068000,0.268000,0.986538
-Y,508461,0.947000,-0.069000,0.272000,0.987701
-Y,508542,0.947000,-0.071000,0.268000,0.986749
-Y,508621,0.948000,-0.073000,0.271000,0.988673
-Y,508701,0.947000,-0.071000,0.273000,0.988119
-Y,508781,0.947000,-0.071000,0.273000,0.988119
-Y,508861,0.950000,-0.068000,0.270000,0.989962
-Y,508942,0.947000,-0.066000,0.275000,0.988327
-Y,509021,0.945000,-0.068000,0.271000,0.985439
-Y,509102,0.947000,-0.069000,0.271000,0.987426
-Y,509181,0.947000,-0.071000,0.268000,0.986749
-Y,509262,0.947000,-0.071000,0.268000,0.986749
-Y,509341,0.942000,-0.071000,0.273000,0.983328
-Y,509422,0.947000,-0.072000,0.275000,0.988746
-Y,509501,0.947000,-0.064000,0.275000,0.988195
-Y,509582,0.947000,-0.064000,0.271000,0.987090
-Y,509661,0.947000,-0.069000,0.275000,0.988532
-Y,509742,0.947000,-0.069000,0.275000,0.988532
-Y,509821,0.945000,-0.065000,0.271000,0.985236
-Y,509902,0.952000,-0.068000,0.278000,0.994088
-Y,509981,0.947000,-0.068000,0.276000,0.988741
-Y,510061,0.947000,-0.071000,0.271000,0.987568
-Y,510141,0.947000,-0.065000,0.271000,0.987155
-Y,510221,0.947000,-0.071000,0.273000,0.988119
-Y,510302,0.947000,-0.068000,0.275000,0.988462
-Y,510381,0.945000,-0.066000,0.271000,0.985303
-Y,510462,0.947000,-0.068000,0.271000,0.987357
-Y,510541,0.950000,-0.065000,0.272000,0.990307
-Y,510622,0.947000,-0.068000,0.272000,0.987632
-Y,510701,0.952000,-0.065000,0.275000,0.993053
-Y,510782,0.952000,-0.065000,0.275000,0.993053
-Y,510861,0.948000,-0.064000,0.270000,0.987775
-Y,510942,0.951000,-0.063000,0.278000,0.992801
-Y,511021,0.944000,-0.064000,0.270000,0.983937
-Y,511102,0.944000,-0.073000,0.275000,0.985946
-Y,511181,0.948000,-0.066000,0.275000,0.989285
-Y,511261,0.944000,-0.064000,0.273000,0.984764
-Y,511341,0.945000,-0.066000,0.268000,0.984482
-Y,511421,0.944000,-0.066000,0.271000,0.984344
-Y,511502,0.944000,-0.066000,0.272000,0.984620
-Y,511581,0.947000,-0.064000,0.275000,0.988195
-Y,511662,0.945000,-0.065000,0.275000,0.986344
-Y,511741,0.947000,-0.065000,0.276000,0.988539
-Y,511822,0.947000,-0.065000,0.276000,0.988539
-Y,511901,0.947000,-0.065000,0.274000,0.987983
-Y,511982,0.952000,-0.068000,0.271000,0.992154
-Y,512061,0.945000,-0.068000,0.275000,0.986546
-Y,512142,0.944000,-0.071000,0.272000,0.984967
-Y,512221,0.945000,-0.068000,0.271000,0.985439
-Y,512302,0.945000,-0.065000,0.265000,0.983603
-Y,512381,0.948000,-0.068000,0.271000,0.988316
-Y,512461,0.947000,-0.064000,0.271000,0.987090
-Y,512541,0.943000,-0.066000,0.271000,0.983385
-Y,512621,0.944000,-0.064000,0.273000,0.984764
-Y,512702,0.950000,-0.068000,0.275000,0.991337
-Y,512781,0.947000,-0.069000,0.275000,0.988532
-Y,512862,0.947000,-0.069000,0.275000,0.988532
-Y,512941,0.944000,-0.068000,0.279000,0.986712
-Y,513022,0.948000,-0.066000,0.270000,0.987907
-Y,513101,0.947000,-0.066000,0.275000,0.988327
-Y,513182,0.951000,-0.065000,0.275000,0.992094
-Y,513261,0.947000,-0.071000,0.275000,0.988673
-Y,513342,0.945000,-0.071000,0.271000,0.985651
-Y,513421,0.950000,-0.068000,0.271000,0.990235
-Y,513502,0.947000,-0.068000,0.271000,0.987357
-Y,513581,0.951000,-0.071000,0.270000,0.991132
-Y,513662,0.947000,-0.065000,0.279000,0.989381
-Y,513741,0.947000,-0.066000,0.271000,0.987221
-Y,513821,0.947000,-0.066000,0.271000,0.987221
-Y,513902,0.950000,-0.066000,0.268000,0.989283
-Y,513981,0.947000,-0.068000,0.271000,0.987357
-Y,514062,0.950000,-0.068000,0.275000,0.991337
-Y,514141,0.952000,-0.069000,0.271000,0.992223
-Y,514222,0.947000,-0.061000,0.273000,0.987451
-Y,514301,0.945000,-0.068000,0.271000,0.985439
-Y,514382,0.950000,-0.069000,0.271000,0.990304
-Y,514461,0.947000,-0.071000,0.279000,0.989793
-Y,514542,0.952000,-0.065000,0.275000,0.993053
-Y,514621,0.947000,-0.066000,0.273000,0.987772
-Y,514702,0.947000,-0.064000,0.275000,0.988195
-Y,514781,0.950000,-0.061000,0.275000,0.990881
-Y,514861,0.950000,-0.061000,0.275000,0.990881
-Y,514941,0.951000,-0.079000,0.271000,0.992010
-Y,515021,0.944000,-0.064000,0.270000,0.983937
-Y,515102,0.948000,-0.064000,0.263000,0.985885
-Y,515181,0.951000,-0.068000,0.272000,0.991468
-Y,515262,0.948000,-0.064000,0.271000,0.988049
-Y,515341,0.947000,-0.064000,0.275000,0.988195
-Y,515422,0.951000,-0.072000,0.271000,0.991477
-Y,515501,0.953000,-0.071000,0.265000,0.991703
+Z,536216,-0.057000,-0.056000,1.319000,1.321418
+Z,536296,-0.057000,-0.056000,1.319000,1.321418
+Z,536377,-0.049000,-0.052000,1.311000,1.312946
+Z,536456,-0.057000,-0.057000,1.311000,1.313476
+Z,536537,-0.058000,-0.052000,1.311000,1.313312
+Z,536616,-0.061000,-0.055000,1.311000,1.313570
+Z,536696,-0.057000,-0.056000,1.308000,1.310438
+Z,536777,-0.061000,-0.055000,1.308000,1.310576
+Z,536856,-0.064000,-0.057000,1.308000,1.310805
+Z,536936,-0.058000,-0.052000,1.311000,1.313312
+Z,537017,-0.057000,-0.056000,1.310000,1.312435
+Z,537096,-0.057000,-0.060000,1.313000,1.315606
+Z,537176,-0.058000,-0.056000,1.323000,1.325454
+Z,537257,-0.058000,-0.056000,1.323000,1.325454
+Z,537336,-0.056000,-0.057000,1.315000,1.317425
+Z,537417,-0.058000,-0.055000,1.313000,1.315431
+Z,537496,-0.055000,-0.052000,1.315000,1.317176
+Z,537576,-0.057000,-0.061000,1.308000,1.310662
+Z,537657,-0.050000,-0.057000,1.320000,1.322176
+Z,537736,-0.057000,-0.057000,1.310000,1.312478
+Z,537816,-0.056000,-0.058000,1.308000,1.310482
+Z,537897,-0.057000,-0.055000,1.308000,1.310396
+Z,537976,-0.056000,-0.058000,1.310000,1.312479
+Z,538057,-0.055000,-0.057000,1.310000,1.312392
+Z,538137,-0.056000,-0.055000,1.312000,1.314346
+Z,538216,-0.057000,-0.055000,1.311000,1.313391
+Z,538297,-0.057000,-0.055000,1.311000,1.313391
+Z,538376,-0.061000,-0.053000,1.318000,1.320475
+Z,538456,-0.057000,-0.058000,1.311000,1.313520
+Z,538537,-0.056000,-0.056000,1.305000,1.307401
+Z,538616,-0.056000,-0.057000,1.311000,1.313433
+Z,538696,-0.057000,-0.056000,1.308000,1.310438
+Z,538777,-0.057000,-0.063000,1.311000,1.313750
+Z,538856,-0.056000,-0.057000,1.310000,1.312435
+Z,538937,-0.057000,-0.053000,1.311000,1.313308
+Z,539016,-0.055000,-0.057000,1.310000,1.312392
+Z,539096,-0.056000,-0.053000,1.311000,1.313265
+Z,539177,-0.055000,-0.056000,1.310000,1.312349
+Z,539256,-0.056000,-0.056000,1.307000,1.309397
+Z,539336,-0.056000,-0.056000,1.307000,1.309397
+Z,539417,-0.064000,-0.053000,1.318000,1.320617
+Z,539496,-0.056000,-0.048000,1.311000,1.313073
+Z,539576,-0.055000,-0.057000,1.308000,1.310396
+Z,539657,-0.052000,-0.055000,1.321000,1.323167
+Z,539736,-0.056000,-0.052000,1.315000,1.317219
+Z,539817,-0.058000,-0.050000,1.315000,1.317228
+Z,539896,-0.058000,-0.052000,1.311000,1.313312
+Z,539976,-0.057000,-0.052000,1.310000,1.312270
+Z,540057,-0.057000,-0.061000,1.307000,1.309664
+Z,540136,-0.055000,-0.057000,1.312000,1.314389
+Z,540216,-0.057000,-0.056000,1.310000,1.312435
+Z,540297,-0.061000,-0.065000,1.308000,1.311034
+Z,540376,-0.061000,-0.065000,1.308000,1.311034
+Z,540456,-0.056000,-0.061000,1.310000,1.312615
+Z,540537,-0.055000,-0.057000,1.315000,1.317383
+Z,540616,-0.056000,-0.057000,1.311000,1.313433
+Z,540697,-0.057000,-0.056000,1.308000,1.310438
+Z,540776,-0.058000,-0.057000,1.305000,1.307531
+Z,540856,-0.061000,-0.058000,1.313000,1.315695
+Z,540937,-0.055000,-0.055000,1.311000,1.313305
+Z,541016,-0.061000,-0.055000,1.315000,1.317562
+Z,541096,-0.057000,-0.055000,1.311000,1.313391
+Z,541177,-0.061000,-0.056000,1.311000,1.313613
+Z,541256,-0.061000,-0.057000,1.308000,1.310662
+Z,541337,-0.058000,-0.050000,1.310000,1.312236
+Z,541416,-0.058000,-0.050000,1.310000,1.312236
+Z,541496,-0.057000,-0.064000,1.315000,1.317790
+Z,541577,-0.052000,-0.052000,1.315000,1.317055
+Z,541656,-0.058000,-0.057000,1.311000,1.313520
+Z,541736,-0.057000,-0.052000,1.312000,1.314267
+Z,541817,-0.057000,-0.052000,1.310000,1.312270
+Z,541896,-0.057000,-0.057000,1.305000,1.307487
+Z,541976,-0.049000,-0.061000,1.315000,1.317326
+Z,542057,-0.061000,-0.057000,1.315000,1.317647
+Z,542136,-0.057000,-0.055000,1.318000,1.320378
+Z,542217,-0.057000,-0.057000,1.310000,1.312478
+Z,542296,-0.049000,-0.057000,1.311000,1.313153
+Z,542376,-0.049000,-0.057000,1.311000,1.313153
+Z,542457,-0.061000,-0.057000,1.312000,1.314653
+Z,542536,-0.057000,-0.053000,1.311000,1.313308
+Z,542616,-0.058000,-0.056000,1.315000,1.317469
+Z,542697,-0.061000,-0.057000,1.310000,1.312658
+Z,542776,-0.063000,-0.061000,1.304000,1.306945
+Z,542856,-0.057000,-0.052000,1.310000,1.312270
+Z,542937,-0.056000,-0.052000,1.310000,1.312227
+Z,543016,-0.057000,-0.056000,1.308000,1.310438
+Z,543097,-0.058000,-0.052000,1.311000,1.313312
+Z,543176,-0.056000,-0.057000,1.312000,1.314431
+Z,543256,-0.055000,-0.052000,1.311000,1.313183
+Z,543337,-0.058000,-0.056000,1.310000,1.312479
+Z,543416,-0.058000,-0.056000,1.310000,1.312479
+Z,543496,-0.058000,-0.052000,1.308000,1.310317
+Z,543577,-0.063000,-0.058000,1.313000,1.315789
+Z,543656,-0.053000,-0.053000,1.308000,1.310146
+Z,543736,-0.055000,-0.057000,1.308000,1.310396
+Z,543817,-0.045000,-0.061000,1.310000,1.312191
+Z,543896,-0.056000,-0.058000,1.311000,1.313477
+Z,543977,-0.055000,-0.055000,1.310000,1.312307
+Z,544057,-0.056000,-0.052000,1.310000,1.312227
+Z,544136,-0.053000,-0.056000,1.312000,1.314264
+Z,544217,-0.052000,-0.057000,1.304000,1.306281
+Z,544296,-0.057000,-0.055000,1.310000,1.312392
+Z,544376,-0.057000,-0.053000,1.315000,1.317301
+Z,544457,-0.057000,-0.053000,1.315000,1.317301
+Z,544536,-0.057000,-0.057000,1.313000,1.315472
+Z,544617,-0.058000,-0.060000,1.308000,1.310659
+Z,544697,-0.057000,-0.055000,1.320000,1.322374
+Z,544776,-0.057000,-0.057000,1.311000,1.313476
+Z,544857,-0.057000,-0.057000,1.315000,1.317468
+Z,544936,-0.055000,-0.053000,1.311000,1.313223
+Z,545016,-0.057000,-0.053000,1.308000,1.310314
+Z,545097,-0.058000,-0.056000,1.311000,1.313477
+Z,545176,-0.057000,-0.049000,1.304000,1.306165
+Z,545256,-0.057000,-0.055000,1.310000,1.312392
+Z,545337,-0.061000,-0.061000,1.311000,1.313835
+Z,545416,-0.052000,-0.053000,1.312000,1.314099
+Z,545497,-0.052000,-0.053000,1.312000,1.314099
+Z,545576,-0.056000,-0.064000,1.308000,1.310762
+Z,545656,-0.058000,-0.056000,1.311000,1.313477
+Z,545737,-0.057000,-0.055000,1.316000,1.318382
+Z,545816,-0.061000,-0.049000,1.313000,1.315329
+Z,545896,-0.061000,-0.061000,1.308000,1.310842
+Z,545977,-0.058000,-0.055000,1.318000,1.320421
+Z,546056,-0.057000,-0.056000,1.310000,1.312435
+Z,546136,-0.060000,-0.052000,1.313000,1.315398
+Z,546217,-0.057000,-0.056000,1.315000,1.317425
+Z,546296,-0.056000,-0.056000,1.308000,1.310395
+Z,546377,-0.048000,-0.057000,1.304000,1.306127
+Z,546456,-0.058000,-0.052000,1.307000,1.309319
+Z,546536,-0.058000,-0.052000,1.307000,1.309319
+Z,546617,-0.061000,-0.056000,1.311000,1.313613
+Z,546696,-0.057000,-0.055000,1.315000,1.317383
+Z,546776,-0.055000,-0.053000,1.311000,1.313223
+Z,546857,-0.056000,-0.053000,1.304000,1.306277
+Z,546936,-0.055000,-0.055000,1.307000,1.309312
+Z,547016,-0.057000,-0.050000,1.308000,1.310196
+Z,547097,-0.057000,-0.057000,1.311000,1.313476
+Z,547176,-0.052000,-0.057000,1.304000,1.306281
+Z,547257,-0.063000,-0.049000,1.311000,1.313427
+Z,547336,-0.060000,-0.052000,1.311000,1.313402
+Z,547416,-0.057000,-0.056000,1.313000,1.315429
+Z,547497,-0.061000,-0.052000,1.315000,1.317441
+Z,547576,-0.061000,-0.052000,1.315000,1.317441
+Z,547656,-0.063000,-0.057000,1.313000,1.315746
+Z,547737,-0.061000,-0.057000,1.311000,1.313656
+Z,547816,-0.058000,-0.056000,1.313000,1.315473
+Z,547897,-0.061000,-0.052000,1.310000,1.312450
+Z,547977,-0.061000,-0.057000,1.312000,1.314653
+Z,548056,-0.058000,-0.055000,1.311000,1.313434
+Z,548137,-0.057000,-0.052000,1.313000,1.315265
+Z,548216,-0.057000,-0.058000,1.311000,1.313520
+Z,548296,-0.057000,-0.056000,1.313000,1.315429
+Z,548377,-0.056000,-0.057000,1.315000,1.317425
+Z,548456,-0.057000,-0.056000,1.315000,1.317425
+Z,548536,-0.057000,-0.056000,1.315000,1.317425
+Z,548617,-0.056000,-0.052000,1.311000,1.313225
+Z,548696,-0.061000,-0.057000,1.311000,1.313656
+Z,548777,-0.061000,-0.057000,1.311000,1.313656
+Z,548856,-0.056000,-0.053000,1.311000,1.313265
+Z,548936,-0.058000,-0.061000,1.304000,1.306714
+Z,549017,-0.055000,-0.057000,1.313000,1.315387
+Z,549096,-0.056000,-0.058000,1.312000,1.314475
+Z,549176,-0.056000,-0.049000,1.311000,1.313110
+Z,549257,-0.055000,-0.055000,1.311000,1.313305
+Z,549336,-0.056000,-0.052000,1.311000,1.313225
+Z,549416,-0.058000,-0.057000,1.310000,1.312522
+Z,549497,-0.056000,-0.058000,1.315000,1.317469
+Z,549576,-0.056000,-0.058000,1.315000,1.317469
+Z,549657,-0.056000,-0.061000,1.315000,1.317605
+Z,549736,-0.057000,-0.055000,1.312000,1.314389
+Z,549816,-0.058000,-0.056000,1.310000,1.312479
+Z,549897,-0.057000,-0.053000,1.315000,1.317301
+Z,549976,-0.063000,-0.057000,1.308000,1.310756
+Z,550056,-0.064000,-0.057000,1.311000,1.313798
+Z,550137,-0.061000,-0.050000,1.315000,1.317363
+Z,550216,-0.057000,-0.052000,1.311000,1.313268
+Z,550297,-0.065000,-0.053000,1.313000,1.315676
+Z,550376,-0.058000,-0.056000,1.311000,1.313477
+Z,550456,-0.056000,-0.061000,1.310000,1.312615
+Z,550537,-0.060000,-0.056000,1.311000,1.313567
+Z,550616,-0.060000,-0.056000,1.311000,1.313567
+Z,550696,-0.048000,-0.061000,1.311000,1.313296
+Z,550777,-0.061000,-0.055000,1.313000,1.315566
+Z,550856,-0.058000,-0.053000,1.308000,1.310358
+Z,550937,-0.057000,-0.058000,1.311000,1.313520
+Z,551016,-0.057000,-0.057000,1.315000,1.317468
+Z,551096,-0.057000,-0.052000,1.313000,1.315265
+Z,551177,-0.061000,-0.057000,1.311000,1.313656
+Z,551256,-0.057000,-0.057000,1.312000,1.314474
+Z,551336,-0.053000,-0.056000,1.315000,1.317258
+Z,551417,-0.055000,-0.056000,1.311000,1.313348
+Z,551496,-0.056000,-0.057000,1.313000,1.315429
+Z,551577,-0.053000,-0.057000,1.318000,1.320296
+Z,551656,-0.053000,-0.057000,1.318000,1.320296
+Z,551736,-0.057000,-0.064000,1.315000,1.317790
+Z,551817,-0.052000,-0.057000,1.319000,1.321255
+Z,551896,-0.055000,-0.058000,1.311000,1.313434
+Z,551976,-0.063000,-0.052000,1.313000,1.315539
+Z,552057,-0.058000,-0.048000,1.311000,1.313160
+Z,552136,-0.057000,-0.057000,1.311000,1.313476
+Z,552217,-0.056000,-0.055000,1.319000,1.321333
+Z,552296,-0.050000,-0.060000,1.311000,1.313324
+Z,552376,-0.063000,-0.052000,1.304000,1.306556
+Z,552457,-0.061000,-0.052000,1.311000,1.313448
+Z,552536,-0.055000,-0.060000,1.312000,1.314522
+Z,552616,-0.055000,-0.060000,1.312000,1.314522
+Z,552697,-0.056000,-0.052000,1.315000,1.317219
+Z,552776,-0.061000,-0.050000,1.312000,1.314369
+Z,552856,-0.057000,-0.052000,1.311000,1.313268
+Z,552937,-0.058000,-0.055000,1.308000,1.310440
+Z,553016,-0.057000,-0.052000,1.315000,1.317261
+Z,553097,-0.049000,-0.057000,1.304000,1.306165
+Z,553176,-0.064000,-0.055000,1.312000,1.314711
+Z,553256,-0.058000,-0.052000,1.312000,1.314310
+Z,553337,-0.055000,-0.053000,1.315000,1.317216
+Z,553416,-0.057000,-0.057000,1.311000,1.313476
+Z,553496,-0.056000,-0.053000,1.310000,1.312267
+Z,553577,-0.057000,-0.055000,1.310000,1.312392
+Z,553656,-0.057000,-0.055000,1.310000,1.312392
+Z,553737,-0.057000,-0.063000,1.319000,1.321733
+Z,553817,-0.061000,-0.055000,1.313000,1.315566
+Z,553896,-0.056000,-0.055000,1.308000,1.310353
+Z,553977,-0.057000,-0.057000,1.310000,1.312478
+Z,554056,-0.057000,-0.056000,1.315000,1.317425
+Z,554136,-0.057000,-0.058000,1.313000,1.315516
+Z,554217,-0.057000,-0.055000,1.320000,1.322374
+Z,554296,-0.065000,-0.052000,1.319000,1.321624
+Z,554376,-0.060000,-0.055000,1.311000,1.313524
+Z,554457,-0.057000,-0.057000,1.311000,1.313476
+Z,554536,-0.058000,-0.061000,1.313000,1.315695
+Z,554617,-0.057000,-0.057000,1.311000,1.313476
+Z,554696,-0.057000,-0.057000,1.311000,1.313476
+Z,554776,-0.064000,-0.057000,1.311000,1.313798
+Z,554857,-0.056000,-0.048000,1.311000,1.313073
+Z,554936,-0.056000,-0.063000,1.311000,1.313707
+Z,555016,-0.057000,-0.055000,1.313000,1.315387
+Z,555097,-0.053000,-0.057000,1.307000,1.309315
+Z,555176,-0.056000,-0.055000,1.311000,1.313348
+Z,555257,-0.057000,-0.061000,1.305000,1.307668
+Z,555337,-0.055000,-0.057000,1.311000,1.313391
+Z,555416,-0.061000,-0.052000,1.315000,1.317441
+Z,555497,-0.055000,-0.049000,1.311000,1.313068
+Z,555576,-0.054000,-0.060000,1.313000,1.315479
+Z,555656,-0.061000,-0.052000,1.310000,1.312450
+Z,555737,-0.061000,-0.052000,1.310000,1.312450
+Z,555816,-0.064000,-0.057000,1.304000,1.306813
+Z,555896,-0.057000,-0.053000,1.308000,1.310314
+Z,555977,-0.061000,-0.056000,1.304000,1.306627
+Z,556056,-0.057000,-0.057000,1.312000,1.314474
+Z,556137,-0.056000,-0.057000,1.311000,1.313433
+Z,556216,-0.056000,-0.057000,1.308000,1.310438
+Z,556296,-0.058000,-0.063000,1.307000,1.309802
+Z,556377,-0.058000,-0.053000,1.311000,1.313352
+Z,556456,-0.053000,-0.057000,1.310000,1.312310
+Z,556536,-0.060000,-0.057000,1.315000,1.317602
+Z,556617,-0.057000,-0.055000,1.315000,1.317383
+Z,556696,-0.057000,-0.056000,1.311000,1.313433
+Z,556776,-0.057000,-0.056000,1.311000,1.313433
+Z,556857,-0.048000,-0.060000,1.304000,1.306262
+Z,556936,-0.057000,-0.053000,1.316000,1.318300
+Z,557017,-0.055000,-0.057000,1.312000,1.314389
+Z,557096,-0.053000,-0.061000,1.313000,1.315484
+Z,557176,-0.057000,-0.057000,1.315000,1.317468
+Z,557257,-0.055000,-0.061000,1.312000,1.314568
+Z,557336,-0.056000,-0.058000,1.310000,1.312479
+Z,557416,-0.056000,-0.056000,1.308000,1.310395
+Z,557497,-0.057000,-0.057000,1.313000,1.315472
+Z,557576,-0.053000,-0.061000,1.319000,1.321473
+Z,557656,-0.057000,-0.056000,1.311000,1.313433
+Z,557737,-0.057000,-0.053000,1.312000,1.314307
+Z,557816,-0.057000,-0.053000,1.312000,1.314307
+Z,557897,-0.057000,-0.057000,1.318000,1.320463
+Z,557976,-0.057000,-0.052000,1.310000,1.312270
+Z,558056,-0.058000,-0.049000,1.311000,1.313197
+Z,558137,-0.057000,-0.052000,1.311000,1.313268
+Z,558216,-0.052000,-0.057000,1.308000,1.310274
+Z,558296,-0.052000,-0.058000,1.311000,1.313312
+Z,558377,-0.056000,-0.055000,1.316000,1.318339
+Z,558456,-0.056000,-0.056000,1.310000,1.312392
+Z,558537,-0.056000,-0.058000,1.311000,1.313477
+Z,558617,-0.057000,-0.055000,1.315000,1.317383
+Z,558696,-0.057000,-0.057000,1.311000,1.313476
+Z,558777,-0.057000,-0.057000,1.311000,1.313476
+Z,558856,-0.052000,-0.058000,1.313000,1.315309
+Z,558936,-0.057000,-0.052000,1.315000,1.317261
+Z,559017,-0.055000,-0.056000,1.308000,1.310353
+Z,559096,-0.053000,-0.056000,1.308000,1.310271
+Z,559176,-0.055000,-0.057000,1.316000,1.318382
+Z,559257,-0.061000,-0.056000,1.313000,1.315609
+Z,559336,-0.057000,-0.056000,1.313000,1.315429
+Z,559416,-0.056000,-0.057000,1.311000,1.313433
+Z,559497,-0.057000,-0.056000,1.311000,1.313433
+Z,559576,-0.057000,-0.050000,1.311000,1.313191
+Z,559657,-0.056000,-0.057000,1.308000,1.310438
+Z,559736,-0.060000,-0.057000,1.308000,1.310615
+Z,559816,-0.060000,-0.057000,1.308000,1.310615
+Z,559897,-0.064000,-0.057000,1.311000,1.313798
+Z,559976,-0.056000,-0.056000,1.308000,1.310395
+Z,560056,-0.057000,-0.058000,1.305000,1.307531
+Z,560137,-0.057000,-0.055000,1.310000,1.312392
+Z,560216,-0.063000,-0.057000,1.308000,1.310756
+Z,560296,-0.061000,-0.056000,1.310000,1.312615
+Z,560377,-0.058000,-0.056000,1.311000,1.313477
+Z,560456,-0.058000,-0.056000,1.311000,1.313477
+Z,560537,-0.060000,-0.052000,1.308000,1.310408
+Z,560617,-0.056000,-0.058000,1.313000,1.315473
+Z,560696,-0.058000,-0.058000,1.318000,1.320550
+Z,560777,-0.057000,-0.057000,1.311000,1.313476
+Z,560856,-0.057000,-0.057000,1.311000,1.313476
+Z,560936,-0.047000,-0.055000,1.311000,1.312995
+Z,561017,-0.057000,-0.061000,1.311000,1.313656
+Z,561096,-0.052000,-0.057000,1.311000,1.313268
+Z,561176,-0.057000,-0.056000,1.311000,1.313433
+Z,561257,-0.057000,-0.056000,1.311000,1.313433
+Z,561336,-0.063000,-0.055000,1.311000,1.313665
+Z,561417,-0.056000,-0.055000,1.308000,1.310353
+Z,561496,-0.056000,-0.058000,1.311000,1.313477
+Z,561576,-0.050000,-0.056000,1.315000,1.317141
+Z,561657,-0.057000,-0.057000,1.315000,1.317468
+Z,561736,-0.052000,-0.049000,1.308000,1.309950
+Z,561816,-0.056000,-0.059000,1.312000,1.314519
+Z,561897,-0.056000,-0.059000,1.312000,1.314519
+Z,561976,-0.057000,-0.057000,1.315000,1.317468
+Z,562057,-0.056000,-0.052000,1.315000,1.317219
+Z,562136,-0.057000,-0.048000,1.312000,1.314114
+Z,562216,-0.058000,-0.063000,1.310000,1.312796
+Z,562297,-0.058000,-0.056000,1.313000,1.315473
+Z,562376,-0.065000,-0.055000,1.304000,1.306777
+Z,562456,-0.052000,-0.052000,1.318000,1.320050
+Z,562537,-0.055000,-0.058000,1.312000,1.314432
+Z,562616,-0.057000,-0.057000,1.307000,1.309483
+Z,562696,-0.061000,-0.052000,1.311000,1.313448
+Z,562777,-0.055000,-0.057000,1.311000,1.313391
+Z,562856,-0.052000,-0.065000,1.308000,1.310646
+Z,562937,-0.052000,-0.065000,1.308000,1.310646
+Z,563016,-0.057000,-0.057000,1.319000,1.321461
+Z,563096,-0.050000,-0.057000,1.309000,1.311194
+Z,563177,-0.061000,-0.053000,1.312000,1.314486
+Z,563256,-0.057000,-0.052000,1.312000,1.314267
+Z,563336,-0.057000,-0.052000,1.312000,1.314267
+Z,563417,-0.052000,-0.057000,1.305000,1.307279
+Z,563496,-0.056000,-0.050000,1.308000,1.310153
+Z,563576,-0.057000,-0.057000,1.311000,1.313476
+Z,563657,-0.056000,-0.057000,1.318000,1.320420
+Z,563736,-0.057000,-0.056000,1.313000,1.315429
+Z,563817,-0.057000,-0.049000,1.311000,1.313153
+Z,563897,-0.057000,-0.052000,1.304000,1.306281
+Z,563976,-0.057000,-0.052000,1.304000,1.306281
+Z,564057,-0.048000,-0.053000,1.308000,1.309953
+Z,564136,-0.053000,-0.058000,1.310000,1.312354
+Z,564216,-0.057000,-0.057000,1.310000,1.312478
+Z,564297,-0.056000,-0.057000,1.315000,1.317425
+Z,564376,-0.058000,-0.057000,1.311000,1.313520
+Z,564456,-0.056000,-0.060000,1.312000,1.314564
+Z,564537,-0.052000,-0.049000,1.315000,1.316940
+Z,564616,-0.053000,-0.058000,1.308000,1.310358
+Z,564696,-0.056000,-0.052000,1.315000,1.317219
+Z,564777,-0.063000,-0.060000,1.313000,1.315879
+Z,564856,-0.057000,-0.055000,1.311000,1.313391
+Z,564937,-0.057000,-0.052000,1.308000,1.310274
+Z,565016,-0.057000,-0.052000,1.308000,1.310274
+Z,565096,-0.063000,-0.056000,1.304000,1.306721
+Z,565177,-0.056000,-0.046000,1.311000,1.313002
+Z,565256,-0.055000,-0.056000,1.311000,1.313348
+Z,565336,-0.056000,-0.055000,1.313000,1.315344
+Z,565417,-0.058000,-0.053000,1.316000,1.318343
+Z,565496,-0.058000,-0.057000,1.311000,1.313520
+Z,565576,-0.061000,-0.061000,1.311000,1.313835
+Z,565657,-0.061000,-0.057000,1.308000,1.310662
+Z,565736,-0.058000,-0.055000,1.315000,1.317427
+Z,565817,-0.059000,-0.056000,1.312000,1.314519
+Z,565896,-0.061000,-0.053000,1.315000,1.317480
+Z,565976,-0.061000,-0.053000,1.315000,1.317480
+Z,566057,-0.058000,-0.064000,1.315000,1.317833
+Z,566136,-0.057000,-0.056000,1.315000,1.317425
+Z,566216,-0.056000,-0.053000,1.315000,1.317258
+Z,566297,-0.056000,-0.057000,1.316000,1.318424
+Z,566376,-0.061000,-0.053000,1.313000,1.315484
+Z,566456,-0.064000,-0.052000,1.311000,1.313591
+Z,566537,-0.049000,-0.057000,1.312000,1.314151
+Z,566616,-0.056000,-0.060000,1.315000,1.317559
+Z,566697,-0.057000,-0.052000,1.311000,1.313268
+Z,566777,-0.061000,-0.056000,1.312000,1.314611
+Z,566856,-0.049000,-0.050000,1.311000,1.312868
+Z,566937,-0.057000,-0.061000,1.311000,1.313656
+Z,567016,-0.057000,-0.061000,1.311000,1.313656
+Z,567096,-0.056000,-0.057000,1.308000,1.310438
+Z,567177,-0.056000,-0.050000,1.308000,1.310153
+Z,567256,-0.057000,-0.057000,1.312000,1.314474
+Z,567336,-0.057000,-0.052000,1.308000,1.310274
+Z,567417,-0.064000,-0.061000,1.315000,1.317969
+Z,567496,-0.057000,-0.052000,1.311000,1.313268
+Z,567576,-0.061000,-0.057000,1.310000,1.312658
+Z,567657,-0.057000,-0.056000,1.311000,1.313433
+Z,567736,-0.057000,-0.058000,1.312000,1.314518
+Z,567817,-0.057000,-0.055000,1.312000,1.314389
+Z,567896,-0.058000,-0.057000,1.312000,1.314518
+Z,567976,-0.061000,-0.056000,1.313000,1.315609
+Z,568057,-0.061000,-0.056000,1.313000,1.315609
+Z,568136,-0.056000,-0.056000,1.315000,1.317383
+Z,568216,-0.047000,-0.056000,1.313000,1.315034
+Z,568297,-0.056000,-0.057000,1.313000,1.315429
+Z,568376,-0.057000,-0.057000,1.312000,1.314474
+Z,568456,-0.056000,-0.053000,1.320000,1.322250
+Z,568537,-0.057000,-0.053000,1.310000,1.312310
+Z,568616,-0.055000,-0.056000,1.315000,1.317340
+Z,568697,-0.057000,-0.055000,1.311000,1.313391
+Z,568776,-0.061000,-0.055000,1.311000,1.313570
+Z,568856,-0.050000,-0.052000,1.308000,1.309988
+Z,568937,-0.056000,-0.057000,1.316000,1.318424
+Z,569016,-0.058000,-0.049000,1.311000,1.313197
+Z,569096,-0.058000,-0.049000,1.311000,1.313197
+Z,569177,-0.057000,-0.052000,1.315000,1.317261
+Z,569256,-0.057000,-0.055000,1.311000,1.313391
+Z,569337,-0.057000,-0.055000,1.310000,1.312392
+Z,569416,-0.057000,-0.057000,1.312000,1.314474
+Z,569496,-0.057000,-0.057000,1.311000,1.313476
+Z,569577,-0.058000,-0.055000,1.315000,1.317427
+Z,569656,-0.061000,-0.056000,1.308000,1.310619
+Z,569736,-0.053000,-0.048000,1.311000,1.312949
+Z,569817,-0.057000,-0.057000,1.310000,1.312478
+Z,569896,-0.060000,-0.053000,1.315000,1.317435
+Z,569977,-0.057000,-0.057000,1.311000,1.313476
+Z,570057,-0.057000,-0.058000,1.311000,1.313520
+Z,570136,-0.057000,-0.058000,1.311000,1.313520
+Z,570217,-0.058000,-0.064000,1.315000,1.317833
+Z,570296,-0.058000,-0.060000,1.311000,1.313653
+Z,570376,-0.057000,-0.056000,1.315000,1.317425
+Z,570457,-0.060000,-0.052000,1.311000,1.313402
+Z,570536,-0.057000,-0.057000,1.312000,1.314474
+Z,570616,-0.061000,-0.057000,1.310000,1.312658
+Z,570697,-0.061000,-0.052000,1.308000,1.310454
+Z,570776,-0.061000,-0.058000,1.311000,1.313699
+Z,570857,-0.055000,-0.057000,1.315000,1.317383
+Z,570936,-0.056000,-0.063000,1.308000,1.310713
+Z,571016,-0.053000,-0.056000,1.311000,1.313265
+Z,571097,-0.053000,-0.055000,1.315000,1.317216
+Z,571176,-0.053000,-0.055000,1.315000,1.317216
+Z,571256,-0.056000,-0.061000,1.315000,1.317605
+Z,571337,-0.057000,-0.057000,1.305000,1.307487
+Z,571416,-0.056000,-0.058000,1.308000,1.310482
+Z,571497,-0.055000,-0.055000,1.315000,1.317298
+Z,571576,-0.057000,-0.057000,1.311000,1.313476
+Z,571656,-0.053000,-0.057000,1.311000,1.313308
+Z,571737,-0.052000,-0.056000,1.312000,1.314224
+Z,571816,-0.053000,-0.053000,1.308000,1.310146
+Z,571896,-0.053000,-0.055000,1.315000,1.317216
+Z,571977,-0.057000,-0.055000,1.304000,1.306403
+Z,572056,-0.061000,-0.056000,1.308000,1.310619
+Z,572137,-0.061000,-0.056000,1.308000,1.310619
+Z,572217,-0.057000,-0.056000,1.313000,1.315429
+Z,572296,-0.061000,-0.055000,1.310000,1.312572
+Z,572377,-0.056000,-0.042000,1.319000,1.320856
+Z,572456,-0.057000,-0.060000,1.318000,1.320596
+Z,572536,-0.058000,-0.055000,1.310000,1.312436
+Z,572617,-0.057000,-0.055000,1.311000,1.313391
+Z,572696,-0.055000,-0.053000,1.311000,1.313223
+Z,572776,-0.055000,-0.065000,1.312000,1.314760
+Z,572857,-0.056000,-0.053000,1.310000,1.312267
+Z,572936,-0.055000,-0.052000,1.311000,1.313183
+Z,573017,-0.057000,-0.053000,1.311000,1.313308
+Z,573096,-0.057000,-0.061000,1.305000,1.307668
+Z,573176,-0.057000,-0.061000,1.305000,1.307668
+Z,573257,-0.057000,-0.057000,1.305000,1.307487
+Z,573336,-0.061000,-0.057000,1.310000,1.312658
+Z,573416,-0.057000,-0.052000,1.315000,1.317261
+Z,573497,-0.057000,-0.056000,1.311000,1.313433
+Z,573576,-0.056000,-0.056000,1.308000,1.310395
+Z,573657,-0.058000,-0.052000,1.308000,1.310317
+Z,573736,-0.061000,-0.052000,1.310000,1.312450
+Z,573816,-0.055000,-0.057000,1.311000,1.313391
+Z,573897,-0.057000,-0.056000,1.311000,1.313433
+Z,573976,-0.057000,-0.057000,1.313000,1.315472
+Z,574056,-0.058000,-0.056000,1.315000,1.317469
+Z,574137,-0.056000,-0.055000,1.311000,1.313348
+Z,574216,-0.056000,-0.055000,1.311000,1.313348
+Z,574296,-0.056000,-0.049000,1.318000,1.320099
+Z,574377,-0.049000,-0.061000,1.308000,1.310338
+Z,574456,-0.060000,-0.061000,1.313000,1.315785
+Z,574537,-0.057000,-0.056000,1.303000,1.305448
+Z,574616,-0.061000,-0.061000,1.312000,1.314833
+Z,574696,-0.053000,-0.055000,1.315000,1.317216
+Z,574777,-0.055000,-0.052000,1.310000,1.312185
+Z,574856,-0.057000,-0.052000,1.308000,1.310274
+Z,574936,-0.057000,-0.060000,1.311000,1.313610
+Z,575017,-0.056000,-0.057000,1.308000,1.310438
+Z,575096,-0.057000,-0.057000,1.311000,1.313476
+Z,575176,-0.058000,-0.055000,1.315000,1.317427
+Z,575257,-0.058000,-0.055000,1.315000,1.317427
+Z,575336,-0.053000,-0.064000,1.311000,1.313631
+Z,575417,-0.056000,-0.056000,1.311000,1.313390
+Z,575497,-0.057000,-0.057000,1.307000,1.309483
+Z,575576,-0.057000,-0.057000,1.304000,1.306489
+Z,575657,-0.053000,-0.057000,1.311000,1.313308
+Z,575736,-0.053000,-0.055000,1.311000,1.313223
+Z,575816,-0.060000,-0.057000,1.308000,1.310615
+Z,575897,-0.057000,-0.065000,1.308000,1.310854
+Z,575976,-0.057000,-0.055000,1.318000,1.320378
+Z,576056,-0.056000,-0.058000,1.315000,1.317469
+Z,576137,-0.061000,-0.053000,1.312000,1.314486
+Z,576216,-0.058000,-0.057000,1.311000,1.313520
+Z,576296,-0.058000,-0.057000,1.311000,1.313520
+Z,576377,-0.060000,-0.064000,1.310000,1.312934
+Z,576456,-0.060000,-0.057000,1.323000,1.325586
+Z,576537,-0.052000,-0.057000,1.312000,1.314267
+Z,576616,-0.057000,-0.052000,1.315000,1.317261
+Z,576696,-0.057000,-0.052000,1.311000,1.313268
+Z,576777,-0.056000,-0.056000,1.315000,1.317383
+Z,576856,-0.061000,-0.057000,1.319000,1.321639
+Z,576937,-0.052000,-0.057000,1.310000,1.312270
+Z,577017,-0.055000,-0.057000,1.308000,1.310396
+Z,577096,-0.055000,-0.057000,1.310000,1.312392
+Z,577177,-0.056000,-0.052000,1.313000,1.315222
+Z,577256,-0.057000,-0.055000,1.315000,1.317383
+Z,577336,-0.057000,-0.055000,1.315000,1.317383
+Z,577417,-0.058000,-0.052000,1.321000,1.323295
+Z,577496,-0.056000,-0.056000,1.312000,1.314388
+Z,577576,-0.057000,-0.050000,1.310000,1.312192
+Z,577657,-0.058000,-0.063000,1.311000,1.313794
+Z,577736,-0.058000,-0.056000,1.310000,1.312479
+Z,577817,-0.057000,-0.056000,1.312000,1.314431
+Z,577897,-0.057000,-0.049000,1.315000,1.317146
+Z,577976,-0.055000,-0.061000,1.318000,1.320557
+Z,578057,-0.061000,-0.057000,1.315000,1.317647
+Z,578136,-0.061000,-0.056000,1.308000,1.310619
+Z,578216,-0.060000,-0.057000,1.308000,1.310615
+Z,578297,-0.057000,-0.052000,1.311000,1.313268
+Z,578376,-0.057000,-0.052000,1.311000,1.313268
+Z,578456,-0.057000,-0.052000,1.311000,1.313268
+Z,578537,-0.058000,-0.050000,1.308000,1.310240
+Z,578616,-0.053000,-0.049000,1.308000,1.309990
+Z,578696,-0.058000,-0.056000,1.310000,1.312479
+Z,578777,-0.056000,-0.050000,1.320000,1.322133
+Z,578856,-0.056000,-0.055000,1.310000,1.312349
+Z,578937,-0.058000,-0.052000,1.311000,1.313312
+Z,579016,-0.057000,-0.057000,1.315000,1.317468
+Z,579096,-0.055000,-0.057000,1.310000,1.312392
+Z,579177,-0.057000,-0.057000,1.308000,1.310482
+Z,579256,-0.063000,-0.057000,1.311000,1.313750
+Z,579336,-0.063000,-0.057000,1.311000,1.313750
+Z,579417,-0.057000,-0.056000,1.311000,1.313433
+Z,579496,-0.057000,-0.052000,1.310000,1.312270
+Z,579577,-0.057000,-0.055000,1.311000,1.313391
+Z,579656,-0.055000,-0.053000,1.311000,1.313223
+Z,579736,-0.057000,-0.056000,1.310000,1.312435
+Z,579817,-0.058000,-0.057000,1.307000,1.309527
+Z,579896,-0.057000,-0.061000,1.308000,1.310662
+Z,579976,-0.055000,-0.056000,1.315000,1.317340
+Z,580057,-0.063000,-0.057000,1.311000,1.313750
+Z,580136,-0.057000,-0.052000,1.310000,1.312270
+Z,580216,-0.057000,-0.056000,1.312000,1.314431
+Z,580297,-0.057000,-0.052000,1.311000,1.313268
+Z,580376,-0.057000,-0.052000,1.311000,1.313268
+Z,580457,-0.056000,-0.057000,1.313000,1.315429
+Z,580536,-0.053000,-0.057000,1.308000,1.310314
+Z,580616,-0.056000,-0.053000,1.312000,1.314264
+Z,580697,-0.063000,-0.057000,1.315000,1.317742
+Z,580776,-0.057000,-0.057000,1.311000,1.313476
+Z,580856,-0.057000,-0.057000,1.315000,1.317468
+Z,580937,-0.057000,-0.055000,1.311000,1.313391
+Z,581016,-0.061000,-0.055000,1.308000,1.310576
+Z,581097,-0.057000,-0.055000,1.315000,1.317383
+Z,581176,-0.061000,-0.057000,1.307000,1.309664
+Z,581256,-0.057000,-0.053000,1.313000,1.315305
+Z,581337,-0.057000,-0.052000,1.313000,1.315265
+Z,581416,-0.057000,-0.052000,1.313000,1.315265
+Z,581496,-0.057000,-0.045000,1.312000,1.314008
+Z,581577,-0.052000,-0.056000,1.313000,1.315222
+Z,581656,-0.056000,-0.056000,1.311000,1.313390
+Z,581736,-0.058000,-0.057000,1.310000,1.312522
+Z,581817,-0.056000,-0.057000,1.308000,1.310438
+Z,581896,-0.055000,-0.056000,1.308000,1.310353
+Z,581977,-0.057000,-0.056000,1.316000,1.318424
+Z,582056,-0.057000,-0.056000,1.315000,1.317425
+Z,582136,-0.057000,-0.052000,1.316000,1.318260
+Z,582217,-0.057000,-0.061000,1.305000,1.307668
+Z,582296,-0.056000,-0.052000,1.311000,1.313225
+Z,582376,-0.052000,-0.052000,1.314000,1.316056
+Z,582457,-0.052000,-0.052000,1.314000,1.316056
+Z,582536,-0.056000,-0.056000,1.316000,1.318381
+Z,582617,-0.061000,-0.057000,1.312000,1.314653
+Z,582696,-0.057000,-0.056000,1.312000,1.314431
+Z,582776,-0.056000,-0.053000,1.310000,1.312267
+Z,582857,-0.058000,-0.053000,1.311000,1.313352
+Z,582936,-0.057000,-0.056000,1.304000,1.306446
+Z,583016,-0.057000,-0.052000,1.310000,1.312270
+Z,583097,-0.056000,-0.056000,1.311000,1.313390
+Z,583176,-0.052000,-0.057000,1.312000,1.314267
+Z,583257,-0.057000,-0.053000,1.311000,1.313308
+Z,583337,-0.061000,-0.050000,1.310000,1.312372
+Z,583416,-0.052000,-0.053000,1.318000,1.320090
+Z,583497,-0.052000,-0.053000,1.318000,1.320090
+Z,583576,-0.056000,-0.055000,1.312000,1.314346
+Z,583656,-0.056000,-0.058000,1.305000,1.307488
+Z,583737,-0.057000,-0.056000,1.318000,1.320420
+Z,583816,-0.056000,-0.053000,1.312000,1.314264
+Z,583896,-0.056000,-0.060000,1.311000,1.313567
+Z,583977,-0.061000,-0.055000,1.310000,1.312572
+Z,584056,-0.060000,-0.057000,1.312000,1.314607
+Z,584137,-0.050000,-0.057000,1.313000,1.315187
+Z,584216,-0.060000,-0.050000,1.312000,1.314323
+Z,584296,-0.056000,-0.056000,1.318000,1.320377
+Z,584377,-0.053000,-0.056000,1.311000,1.313265
+Z,584456,-0.052000,-0.052000,1.312000,1.314059
+Z,584536,-0.052000,-0.052000,1.312000,1.314059
+Z,584617,-0.056000,-0.055000,1.310000,1.312349
+Z,584696,-0.056000,-0.052000,1.315000,1.317219
+Z,584776,-0.056000,-0.050000,1.313000,1.315144
+Z,584857,-0.057000,-0.056000,1.315000,1.317425
+Z,584936,-0.052000,-0.061000,1.311000,1.313448
+Z,585017,-0.057000,-0.055000,1.315000,1.317383
+Z,585097,-0.058000,-0.060000,1.311000,1.313653
+Z,585176,-0.057000,-0.057000,1.311000,1.313476
+Z,585257,-0.057000,-0.052000,1.315000,1.317261
+Z,585336,-0.056000,-0.061000,1.311000,1.313613
+Z,585416,-0.053000,-0.057000,1.313000,1.315305
+Z,585497,-0.053000,-0.057000,1.313000,1.315305
+Z,585576,-0.057000,-0.058000,1.308000,1.310525
+Z,585656,-0.057000,-0.057000,1.311000,1.313476
+Z,585737,-0.055000,-0.055000,1.315000,1.317298
+Z,585816,-0.055000,-0.060000,1.312000,1.314522
+Z,585897,-0.052000,-0.057000,1.311000,1.313268
+Z,585976,-0.056000,-0.052000,1.311000,1.313225
+Z,586056,-0.057000,-0.056000,1.305000,1.307444
+Z,586137,-0.057000,-0.058000,1.311000,1.313520
+Z,586216,-0.047000,-0.057000,1.308000,1.310085
+Z,586296,-0.056000,-0.056000,1.311000,1.313390
+Z,586377,-0.058000,-0.052000,1.308000,1.310317
+Z,586456,-0.057000,-0.055000,1.316000,1.318382
+Z,586537,-0.057000,-0.055000,1.316000,1.318382
+Z,586617,-0.055000,-0.056000,1.308000,1.310353
+Z,586696,-0.056000,-0.056000,1.311000,1.313390
+Z,586777,-0.061000,-0.052000,1.312000,1.314446
+Z,586856,-0.057000,-0.056000,1.310000,1.312435
+Z,586936,-0.057000,-0.053000,1.311000,1.313308
+Z,587017,-0.058000,-0.056000,1.315000,1.317469
+Z,587096,-0.056000,-0.057000,1.312000,1.314431
+Z,587176,-0.056000,-0.058000,1.305000,1.307488
+Z,587257,-0.057000,-0.056000,1.310000,1.312435
+Z,587336,-0.057000,-0.052000,1.313000,1.315265
+Z,587417,-0.053000,-0.052000,1.313000,1.315098
+Z,587496,-0.061000,-0.057000,1.315000,1.317647
+Z,587576,-0.061000,-0.057000,1.315000,1.317647
+Z,587657,-0.061000,-0.061000,1.311000,1.313835
+Z,587736,-0.061000,-0.056000,1.311000,1.313613
+Z,587816,-0.054000,-0.055000,1.311000,1.313264
+Z,587897,-0.063000,-0.056000,1.308000,1.310713
+Z,587976,-0.053000,-0.057000,1.311000,1.313308
+Z,588057,-0.056000,-0.057000,1.324000,1.326409
+Z,588136,-0.053000,-0.056000,1.308000,1.310271
+Z,588216,-0.057000,-0.058000,1.311000,1.313520
+Z,588297,-0.057000,-0.061000,1.308000,1.310662
+Z,588376,-0.058000,-0.061000,1.311000,1.313699
+Z,588456,-0.057000,-0.052000,1.315000,1.317261
+Z,588537,-0.061000,-0.055000,1.308000,1.310576
+Z,588616,-0.061000,-0.055000,1.308000,1.310576
+Z,588696,-0.057000,-0.064000,1.311000,1.313798
+Z,588777,-0.055000,-0.057000,1.311000,1.313391
+Z,588856,-0.057000,-0.057000,1.312000,1.314474
+Z,588937,-0.057000,-0.053000,1.311000,1.313308
+Z,589016,-0.052000,-0.057000,1.311000,1.313268
+Z,589096,-0.053000,-0.057000,1.318000,1.320296
+Z,589177,-0.055000,-0.057000,1.311000,1.313391
+Z,589256,-0.057000,-0.058000,1.308000,1.310525
+Z,589336,-0.058000,-0.063000,1.305000,1.307807
+Z,589417,-0.056000,-0.057000,1.311000,1.313433
+Z,589496,-0.057000,-0.052000,1.308000,1.310274
+Z,589577,-0.056000,-0.056000,1.304000,1.306403
+Z,589656,-0.056000,-0.056000,1.304000,1.306403
+Z,589736,-0.057000,-0.052000,1.312000,1.314267
+Z,589817,-0.045000,-0.057000,1.311000,1.313010
+Z,589896,-0.061000,-0.057000,1.308000,1.310662
+Z,589976,-0.057000,-0.052000,1.310000,1.312270
+Z,590057,-0.056000,-0.052000,1.308000,1.310230
+Z,590136,-0.052000,-0.061000,1.311000,1.313448
+Z,590216,-0.057000,-0.056000,1.313000,1.315429
+Z,590297,-0.061000,-0.058000,1.307000,1.309708
+Z,590376,-0.042000,-0.058000,1.312000,1.313953
+Z,590457,-0.058000,-0.052000,1.315000,1.317305
+Z,590536,-0.057000,-0.052000,1.311000,1.313268
+Z,590616,-0.057000,-0.058000,1.308000,1.310525
+Z,590697,-0.057000,-0.058000,1.308000,1.310525
+Z,590776,-0.052000,-0.055000,1.311000,1.313183
+Z,590856,-0.061000,-0.052000,1.311000,1.313448
+Z,590937,-0.061000,-0.057000,1.307000,1.309664
+Z,591016,-0.058000,-0.052000,1.311000,1.313312
+Z,591097,-0.048000,-0.055000,1.310000,1.312032
+Z,591177,-0.056000,-0.050000,1.310000,1.312149
+Z,591256,-0.058000,-0.055000,1.310000,1.312436
+Z,591337,-0.057000,-0.055000,1.310000,1.312392
+Z,591416,-0.057000,-0.052000,1.318000,1.320256
+Z,591496,-0.063000,-0.057000,1.313000,1.315746
+Z,591577,-0.056000,-0.056000,1.308000,1.310395
+Z,591656,-0.057000,-0.055000,1.315000,1.317383
+Z,591736,-0.057000,-0.055000,1.315000,1.317383
+Z,591817,-0.057000,-0.060000,1.313000,1.315606
+Z,591896,-0.055000,-0.052000,1.319000,1.321170
+Z,591977,-0.052000,-0.063000,1.311000,1.313543
+Z,592056,-0.057000,-0.056000,1.305000,1.307444
+Z,592136,-0.057000,-0.052000,1.305000,1.307279
+Z,592217,-0.056000,-0.056000,1.318000,1.320377
+Z,592296,-0.058000,-0.055000,1.308000,1.310440
+Z,592376,-0.057000,-0.055000,1.304000,1.306403
+Z,592457,-0.057000,-0.050000,1.310000,1.312192
+Z,592536,-0.056000,-0.055000,1.312000,1.314346
+Z,592617,-0.057000,-0.057000,1.311000,1.313476
+Z,592696,-0.057000,-0.057000,1.311000,1.313476
+Z,592776,-0.056000,-0.052000,1.311000,1.313225
+Z,592857,-0.060000,-0.052000,1.310000,1.312404
+Z,592936,-0.052000,-0.061000,1.315000,1.317441
+Z,593016,-0.053000,-0.057000,1.311000,1.313308
+Z,593097,-0.061000,-0.052000,1.315000,1.317441
+Z,593176,-0.052000,-0.055000,1.310000,1.312185
+Z,593257,-0.057000,-0.056000,1.311000,1.313433
+Z,593336,-0.057000,-0.049000,1.310000,1.312155
+Z,593416,-0.061000,-0.055000,1.308000,1.310576
+Z,593497,-0.057000,-0.056000,1.313000,1.315429
+Z,593576,-0.061000,-0.052000,1.311000,1.313448
+Z,593656,-0.057000,-0.052000,1.310000,1.312270
+Z,593737,-0.057000,-0.052000,1.310000,1.312270
+Z,593816,-0.057000,-0.057000,1.310000,1.312478
+Z,593896,-0.057000,-0.052000,1.310000,1.312270
+Z,593977,-0.056000,-0.057000,1.312000,1.314431
+Z,594056,-0.057000,-0.052000,1.315000,1.317261
+Z,594137,-0.056000,-0.056000,1.310000,1.312392
+Z,594216,-0.057000,-0.063000,1.307000,1.309758
+Z,594296,-0.056000,-0.052000,1.308000,1.310230
+Z,594377,-0.061000,-0.057000,1.315000,1.317647
+Z,594456,-0.055000,-0.057000,1.311000,1.313391
+Z,594536,-0.052000,-0.057000,1.319000,1.321255
+Z,594617,-0.057000,-0.053000,1.315000,1.317301
+Z,594696,-0.052000,-0.052000,1.318000,1.320050
+Z,594777,-0.052000,-0.052000,1.318000,1.320050
+Z,594856,-0.057000,-0.057000,1.310000,1.312478
+Z,594936,-0.053000,-0.057000,1.311000,1.313308
+Z,595017,-0.057000,-0.052000,1.315000,1.317261
+Z,595096,-0.058000,-0.057000,1.311000,1.313520
+Z,595176,-0.061000,-0.052000,1.326000,1.328420
+Z,595257,-0.056000,-0.057000,1.315000,1.317425
+Z,595336,-0.053000,-0.050000,1.307000,1.309029
+Z,595417,-0.057000,-0.061000,1.311000,1.313656
+Z,595496,-0.057000,-0.055000,1.316000,1.318382
+Z,595576,-0.063000,-0.055000,1.310000,1.312667
+Z,595657,-0.052000,-0.053000,1.311000,1.313101
+Z,595736,-0.057000,-0.052000,1.313000,1.315265
+Z,595816,-0.057000,-0.052000,1.313000,1.315265
+Z,595897,-0.069000,-0.055000,1.311000,1.313966
+Z,595976,-0.057000,-0.052000,1.312000,1.314267
+Z,596057,-0.057000,-0.055000,1.305000,1.307402
+Z,596136,-0.060000,-0.057000,1.310000,1.312611
+Z,596216,-0.057000,-0.057000,1.308000,1.310482
+Z,596297,-0.055000,-0.057000,1.311000,1.313391
+Z,596376,-0.058000,-0.057000,1.308000,1.310525
+Z,596456,-0.057000,-0.057000,1.315000,1.317468
+Z,596537,-0.055000,-0.053000,1.315000,1.317216
+Z,596616,-0.055000,-0.056000,1.311000,1.313348
+Z,596697,-0.057000,-0.057000,1.311000,1.313476
+Z,596777,-0.053000,-0.055000,1.311000,1.313223
+Z,596856,-0.053000,-0.055000,1.311000,1.313223
+Z,596937,-0.057000,-0.049000,1.319000,1.321140
+Z,597016,-0.057000,-0.052000,1.308000,1.310274
+Z,597096,-0.060000,-0.055000,1.308000,1.310530
+Z,597177,-0.052000,-0.061000,1.313000,1.315444
+Z,597256,-0.061000,-0.057000,1.311000,1.313656
+Z,597336,-0.061000,-0.053000,1.307000,1.309496
+Z,597417,-0.063000,-0.045000,1.311000,1.313284
+Z,597496,-0.057000,-0.052000,1.311000,1.313268
+Z,597577,-0.055000,-0.052000,1.306000,1.308191
+Z,597656,-0.057000,-0.055000,1.304000,1.306403
+Z,597736,-0.055000,-0.061000,1.310000,1.312572
+Z,597817,-0.052000,-0.052000,1.319000,1.321048
+Z,597896,-0.052000,-0.052000,1.319000,1.321048
+Z,597976,-0.057000,-0.052000,1.310000,1.312270
+Z,598057,-0.060000,-0.057000,1.311000,1.313610
+Z,598136,-0.057000,-0.055000,1.311000,1.313391
+Z,598216,-0.057000,-0.057000,1.310000,1.312478
+Z,598297,-0.057000,-0.055000,1.305000,1.307402
+Z,598376,-0.061000,-0.057000,1.308000,1.310662
+Z,598457,-0.053000,-0.060000,1.311000,1.313442
+Z,598536,-0.056000,-0.058000,1.316000,1.318467
+Z,598616,-0.057000,-0.053000,1.311000,1.313308
+Z,598697,-0.057000,-0.049000,1.312000,1.314151
+Z,598776,-0.057000,-0.058000,1.311000,1.313520
+Z,598856,-0.056000,-0.055000,1.315000,1.317340
+Z,598937,-0.056000,-0.055000,1.315000,1.317340
+Z,599016,-0.064000,-0.053000,1.316000,1.318621
+Z,599097,-0.057000,-0.058000,1.315000,1.317512
+Z,599177,-0.056000,-0.055000,1.313000,1.315344
+Z,599256,-0.057000,-0.060000,1.313000,1.315606
+Z,599337,-0.057000,-0.057000,1.308000,1.310482
+Z,599416,-0.057000,-0.050000,1.308000,1.310196
+Z,599496,-0.057000,-0.063000,1.310000,1.312752
+Z,599577,-0.057000,-0.052000,1.311000,1.313268
+Z,599656,-0.061000,-0.055000,1.311000,1.313570
+Z,599736,-0.057000,-0.055000,1.310000,1.312392
+Z,599817,-0.055000,-0.057000,1.307000,1.309398
+Z,599896,-0.058000,-0.052000,1.308000,1.310317
+Z,599977,-0.058000,-0.052000,1.308000,1.310317
+Z,600056,-0.055000,-0.047000,1.310000,1.311996
+Z,600136,-0.055000,-0.056000,1.315000,1.317340
+Z,600217,-0.058000,-0.055000,1.312000,1.314432
+Z,600296,-0.065000,-0.055000,1.310000,1.312764
+Z,600376,-0.057000,-0.048000,1.313000,1.315113
+Z,600457,-0.061000,-0.058000,1.318000,1.320685
+Z,600536,-0.052000,-0.060000,1.310000,1.312404
+Z,600616,-0.061000,-0.056000,1.311000,1.313613
+Z,600697,-0.052000,-0.055000,1.308000,1.310188
+Z,600776,-0.060000,-0.052000,1.308000,1.310408
+Z,600856,-0.052000,-0.057000,1.311000,1.313268
+Z,600937,-0.056000,-0.057000,1.312000,1.314431
+Z,601016,-0.056000,-0.057000,1.312000,1.314431
+Z,601097,-0.053000,-0.056000,1.310000,1.312267
+Z,601176,-0.056000,-0.053000,1.311000,1.313265
+Z,601256,-0.058000,-0.057000,1.308000,1.310525
+Z,601337,-0.057000,-0.058000,1.311000,1.313520
+Z,601416,-0.049000,-0.057000,1.310000,1.312155
+Z,601496,-0.056000,-0.057000,1.311000,1.313433
+Z,601577,-0.060000,-0.056000,1.313000,1.315563
+Z,601656,-0.061000,-0.057000,1.312000,1.314653
+Z,601737,-0.057000,-0.055000,1.311000,1.313391
+Z,601816,-0.056000,-0.055000,1.313000,1.315344
+Z,601896,-0.056000,-0.055000,1.311000,1.313348
+Z,601977,-0.056000,-0.050000,1.310000,1.312149
+Z,602056,-0.056000,-0.050000,1.310000,1.312149
+Z,602136,-0.057000,-0.053000,1.307000,1.309315
+Z,602217,-0.052000,-0.053000,1.310000,1.312102
+Z,602296,-0.052000,-0.044000,1.305000,1.306777
+Z,602377,-0.053000,-0.060000,1.312000,1.314440
+Z,602457,-0.060000,-0.057000,1.308000,1.310615
+Z,602536,-0.061000,-0.057000,1.308000,1.310662
+Z,602617,-0.057000,-0.052000,1.308000,1.310274
+Z,602696,-0.057000,-0.057000,1.311000,1.313476
+Z,602776,-0.055000,-0.052000,1.310000,1.312185
+Z,602857,-0.058000,-0.058000,1.311000,1.313563
+Z,602936,-0.058000,-0.056000,1.311000,1.313477
+Z,603016,-0.058000,-0.056000,1.311000,1.313477
+Z,603097,-0.057000,-0.056000,1.305000,1.307444
+Z,603176,-0.059000,-0.057000,1.313000,1.315560
+Z,603257,-0.058000,-0.053000,1.311000,1.313352
+Z,603336,-0.057000,-0.056000,1.311000,1.313433
+Z,603416,-0.053000,-0.056000,1.311000,1.313265
+Z,603497,-0.056000,-0.055000,1.310000,1.312349
+Z,603576,-0.055000,-0.061000,1.311000,1.313570
+Z,603656,-0.058000,-0.055000,1.305000,1.307446
+Z,603737,-0.061000,-0.052000,1.313000,1.315444
+Z,603816,-0.057000,-0.049000,1.318000,1.320142
+Z,603897,-0.056000,-0.056000,1.312000,1.314388
+Z,603976,-0.053000,-0.058000,1.308000,1.310358
+Z,604056,-0.053000,-0.058000,1.308000,1.310358
+Z,604137,-0.057000,-0.052000,1.312000,1.314267
+Z,604216,-0.057000,-0.061000,1.315000,1.317647
+Z,604296,-0.058000,-0.052000,1.315000,1.317305
+Z,604377,-0.055000,-0.057000,1.308000,1.310396
+Z,604456,-0.058000,-0.057000,1.307000,1.309527
+Z,604536,-0.054000,-0.056000,1.311000,1.313306
+Z,604617,-0.053000,-0.055000,1.311000,1.313223
+Z,604696,-0.055000,-0.057000,1.313000,1.315387
+Z,604777,-0.055000,-0.057000,1.311000,1.313391
+Z,604856,-0.052000,-0.058000,1.315000,1.317305
+Z,604936,-0.053000,-0.057000,1.308000,1.310314
+Z,605017,-0.057000,-0.056000,1.308000,1.310438
+Z,605096,-0.057000,-0.056000,1.308000,1.310438
+Z,605177,-0.058000,-0.064000,1.308000,1.310849
+Z,605257,-0.058000,-0.052000,1.311000,1.313312
+Z,605336,-0.057000,-0.052000,1.312000,1.314267
+Z,605417,-0.057000,-0.045000,1.313000,1.315007
+Z,605496,-0.058000,-0.056000,1.313000,1.315473
+Z,605576,-0.049000,-0.058000,1.315000,1.317190
+Z,605657,-0.064000,-0.050000,1.311000,1.313513
+Z,605736,-0.057000,-0.055000,1.311000,1.313391
+Z,605816,-0.057000,-0.057000,1.319000,1.321461
+Z,605897,-0.057000,-0.057000,1.315000,1.317468
+Z,605976,-0.058000,-0.057000,1.310000,1.312522
+Z,606057,-0.058000,-0.055000,1.315000,1.317427
+Z,606137,-0.058000,-0.055000,1.315000,1.317427
+Z,606216,-0.048000,-0.057000,1.311000,1.313116
+Z,606297,-0.061000,-0.057000,1.313000,1.315652
+Z,606376,-0.052000,-0.052000,1.311000,1.313061
+Z,606456,-0.055000,-0.057000,1.310000,1.312392
+Z,606537,-0.056000,-0.057000,1.311000,1.313433
+Z,606616,-0.057000,-0.053000,1.304000,1.306321
+Z,606696,-0.057000,-0.061000,1.311000,1.313656
+Z,606777,-0.055000,-0.056000,1.311000,1.313348
+Z,606856,-0.057000,-0.052000,1.315000,1.317261
+Z,606937,-0.056000,-0.057000,1.311000,1.313433
+Z,607016,-0.057000,-0.057000,1.315000,1.317468
+Z,607096,-0.057000,-0.057000,1.305000,1.307487
+Z,607177,-0.057000,-0.057000,1.305000,1.307487
+Z,607256,-0.055000,-0.047000,1.311000,1.312995
+Z,607336,-0.060000,-0.057000,1.311000,1.313610
+Z,607417,-0.056000,-0.056000,1.311000,1.313390
+Z,607496,-0.057000,-0.053000,1.313000,1.315305
+Z,607577,-0.057000,-0.057000,1.316000,1.318466
+Z,607657,-0.057000,-0.056000,1.319000,1.321418
+Z,607736,-0.055000,-0.056000,1.312000,1.314346
+Z,607817,-0.055000,-0.057000,1.315000,1.317383
+Z,607896,-0.056000,-0.053000,1.310000,1.312267
+Z,607976,-0.058000,-0.056000,1.310000,1.312479
+Z,608057,-0.052000,-0.060000,1.318000,1.320389
+Z,608136,-0.060000,-0.056000,1.305000,1.307578
+Z,608216,-0.060000,-0.056000,1.305000,1.307578
+Z,608297,-0.057000,-0.052000,1.312000,1.314267
+Z,608376,-0.057000,-0.057000,1.311000,1.313476
+Z,608457,-0.057000,-0.055000,1.312000,1.314389
+Z,608536,-0.055000,-0.053000,1.310000,1.312225
+Z,608616,-0.057000,-0.052000,1.308000,1.310274
+Z,608697,-0.053000,-0.057000,1.313000,1.315305
+Z,608776,-0.052000,-0.052000,1.318000,1.320050
+Z,608856,-0.057000,-0.061000,1.312000,1.314653
+Z,608937,-0.057000,-0.056000,1.319000,1.321418
+Z,609016,-0.055000,-0.055000,1.310000,1.312307
+Z,609097,-0.058000,-0.057000,1.305000,1.307531
+Z,609177,-0.058000,-0.056000,1.319000,1.321462
+Z,609256,-0.058000,-0.056000,1.319000,1.321462
+Z,609337,-0.057000,-0.056000,1.311000,1.313433
+Z,609416,-0.060000,-0.052000,1.311000,1.313402
+Z,609496,-0.057000,-0.063000,1.312000,1.314748
+Z,609577,-0.058000,-0.057000,1.311000,1.313520
+Z,609656,-0.057000,-0.057000,1.310000,1.312478
+Z,609736,-0.056000,-0.050000,1.316000,1.318140
+Z,609817,-0.055000,-0.052000,1.311000,1.313183
+Z,609896,-0.052000,-0.057000,1.313000,1.315265
+Z,609977,-0.057000,-0.055000,1.315000,1.317383
+Z,610056,-0.057000,-0.045000,1.311000,1.313010
+Z,610136,-0.057000,-0.057000,1.308000,1.310482
+Z,610217,-0.056000,-0.056000,1.308000,1.310395
+Z,610296,-0.056000,-0.056000,1.308000,1.310395
+Z,610376,-0.064000,-0.052000,1.305000,1.307603
+Z,610457,-0.056000,-0.050000,1.311000,1.313148
+Z,610536,-0.055000,-0.053000,1.308000,1.310228
+Z,610617,-0.049000,-0.055000,1.311000,1.313068
+Z,610696,-0.052000,-0.057000,1.311000,1.313268
+Z,610776,-0.053000,-0.052000,1.307000,1.309107
+Z,610857,-0.058000,-0.057000,1.311000,1.313520
+Z,610936,-0.058000,-0.057000,1.311000,1.313520
+Z,611016,-0.061000,-0.055000,1.308000,1.310576
+Z,611097,-0.056000,-0.052000,1.313000,1.315222
+Z,611176,-0.056000,-0.056000,1.311000,1.313390
+Z,611257,-0.053000,-0.057000,1.311000,1.313308
+Z,611336,-0.053000,-0.057000,1.311000,1.313308
+Z,611416,-0.055000,-0.048000,1.315000,1.317025
+Z,611497,-0.056000,-0.061000,1.311000,1.313613
+Z,611576,-0.058000,-0.057000,1.308000,1.310525
+Z,611656,-0.057000,-0.057000,1.302000,1.304493
+Z,611737,-0.057000,-0.057000,1.308000,1.310482
+Z,611816,-0.057000,-0.057000,1.312000,1.314474
+Z,611896,-0.057000,-0.057000,1.308000,1.310482
+Z,611977,-0.057000,-0.055000,1.311000,1.313391
+Z,612056,-0.052000,-0.052000,1.311000,1.313061
+Z,612137,-0.060000,-0.057000,1.308000,1.310615
+Z,612216,-0.057000,-0.055000,1.311000,1.313391
+Z,612296,-0.057000,-0.055000,1.311000,1.313391
+Z,612377,-0.052000,-0.058000,1.311000,1.313312
+Z,612456,-0.055000,-0.058000,1.315000,1.317427
+Z,612536,-0.052000,-0.052000,1.310000,1.312062
+Z,612617,-0.057000,-0.056000,1.305000,1.307444
+Z,612696,-0.049000,-0.057000,1.311000,1.313153
+Z,612777,-0.057000,-0.053000,1.311000,1.313308
+Z,612857,-0.057000,-0.057000,1.310000,1.312478
+Z,612936,-0.057000,-0.057000,1.310000,1.312478
+Z,613017,-0.056000,-0.057000,1.313000,1.315429
+Z,613096,-0.057000,-0.053000,1.312000,1.314307
+Z,613176,-0.056000,-0.055000,1.310000,1.312349
+Z,613257,-0.053000,-0.056000,1.311000,1.313265
+Z,613336,-0.053000,-0.056000,1.311000,1.313265
+Z,613416,-0.057000,-0.052000,1.311000,1.313268
+Z,613497,-0.057000,-0.055000,1.315000,1.317383
+Z,613576,-0.061000,-0.057000,1.312000,1.314653
+Z,613657,-0.061000,-0.053000,1.308000,1.310494
+Z,613736,-0.057000,-0.053000,1.312000,1.314307
+Z,613816,-0.058000,-0.057000,1.310000,1.312522
+Z,613897,-0.058000,-0.057000,1.313000,1.315516
+Z,613976,-0.057000,-0.057000,1.312000,1.314474
+Z,614056,-0.057000,-0.057000,1.310000,1.312478
+Z,614137,-0.052000,-0.056000,1.311000,1.313225
+Z,614216,-0.060000,-0.057000,1.310000,1.312611
+Z,614297,-0.065000,-0.057000,1.311000,1.313847
+Z,614376,-0.065000,-0.057000,1.311000,1.313847
+Z,614456,-0.055000,-0.049000,1.311000,1.313068
+Z,614537,-0.057000,-0.056000,1.313000,1.315429
+Z,614616,-0.050000,-0.057000,1.311000,1.313191
+Z,614696,-0.056000,-0.057000,1.313000,1.315429
+Z,614777,-0.052000,-0.057000,1.315000,1.317261
+Z,614856,-0.053000,-0.053000,1.319000,1.321128
+Z,614937,-0.055000,-0.055000,1.311000,1.313305
+Z,615016,-0.056000,-0.055000,1.311000,1.313348
+Z,615096,-0.057000,-0.058000,1.311000,1.313520
+Z,615177,-0.058000,-0.058000,1.311000,1.313563
+Z,615256,-0.061000,-0.053000,1.311000,1.313488
+Z,615336,-0.057000,-0.057000,1.312000,1.314474
+Z,615417,-0.057000,-0.057000,1.312000,1.314474
+Z,615496,-0.057000,-0.058000,1.307000,1.309527
+Z,615577,-0.055000,-0.056000,1.310000,1.312349
+Z,615657,-0.055000,-0.055000,1.311000,1.313305
+Z,615736,-0.057000,-0.056000,1.308000,1.310438
+Z,615817,-0.057000,-0.057000,1.308000,1.310482
+Z,615896,-0.061000,-0.049000,1.315000,1.317326
+Z,615976,-0.057000,-0.057000,1.304000,1.306489
+Z,616057,-0.061000,-0.052000,1.308000,1.310454
+Z,616136,-0.057000,-0.056000,1.315000,1.317425
-Z,666032,-0.141000,-0.049000,-0.708000,0.723565
-Z,666111,-0.141000,-0.049000,-0.708000,0.723565
-Z,666191,-0.136000,-0.055000,-0.720000,0.734793
-Z,666272,-0.137000,-0.056000,-0.720000,0.735054
-Z,666352,-0.141000,-0.055000,-0.720000,0.735735
-Z,666431,-0.136000,-0.052000,-0.721000,0.735555
-Z,666511,-0.137000,-0.052000,-0.720000,0.734760
-Z,666592,-0.138000,-0.052000,-0.720000,0.734948
-Z,666671,-0.138000,-0.052000,-0.717000,0.732009
-Z,666751,-0.144000,-0.057000,-0.719000,0.735490
-Z,666832,-0.141000,-0.056000,-0.722000,0.737768
-Z,666911,-0.141000,-0.057000,-0.721000,0.736866
-Z,666991,-0.133000,-0.052000,-0.714000,0.728141
-Z,667072,-0.136000,-0.056000,-0.721000,0.735848
-Z,667152,-0.136000,-0.056000,-0.721000,0.735848
-Z,667231,-0.136000,-0.048000,-0.724000,0.738225
-Z,667311,-0.138000,-0.057000,-0.717000,0.732381
-Z,667392,-0.136000,-0.052000,-0.720000,0.734575
-Z,667471,-0.141000,-0.050000,-0.720000,0.735378
-Z,667551,-0.145000,-0.052000,-0.721000,0.737272
-Z,667632,-0.143000,-0.053000,-0.725000,0.740866
-Z,667711,-0.137000,-0.052000,-0.721000,0.735740
-Z,667791,-0.141000,-0.057000,-0.713000,0.729040
-Z,667872,-0.141000,-0.055000,-0.717000,0.732799
-Z,667952,-0.141000,-0.052000,-0.717000,0.732580
-Z,668031,-0.130000,-0.053000,-0.729000,0.742395
-Z,668111,-0.136000,-0.057000,-0.722000,0.736905
-Z,668192,-0.136000,-0.057000,-0.722000,0.736905
-Z,668271,-0.144000,-0.053000,-0.716000,0.732257
-Z,668351,-0.141000,-0.057000,-0.714000,0.730018
-Z,668432,-0.138000,-0.056000,-0.728000,0.743077
-Z,668512,-0.136000,-0.055000,-0.724000,0.738713
-Z,668591,-0.133000,-0.057000,-0.729000,0.743222
-Z,668671,-0.138000,-0.056000,-0.719000,0.734262
-Z,668752,-0.137000,-0.056000,-0.724000,0.738973
-Z,668831,-0.137000,-0.055000,-0.725000,0.739878
-Z,668911,-0.136000,-0.052000,-0.724000,0.738496
-Z,668992,-0.141000,-0.063000,-0.717000,0.733443
-Z,669072,-0.144000,-0.050000,-0.716000,0.732046
-Z,669151,-0.144000,-0.057000,-0.717000,0.733535
-Z,669231,-0.144000,-0.057000,-0.717000,0.733535
-Z,669312,-0.137000,-0.055000,-0.736000,0.750660
-Z,669391,-0.141000,-0.052000,-0.722000,0.737475
-Z,669471,-0.138000,-0.057000,-0.720000,0.735318
-Z,669552,-0.141000,-0.056000,-0.724000,0.739725
-Z,669632,-0.137000,-0.056000,-0.724000,0.738973
-Z,669711,-0.145000,-0.057000,-0.727000,0.743507
-Z,669791,-0.143000,-0.056000,-0.719000,0.735218
-Z,669872,-0.141000,-0.056000,-0.724000,0.739725
-Z,669951,-0.141000,-0.052000,-0.717000,0.732580
-Z,670031,-0.137000,-0.056000,-0.729000,0.743872
-Z,670112,-0.136000,-0.048000,-0.720000,0.734302
-Z,670192,-0.137000,-0.052000,-0.717000,0.731821
-Z,670271,-0.137000,-0.052000,-0.717000,0.731821
-Z,670351,-0.143000,-0.052000,-0.722000,0.737860
-Z,670432,-0.141000,-0.052000,-0.720000,0.735517
-Z,670511,-0.141000,-0.049000,-0.721000,0.736290
-Z,670591,-0.138000,-0.053000,-0.722000,0.736978
-Z,670672,-0.137000,-0.056000,-0.724000,0.738973
-Z,670752,-0.136000,-0.053000,-0.720000,0.734646
-Z,670831,-0.140000,-0.055000,-0.721000,0.736523
-Z,670911,-0.124000,-0.055000,-0.720000,0.732667
-Z,670992,-0.136000,-0.045000,-0.725000,0.739017
-Z,671071,-0.141000,-0.057000,-0.722000,0.737844
-Z,671151,-0.140000,-0.057000,-0.719000,0.734718
-Z,671232,-0.138000,-0.057000,-0.720000,0.735318
-Z,671311,-0.138000,-0.057000,-0.720000,0.735318
-Z,671391,-0.136000,-0.055000,-0.724000,0.738713
-Z,671472,-0.136000,-0.058000,-0.721000,0.736003
-Z,671552,-0.138000,-0.052000,-0.724000,0.738867
-Z,671631,-0.138000,-0.057000,-0.727000,0.742174
-Z,671711,-0.132000,-0.055000,-0.727000,0.740930
-Z,671792,-0.136000,-0.052000,-0.720000,0.734575
-Z,671871,-0.141000,-0.052000,-0.721000,0.736496
-Z,671951,-0.132000,-0.055000,-0.720000,0.734063
-Z,672032,-0.138000,-0.055000,-0.725000,0.740063
-Z,672112,-0.141000,-0.057000,-0.712000,0.728062
-Z,672191,-0.135000,-0.055000,-0.724000,0.738530
-Z,672271,-0.138000,-0.052000,-0.722000,0.736907
-Z,672352,-0.137000,-0.049000,-0.720000,0.734554
-Z,672431,-0.137000,-0.049000,-0.720000,0.734554
-Z,672511,-0.136000,-0.050000,-0.721000,0.735416
-Z,672592,-0.136000,-0.056000,-0.721000,0.735848
-Z,672672,-0.141000,-0.052000,-0.721000,0.736496
-Z,672751,-0.141000,-0.055000,-0.721000,0.736714
-Z,672831,-0.137000,-0.050000,-0.720000,0.734622
-Z,672912,-0.141000,-0.049000,-0.722000,0.737269
-Z,672991,-0.141000,-0.056000,-0.724000,0.739725
-Z,673071,-0.153000,-0.049000,-0.722000,0.739658
-Z,673152,-0.144000,-0.052000,-0.721000,0.737076
-Z,673231,-0.136000,-0.053000,-0.722000,0.736606
-Z,673311,-0.141000,-0.052000,-0.729000,0.744329
-Z,673391,-0.141000,-0.056000,-0.722000,0.737768
-Z,673472,-0.141000,-0.056000,-0.722000,0.737768
-Z,673551,-0.145000,-0.058000,-0.719000,0.735765
-Z,673631,-0.138000,-0.053000,-0.720000,0.735019
-Z,673712,-0.133000,-0.057000,-0.720000,0.734396
-Z,673791,-0.141000,-0.055000,-0.721000,0.736714
-Z,673871,-0.144000,-0.049000,-0.722000,0.737849
-Z,673952,-0.143000,-0.056000,-0.724000,0.740109
-Z,674032,-0.136000,-0.053000,-0.720000,0.734646
-Z,674111,-0.136000,-0.058000,-0.711000,0.726210
-Z,674191,-0.143000,-0.052000,-0.720000,0.735903
-Z,674272,-0.138000,-0.052000,-0.724000,0.738867
-Z,674351,-0.141000,-0.052000,-0.720000,0.735517
-Z,674431,-0.143000,-0.057000,-0.720000,0.736273
-Z,674512,-0.143000,-0.057000,-0.720000,0.736273
-Z,674591,-0.139000,-0.056000,-0.724000,0.739346
-Z,674671,-0.136000,-0.056000,-0.720000,0.734869
-Z,674752,-0.137000,-0.052000,-0.720000,0.734760
-Z,674832,-0.140000,-0.056000,-0.712000,0.727791
-Z,674911,-0.140000,-0.061000,-0.720000,0.736017
-Z,674991,-0.138000,-0.057000,-0.720000,0.735318
-Z,675072,-0.141000,-0.049000,-0.724000,0.739228
-Z,675151,-0.144000,-0.057000,-0.721000,0.737446
-Z,675231,-0.132000,-0.053000,-0.720000,0.733916
-Z,675312,-0.140000,-0.049000,-0.720000,0.735120
-Z,675392,-0.138000,-0.052000,-0.722000,0.736907
-Z,675471,-0.141000,-0.055000,-0.722000,0.737692
-Z,675551,-0.141000,-0.055000,-0.722000,0.737692
-Z,675632,-0.141000,-0.056000,-0.720000,0.735810
-Z,675711,-0.141000,-0.057000,-0.729000,0.744695
-Z,675791,-0.140000,-0.057000,-0.712000,0.727869
-Z,675872,-0.141000,-0.052000,-0.720000,0.735517
-Z,675951,-0.138000,-0.055000,-0.720000,0.735166
-Z,676031,-0.136000,-0.056000,-0.720000,0.734869
-Z,676111,-0.136000,-0.057000,-0.720000,0.734946
-Z,676192,-0.137000,-0.053000,-0.720000,0.734832
-Z,676271,-0.141000,-0.052000,-0.722000,0.737475
-Z,676351,-0.141000,-0.049000,-0.720000,0.735311
-Z,676432,-0.141000,-0.045000,-0.720000,0.735055
-Z,676511,-0.140000,-0.053000,-0.722000,0.737355
-Z,676591,-0.140000,-0.053000,-0.722000,0.737355
-Z,676672,-0.149000,-0.055000,-0.720000,0.737310
-Z,676751,-0.136000,-0.052000,-0.721000,0.735555
-Z,676831,-0.140000,-0.053000,-0.706000,0.721696
-Z,676912,-0.141000,-0.050000,-0.721000,0.736357
-Z,676992,-0.137000,-0.049000,-0.716000,0.730634
-Z,677071,-0.137000,-0.057000,-0.729000,0.743948
-Z,677151,-0.144000,-0.056000,-0.722000,0.738347
-Z,677232,-0.137000,-0.064000,-0.727000,0.742559
-Z,677311,-0.132000,-0.058000,-0.729000,0.743121
-Z,677391,-0.136000,-0.052000,-0.717000,0.731634
-Z,677472,-0.136000,-0.055000,-0.720000,0.734793
-Z,677552,-0.141000,-0.053000,-0.720000,0.735588
-Z,677631,-0.141000,-0.053000,-0.720000,0.735588
-Z,677711,-0.141000,-0.059000,-0.721000,0.737023
-Z,677792,-0.141000,-0.052000,-0.720000,0.735517
-Z,677871,-0.136000,-0.057000,-0.720000,0.734946
-Z,677951,-0.141000,-0.057000,-0.714000,0.730018
-Z,678032,-0.140000,-0.055000,-0.724000,0.739460
-Z,678112,-0.136000,-0.057000,-0.720000,0.734946
-Z,678191,-0.136000,-0.053000,-0.720000,0.734646
-Z,678271,-0.138000,-0.056000,-0.724000,0.739159
-Z,678352,-0.136000,-0.052000,-0.713000,0.727715
-Z,678431,-0.136000,-0.052000,-0.719000,0.733595
-Z,678511,-0.137000,-0.055000,-0.717000,0.732040
-Z,678592,-0.136000,-0.055000,-0.729000,0.743614
-Z,678671,-0.136000,-0.055000,-0.729000,0.743614
-Z,678751,-0.141000,-0.055000,-0.720000,0.735735
-Z,678832,-0.143000,-0.060000,-0.725000,0.741400
-Z,678912,-0.137000,-0.050000,-0.729000,0.743445
-Z,678991,-0.135000,-0.057000,-0.722000,0.736721
-Z,679071,-0.136000,-0.057000,-0.721000,0.735925
-Z,679152,-0.141000,-0.056000,-0.721000,0.736789
-Z,679231,-0.141000,-0.056000,-0.724000,0.739725
-Z,679311,-0.141000,-0.057000,-0.720000,0.735887
-Z,679392,-0.141000,-0.047000,-0.720000,0.735180
-Z,679472,-0.138000,-0.057000,-0.712000,0.727487
-Z,679551,-0.144000,-0.053000,-0.719000,0.735191
-Z,679631,-0.136000,-0.052000,-0.722000,0.736535
-Z,679712,-0.136000,-0.052000,-0.722000,0.736535
-Z,679791,-0.141000,-0.056000,-0.727000,0.742661
-Z,679871,-0.132000,-0.063000,-0.722000,0.736666
-Z,679952,-0.130000,-0.050000,-0.720000,0.733348
-Z,680032,-0.137000,-0.052000,-0.721000,0.735740
-Z,680111,-0.141000,-0.052000,-0.727000,0.742370
-Z,680191,-0.138000,-0.050000,-0.728000,0.742649
-Z,680272,-0.141000,-0.044000,-0.720000,0.734995
-Z,680351,-0.137000,-0.050000,-0.717000,0.731682
-Z,680431,-0.143000,-0.052000,-0.719000,0.734924
-Z,680512,-0.140000,-0.056000,-0.720000,0.735619
-Z,680592,-0.138000,-0.055000,-0.720000,0.735166
-Z,680671,-0.137000,-0.056000,-0.728000,0.742892
-Z,680752,-0.137000,-0.056000,-0.728000,0.742892
-Z,680832,-0.141000,-0.055000,-0.721000,0.736714
-Z,680911,-0.136000,-0.056000,-0.724000,0.738788
-Z,680991,-0.141000,-0.056000,-0.724000,0.739725
-Z,681072,-0.144000,-0.055000,-0.724000,0.740228
-Z,681151,-0.144000,-0.052000,-0.720000,0.736098
-Z,681231,-0.141000,-0.056000,-0.708000,0.724072
-Z,681312,-0.141000,-0.055000,-0.714000,0.729864
-Z,681392,-0.136000,-0.052000,-0.724000,0.738496
-Z,681471,-0.137000,-0.057000,-0.720000,0.735131
-Z,681551,-0.136000,-0.057000,-0.720000,0.734946
-Z,681632,-0.141000,-0.057000,-0.720000,0.735887
-Z,681711,-0.138000,-0.057000,-0.728000,0.743153
-Z,681791,-0.140000,-0.055000,-0.727000,0.742397
-Z,681872,-0.140000,-0.055000,-0.727000,0.742397
-Z,681952,-0.141000,-0.055000,-0.720000,0.735735
-Z,682031,-0.138000,-0.055000,-0.728000,0.743003
-Z,682111,-0.141000,-0.056000,-0.727000,0.742661
-Z,682192,-0.137000,-0.057000,-0.719000,0.734152
-Z,682271,-0.138000,-0.056000,-0.720000,0.735241
-Z,682351,-0.138000,-0.058000,-0.724000,0.739313
-Z,682432,-0.143000,-0.055000,-0.724000,0.740034
-Z,682511,-0.138000,-0.052000,-0.721000,0.735927
-Z,682591,-0.141000,-0.055000,-0.724000,0.739650
-Z,682672,-0.138000,-0.050000,-0.719000,0.733829
-Z,682752,-0.136000,-0.057000,-0.712000,0.727110
-Z,682831,-0.145000,-0.053000,-0.720000,0.736365
-Z,682911,-0.145000,-0.053000,-0.720000,0.736365
-Z,682992,-0.137000,-0.064000,-0.720000,0.735707
-Z,683071,-0.138000,-0.055000,-0.717000,0.732228
-Z,683151,-0.138000,-0.052000,-0.728000,0.742787
-Z,683232,-0.137000,-0.056000,-0.717000,0.732116
-Z,683312,-0.141000,-0.050000,-0.720000,0.735378
-Z,683391,-0.143000,-0.052000,-0.724000,0.739817
-Z,683472,-0.144000,-0.055000,-0.722000,0.738272
-Z,683552,-0.144000,-0.057000,-0.717000,0.733535
-Z,683631,-0.140000,-0.056000,-0.724000,0.739535
-Z,683711,-0.137000,-0.052000,-0.729000,0.743582
-Z,683792,-0.141000,-0.056000,-0.717000,0.732875
-Z,683871,-0.141000,-0.052000,-0.721000,0.736496
-Z,683951,-0.141000,-0.052000,-0.721000,0.736496
-Z,684032,-0.141000,-0.049000,-0.724000,0.739228
-Z,684112,-0.144000,-0.045000,-0.729000,0.744447
-Z,684191,-0.138000,-0.052000,-0.720000,0.734948
-Z,684271,-0.141000,-0.050000,-0.724000,0.739295
-Z,684352,-0.136000,-0.056000,-0.724000,0.738788
-Z,684431,-0.141000,-0.052000,-0.725000,0.740412
-Z,684511,-0.143000,-0.052000,-0.722000,0.737860
-Z,684592,-0.141000,-0.049000,-0.724000,0.739228
-Z,684672,-0.141000,-0.055000,-0.722000,0.737692
-Z,684751,-0.144000,-0.052000,-0.722000,0.738054
-Z,684831,-0.138000,-0.055000,-0.722000,0.737125
-Z,684912,-0.141000,-0.052000,-0.728000,0.743350
-Z,684991,-0.141000,-0.052000,-0.728000,0.743350
-Z,685071,-0.141000,-0.047000,-0.722000,0.737139
-Z,685152,-0.143000,-0.056000,-0.717000,0.733263
-Z,685232,-0.138000,-0.055000,-0.724000,0.739084
-Z,685311,-0.141000,-0.053000,-0.724000,0.739504
-Z,685391,-0.136000,-0.055000,-0.722000,0.736753
-Z,685472,-0.136000,-0.057000,-0.721000,0.735925
-Z,685551,-0.136000,-0.052000,-0.729000,0.743398
-Z,685631,-0.140000,-0.054000,-0.716000,0.731554
-Z,685712,-0.145000,-0.057000,-0.720000,0.736664
-Z,685792,-0.141000,-0.053000,-0.728000,0.743420
-Z,685871,-0.136000,-0.052000,-0.720000,0.734575
-Z,685951,-0.141000,-0.049000,-0.724000,0.739228
-Z,686032,-0.141000,-0.049000,-0.724000,0.739228
-Z,686111,-0.136000,-0.064000,-0.719000,0.734543
-Z,686191,-0.132000,-0.049000,-0.721000,0.734620
-Z,686272,-0.141000,-0.055000,-0.729000,0.744545
-Z,686351,-0.138000,-0.052000,-0.727000,0.741807
-Z,686431,-0.140000,-0.050000,-0.724000,0.739105
-Z,686511,-0.141000,-0.048000,-0.725000,0.740142
-Z,686592,-0.141000,-0.052000,-0.727000,0.742370
-Z,686671,-0.130000,-0.057000,-0.728000,0.741709
-Z,686751,-0.136000,-0.052000,-0.720000,0.734575
-Z,686832,-0.138000,-0.050000,-0.717000,0.731870
-Z,686911,-0.137000,-0.057000,-0.724000,0.739049
-Z,686991,-0.144000,-0.052000,-0.724000,0.740011
-Z,687072,-0.144000,-0.052000,-0.724000,0.740011
-Z,687152,-0.136000,-0.057000,-0.728000,0.742785
-Z,687231,-0.141000,-0.058000,-0.724000,0.739879
-Z,687311,-0.138000,-0.052000,-0.722000,0.736907
-Z,687392,-0.136000,-0.057000,-0.720000,0.734946
-Z,687471,-0.137000,-0.052000,-0.717000,0.731821
-Z,687551,-0.136000,-0.052000,-0.728000,0.742418
-Z,687632,-0.138000,-0.055000,-0.725000,0.740063
-Z,687712,-0.141000,-0.049000,-0.729000,0.744126
-Z,687791,-0.136000,-0.057000,-0.724000,0.738865
-Z,687871,-0.138000,-0.050000,-0.714000,0.728931
-Z,687952,-0.138000,-0.052000,-0.721000,0.735927
-Z,688031,-0.137000,-0.053000,-0.729000,0.743652
-Z,688111,-0.137000,-0.053000,-0.729000,0.743652
-Z,688192,-0.137000,-0.057000,-0.717000,0.732193
-Z,688272,-0.137000,-0.053000,-0.720000,0.734832
-Z,688351,-0.140000,-0.050000,-0.724000,0.739105
-Z,688431,-0.137000,-0.052000,-0.712000,0.726923
-Z,688512,-0.133000,-0.056000,-0.720000,0.734319
-Z,688591,-0.136000,-0.052000,-0.720000,0.734575
-Z,688671,-0.135000,-0.057000,-0.725000,0.739661
-Z,688752,-0.136000,-0.052000,-0.720000,0.734575
-Z,688831,-0.138000,-0.057000,-0.717000,0.732381
-Z,688911,-0.141000,-0.052000,-0.717000,0.732580
-Z,688992,-0.136000,-0.056000,-0.729000,0.743689
-Z,689072,-0.135000,-0.061000,-0.721000,0.736062
-Z,689151,-0.135000,-0.061000,-0.721000,0.736062
-Z,689231,-0.125000,-0.055000,-0.721000,0.733819
-Z,689312,-0.140000,-0.055000,-0.722000,0.737502
-Z,689391,-0.137000,-0.061000,-0.722000,0.737410
-Z,689471,-0.136000,-0.057000,-0.720000,0.734946
-Z,689552,-0.136000,-0.056000,-0.719000,0.733889
-Z,689632,-0.136000,-0.057000,-0.720000,0.734946
-Z,689711,-0.132000,-0.057000,-0.717000,0.731274
-Z,689791,-0.136000,-0.058000,-0.720000,0.735024
-Z,689872,-0.138000,-0.056000,-0.724000,0.739159
-Z,689951,-0.138000,-0.055000,-0.721000,0.736145
-Z,690031,-0.136000,-0.050000,-0.720000,0.734436
-Z,690112,-0.141000,-0.057000,-0.719000,0.734909
-Z,690192,-0.141000,-0.057000,-0.719000,0.734909
-Z,690271,-0.136000,-0.057000,-0.714000,0.729069
-Z,690351,-0.136000,-0.055000,-0.717000,0.731854
-Z,690432,-0.138000,-0.049000,-0.724000,0.738662
-Z,690511,-0.138000,-0.056000,-0.717000,0.732304
-Z,690591,-0.140000,-0.052000,-0.720000,0.735326
-Z,690672,-0.138000,-0.052000,-0.721000,0.735927
-Z,690751,-0.141000,-0.050000,-0.724000,0.739295
-Z,690831,-0.140000,-0.055000,-0.716000,0.731629
-Z,690912,-0.136000,-0.057000,-0.717000,0.732007
-Z,690992,-0.141000,-0.057000,-0.727000,0.742737
-Z,691071,-0.144000,-0.056000,-0.729000,0.745193
-Z,691151,-0.143000,-0.057000,-0.721000,0.737251
-Z,691232,-0.143000,-0.057000,-0.721000,0.737251
-Z,691311,-0.135000,-0.061000,-0.724000,0.739001
-Z,691391,-0.137000,-0.057000,-0.727000,0.741988
-Z,691472,-0.136000,-0.052000,-0.721000,0.735555
-Z,691552,-0.136000,-0.055000,-0.720000,0.734793
-Z,691631,-0.136000,-0.055000,-0.722000,0.736753
-Z,691711,-0.143000,-0.049000,-0.732000,0.747445
-Z,691792,-0.135000,-0.052000,-0.720000,0.734390
-Z,691871,-0.141000,-0.052000,-0.721000,0.736496
-Z,691951,-0.145000,-0.055000,-0.722000,0.738467
-Z,692032,-0.136000,-0.050000,-0.724000,0.738358
-Z,692112,-0.138000,-0.058000,-0.722000,0.737355
-Z,692191,-0.124000,-0.057000,-0.727000,0.739699
-Z,692271,-0.124000,-0.057000,-0.727000,0.739699
-Z,692352,-0.132000,-0.047000,-0.720000,0.733507
-Z,692431,-0.136000,-0.052000,-0.725000,0.739476
-Z,692511,-0.135000,-0.052000,-0.721000,0.735371
-Z,692592,-0.140000,-0.055000,-0.717000,0.732608
-Z,692671,-0.141000,-0.063000,-0.717000,0.733443
-Z,692751,-0.136000,-0.050000,-0.721000,0.735416
-Z,692831,-0.136000,-0.055000,-0.724000,0.738713
-Z,692912,-0.132000,-0.057000,-0.721000,0.735196
-Z,692991,-0.135000,-0.056000,-0.708000,0.722928
-Z,693071,-0.136000,-0.056000,-0.720000,0.734869
-Z,693152,-0.137000,-0.055000,-0.724000,0.738898
-Z,693231,-0.143000,-0.055000,-0.722000,0.738077
-Z,693311,-0.143000,-0.055000,-0.722000,0.738077
-Z,693391,-0.141000,-0.047000,-0.724000,0.739098
-Z,693472,-0.140000,-0.049000,-0.721000,0.736099
-Z,693551,-0.138000,-0.050000,-0.712000,0.726972
-Z,693631,-0.136000,-0.055000,-0.720000,0.734793
-Z,693712,-0.136000,-0.055000,-0.719000,0.733813
-Z,693791,-0.137000,-0.056000,-0.721000,0.736034
-Z,693871,-0.141000,-0.057000,-0.720000,0.735887
-Z,693952,-0.136000,-0.050000,-0.720000,0.734436
-Z,694032,-0.136000,-0.052000,-0.720000,0.734575
-Z,694111,-0.137000,-0.050000,-0.720000,0.734622
-Z,694191,-0.143000,-0.056000,-0.721000,0.737174
-Z,694272,-0.140000,-0.056000,-0.719000,0.734641
-Z,694351,-0.140000,-0.056000,-0.719000,0.734641
-Z,694431,-0.141000,-0.055000,-0.712000,0.727908
-Z,694512,-0.135000,-0.058000,-0.720000,0.734839
-Z,694592,-0.138000,-0.057000,-0.720000,0.735318
-Z,694671,-0.138000,-0.063000,-0.724000,0.739722
-Z,694752,-0.141000,-0.057000,-0.720000,0.735887
-Z,694832,-0.143000,-0.052000,-0.720000,0.735903
-Z,694911,-0.138000,-0.050000,-0.728000,0.742649
-Z,694991,-0.136000,-0.050000,-0.720000,0.734436
-Z,695072,-0.136000,-0.052000,-0.722000,0.736535
-Z,695151,-0.140000,-0.052000,-0.722000,0.737284
-Z,695231,-0.136000,-0.056000,-0.711000,0.726053
-Z,695312,-0.138000,-0.055000,-0.717000,0.732228
-Z,695392,-0.138000,-0.055000,-0.717000,0.732228
-Z,695471,-0.135000,-0.049000,-0.717000,0.731242
-Z,695551,-0.138000,-0.058000,-0.720000,0.735396
-Z,695632,-0.132000,-0.055000,-0.729000,0.742893
-Z,695711,-0.138000,-0.055000,-0.720000,0.735166
-Z,695791,-0.136000,-0.052000,-0.721000,0.735555
-Z,695872,-0.138000,-0.057000,-0.717000,0.732381
-Z,695952,-0.141000,-0.057000,-0.720000,0.735887
-Z,696031,-0.136000,-0.056000,-0.722000,0.736828
-Z,696111,-0.141000,-0.058000,-0.724000,0.739879
-Z,696192,-0.132000,-0.057000,-0.720000,0.734216
-Z,696271,-0.137000,-0.049000,-0.720000,0.734554
-Z,696351,-0.136000,-0.053000,-0.720000,0.734646
-Z,696432,-0.136000,-0.053000,-0.720000,0.734646
-Z,696511,-0.129000,-0.055000,-0.733000,0.746294
-Z,696591,-0.135000,-0.061000,-0.720000,0.735082
-Z,696672,-0.136000,-0.063000,-0.722000,0.737393
-Z,696752,-0.141000,-0.052000,-0.727000,0.742370
-Z,696831,-0.141000,-0.052000,-0.724000,0.739433
-Z,696911,-0.138000,-0.055000,-0.728000,0.743003
-Z,696992,-0.137000,-0.057000,-0.721000,0.736111
-Z,697071,-0.136000,-0.053000,-0.721000,0.735626
-Z,697151,-0.137000,-0.052000,-0.720000,0.734760
-Z,697232,-0.136000,-0.056000,-0.721000,0.735848
-Z,697312,-0.136000,-0.052000,-0.724000,0.738496
-Z,697391,-0.136000,-0.056000,-0.720000,0.734869
-Z,697471,-0.136000,-0.056000,-0.720000,0.734869
-Z,697552,-0.135000,-0.052000,-0.717000,0.731449
-Z,697631,-0.140000,-0.050000,-0.724000,0.739105
-Z,697711,-0.144000,-0.052000,-0.725000,0.740989
-Z,697792,-0.136000,-0.056000,-0.719000,0.733889
-Z,697871,-0.138000,-0.057000,-0.720000,0.735318
-Z,697951,-0.145000,-0.055000,-0.719000,0.735534
-Z,698032,-0.136000,-0.056000,-0.719000,0.733889
-Z,698112,-0.136000,-0.053000,-0.720000,0.734646
-Z,698191,-0.138000,-0.049000,-0.724000,0.738662
-Z,698271,-0.136000,-0.050000,-0.720000,0.734436
-Z,698352,-0.136000,-0.060000,-0.719000,0.734205
-Z,698431,-0.136000,-0.060000,-0.719000,0.734205
-Z,698511,-0.141000,-0.057000,-0.720000,0.735887
-Z,698592,-0.143000,-0.052000,-0.719000,0.734924
-Z,698671,-0.136000,-0.057000,-0.720000,0.734946
-Z,698751,-0.136000,-0.057000,-0.720000,0.734946
-Z,698832,-0.136000,-0.056000,-0.724000,0.738788
-Z,698912,-0.138000,-0.050000,-0.722000,0.736769
-Z,698991,-0.136000,-0.061000,-0.727000,0.742123
-Z,699071,-0.135000,-0.057000,-0.722000,0.736721
-Z,699152,-0.137000,-0.057000,-0.721000,0.736111
-Z,699231,-0.133000,-0.065000,-0.720000,0.735061
-Z,699311,-0.143000,-0.052000,-0.726000,0.741774
-Z,699392,-0.136000,-0.055000,-0.720000,0.734793
-Z,699472,-0.136000,-0.055000,-0.720000,0.734793
-Z,699551,-0.136000,-0.057000,-0.722000,0.736905
-Z,699631,-0.136000,-0.063000,-0.724000,0.739352
-Z,699712,-0.136000,-0.057000,-0.722000,0.736905
-Z,699791,-0.143000,-0.053000,-0.724000,0.739888
-Z,699871,-0.136000,-0.056000,-0.720000,0.734869
-Z,699952,-0.133000,-0.057000,-0.712000,0.726555
-Z,700032,-0.137000,-0.057000,-0.724000,0.739049
-Z,700111,-0.137000,-0.056000,-0.724000,0.738973
-Z,700191,-0.136000,-0.057000,-0.724000,0.738865
-Z,700272,-0.130000,-0.057000,-0.728000,0.741709
-Z,700351,-0.137000,-0.052000,-0.724000,0.738681
-Z,700431,-0.138000,-0.055000,-0.728000,0.743003
-Z,700512,-0.138000,-0.055000,-0.728000,0.743003
-Z,700592,-0.133000,-0.056000,-0.729000,0.743146
-Z,700671,-0.141000,-0.056000,-0.720000,0.735810
-Z,700751,-0.141000,-0.052000,-0.720000,0.735517
-Z,700832,-0.133000,-0.055000,-0.711000,0.725421
-Z,700911,-0.136000,-0.053000,-0.729000,0.743469
-Z,700991,-0.141000,-0.053000,-0.724000,0.739504
-Z,701072,-0.138000,-0.052000,-0.721000,0.735927
-Z,701152,-0.145000,-0.055000,-0.720000,0.736512
-Z,701231,-0.136000,-0.052000,-0.714000,0.728695
-Z,701311,-0.136000,-0.064000,-0.721000,0.736500
-Z,701392,-0.136000,-0.058000,-0.724000,0.738942
-Z,701471,-0.136000,-0.049000,-0.720000,0.734368
-Z,701551,-0.136000,-0.049000,-0.720000,0.734368
-Z,701632,-0.135000,-0.050000,-0.724000,0.738174
-Z,701711,-0.137000,-0.057000,-0.722000,0.737090
-Z,701791,-0.132000,-0.056000,-0.729000,0.742968
-Z,701872,-0.141000,-0.055000,-0.720000,0.735735
-Z,701952,-0.136000,-0.053000,-0.728000,0.742488
-Z,702031,-0.138000,-0.060000,-0.721000,0.736536
-Z,702111,-0.138000,-0.056000,-0.721000,0.736221
-Z,702192,-0.145000,-0.052000,-0.728000,0.744119
-Z,702271,-0.138000,-0.055000,-0.724000,0.739084
-Z,702351,-0.137000,-0.056000,-0.720000,0.735054
-Z,702432,-0.136000,-0.052000,-0.722000,0.736535
-Z,702512,-0.141000,-0.052000,-0.724000,0.739433
-Z,702591,-0.141000,-0.052000,-0.724000,0.739433
-Z,702671,-0.132000,-0.063000,-0.722000,0.736666
-Z,702752,-0.137000,-0.055000,-0.720000,0.734979
-Z,702831,-0.132000,-0.055000,-0.727000,0.740930
-Z,702911,-0.137000,-0.053000,-0.717000,0.731893
-Z,702992,-0.136000,-0.050000,-0.717000,0.731495
-Z,703072,-0.136000,-0.052000,-0.717000,0.731634
-Z,703151,-0.132000,-0.056000,-0.720000,0.734139
-Z,703231,-0.138000,-0.058000,-0.724000,0.739313
-Z,703312,-0.136000,-0.061000,-0.724000,0.739184
-Z,703391,-0.136000,-0.057000,-0.708000,0.723194
-Z,703471,-0.137000,-0.057000,-0.720000,0.735131
-Z,703552,-0.132000,-0.057000,-0.722000,0.736177
-Z,703631,-0.132000,-0.057000,-0.722000,0.736177
-Z,703711,-0.136000,-0.056000,-0.725000,0.739768
-Z,703792,-0.136000,-0.057000,-0.720000,0.734946
-Z,703872,-0.141000,-0.052000,-0.722000,0.737475
-Z,703951,-0.138000,-0.049000,-0.721000,0.735721
-Z,704031,-0.136000,-0.055000,-0.720000,0.734793
-Z,704112,-0.132000,-0.055000,-0.721000,0.735044
-Z,704191,-0.136000,-0.058000,-0.719000,0.734044
-Z,704271,-0.136000,-0.057000,-0.720000,0.734946
-Z,704352,-0.136000,-0.055000,-0.724000,0.738713
-Z,704432,-0.137000,-0.056000,-0.729000,0.743872
-Z,704511,-0.141000,-0.053000,-0.722000,0.737546
-Z,704592,-0.138000,-0.049000,-0.725000,0.739642
-Z,704672,-0.138000,-0.049000,-0.725000,0.739642
-Z,704751,-0.136000,-0.053000,-0.713000,0.727787
-Z,704831,-0.129000,-0.060000,-0.718000,0.731960
-Z,704912,-0.140000,-0.060000,-0.719000,0.734956
-Z,704991,-0.136000,-0.056000,-0.720000,0.734869
-Z,705071,-0.137000,-0.052000,-0.725000,0.739661
-Z,705152,-0.136000,-0.057000,-0.721000,0.735925
-Z,705232,-0.136000,-0.055000,-0.719000,0.733813
-Z,705311,-0.137000,-0.057000,-0.720000,0.735131
-Z,705391,-0.136000,-0.055000,-0.728000,0.742634
-Z,705472,-0.140000,-0.057000,-0.721000,0.736675
-Z,705551,-0.141000,-0.050000,-0.721000,0.736357
-Z,705631,-0.133000,-0.052000,-0.721000,0.735006
-Z,705712,-0.133000,-0.052000,-0.721000,0.735006
-Z,705792,-0.140000,-0.052000,-0.720000,0.735326
-Z,705871,-0.134000,-0.057000,-0.725000,0.739480
-Z,705951,-0.136000,-0.056000,-0.722000,0.736828
-Z,706032,-0.135000,-0.052000,-0.724000,0.738312
-Z,706111,-0.137000,-0.055000,-0.728000,0.742818
-Z,706191,-0.137000,-0.057000,-0.728000,0.742968
-Z,706272,-0.138000,-0.056000,-0.737000,0.751897
-Z,706352,-0.141000,-0.055000,-0.719000,0.734756
-Z,706431,-0.133000,-0.045000,-0.720000,0.733563
-Z,706511,-0.138000,-0.055000,-0.720000,0.735166
-Z,706592,-0.136000,-0.050000,-0.722000,0.736397
-Z,706671,-0.136000,-0.052000,-0.724000,0.738496
-Z,706751,-0.136000,-0.052000,-0.724000,0.738496
-Z,706832,-0.137000,-0.052000,-0.720000,0.734760
-Z,706912,-0.140000,-0.052000,-0.712000,0.727494
-Z,706991,-0.136000,-0.056000,-0.720000,0.734869
-Z,707071,-0.137000,-0.057000,-0.724000,0.739049
-Z,707152,-0.135000,-0.055000,-0.724000,0.738530
-Z,707231,-0.136000,-0.061000,-0.720000,0.735267
-Z,707311,-0.133000,-0.055000,-0.717000,0.731302
-Z,707392,-0.133000,-0.057000,-0.720000,0.734396
-Z,707471,-0.137000,-0.055000,-0.721000,0.735958
-Z,707551,-0.138000,-0.055000,-0.720000,0.735166
-Z,707632,-0.136000,-0.056000,-0.722000,0.736828
-Z,707712,-0.132000,-0.063000,-0.728000,0.742548
-Z,707791,-0.132000,-0.063000,-0.728000,0.742548
-Z,707871,-0.136000,-0.050000,-0.722000,0.736397
-Z,707952,-0.136000,-0.050000,-0.720000,0.734436
-Z,708031,-0.136000,-0.052000,-0.716000,0.730654
-Z,708111,-0.135000,-0.056000,-0.720000,0.734684
-Z,708192,-0.137000,-0.057000,-0.720000,0.735131
-Z,708272,-0.137000,-0.057000,-0.724000,0.739049
-Z,708351,-0.136000,-0.057000,-0.719000,0.733966
-Z,708431,-0.125000,-0.057000,-0.727000,0.739867
-Z,708512,-0.136000,-0.049000,-0.721000,0.735349
-Z,708591,-0.137000,-0.057000,-0.720000,0.735131
-Z,708671,-0.136000,-0.057000,-0.717000,0.732007
-Z,708752,-0.136000,-0.057000,-0.717000,0.732007
-Z,708832,-0.138000,-0.056000,-0.724000,0.739159
-Z,708911,-0.136000,-0.053000,-0.712000,0.726807
-Z,708991,-0.136000,-0.053000,-0.721000,0.735626
-Z,709072,-0.135000,-0.055000,-0.717000,0.731669
-Z,709151,-0.138000,-0.052000,-0.725000,0.739847
-Z,709231,-0.136000,-0.057000,-0.720000,0.734946
-Z,709312,-0.136000,-0.065000,-0.721000,0.736588
-Z,709391,-0.137000,-0.055000,-0.722000,0.736938
-Z,709471,-0.135000,-0.056000,-0.722000,0.736644
-Z,709552,-0.138000,-0.051000,-0.724000,0.738797
-Z,709632,-0.135000,-0.055000,-0.722000,0.736569
-Z,709711,-0.132000,-0.056000,-0.722000,0.736100
-Z,709791,-0.132000,-0.056000,-0.722000,0.736100
-Z,709872,-0.133000,-0.055000,-0.727000,0.741109
-Z,709951,-0.136000,-0.049000,-0.727000,0.741233
-Z,710031,-0.136000,-0.057000,-0.721000,0.735925
-Z,710112,-0.138000,-0.056000,-0.721000,0.736221
-Z,710192,-0.137000,-0.061000,-0.722000,0.737410
-Z,710271,-0.133000,-0.057000,-0.720000,0.734396
-Z,710351,-0.132000,-0.055000,-0.716000,0.730140
-Z,710432,-0.128000,-0.057000,-0.720000,0.733507
-Z,710511,-0.140000,-0.055000,-0.722000,0.737502
-Z,710591,-0.138000,-0.056000,-0.720000,0.735241
-Z,710672,-0.135000,-0.055000,-0.720000,0.734609
-Z,710752,-0.145000,-0.056000,-0.727000,0.743431
-Z,710831,-0.145000,-0.056000,-0.727000,0.743431
-Z,710911,-0.144000,-0.048000,-0.724000,0.739740
-Z,710992,-0.132000,-0.056000,-0.721000,0.735120
-Z,711071,-0.132000,-0.052000,-0.719000,0.732864
-Z,711151,-0.137000,-0.056000,-0.717000,0.732116
-Z,711232,-0.136000,-0.050000,-0.722000,0.736397
-Z,711312,-0.136000,-0.055000,-0.717000,0.731854
-Z,711391,-0.138000,-0.055000,-0.719000,0.734187
-Z,711471,-0.136000,-0.053000,-0.722000,0.736606
-Z,711552,-0.137000,-0.052000,-0.719000,0.733781
-Z,711631,-0.140000,-0.061000,-0.722000,0.737974
-Z,711711,-0.136000,-0.055000,-0.721000,0.735773
-Z,711792,-0.135000,-0.052000,-0.718000,0.732429
-Z,711871,-0.135000,-0.052000,-0.718000,0.732429
-Z,711951,-0.136000,-0.042000,-0.717000,0.730992
-Z,712032,-0.133000,-0.055000,-0.717000,0.731302
-Z,712112,-0.136000,-0.052000,-0.737000,0.751245
-Z,712191,-0.143000,-0.055000,-0.724000,0.740034
-Z,712271,-0.136000,-0.055000,-0.721000,0.735773
-Z,712352,-0.132000,-0.053000,-0.714000,0.728031
-Z,712431,-0.137000,-0.057000,-0.720000,0.735131
-Z,712511,-0.138000,-0.055000,-0.722000,0.737125
-Z,712592,-0.137000,-0.052000,-0.722000,0.736720
-Z,712671,-0.136000,-0.052000,-0.716000,0.730654
-Z,712751,-0.136000,-0.053000,-0.720000,0.734646
-Z,712832,-0.135000,-0.056000,-0.724000,0.738605
-Z,712912,-0.135000,-0.056000,-0.724000,0.738605
-Z,712991,-0.128000,-0.052000,-0.737000,0.749838
-Z,713071,-0.135000,-0.056000,-0.720000,0.734684
-Z,713152,-0.136000,-0.057000,-0.727000,0.741804
-Z,713231,-0.136000,-0.055000,-0.720000,0.734793
-Z,713311,-0.136000,-0.056000,-0.721000,0.735848
-Z,713392,-0.136000,-0.055000,-0.720000,0.734793
-Z,713471,-0.138000,-0.049000,-0.717000,0.731802
-Z,713551,-0.134000,-0.052000,-0.720000,0.734207
-Z,713632,-0.132000,-0.055000,-0.721000,0.735044
-Z,713712,-0.141000,-0.049000,-0.720000,0.735311
-Z,713791,-0.133000,-0.052000,-0.721000,0.735006
-Z,713871,-0.136000,-0.056000,-0.719000,0.733889
-Z,713952,-0.136000,-0.056000,-0.719000,0.733889
-Z,714031,-0.122000,-0.053000,-0.721000,0.733167
-Z,714111,-0.137000,-0.049000,-0.728000,0.742397
-Z,714192,-0.133000,-0.052000,-0.713000,0.727160
-Z,714272,-0.135000,-0.055000,-0.721000,0.735589
-Z,714351,-0.138000,-0.052000,-0.724000,0.738867
-Z,714431,-0.135000,-0.050000,-0.724000,0.738174
-Z,714512,-0.132000,-0.052000,-0.724000,0.737770
-Z,714591,-0.133000,-0.052000,-0.722000,0.735987
-Z,714671,-0.135000,-0.056000,-0.720000,0.734684
-Z,714752,-0.130000,-0.056000,-0.721000,0.734763
-Z,714832,-0.133000,-0.056000,-0.722000,0.736280
-Z,714911,-0.135000,-0.048000,-0.724000,0.738041
-Z,714991,-0.135000,-0.048000,-0.724000,0.738041
-Z,715072,-0.136000,-0.059000,-0.719000,0.734124
-Z,715151,-0.135000,-0.055000,-0.719000,0.733629
-Z,715231,-0.133000,-0.057000,-0.729000,0.743222
-Z,715312,-0.133000,-0.056000,-0.722000,0.736280
-Z,715392,-0.137000,-0.063000,-0.722000,0.737578
-Z,715471,-0.133000,-0.056000,-0.720000,0.734319
-Z,715551,-0.137000,-0.056000,-0.722000,0.737014
-Z,715632,-0.136000,-0.057000,-0.720000,0.734946
-Z,715711,-0.136000,-0.057000,-0.721000,0.735925
-Z,715791,-0.136000,-0.056000,-0.717000,0.731930
-Z,715872,-0.135000,-0.056000,-0.721000,0.735664
-Z,715951,-0.135000,-0.056000,-0.721000,0.735664
-Z,716031,-0.135000,-0.052000,-0.716000,0.730469
-Z,716111,-0.136000,-0.065000,-0.719000,0.734630
-Z,716192,-0.133000,-0.057000,-0.712000,0.726555
-Z,716271,-0.136000,-0.057000,-0.722000,0.736905
-Z,716351,-0.140000,-0.055000,-0.727000,0.742397
-Z,716432,-0.141000,-0.056000,-0.725000,0.740704
-Z,716511,-0.141000,-0.056000,-0.724000,0.739725
-Z,716591,-0.136000,-0.055000,-0.721000,0.735773
-Z,716672,-0.137000,-0.057000,-0.719000,0.734152
-Z,716752,-0.130000,-0.057000,-0.720000,0.733859
-Z,716831,-0.133000,-0.055000,-0.721000,0.735224
-Z,716911,-0.132000,-0.057000,-0.724000,0.738139
-Z,716992,-0.132000,-0.057000,-0.724000,0.738139
-Z,717071,-0.133000,-0.060000,-0.728000,0.742478
-Z,717151,-0.136000,-0.058000,-0.720000,0.735024
-Z,717232,-0.138000,-0.055000,-0.720000,0.735166
-Z,717312,-0.135000,-0.056000,-0.727000,0.741546
-Z,717391,-0.138000,-0.057000,-0.732000,0.747072
-Z,717471,-0.137000,-0.052000,-0.728000,0.742601
-Z,717552,-0.136000,-0.053000,-0.724000,0.738567
-Z,717631,-0.137000,-0.061000,-0.721000,0.736431
-Z,717711,-0.136000,-0.053000,-0.720000,0.734646
-Z,717792,-0.127000,-0.056000,-0.721000,0.734238
-Z,717872,-0.136000,-0.045000,-0.725000,0.739017
-Z,717951,-0.136000,-0.056000,-0.720000,0.734869
-Z,718031,-0.136000,-0.056000,-0.720000,0.734869
-Z,718112,-0.127000,-0.055000,-0.735000,0.747916
-Z,718191,-0.141000,-0.056000,-0.724000,0.739725
-Z,718271,-0.132000,-0.057000,-0.721000,0.735196
-Z,718352,-0.136000,-0.056000,-0.724000,0.738788
-Z,718432,-0.136000,-0.056000,-0.720000,0.734869
-Z,718511,-0.132000,-0.055000,-0.716000,0.730140
-Z,718592,-0.136000,-0.052000,-0.722000,0.736535
-Z,718672,-0.141000,-0.056000,-0.720000,0.735810
-Z,718751,-0.136000,-0.058000,-0.720000,0.735024
-Z,718831,-0.141000,-0.052000,-0.727000,0.742370
-Z,718912,-0.132000,-0.055000,-0.720000,0.734063
-Z,718991,-0.137000,-0.052000,-0.714000,0.728882
-Z,719071,-0.137000,-0.052000,-0.714000,0.728882
-Z,719152,-0.135000,-0.057000,-0.721000,0.735741
-Z,719232,-0.136000,-0.056000,-0.717000,0.731930
-Z,719311,-0.137000,-0.053000,-0.729000,0.743652
-Z,719391,-0.136000,-0.057000,-0.721000,0.735925
-Z,719472,-0.135000,-0.055000,-0.720000,0.734609
-Z,719551,-0.133000,-0.057000,-0.729000,0.743222
-Z,719631,-0.137000,-0.057000,-0.720000,0.735131
-Z,719712,-0.136000,-0.056000,-0.720000,0.734869
-Z,719791,-0.137000,-0.058000,-0.727000,0.742066
-Z,719871,-0.140000,-0.058000,-0.721000,0.736753
-Z,719952,-0.141000,-0.052000,-0.720000,0.735517
-Z,720032,-0.136000,-0.052000,-0.722000,0.736535
-Z,720111,-0.136000,-0.052000,-0.722000,0.736535
-Z,720191,-0.136000,-0.052000,-0.712000,0.726735
-Z,720272,-0.128000,-0.057000,-0.720000,0.733507
-Z,720351,-0.132000,-0.057000,-0.724000,0.738139
-Z,720431,-0.130000,-0.056000,-0.724000,0.737707
-Z,720512,-0.133000,-0.056000,-0.729000,0.743146
-Z,720592,-0.136000,-0.057000,-0.724000,0.738865
-Z,720671,-0.136000,-0.057000,-0.720000,0.734946
-Z,720751,-0.136000,-0.057000,-0.717000,0.732007
-Z,720832,-0.130000,-0.055000,-0.721000,0.734688
-Z,720911,-0.137000,-0.055000,-0.721000,0.735958
-Z,720991,-0.136000,-0.057000,-0.724000,0.738865
-Z,721072,-0.135000,-0.055000,-0.720000,0.734609
-Z,721151,-0.135000,-0.055000,-0.720000,0.734609
-Z,721231,-0.130000,-0.051000,-0.729000,0.742255
-Z,721312,-0.132000,-0.056000,-0.720000,0.734139
-Z,721392,-0.130000,-0.049000,-0.724000,0.737209
-Z,721471,-0.136000,-0.061000,-0.722000,0.737225
-Z,721551,-0.136000,-0.052000,-0.713000,0.727715
-Z,721632,-0.132000,-0.056000,-0.716000,0.730216
-Z,721711,-0.138000,-0.053000,-0.722000,0.736978
-Z,721791,-0.135000,-0.057000,-0.722000,0.736721
-Z,721872,-0.132000,-0.053000,-0.721000,0.734897
-Z,721952,-0.136000,-0.057000,-0.720000,0.734946
-Z,722031,-0.132000,-0.057000,-0.717000,0.731274
-Z,722111,-0.132000,-0.057000,-0.717000,0.731274
-Z,722192,-0.136000,-0.058000,-0.721000,0.736003
-Z,722271,-0.129000,-0.057000,-0.720000,0.733682
-Z,722351,-0.136000,-0.053000,-0.720000,0.734646
-Z,722432,-0.137000,-0.053000,-0.722000,0.736792
-Z,722511,-0.133000,-0.055000,-0.725000,0.739147
-Z,722591,-0.136000,-0.057000,-0.720000,0.734946
-Z,722672,-0.136000,-0.056000,-0.720000,0.734869
-Z,722752,-0.133000,-0.055000,-0.720000,0.734244
-Z,722831,-0.145000,-0.057000,-0.720000,0.736664
-Z,722911,-0.136000,-0.044000,-0.717000,0.731109
-Z,722992,-0.136000,-0.060000,-0.721000,0.736164
-Z,723071,-0.132000,-0.056000,-0.720000,0.734139
-Z,723151,-0.132000,-0.056000,-0.720000,0.734139
-Z,723232,-0.141000,-0.057000,-0.721000,0.736866
-Z,723311,-0.137000,-0.056000,-0.724000,0.738973
-Z,723391,-0.135000,-0.056000,-0.724000,0.738605
-Z,723472,-0.132000,-0.055000,-0.724000,0.737987
-Z,723552,-0.141000,-0.056000,-0.717000,0.732875
-Z,723631,-0.133000,-0.056000,-0.728000,0.742165
-Z,723711,-0.137000,-0.057000,-0.727000,0.741988
-Z,723792,-0.136000,-0.052000,-0.724000,0.738496
-Z,723871,-0.136000,-0.052000,-0.730000,0.744379
-Z,723951,-0.138000,-0.053000,-0.724000,0.738938
-Z,724032,-0.136000,-0.056000,-0.721000,0.735848
-Z,724111,-0.133000,-0.057000,-0.720000,0.734396
-Z,724191,-0.133000,-0.057000,-0.720000,0.734396
-Z,724271,-0.136000,-0.050000,-0.724000,0.738358
-Z,724352,-0.136000,-0.055000,-0.720000,0.734793
-Z,724431,-0.132000,-0.058000,-0.720000,0.734294
-Z,724511,-0.136000,-0.057000,-0.712000,0.727110
-Z,724592,-0.135000,-0.057000,-0.728000,0.742602
-Z,724671,-0.132000,-0.053000,-0.722000,0.735878
-Z,724751,-0.132000,-0.052000,-0.722000,0.735807
-Z,724832,-0.133000,-0.057000,-0.724000,0.738318
-Z,724912,-0.127000,-0.050000,-0.728000,0.740684
-Z,724991,-0.135000,-0.052000,-0.725000,0.739293
-Z,725071,-0.132000,-0.055000,-0.720000,0.734063
-Z,725152,-0.136000,-0.060000,-0.720000,0.735184
-Z,725231,-0.136000,-0.060000,-0.720000,0.735184
-Z,725311,-0.136000,-0.058000,-0.712000,0.727189
-Z,725392,-0.130000,-0.055000,-0.724000,0.737632
-Z,725471,-0.130000,-0.057000,-0.721000,0.734840
-Z,725551,-0.137000,-0.055000,-0.720000,0.734979
-Z,725632,-0.136000,-0.055000,-0.719000,0.733813
-Z,725712,-0.137000,-0.058000,-0.720000,0.735209
-Z,725791,-0.135000,-0.055000,-0.725000,0.739510
-Z,725871,-0.137000,-0.056000,-0.720000,0.735054
-Z,725952,-0.130000,-0.061000,-0.724000,0.738104
-Z,726031,-0.128000,-0.057000,-0.721000,0.734489
-Z,726111,-0.132000,-0.057000,-0.715000,0.729313
-Z,726192,-0.128000,-0.054000,-0.728000,0.741137
-Z,726272,-0.128000,-0.054000,-0.728000,0.741137
-Z,726351,-0.144000,-0.052000,-0.724000,0.740011
-Z,726432,-0.137000,-0.050000,-0.724000,0.738542
-Z,726512,-0.136000,-0.053000,-0.725000,0.739547
-Z,726591,-0.130000,-0.052000,-0.722000,0.735451
-Z,726671,-0.136000,-0.053000,-0.720000,0.734646
-Z,726752,-0.132000,-0.056000,-0.724000,0.738062
-Z,726831,-0.135000,-0.057000,-0.722000,0.736721
-Z,726911,-0.136000,-0.057000,-0.727000,0.741804
-Z,726992,-0.132000,-0.053000,-0.724000,0.737841
-Z,727072,-0.136000,-0.053000,-0.722000,0.736606
-Z,727151,-0.140000,-0.052000,-0.721000,0.736305
-Z,727231,-0.140000,-0.052000,-0.721000,0.736305
-Z,727312,-0.136000,-0.056000,-0.720000,0.734869
-Z,727391,-0.130000,-0.057000,-0.716000,0.729935
-Z,727471,-0.127000,-0.055000,-0.727000,0.740056
-Z,727552,-0.133000,-0.056000,-0.719000,0.733339
-Z,727631,-0.135000,-0.056000,-0.720000,0.734684
-Z,727711,-0.136000,-0.061000,-0.717000,0.732329
-Z,727792,-0.132000,-0.052000,-0.711000,0.725017
-Z,727872,-0.132000,-0.055000,-0.720000,0.734063
-Z,727951,-0.129000,-0.052000,-0.721000,0.734293
-Z,728031,-0.136000,-0.055000,-0.720000,0.734793
-Z,728112,-0.130000,-0.055000,-0.719000,0.732725
-Z,728191,-0.133000,-0.055000,-0.720000,0.734244
-Z,728271,-0.133000,-0.055000,-0.720000,0.734244
-Z,728352,-0.125000,-0.055000,-0.722000,0.734802
-Z,728432,-0.127000,-0.055000,-0.720000,0.733181
-Z,728511,-0.137000,-0.057000,-0.721000,0.736111
-Z,728591,-0.132000,-0.057000,-0.724000,0.738139
-Z,728672,-0.132000,-0.057000,-0.721000,0.735196
-Z,728751,-0.130000,-0.056000,-0.720000,0.733782
-Z,728831,-0.132000,-0.056000,-0.717000,0.731197
-Z,728912,-0.137000,-0.056000,-0.717000,0.732116
-Z,728992,-0.137000,-0.056000,-0.721000,0.736034
-Z,729071,-0.135000,-0.052000,-0.722000,0.736351
-Z,729152,-0.136000,-0.057000,-0.717000,0.732007
-Z,729232,-0.135000,-0.050000,-0.719000,0.733271
-Z,729311,-0.135000,-0.050000,-0.719000,0.733271
-Z,729391,-0.130000,-0.055000,-0.719000,0.732725
-Z,729472,-0.141000,-0.058000,-0.724000,0.739879
-Z,729551,-0.133000,-0.057000,-0.724000,0.738318
-Z,729631,-0.133000,-0.057000,-0.721000,0.735377
-Z,729712,-0.136000,-0.057000,-0.720000,0.734946
-Z,729792,-0.136000,-0.057000,-0.719000,0.733966
-Z,729871,-0.132000,-0.050000,-0.724000,0.737631
-Z,729951,-0.136000,-0.050000,-0.720000,0.734436
-Z,730032,-0.132000,-0.056000,-0.714000,0.728255
-Z,730111,-0.132000,-0.052000,-0.720000,0.733845
-Z,730191,-0.130000,-0.056000,-0.720000,0.733782
-Z,730272,-0.137000,-0.050000,-0.720000,0.734622
-Z,730351,-0.137000,-0.050000,-0.720000,0.734622
-Z,730431,-0.128000,-0.052000,-0.717000,0.730190
-Z,730512,-0.132000,-0.054000,-0.719000,0.733008
-Z,730592,-0.129000,-0.057000,-0.724000,0.737608
-Z,730671,-0.132000,-0.053000,-0.720000,0.733916
-Z,730752,-0.133000,-0.056000,-0.722000,0.736280
-Z,730832,-0.130000,-0.061000,-0.721000,0.735161
-Z,730911,-0.132000,-0.057000,-0.717000,0.731274
-Z,730991,-0.137000,-0.052000,-0.724000,0.738681
-Z,731072,-0.132000,-0.056000,-0.721000,0.735120
-Z,731151,-0.132000,-0.052000,-0.724000,0.737770
-Z,731231,-0.136000,-0.057000,-0.720000,0.734946
-Z,731312,-0.133000,-0.057000,-0.722000,0.736357
-Z,731392,-0.133000,-0.057000,-0.722000,0.736357
-Z,731471,-0.135000,-0.052000,-0.720000,0.734390
-Z,731551,-0.133000,-0.053000,-0.714000,0.728213
-Z,731632,-0.135000,-0.055000,-0.720000,0.734609
-Z,731711,-0.136000,-0.054000,-0.724000,0.738639
-Z,731791,-0.125000,-0.053000,-0.720000,0.732690
-Z,731872,-0.137000,-0.057000,-0.720000,0.735131
-Z,731951,-0.135000,-0.053000,-0.720000,0.734462
-Z,732031,-0.138000,-0.057000,-0.724000,0.739235
-Z,732112,-0.136000,-0.055000,-0.717000,0.731854
-Z,732192,-0.133000,-0.055000,-0.724000,0.738167
-Z,732271,-0.134000,-0.052000,-0.721000,0.735188
-Z,732351,-0.134000,-0.052000,-0.721000,0.735188
-Z,732432,-0.132000,-0.052000,-0.720000,0.733845
-Z,732511,-0.132000,-0.056000,-0.722000,0.736100
-Z,732591,-0.132000,-0.052000,-0.729000,0.742677
-Z,732672,-0.137000,-0.056000,-0.720000,0.735054
-Z,732752,-0.136000,-0.057000,-0.721000,0.735925
-Z,732831,-0.138000,-0.052000,-0.722000,0.736907
-Z,732911,-0.132000,-0.050000,-0.724000,0.737631
-Z,732992,-0.137000,-0.052000,-0.721000,0.735740
-Z,733071,-0.137000,-0.057000,-0.720000,0.735131
-Z,733151,-0.129000,-0.057000,-0.721000,0.734664
-Z,733232,-0.138000,-0.052000,-0.722000,0.736907
-Z,733311,-0.137000,-0.055000,-0.720000,0.734979
-Z,733391,-0.137000,-0.055000,-0.720000,0.734979
-Z,733472,-0.121000,-0.058000,-0.729000,0.741246
-Z,733552,-0.138000,-0.055000,-0.721000,0.736145
-Z,733631,-0.137000,-0.057000,-0.720000,0.735131
-Z,733711,-0.135000,-0.052000,-0.714000,0.728509
-Z,733792,-0.133000,-0.056000,-0.720000,0.734319
-Z,733871,-0.132000,-0.052000,-0.720000,0.733845
-Z,733951,-0.125000,-0.057000,-0.719000,0.732007
-Z,734032,-0.136000,-0.052000,-0.717000,0.731634
-Z,734111,-0.132000,-0.063000,-0.721000,0.735686
-Z,734191,-0.132000,-0.055000,-0.720000,0.734063
-Z,734271,-0.136000,-0.057000,-0.722000,0.736905
-Z,734352,-0.141000,-0.056000,-0.724000,0.739725
-Z,734431,-0.141000,-0.056000,-0.724000,0.739725
-Z,734511,-0.138000,-0.048000,-0.727000,0.741537
-Z,734592,-0.135000,-0.061000,-0.721000,0.736062
-Z,734671,-0.132000,-0.052000,-0.717000,0.730901
-Z,734751,-0.136000,-0.050000,-0.722000,0.736397
-Z,734831,-0.137000,-0.056000,-0.720000,0.735054
-Z,734912,-0.132000,-0.052000,-0.720000,0.733845
-Z,734991,-0.132000,-0.056000,-0.720000,0.734139
-Z,735071,-0.132000,-0.057000,-0.722000,0.736177
-Z,735152,-0.136000,-0.055000,-0.730000,0.744594
-Z,735231,-0.135000,-0.052000,-0.724000,0.738312
-Z,735311,-0.127000,-0.052000,-0.725000,0.737874
-Z,735392,-0.132000,-0.063000,-0.724000,0.738626
-Z,735472,-0.132000,-0.063000,-0.724000,0.738626
-Z,735551,-0.136000,-0.055000,-0.714000,0.728915
-Z,735631,-0.125000,-0.052000,-0.727000,0.739498
-Z,735712,-0.137000,-0.056000,-0.724000,0.738973
-Z,735791,-0.132000,-0.056000,-0.720000,0.734139
-Z,735871,-0.133000,-0.057000,-0.727000,0.741260
-Z,735952,-0.136000,-0.061000,-0.722000,0.737225
-Z,736032,-0.136000,-0.053000,-0.717000,0.731706
-Z,736111,-0.132000,-0.052000,-0.717000,0.730901
-Z,736191,-0.132000,-0.056000,-0.722000,0.736100
-Z,736272,-0.136000,-0.057000,-0.724000,0.738865
-Z,736351,-0.138000,-0.057000,-0.728000,0.743153
-Z,736431,-0.138000,-0.057000,-0.728000,0.743153
-Z,736512,-0.136000,-0.064000,-0.724000,0.739438
-Z,736592,-0.130000,-0.057000,-0.716000,0.729935
-Z,736671,-0.122000,-0.056000,-0.727000,0.739289
-Z,736751,-0.129000,-0.056000,-0.720000,0.733605
-Z,736832,-0.133000,-0.052000,-0.724000,0.737949
-Z,736911,-0.133000,-0.052000,-0.727000,0.740893
-Z,736991,-0.135000,-0.057000,-0.722000,0.736721
-Z,737072,-0.138000,-0.055000,-0.720000,0.735166
-Z,737151,-0.136000,-0.053000,-0.720000,0.734646
-Z,737231,-0.129000,-0.057000,-0.720000,0.733682
-Z,737312,-0.135000,-0.053000,-0.717000,0.731521
-Z,737392,-0.132000,-0.057000,-0.724000,0.738139
-Z,737471,-0.132000,-0.057000,-0.724000,0.738139
-Z,737551,-0.132000,-0.064000,-0.714000,0.728914
-Z,737632,-0.132000,-0.052000,-0.709000,0.723055
-Z,737711,-0.127000,-0.057000,-0.720000,0.733333
-Z,737791,-0.141000,-0.052000,-0.724000,0.739433
-Z,737872,-0.135000,-0.053000,-0.719000,0.733481
-Z,737951,-0.137000,-0.052000,-0.720000,0.734760
-Z,738031,-0.132000,-0.057000,-0.720000,0.734216
-Z,738112,-0.136000,-0.057000,-0.719000,0.733966
-Z,738192,-0.132000,-0.055000,-0.720000,0.734063
-Z,738271,-0.136000,-0.061000,-0.721000,0.736246
-Z,738351,-0.135000,-0.056000,-0.722000,0.736644
-Z,738432,-0.136000,-0.053000,-0.721000,0.735626
-Z,738511,-0.136000,-0.053000,-0.721000,0.735626
-Z,738591,-0.135000,-0.061000,-0.720000,0.735082
-Z,738672,-0.132000,-0.056000,-0.724000,0.738062
-Z,738752,-0.136000,-0.058000,-0.720000,0.735024
-Z,738831,-0.132000,-0.057000,-0.720000,0.734216
-Z,738912,-0.132000,-0.052000,-0.720000,0.733845
-Z,738992,-0.132000,-0.052000,-0.719000,0.732864
-Z,739071,-0.130000,-0.057000,-0.719000,0.732878
-Z,739151,-0.132000,-0.061000,-0.714000,0.728657
-Z,739232,-0.136000,-0.057000,-0.722000,0.736905
-Z,739311,-0.136000,-0.056000,-0.722000,0.736828
-Z,739391,-0.132000,-0.057000,-0.718000,0.732255
-Z,739472,-0.132000,-0.057000,-0.718000,0.732255
-Z,739552,-0.135000,-0.060000,-0.719000,0.734020
-Z,739631,-0.136000,-0.053000,-0.721000,0.735626
-Z,739711,-0.133000,-0.060000,-0.720000,0.734635
-Z,739792,-0.133000,-0.057000,-0.720000,0.734396
-Z,739871,-0.132000,-0.052000,-0.717000,0.730901
-Z,739951,-0.135000,-0.057000,-0.720000,0.734761
-Z,740032,-0.135000,-0.055000,-0.724000,0.738530
-Z,740111,-0.137000,-0.061000,-0.720000,0.735452
-Z,740191,-0.132000,-0.052000,-0.716000,0.729920
-Z,740272,-0.130000,-0.057000,-0.716000,0.729935
-Z,740352,-0.125000,-0.052000,-0.720000,0.732618
-Z,740431,-0.140000,-0.057000,-0.721000,0.736675
-Z,740511,-0.140000,-0.057000,-0.721000,0.736675
-Z,740592,-0.133000,-0.052000,-0.720000,0.734025
-Z,740671,-0.132000,-0.056000,-0.716000,0.730216
-Z,740751,-0.130000,-0.052000,-0.713000,0.726617
-Z,740832,-0.133000,-0.052000,-0.721000,0.735006
-Z,740912,-0.132000,-0.050000,-0.720000,0.733706
-Z,740991,-0.132000,-0.055000,-0.725000,0.738968
-Z,741071,-0.133000,-0.057000,-0.724000,0.738318
-Z,741152,-0.132000,-0.061000,-0.721000,0.735517
-Z,741231,-0.135000,-0.060000,-0.721000,0.735980
-Z,741311,-0.142000,-0.056000,-0.724000,0.739916
-Z,741392,-0.125000,-0.057000,-0.720000,0.732990
-Z,741472,-0.137000,-0.053000,-0.721000,0.735812
-Z,741551,-0.137000,-0.053000,-0.721000,0.735812
-Z,741631,-0.138000,-0.063000,-0.722000,0.737765
-Z,741712,-0.135000,-0.057000,-0.720000,0.734761
-Z,741791,-0.136000,-0.061000,-0.720000,0.735267
-Z,741871,-0.136000,-0.055000,-0.717000,0.731854
-Z,741952,-0.130000,-0.057000,-0.721000,0.734840
-Z,742031,-0.122000,-0.052000,-0.720000,0.732112
-Z,742111,-0.137000,-0.055000,-0.722000,0.736938
-Z,742192,-0.141000,-0.052000,-0.720000,0.735517
-Z,742272,-0.133000,-0.052000,-0.721000,0.735006
-Z,742351,-0.132000,-0.049000,-0.722000,0.735601
-Z,742431,-0.132000,-0.053000,-0.720000,0.733916
-Z,742512,-0.128000,-0.055000,-0.727000,0.740228
-Z,742591,-0.128000,-0.055000,-0.727000,0.740228
-Z,742671,-0.143000,-0.057000,-0.724000,0.740185
-Z,742752,-0.136000,-0.055000,-0.719000,0.733813
-Z,742832,-0.129000,-0.057000,-0.722000,0.735645
-Z,742911,-0.129000,-0.056000,-0.720000,0.733605
-Z,742992,-0.132000,-0.055000,-0.724000,0.737987
-Z,743072,-0.133000,-0.053000,-0.720000,0.734097
-Z,743151,-0.137000,-0.050000,-0.716000,0.730702
-Z,743231,-0.136000,-0.052000,-0.720000,0.734575
-Z,743312,-0.132000,-0.055000,-0.717000,0.731121
-Z,743391,-0.133000,-0.060000,-0.720000,0.734635
-Z,743471,-0.133000,-0.057000,-0.712000,0.726555
-Z,743552,-0.133000,-0.057000,-0.712000,0.726555
-Z,743632,-0.125000,-0.058000,-0.720000,0.733068
-Z,743711,-0.137000,-0.057000,-0.724000,0.739049
-Z,743791,-0.132000,-0.055000,-0.717000,0.731121
-Z,743872,-0.129000,-0.055000,-0.722000,0.735493
-Z,743951,-0.132000,-0.056000,-0.720000,0.734139
-Z,744031,-0.136000,-0.055000,-0.720000,0.734793
-Z,744112,-0.128000,-0.055000,-0.720000,0.733355
-Z,744192,-0.141000,-0.048000,-0.720000,0.735245
-Z,744271,-0.135000,-0.055000,-0.720000,0.734609
-Z,744351,-0.135000,-0.052000,-0.720000,0.734390
-Z,744432,-0.130000,-0.052000,-0.724000,0.737414
-Z,744511,-0.135000,-0.058000,-0.722000,0.736799
-Z,744591,-0.135000,-0.058000,-0.722000,0.736799
-Z,744672,-0.137000,-0.059000,-0.735000,0.749983
-Z,744751,-0.136000,-0.055000,-0.722000,0.736753
-Z,744831,-0.133000,-0.058000,-0.720000,0.734475
-Z,744912,-0.133000,-0.052000,-0.717000,0.731083
-Z,744992,-0.130000,-0.053000,-0.722000,0.735522
-Z,745071,-0.130000,-0.052000,-0.722000,0.735451
-Z,745151,-0.125000,-0.058000,-0.727000,0.739945
-Z,745232,-0.133000,-0.056000,-0.720000,0.734319
-Z,745311,-0.136000,-0.055000,-0.722000,0.736753
-Z,745391,-0.135000,-0.057000,-0.717000,0.731822
-Z,745472,-0.129000,-0.055000,-0.720000,0.733530
-Z,745552,-0.133000,-0.052000,-0.717000,0.731083
-Z,745631,-0.133000,-0.052000,-0.717000,0.731083
-Z,745711,-0.129000,-0.057000,-0.735000,0.748408
-Z,745792,-0.137000,-0.057000,-0.720000,0.735131
-Z,745871,-0.129000,-0.057000,-0.717000,0.730739
-Z,745951,-0.132000,-0.057000,-0.721000,0.735196
