sample_index,original_orientation,orientation,time_ms,raw_x_g,corrected_x_g,ideal_x_g,raw_signed_error_g,corrected_signed_error_g
0,+X,-Y,53073,-0.032000000,0.026316090,0.0,-0.032000000,0.026316090
1,+X,-Y,53152,-0.032000000,0.026316090,0.0,-0.032000000,0.026316090
2,+X,-Y,53233,-0.029000000,0.029298816,0.0,-0.029000000,0.029298816
3,+X,-Y,53312,-0.029000000,0.029298816,0.0,-0.029000000,0.029298816
4,+X,-Y,53393,-0.029000000,0.029298816,0.0,-0.029000000,0.029298816
5,+X,-Y,53472,-0.032000000,0.026316090,0.0,-0.032000000,0.026316090
6,+X,-Y,53552,-0.029000000,0.029298816,0.0,-0.029000000,0.029298816
7,+X,-Y,53633,-0.031000000,0.027310332,0.0,-0.031000000,0.027310332
8,+X,-Y,53712,-0.032000000,0.026316090,0.0,-0.032000000,0.026316090
9,+X,-Y,53793,-0.031000000,0.027310332,0.0,-0.031000000,0.027310332
10,+X,-Y,53872,-0.029000000,0.029298816,0.0,-0.029000000,0.029298816
11,+X,-Y,53953,-0.032000000,0.026316090,0.0,-0.032000000,0.026316090
12,+X,-Y,54032,-0.033000000,0.025321849,0.0,-0.033000000,0.025321849
13,+X,-Y,54112,-0.029000000,0.029298816,0.0,-0.029000000,0.029298816
14,+X,-Y,54192,-0.029000000,0.029298816,0.0,-0.029000000,0.029298816
15,+X,-Y,54272,-0.029000000,0.029298816,0.0,-0.029000000,0.029298816
16,+X,-Y,54352,-0.032000000,0.026316090,0.0,-0.032000000,0.026316090
17,+X,-Y,54432,-0.029000000,0.029298816,0.0,-0.029000000,0.029298816
18,+X,-Y,54513,-0.020000000,0.038246993,0.0,-0.020000000,0.038246993
19,+X,-Y,54592,-0.031000000,0.027310332,0.0,-0.031000000,0.027310332
20,+X,-Y,54673,-0.026000000,0.032281541,0.0,-0.026000000,0.032281541
21,+X,-Y,54752,-0.029000000,0.029298816,0.0,-0.029000000,0.029298816
22,+X,-Y,54833,-0.031000000,0.027310332,0.0,-0.031000000,0.027310332
23,+X,-Y,54912,-0.031000000,0.027310332,0.0,-0.031000000,0.027310332
24,+X,-Y,54992,-0.029000000,0.029298816,0.0,-0.029000000,0.029298816
25,+X,-Y,55072,-0.029000000,0.029298816,0.0,-0.029000000,0.029298816
26,+X,-Y,55152,-0.031000000,0.027310332,0.0,-0.031000000,0.027310332
27,+X,-Y,55233,-0.031000000,0.027310332,0.0,-0.031000000,0.027310332
28,+X,-Y,55312,-0.032000000,0.026316090,0.0,-0.032000000,0.026316090
29,+X,-Y,55393,-0.032000000,0.026316090,0.0,-0.032000000,0.026316090
30,+X,-Y,55472,-0.032000000,0.026316090,0.0,-0.032000000,0.026316090
31,+X,-Y,55553,-0.023000000,0.035264267,0.0,-0.023000000,0.035264267
32,+X,-Y,55632,-0.029000000,0.029298816,0.0,-0.029000000,0.029298816
33,+X,-Y,55712,-0.029000000,0.029298816,0.0,-0.029000000,0.029298816
34,+X,-Y,55792,-0.025000000,0.033275783,0.0,-0.025000000,0.033275783
35,+X,-Y,55872,-0.031000000,0.027310332,0.0,-0.031000000,0.027310332
36,+X,-Y,55953,-0.034000000,0.024327607,0.0,-0.034000000,0.024327607
37,+X,-Y,56032,-0.025000000,0.033275783,0.0,-0.025000000,0.033275783
38,+X,-Y,56113,-0.033000000,0.025321849,0.0,-0.033000000,0.025321849
39,+X,-Y,56192,-0.034000000,0.024327607,0.0,-0.034000000,0.024327607
40,+X,-Y,56273,-0.034000000,0.024327607,0.0,-0.034000000,0.024327607
41,+X,-Y,56352,-0.032000000,0.026316090,0.0,-0.032000000,0.026316090
42,+X,-Y,56432,-0.032000000,0.026316090,0.0,-0.032000000,0.026316090
43,+X,-Y,56513,-0.034000000,0.024327607,0.0,-0.034000000,0.024327607
44,+X,-Y,56592,-0.032000000,0.026316090,0.0,-0.032000000,0.026316090
45,+X,-Y,56673,-0.026000000,0.032281541,0.0,-0.026000000,0.032281541
46,+X,-Y,56752,-0.029000000,0.029298816,0.0,-0.029000000,0.029298816
47,+X,-Y,56833,-0.029000000,0.029298816,0.0,-0.029000000,0.029298816
48,+X,-Y,56912,-0.029000000,0.029298816,0.0,-0.029000000,0.029298816
49,+X,-Y,56992,-0.032000000,0.026316090,0.0,-0.032000000,0.026316090
50,+X,-Y,57072,-0.029000000,0.029298816,0.0,-0.029000000,0.029298816
51,+X,-Y,57152,-0.033000000,0.025321849,0.0,-0.033000000,0.025321849
52,+X,-Y,57233,-0.033000000,0.025321849,0.0,-0.033000000,0.025321849
53,+X,-Y,57312,-0.020000000,0.038246993,0.0,-0.020000000,0.038246993
54,+X,-Y,57393,-0.032000000,0.026316090,0.0,-0.032000000,0.026316090
55,+X,-Y,57472,-0.034000000,0.024327607,0.0,-0.034000000,0.024327607
56,+X,-Y,57553,-0.032000000,0.026316090,0.0,-0.032000000,0.026316090
57,+X,-Y,57632,-0.033000000,0.025321849,0.0,-0.033000000,0.025321849
58,+X,-Y,57713,-0.023000000,0.035264267,0.0,-0.023000000,0.035264267
59,+X,-Y,57792,-0.032000000,0.026316090,0.0,-0.032000000,0.026316090
60,+X,-Y,57872,-0.028000000,0.030293058,0.0,-0.028000000,0.030293058
61,+X,-Y,57953,-0.028000000,0.030293058,0.0,-0.028000000,0.030293058
62,+X,-Y,58032,-0.029000000,0.029298816,0.0,-0.029000000,0.029298816
63,+X,-Y,58113,-0.029000000,0.029298816,0.0,-0.029000000,0.029298816
64,+X,-Y,58192,-0.029000000,0.029298816,0.0,-0.029000000,0.029298816
65,+X,-Y,58273,-0.039000000,0.019356397,0.0,-0.039000000,0.019356397
66,+X,-Y,58352,-0.034000000,0.024327607,0.0,-0.034000000,0.024327607
67,+X,-Y,58433,-0.032000000,0.026316090,0.0,-0.032000000,0.026316090
68,+X,-Y,58512,-0.025000000,0.033275783,0.0,-0.025000000,0.033275783
69,+X,-Y,58593,-0.026000000,0.032281541,0.0,-0.026000000,0.032281541
70,+X,-Y,58672,-0.031000000,0.027310332,0.0,-0.031000000,0.027310332
71,+X,-Y,58752,-0.025000000,0.033275783,0.0,-0.025000000,0.033275783
72,+X,-Y,58833,-0.028000000,0.030293058,0.0,-0.028000000,0.030293058
73,+X,-Y,58912,-0.033000000,0.025321849,0.0,-0.033000000,0.025321849
74,+X,-Y,58993,-0.032000000,0.026316090,0.0,-0.032000000,0.026316090
75,+X,-Y,59072,-0.031000000,0.027310332,0.0,-0.031000000,0.027310332
76,+X,-Y,59153,-0.031000000,0.027310332,0.0,-0.031000000,0.027310332
77,+X,-Y,59232,-0.032000000,0.026316090,0.0,-0.032000000,0.026316090
78,+X,-Y,59313,-0.032000000,0.026316090,0.0,-0.032000000,0.026316090
79,+X,-Y,59392,-0.026000000,0.032281541,0.0,-0.026000000,0.032281541
80,+X,-Y,59472,-0.021000000,0.037252751,0.0,-0.021000000,0.037252751
81,+X,-Y,59553,-0.032000000,0.026316090,0.0,-0.032000000,0.026316090
82,+X,-Y,59632,-0.029000000,0.029298816,0.0,-0.029000000,0.029298816
83,+X,-Y,59713,-0.034000000,0.024327607,0.0,-0.034000000,0.024327607
84,+X,-Y,59792,-0.036000000,0.022339123,0.0,-0.036000000,0.022339123
85,+X,-Y,59873,-0.032000000,0.026316090,0.0,-0.032000000,0.026316090
86,+X,-Y,59952,-0.029000000,0.029298816,0.0,-0.029000000,0.029298816
87,+X,-Y,60033,-0.032000000,0.026316090,0.0,-0.032000000,0.026316090
88,+X,-Y,60112,-0.032000000,0.026316090,0.0,-0.032000000,0.026316090
89,+X,-Y,60192,-0.033000000,0.025321849,0.0,-0.033000000,0.025321849
90,+X,-Y,60272,-0.031000000,0.027310332,0.0,-0.031000000,0.027310332
91,+X,-Y,60352,-0.025000000,0.033275783,0.0,-0.025000000,0.033275783
92,+X,-Y,60433,-0.029000000,0.029298816,0.0,-0.029000000,0.029298816
93,+X,-Y,60512,-0.031000000,0.027310332,0.0,-0.031000000,0.027310332
94,+X,-Y,60593,-0.032000000,0.026316090,0.0,-0.032000000,0.026316090
95,+X,-Y,60672,-0.032000000,0.026316090,0.0,-0.032000000,0.026316090
96,+X,-Y,60753,-0.029000000,0.029298816,0.0,-0.029000000,0.029298816
97,+X,-Y,60832,-0.026000000,0.032281541,0.0,-0.026000000,0.032281541
98,+X,-Y,60913,-0.032000000,0.026316090,0.0,-0.032000000,0.026316090
99,+X,-Y,60992,-0.032000000,0.026316090,0.0,-0.032000000,0.026316090
100,+X,-Y,61072,-0.032000000,0.026316090,0.0,-0.032000000,0.026316090
101,+X,-Y,61152,-0.031000000,0.027310332,0.0,-0.031000000,0.027310332
102,+X,-Y,61232,-0.032000000,0.026316090,0.0,-0.032000000,0.026316090
103,+X,-Y,61313,-0.032000000,0.026316090,0.0,-0.032000000,0.026316090
104,+X,-Y,61392,-0.032000000,0.026316090,0.0,-0.032000000,0.026316090
105,+X,-Y,61473,-0.025000000,0.033275783,0.0,-0.025000000,0.033275783
106,+X,-Y,61552,-0.029000000,0.029298816,0.0,-0.029000000,0.029298816
107,+X,-Y,61633,-0.033000000,0.025321849,0.0,-0.033000000,0.025321849
108,+X,-Y,61712,-0.034000000,0.024327607,0.0,-0.034000000,0.024327607
109,+X,-Y,61792,-0.034000000,0.024327607,0.0,-0.034000000,0.024327607
110,+X,-Y,61872,-0.031000000,0.027310332,0.0,-0.031000000,0.027310332
111,+X,-Y,61952,-0.031000000,0.027310332,0.0,-0.031000000,0.027310332
112,+X,-Y,62033,-0.029000000,0.029298816,0.0,-0.029000000,0.029298816
113,+X,-Y,62112,-0.029000000,0.029298816,0.0,-0.029000000,0.029298816
114,+X,-Y,62193,-0.032000000,0.026316090,0.0,-0.032000000,0.026316090
115,+X,-Y,62272,-0.020000000,0.038246993,0.0,-0.020000000,0.038246993
116,+X,-Y,62353,-0.033000000,0.025321849,0.0,-0.033000000,0.025321849
117,+X,-Y,62432,-0.032000000,0.026316090,0.0,-0.032000000,0.026316090
118,+X,-Y,62513,-0.032000000,0.026316090,0.0,-0.032000000,0.026316090
119,+X,-Y,62592,-0.025000000,0.033275783,0.0,-0.025000000,0.033275783
120,+X,-Y,62672,-0.032000000,0.026316090,0.0,-0.032000000,0.026316090
121,+X,-Y,62753,-0.020000000,0.038246993,0.0,-0.020000000,0.038246993
122,+X,-Y,62832,-0.036000000,0.022339123,0.0,-0.036000000,0.022339123
123,+X,-Y,62913,-0.029000000,0.029298816,0.0,-0.029000000,0.029298816
124,+X,-Y,62992,-0.034000000,0.024327607,0.0,-0.034000000,0.024327607
125,+X,-Y,63073,-0.034000000,0.024327607,0.0,-0.034000000,0.024327607
126,+X,-Y,63152,-0.026000000,0.032281541,0.0,-0.026000000,0.032281541
127,+X,-Y,63233,-0.033000000,0.025321849,0.0,-0.033000000,0.025321849
128,+X,-Y,63312,-0.033000000,0.025321849,0.0,-0.033000000,0.025321849
129,+X,-Y,63392,-0.032000000,0.026316090,0.0,-0.032000000,0.026316090
130,+X,-Y,63472,-0.031000000,0.027310332,0.0,-0.031000000,0.027310332
131,+X,-Y,63552,-0.031000000,0.027310332,0.0,-0.031000000,0.027310332
132,+X,-Y,63633,-0.032000000,0.026316090,0.0,-0.032000000,0.026316090
133,+X,-Y,63712,-0.033000000,0.025321849,0.0,-0.033000000,0.025321849
134,+X,-Y,63793,-0.026000000,0.032281541,0.0,-0.026000000,0.032281541
135,+X,-Y,63872,-0.026000000,0.032281541,0.0,-0.026000000,0.032281541
136,+X,-Y,63953,-0.029000000,0.029298816,0.0,-0.029000000,0.029298816
137,+X,-Y,64032,-0.029000000,0.029298816,0.0,-0.029000000,0.029298816
138,+X,-Y,64112,-0.032000000,0.026316090,0.0,-0.032000000,0.026316090
139,+X,-Y,64192,-0.033000000,0.025321849,0.0,-0.033000000,0.025321849
140,+X,-Y,64272,-0.032000000,0.026316090,0.0,-0.032000000,0.026316090
141,+X,-Y,64353,-0.029000000,0.029298816,0.0,-0.029000000,0.029298816
142,+X,-Y,64432,-0.029000000,0.029298816,0.0,-0.029000000,0.029298816
143,+X,-Y,64513,-0.028000000,0.030293058,0.0,-0.028000000,0.030293058
144,+X,-Y,64592,-0.026000000,0.032281541,0.0,-0.026000000,0.032281541
145,+X,-Y,64673,-0.033000000,0.025321849,0.0,-0.033000000,0.025321849
146,+X,-Y,64752,-0.029000000,0.029298816,0.0,-0.029000000,0.029298816
147,+X,-Y,64832,-0.031000000,0.027310332,0.0,-0.031000000,0.027310332
148,+X,-Y,64913,-0.031000000,0.027310332,0.0,-0.031000000,0.027310332
149,+X,-Y,64992,-0.031000000,0.027310332,0.0,-0.031000000,0.027310332
150,+X,-Y,65073,-0.031000000,0.027310332,0.0,-0.031000000,0.027310332
151,+X,-Y,65152,-0.029000000,0.029298816,0.0,-0.029000000,0.029298816
152,+X,-Y,65233,-0.032000000,0.026316090,0.0,-0.032000000,0.026316090
153,+X,-Y,65312,-0.033000000,0.025321849,0.0,-0.033000000,0.025321849
154,+X,-Y,65393,-0.025000000,0.033275783,0.0,-0.025000000,0.033275783
155,+X,-Y,65472,-0.031000000,0.027310332,0.0,-0.031000000,0.027310332
156,+X,-Y,65552,-0.032000000,0.026316090,0.0,-0.032000000,0.026316090
157,+X,-Y,65633,-0.029000000,0.029298816,0.0,-0.029000000,0.029298816
158,+X,-Y,65712,-0.032000000,0.026316090,0.0,-0.032000000,0.026316090
159,+X,-Y,65793,-0.029000000,0.029298816,0.0,-0.029000000,0.029298816
160,+X,-Y,65872,-0.033000000,0.025321849,0.0,-0.033000000,0.025321849
161,+X,-Y,65953,-0.033000000,0.025321849,0.0,-0.033000000,0.025321849
162,+X,-Y,66032,-0.032000000,0.026316090,0.0,-0.032000000,0.026316090
163,+X,-Y,66113,-0.032000000,0.026316090,0.0,-0.032000000,0.026316090
164,+X,-Y,66192,-0.030000000,0.028304574,0.0,-0.030000000,0.028304574
165,+X,-Y,66272,-0.029000000,0.029298816,0.0,-0.029000000,0.029298816
166,+X,-Y,66353,-0.031000000,0.027310332,0.0,-0.031000000,0.027310332
167,+X,-Y,66432,-0.033000000,0.025321849,0.0,-0.033000000,0.025321849
168,+X,-Y,66513,-0.033000000,0.025321849,0.0,-0.033000000,0.025321849
169,+X,-Y,66592,-0.026000000,0.032281541,0.0,-0.026000000,0.032281541
170,+X,-Y,66673,-0.028000000,0.030293058,0.0,-0.028000000,0.030293058
171,+X,-Y,66752,-0.026000000,0.032281541,0.0,-0.026000000,0.032281541
172,+X,-Y,66833,-0.029000000,0.029298816,0.0,-0.029000000,0.029298816
173,+X,-Y,66912,-0.034000000,0.024327607,0.0,-0.034000000,0.024327607
174,+X,-Y,66992,-0.034000000,0.024327607,0.0,-0.034000000,0.024327607
175,+X,-Y,67073,-0.031000000,0.027310332,0.0,-0.031000000,0.027310332
176,+X,-Y,67152,-0.033000000,0.025321849,0.0,-0.033000000,0.025321849
177,+X,-Y,67233,-0.029000000,0.029298816,0.0,-0.029000000,0.029298816
178,+X,-Y,67312,-0.026000000,0.032281541,0.0,-0.026000000,0.032281541
179,+X,-Y,67393,-0.031000000,0.027310332,0.0,-0.031000000,0.027310332
180,+X,-Y,67472,-0.032000000,0.026316090,0.0,-0.032000000,0.026316090
181,+X,-Y,67553,-0.033000000,0.025321849,0.0,-0.033000000,0.025321849
182,+X,-Y,67632,-0.031000000,0.027310332,0.0,-0.031000000,0.027310332
183,+X,-Y,67712,-0.032000000,0.026316090,0.0,-0.032000000,0.026316090
184,+X,-Y,67793,-0.032000000,0.026316090,0.0,-0.032000000,0.026316090
185,+X,-Y,67872,-0.032000000,0.026316090,0.0,-0.032000000,0.026316090
186,+X,-Y,67953,-0.032000000,0.026316090,0.0,-0.032000000,0.026316090
187,+X,-Y,68032,-0.026000000,0.032281541,0.0,-0.026000000,0.032281541
188,+X,-Y,68113,-0.031000000,0.027310332,0.0,-0.031000000,0.027310332
189,+X,-Y,68192,-0.031000000,0.027310332,0.0,-0.031000000,0.027310332
190,+X,-Y,68273,-0.026000000,0.032281541,0.0,-0.026000000,0.032281541
191,+X,-Y,68352,-0.029000000,0.029298816,0.0,-0.029000000,0.029298816
192,+X,-Y,68432,-0.034000000,0.024327607,0.0,-0.034000000,0.024327607
193,+X,-Y,68513,-0.032000000,0.026316090,0.0,-0.032000000,0.026316090
194,+X,-Y,68592,-0.028000000,0.030293058,0.0,-0.028000000,0.030293058
195,+X,-Y,68673,-0.031000000,0.027310332,0.0,-0.031000000,0.027310332
196,+X,-Y,68752,-0.033000000,0.025321849,0.0,-0.033000000,0.025321849
197,+X,-Y,68833,-0.031000000,0.027310332,0.0,-0.031000000,0.027310332
198,+X,-Y,68912,-0.031000000,0.027310332,0.0,-0.031000000,0.027310332
199,+X,-Y,68993,-0.018000000,0.040235476,0.0,-0.018000000,0.040235476
200,+X,-Y,69072,-0.029000000,0.029298816,0.0,-0.029000000,0.029298816
201,+X,-Y,69152,-0.032000000,0.026316090,0.0,-0.032000000,0.026316090
202,+X,-Y,69233,-0.029000000,0.029298816,0.0,-0.029000000,0.029298816
203,+X,-Y,69312,-0.031000000,0.027310332,0.0,-0.031000000,0.027310332
204,+X,-Y,69393,-0.033000000,0.025321849,0.0,-0.033000000,0.025321849
205,+X,-Y,69472,-0.031000000,0.027310332,0.0,-0.031000000,0.027310332
206,+X,-Y,69553,-0.029000000,0.029298816,0.0,-0.029000000,0.029298816
207,+X,-Y,69632,-0.032000000,0.026316090,0.0,-0.032000000,0.026316090
208,+X,-Y,69713,-0.032000000,0.026316090,0.0,-0.032000000,0.026316090
209,+X,-Y,69792,-0.032000000,0.026316090,0.0,-0.032000000,0.026316090
210,+X,-Y,69872,-0.032000000,0.026316090,0.0,-0.032000000,0.026316090
211,+X,-Y,69953,-0.032000000,0.026316090,0.0,-0.032000000,0.026316090
212,+X,-Y,70032,-0.029000000,0.029298816,0.0,-0.029000000,0.029298816
213,+X,-Y,70113,-0.032000000,0.026316090,0.0,-0.032000000,0.026316090
214,+X,-Y,70192,-0.031000000,0.027310332,0.0,-0.031000000,0.027310332
215,+X,-Y,70273,-0.032000000,0.026316090,0.0,-0.032000000,0.026316090
216,+X,-Y,70352,-0.032000000,0.026316090,0.0,-0.032000000,0.026316090
217,+X,-Y,70433,-0.029000000,0.029298816,0.0,-0.029000000,0.029298816
218,+X,-Y,70512,-0.031000000,0.027310332,0.0,-0.031000000,0.027310332
219,+X,-Y,70592,-0.023000000,0.035264267,0.0,-0.023000000,0.035264267
220,+X,-Y,70673,-0.030000000,0.028304574,0.0,-0.030000000,0.028304574
221,+X,-Y,70752,-0.033000000,0.025321849,0.0,-0.033000000,0.025321849
222,+X,-Y,70833,-0.033000000,0.025321849,0.0,-0.033000000,0.025321849
223,+X,-Y,70912,-0.029000000,0.029298816,0.0,-0.029000000,0.029298816
224,+X,-Y,70993,-0.028000000,0.030293058,0.0,-0.028000000,0.030293058
225,+X,-Y,71072,-0.029000000,0.029298816,0.0,-0.029000000,0.029298816
226,+X,-Y,71153,-0.029000000,0.029298816,0.0,-0.029000000,0.029298816
227,+X,-Y,71232,-0.032000000,0.026316090,0.0,-0.032000000,0.026316090
228,+X,-Y,71312,-0.026000000,0.032281541,0.0,-0.026000000,0.032281541
229,+X,-Y,71393,-0.032000000,0.026316090,0.0,-0.032000000,0.026316090
230,+X,-Y,71472,-0.032000000,0.026316090,0.0,-0.032000000,0.026316090
231,+X,-Y,71553,-0.029000000,0.029298816,0.0,-0.029000000,0.029298816
232,+X,-Y,71632,-0.025000000,0.033275783,0.0,-0.025000000,0.033275783
233,+X,-Y,71713,-0.031000000,0.027310332,0.0,-0.031000000,0.027310332
234,+X,-Y,71792,-0.034000000,0.024327607,0.0,-0.034000000,0.024327607
235,+X,-Y,71872,-0.034000000,0.024327607,0.0,-0.034000000,0.024327607
236,+X,-Y,71953,-0.033000000,0.025321849,0.0,-0.033000000,0.025321849
237,+X,-Y,72032,-0.032000000,0.026316090,0.0,-0.032000000,0.026316090
238,+X,-Y,72113,-0.034000000,0.024327607,0.0,-0.034000000,0.024327607
239,+X,-Y,72192,-0.033000000,0.025321849,0.0,-0.033000000,0.025321849
240,+X,-Y,72273,-0.032000000,0.026316090,0.0,-0.032000000,0.026316090
241,+X,-Y,72352,-0.032000000,0.026316090,0.0,-0.032000000,0.026316090
242,+X,-Y,72433,-0.032000000,0.026316090,0.0,-0.032000000,0.026316090
243,+X,-Y,72512,-0.025000000,0.033275783,0.0,-0.025000000,0.033275783
244,+X,-Y,72593,-0.026000000,0.032281541,0.0,-0.026000000,0.032281541
245,+X,-Y,72672,-0.029000000,0.029298816,0.0,-0.029000000,0.029298816
246,+X,-Y,72752,-0.031000000,0.027310332,0.0,-0.031000000,0.027310332
247,+X,-Y,72833,-0.031000000,0.027310332,0.0,-0.031000000,0.027310332
248,+X,-Y,72912,-0.041000000,0.017367914,0.0,-0.041000000,0.017367914
249,+X,-Y,72993,-0.036000000,0.022339123,0.0,-0.036000000,0.022339123
250,+X,-Y,73072,-0.034000000,0.024327607,0.0,-0.034000000,0.024327607
251,+X,-Y,73153,-0.032000000,0.026316090,0.0,-0.032000000,0.026316090
252,+X,-Y,73232,-0.032000000,0.026316090,0.0,-0.032000000,0.026316090
253,+X,-Y,73313,-0.031000000,0.027310332,0.0,-0.031000000,0.027310332
254,+X,-Y,73392,-0.032000000,0.026316090,0.0,-0.032000000,0.026316090
255,+X,-Y,73473,-0.033000000,0.025321849,0.0,-0.033000000,0.025321849
256,+X,-Y,73552,-0.028000000,0.030293058,0.0,-0.028000000,0.030293058
257,+X,-Y,73632,-0.031000000,0.027310332,0.0,-0.031000000,0.027310332
258,+X,-Y,73713,-0.026000000,0.032281541,0.0,-0.026000000,0.032281541
259,+X,-Y,73792,-0.026000000,0.032281541,0.0,-0.026000000,0.032281541
260,+X,-Y,73873,-0.032000000,0.026316090,0.0,-0.032000000,0.026316090
261,+X,-Y,73952,-0.032000000,0.026316090,0.0,-0.032000000,0.026316090
262,+X,-Y,74033,-0.032000000,0.026316090,0.0,-0.032000000,0.026316090
263,+X,-Y,74112,-0.029000000,0.029298816,0.0,-0.029000000,0.029298816
264,+X,-Y,74193,-0.032000000,0.026316090,0.0,-0.032000000,0.026316090
265,+X,-Y,74272,-0.033000000,0.025321849,0.0,-0.033000000,0.025321849
266,+X,-Y,74352,-0.029000000,0.029298816,0.0,-0.029000000,0.029298816
267,+X,-Y,74433,-0.028000000,0.030293058,0.0,-0.028000000,0.030293058
268,+X,-Y,74512,-0.032000000,0.026316090,0.0,-0.032000000,0.026316090
269,+X,-Y,74593,-0.033000000,0.025321849,0.0,-0.033000000,0.025321849
270,+X,-Y,74672,-0.033000000,0.025321849,0.0,-0.033000000,0.025321849
271,+X,-Y,74753,-0.033000000,0.025321849,0.0,-0.033000000,0.025321849
272,+X,-Y,74832,-0.023000000,0.035264267,0.0,-0.023000000,0.035264267
273,+X,-Y,74913,-0.032000000,0.026316090,0.0,-0.032000000,0.026316090
274,+X,-Y,74992,-0.031000000,0.027310332,0.0,-0.031000000,0.027310332
275,+X,-Y,75072,-0.032000000,0.026316090,0.0,-0.032000000,0.026316090
276,+X,-Y,75152,-0.032000000,0.026316090,0.0,-0.032000000,0.026316090
277,+X,-Y,75232,-0.034000000,0.024327607,0.0,-0.034000000,0.024327607
278,+X,-Y,75313,-0.033000000,0.025321849,0.0,-0.033000000,0.025321849
279,+X,-Y,75392,-0.025000000,0.033275783,0.0,-0.025000000,0.033275783
280,+X,-Y,75473,-0.032000000,0.026316090,0.0,-0.032000000,0.026316090
281,+X,-Y,75552,-0.036000000,0.022339123,0.0,-0.036000000,0.022339123
282,+X,-Y,75633,-0.032000000,0.026316090,0.0,-0.032000000,0.026316090
283,+X,-Y,75712,-0.032000000,0.026316090,0.0,-0.032000000,0.026316090
284,+X,-Y,75793,-0.030000000,0.028304574,0.0,-0.030000000,0.028304574
285,+X,-Y,75872,-0.032000000,0.026316090,0.0,-0.032000000,0.026316090
286,+X,-Y,75952,-0.029000000,0.029298816,0.0,-0.029000000,0.029298816
287,+X,-Y,76032,-0.029000000,0.029298816,0.0,-0.029000000,0.029298816
288,+X,-Y,76112,-0.029000000,0.029298816,0.0,-0.029000000,0.029298816
289,+X,-Y,76193,-0.029000000,0.029298816,0.0,-0.029000000,0.029298816
290,+X,-Y,76272,-0.031000000,0.027310332,0.0,-0.031000000,0.027310332
291,+X,-Y,76353,-0.029000000,0.029298816,0.0,-0.029000000,0.029298816
292,+X,-Y,76432,-0.024000000,0.034270025,0.0,-0.024000000,0.034270025
293,+X,-Y,76513,-0.020000000,0.038246993,0.0,-0.020000000,0.038246993
294,+X,-Y,76592,-0.031000000,0.027310332,0.0,-0.031000000,0.027310332
295,+X,-Y,76672,-0.031000000,0.027310332,0.0,-0.031000000,0.027310332
296,+X,-Y,76752,-0.029000000,0.029298816,0.0,-0.029000000,0.029298816
297,+X,-Y,76832,-0.034000000,0.024327607,0.0,-0.034000000,0.024327607
298,+X,-Y,76913,-0.033000000,0.025321849,0.0,-0.033000000,0.025321849
299,+X,-Y,76992,-0.033000000,0.025321849,0.0,-0.033000000,0.025321849
300,+X,-Y,77073,-0.032000000,0.026316090,0.0,-0.032000000,0.026316090
301,+X,-Y,77152,-0.033000000,0.025321849,0.0,-0.033000000,0.025321849
302,+X,-Y,77233,-0.026000000,0.032281541,0.0,-0.026000000,0.032281541
303,+X,-Y,77312,-0.036000000,0.022339123,0.0,-0.036000000,0.022339123
304,+X,-Y,77392,-0.026000000,0.032281541,0.0,-0.026000000,0.032281541
305,+X,-Y,77472,-0.032000000,0.026316090,0.0,-0.032000000,0.026316090
306,+X,-Y,77552,-0.033000000,0.025321849,0.0,-0.033000000,0.025321849
307,+X,-Y,77633,-0.025000000,0.033275783,0.0,-0.025000000,0.033275783
308,+X,-Y,77712,-0.025000000,0.033275783,0.0,-0.025000000,0.033275783
309,+X,-Y,77793,-0.029000000,0.029298816,0.0,-0.029000000,0.029298816
310,+X,-Y,77872,-0.032000000,0.026316090,0.0,-0.032000000,0.026316090
311,+X,-Y,77953,-0.033000000,0.025321849,0.0,-0.033000000,0.025321849
312,+X,-Y,78032,-0.034000000,0.024327607,0.0,-0.034000000,0.024327607
313,+X,-Y,78112,-0.028000000,0.030293058,0.0,-0.028000000,0.030293058
314,+X,-Y,78192,-0.033000000,0.025321849,0.0,-0.033000000,0.025321849
315,+X,-Y,78272,-0.029000000,0.029298816,0.0,-0.029000000,0.029298816
316,+X,-Y,78353,-0.027000000,0.031287300,0.0,-0.027000000,0.031287300
317,+X,-Y,78432,-0.032000000,0.026316090,0.0,-0.032000000,0.026316090
318,+X,-Y,78513,-0.029000000,0.029298816,0.0,-0.029000000,0.029298816
319,+X,-Y,78592,-0.033000000,0.025321849,0.0,-0.033000000,0.025321849
320,+X,-Y,78673,-0.033000000,0.025321849,0.0,-0.033000000,0.025321849
321,+X,-Y,78752,-0.033000000,0.025321849,0.0,-0.033000000,0.025321849
322,+X,-Y,78832,-0.032000000,0.026316090,0.0,-0.032000000,0.026316090
323,+X,-Y,78912,-0.031000000,0.027310332,0.0,-0.031000000,0.027310332
324,+X,-Y,78992,-0.033000000,0.025321849,0.0,-0.033000000,0.025321849
325,+X,-Y,79073,-0.033000000,0.025321849,0.0,-0.033000000,0.025321849
326,+X,-Y,79152,-0.036000000,0.022339123,0.0,-0.036000000,0.022339123
327,+X,-Y,79233,-0.029000000,0.029298816,0.0,-0.029000000,0.029298816
328,+X,-Y,79312,-0.033000000,0.025321849,0.0,-0.033000000,0.025321849
329,+X,-Y,79393,-0.033000000,0.025321849,0.0,-0.033000000,0.025321849
330,+X,-Y,79472,-0.029000000,0.029298816,0.0,-0.029000000,0.029298816
331,+X,-Y,79552,-0.029000000,0.029298816,0.0,-0.029000000,0.029298816
332,+X,-Y,79632,-0.029000000,0.029298816,0.0,-0.029000000,0.029298816
333,+X,-Y,79712,-0.029000000,0.029298816,0.0,-0.029000000,0.029298816
334,+X,-Y,79793,-0.033000000,0.025321849,0.0,-0.033000000,0.025321849
335,+X,-Y,79872,-0.032000000,0.026316090,0.0,-0.032000000,0.026316090
336,+X,-Y,79953,-0.033000000,0.025321849,0.0,-0.033000000,0.025321849
337,+X,-Y,80032,-0.034000000,0.024327607,0.0,-0.034000000,0.024327607
338,+X,-Y,80113,-0.032000000,0.026316090,0.0,-0.032000000,0.026316090
339,+X,-Y,80192,-0.029000000,0.029298816,0.0,-0.029000000,0.029298816
340,+X,-Y,80273,-0.029000000,0.029298816,0.0,-0.029000000,0.029298816
341,+X,-Y,80352,-0.031000000,0.027310332,0.0,-0.031000000,0.027310332
342,+X,-Y,80432,-0.033000000,0.025321849,0.0,-0.033000000,0.025321849
343,+X,-Y,80513,-0.032000000,0.026316090,0.0,-0.032000000,0.026316090
344,+X,-Y,80592,-0.032000000,0.026316090,0.0,-0.032000000,0.026316090
345,+X,-Y,80673,-0.032000000,0.026316090,0.0,-0.032000000,0.026316090
346,+X,-Y,80752,-0.032000000,0.026316090,0.0,-0.032000000,0.026316090
347,+X,-Y,80833,-0.032000000,0.026316090,0.0,-0.032000000,0.026316090
348,+X,-Y,80912,-0.032000000,0.026316090,0.0,-0.032000000,0.026316090
349,+X,-Y,80992,-0.032000000,0.026316090,0.0,-0.032000000,0.026316090
350,+X,-Y,81072,-0.032000000,0.026316090,0.0,-0.032000000,0.026316090
351,+X,-Y,81152,-0.029000000,0.029298816,0.0,-0.029000000,0.029298816
352,+X,-Y,81233,-0.031000000,0.027310332,0.0,-0.031000000,0.027310332
353,+X,-Y,81312,-0.025000000,0.033275783,0.0,-0.025000000,0.033275783
354,+X,-Y,81393,-0.034000000,0.024327607,0.0,-0.034000000,0.024327607
355,+X,-Y,81472,-0.025000000,0.033275783,0.0,-0.025000000,0.033275783
356,+X,-Y,81553,-0.025000000,0.033275783,0.0,-0.025000000,0.033275783
357,+X,-Y,81632,-0.032000000,0.026316090,0.0,-0.032000000,0.026316090
358,+X,-Y,81712,-0.032000000,0.026316090,0.0,-0.032000000,0.026316090
359,+X,-Y,81792,-0.029000000,0.029298816,0.0,-0.029000000,0.029298816
360,+X,-Y,81872,-0.036000000,0.022339123,0.0,-0.036000000,0.022339123
361,+X,-Y,81953,-0.032000000,0.026316090,0.0,-0.032000000,0.026316090
362,+X,-Y,82032,-0.029000000,0.029298816,0.0,-0.029000000,0.029298816
363,+X,-Y,82113,-0.032000000,0.026316090,0.0,-0.032000000,0.026316090
364,+X,-Y,82192,-0.029000000,0.029298816,0.0,-0.029000000,0.029298816
365,+X,-Y,82273,-0.032000000,0.026316090,0.0,-0.032000000,0.026316090
366,+X,-Y,82352,-0.032000000,0.026316090,0.0,-0.032000000,0.026316090
367,+X,-Y,82433,-0.025000000,0.033275783,0.0,-0.025000000,0.033275783
368,+X,-Y,82512,-0.025000000,0.033275783,0.0,-0.025000000,0.033275783
369,+X,-Y,82592,-0.026000000,0.032281541,0.0,-0.026000000,0.032281541
370,+X,-Y,82673,-0.032000000,0.026316090,0.0,-0.032000000,0.026316090
371,+X,-Y,82752,-0.031000000,0.027310332,0.0,-0.031000000,0.027310332
372,+X,-Y,82833,-0.032000000,0.026316090,0.0,-0.032000000,0.026316090
373,+X,-Y,82912,-0.029000000,0.029298816,0.0,-0.029000000,0.029298816
374,+X,-Y,82993,-0.031000000,0.027310332,0.0,-0.031000000,0.027310332
375,+X,-Y,83072,-0.032000000,0.026316090,0.0,-0.032000000,0.026316090
376,+X,-Y,83152,-0.029000000,0.029298816,0.0,-0.029000000,0.029298816
377,+X,-Y,83233,-0.032000000,0.026316090,0.0,-0.032000000,0.026316090
378,+X,-Y,83312,-0.031000000,0.027310332,0.0,-0.031000000,0.027310332
379,+X,-Y,83393,-0.029000000,0.029298816,0.0,-0.029000000,0.029298816
380,+X,-Y,83472,-0.026000000,0.032281541,0.0,-0.026000000,0.032281541
381,+X,-Y,83553,-0.026000000,0.032281541,0.0,-0.026000000,0.032281541
382,+X,-Y,83632,-0.026000000,0.032281541,0.0,-0.026000000,0.032281541
383,+X,-Y,83713,-0.029000000,0.029298816,0.0,-0.029000000,0.029298816
384,+X,-Y,83792,-0.032000000,0.026316090,0.0,-0.032000000,0.026316090
385,+X,-Y,83873,-0.033000000,0.025321849,0.0,-0.033000000,0.025321849
386,+X,-Y,83952,-0.034000000,0.024327607,0.0,-0.034000000,0.024327607
387,+X,-Y,84032,-0.032000000,0.026316090,0.0,-0.032000000,0.026316090
388,+X,-Y,84113,-0.026000000,0.032281541,0.0,-0.026000000,0.032281541
389,+X,-Y,84192,-0.032000000,0.026316090,0.0,-0.032000000,0.026316090
390,+X,-Y,84273,-0.032000000,0.026316090,0.0,-0.032000000,0.026316090
391,+X,-Y,84352,-0.032000000,0.026316090,0.0,-0.032000000,0.026316090
392,+X,-Y,84433,-0.033000000,0.025321849,0.0,-0.033000000,0.025321849
393,+X,-Y,84512,-0.033000000,0.025321849,0.0,-0.033000000,0.025321849
394,+X,-Y,84593,-0.025000000,0.033275783,0.0,-0.025000000,0.033275783
395,+X,-Y,84672,-0.029000000,0.029298816,0.0,-0.029000000,0.029298816
396,+X,-Y,84752,-0.031000000,0.027310332,0.0,-0.031000000,0.027310332
397,+X,-Y,84833,-0.033000000,0.025321849,0.0,-0.033000000,0.025321849
398,+X,-Y,84912,-0.032000000,0.026316090,0.0,-0.032000000,0.026316090
399,+X,-Y,84993,-0.033000000,0.025321849,0.0,-0.033000000,0.025321849
400,+X,-Y,85072,-0.032000000,0.026316090,0.0,-0.032000000,0.026316090
401,+X,-Y,85153,-0.031000000,0.027310332,0.0,-0.031000000,0.027310332
402,+X,-Y,85232,-0.029000000,0.029298816,0.0,-0.029000000,0.029298816
403,+X,-Y,85313,-0.032000000,0.026316090,0.0,-0.032000000,0.026316090
404,+X,-Y,85392,-0.028000000,0.030293058,0.0,-0.028000000,0.030293058
405,+X,-Y,85472,-0.028000000,0.030293058,0.0,-0.028000000,0.030293058
406,+X,-Y,85553,-0.032000000,0.026316090,0.0,-0.032000000,0.026316090
407,+X,-Y,85632,-0.032000000,0.026316090,0.0,-0.032000000,0.026316090
408,+X,-Y,85713,-0.032000000,0.026316090,0.0,-0.032000000,0.026316090
409,+X,-Y,85792,-0.032000000,0.026316090,0.0,-0.032000000,0.026316090
410,+X,-Y,85873,-0.029000000,0.029298816,0.0,-0.029000000,0.029298816
411,+X,-Y,85952,-0.033000000,0.025321849,0.0,-0.033000000,0.025321849
412,+X,-Y,86033,-0.026000000,0.032281541,0.0,-0.026000000,0.032281541
413,+X,-Y,86112,-0.032000000,0.026316090,0.0,-0.032000000,0.026316090
414,+X,-Y,86192,-0.029000000,0.029298816,0.0,-0.029000000,0.029298816
415,+X,-Y,86273,-0.026000000,0.032281541,0.0,-0.026000000,0.032281541
416,+X,-Y,86352,-0.028000000,0.030293058,0.0,-0.028000000,0.030293058
417,+X,-Y,86433,-0.028000000,0.030293058,0.0,-0.028000000,0.030293058
418,+X,-Y,86512,-0.032000000,0.026316090,0.0,-0.032000000,0.026316090
419,+X,-Y,86593,-0.031000000,0.027310332,0.0,-0.031000000,0.027310332
420,+X,-Y,86672,-0.032000000,0.026316090,0.0,-0.032000000,0.026316090
421,+X,-Y,86753,-0.034000000,0.024327607,0.0,-0.034000000,0.024327607
422,+X,-Y,86832,-0.032000000,0.026316090,0.0,-0.032000000,0.026316090
423,+X,-Y,86912,-0.028000000,0.030293058,0.0,-0.028000000,0.030293058
424,+X,-Y,86993,-0.029000000,0.029298816,0.0,-0.029000000,0.029298816
425,+X,-Y,87072,-0.025000000,0.033275783,0.0,-0.025000000,0.033275783
426,+X,-Y,87153,-0.029000000,0.029298816,0.0,-0.029000000,0.029298816
427,+X,-Y,87232,-0.034000000,0.024327607,0.0,-0.034000000,0.024327607
428,+X,-Y,87313,-0.032000000,0.026316090,0.0,-0.032000000,0.026316090
429,+X,-Y,87392,-0.032000000,0.026316090,0.0,-0.032000000,0.026316090
430,+X,-Y,87473,-0.034000000,0.024327607,0.0,-0.034000000,0.024327607
431,+X,-Y,87552,-0.026000000,0.032281541,0.0,-0.026000000,0.032281541
432,+X,-Y,87632,-0.029000000,0.029298816,0.0,-0.029000000,0.029298816
433,+X,-Y,87713,-0.041000000,0.017367914,0.0,-0.041000000,0.017367914
434,+X,-Y,87792,-0.032000000,0.026316090,0.0,-0.032000000,0.026316090
435,+X,-Y,87873,-0.025000000,0.033275783,0.0,-0.025000000,0.033275783
436,+X,-Y,87952,-0.031000000,0.027310332,0.0,-0.031000000,0.027310332
437,+X,-Y,88033,-0.029000000,0.029298816,0.0,-0.029000000,0.029298816
438,+X,-Y,88112,-0.031000000,0.027310332,0.0,-0.031000000,0.027310332
439,+X,-Y,88193,-0.031000000,0.027310332,0.0,-0.031000000,0.027310332
440,+X,-Y,88272,-0.028000000,0.030293058,0.0,-0.028000000,0.030293058
441,+X,-Y,88352,-0.028000000,0.030293058,0.0,-0.028000000,0.030293058
442,+X,-Y,88433,-0.032000000,0.026316090,0.0,-0.032000000,0.026316090
443,+X,-Y,88512,-0.031000000,0.027310332,0.0,-0.031000000,0.027310332
444,+X,-Y,88593,-0.033000000,0.025321849,0.0,-0.033000000,0.025321849
445,+X,-Y,88672,-0.030000000,0.028304574,0.0,-0.030000000,0.028304574
446,+X,-Y,88753,-0.029000000,0.029298816,0.0,-0.029000000,0.029298816
447,+X,-Y,88832,-0.032000000,0.026316090,0.0,-0.032000000,0.026316090
448,+X,-Y,88913,-0.029000000,0.029298816,0.0,-0.029000000,0.029298816
449,+X,-Y,88992,-0.036000000,0.022339123,0.0,-0.036000000,0.022339123
450,+X,-Y,89073,-0.029000000,0.029298816,0.0,-0.029000000,0.029298816
451,+X,-Y,89152,-0.029000000,0.029298816,0.0,-0.029000000,0.029298816
452,+X,-Y,89232,-0.029000000,0.029298816,0.0,-0.029000000,0.029298816
453,+X,-Y,89313,-0.040000000,0.018362156,0.0,-0.040000000,0.018362156
454,+X,-Y,89392,-0.040000000,0.018362156,0.0,-0.040000000,0.018362156
455,+X,-Y,89473,-0.025000000,0.033275783,0.0,-0.025000000,0.033275783
456,+X,-Y,89552,-0.031000000,0.027310332,0.0,-0.031000000,0.027310332
457,+X,-Y,89633,-0.032000000,0.026316090,0.0,-0.032000000,0.026316090
458,+X,-Y,89712,-0.032000000,0.026316090,0.0,-0.032000000,0.026316090
459,+X,-Y,89793,-0.033000000,0.025321849,0.0,-0.033000000,0.025321849
460,+X,-Y,89872,-0.029000000,0.029298816,0.0,-0.029000000,0.029298816
461,+X,-Y,89952,-0.029000000,0.029298816,0.0,-0.029000000,0.029298816
462,+X,-Y,90033,-0.032000000,0.026316090,0.0,-0.032000000,0.026316090
463,+X,-Y,90112,-0.036000000,0.022339123,0.0,-0.036000000,0.022339123
464,+X,-Y,90193,-0.029000000,0.029298816,0.0,-0.029000000,0.029298816
465,+X,-Y,90272,-0.032000000,0.026316090,0.0,-0.032000000,0.026316090
466,+X,-Y,90353,-0.032000000,0.026316090,0.0,-0.032000000,0.026316090
467,+X,-Y,90432,-0.032000000,0.026316090,0.0,-0.032000000,0.026316090
468,+X,-Y,90513,-0.029000000,0.029298816,0.0,-0.029000000,0.029298816
469,+X,-Y,90592,-0.032000000,0.026316090,0.0,-0.032000000,0.026316090
470,+X,-Y,90672,-0.031000000,0.027310332,0.0,-0.031000000,0.027310332
471,+X,-Y,90753,-0.031000000,0.027310332,0.0,-0.031000000,0.027310332
472,+X,-Y,90832,-0.032000000,0.026316090,0.0,-0.032000000,0.026316090
473,+X,-Y,90913,-0.025000000,0.033275783,0.0,-0.025000000,0.033275783
474,+X,-Y,90992,-0.029000000,0.029298816,0.0,-0.029000000,0.029298816
475,+X,-Y,91073,-0.033000000,0.025321849,0.0,-0.033000000,0.025321849
476,+X,-Y,91152,-0.032000000,0.026316090,0.0,-0.032000000,0.026316090
477,+X,-Y,91233,-0.029000000,0.029298816,0.0,-0.029000000,0.029298816
478,+X,-Y,91312,-0.029000000,0.029298816,0.0,-0.029000000,0.029298816
479,+X,-Y,91392,-0.032000000,0.026316090,0.0,-0.032000000,0.026316090
480,+X,-Y,91473,-0.031000000,0.027310332,0.0,-0.031000000,0.027310332
481,+X,-Y,91552,-0.031000000,0.027310332,0.0,-0.031000000,0.027310332
482,+X,-Y,91633,-0.032000000,0.026316090,0.0,-0.032000000,0.026316090
483,+X,-Y,91712,-0.029000000,0.029298816,0.0,-0.029000000,0.029298816
484,+X,-Y,91793,-0.032000000,0.026316090,0.0,-0.032000000,0.026316090
485,+X,-Y,91872,-0.032000000,0.026316090,0.0,-0.032000000,0.026316090
486,+X,-Y,91953,-0.032000000,0.026316090,0.0,-0.032000000,0.026316090
487,+X,-Y,92032,-0.033000000,0.025321849,0.0,-0.033000000,0.025321849
488,+X,-Y,92112,-0.032000000,0.026316090,0.0,-0.032000000,0.026316090
489,+X,-Y,92193,-0.029000000,0.029298816,0.0,-0.029000000,0.029298816
490,+X,-Y,92272,-0.029000000,0.029298816,0.0,-0.029000000,0.029298816
491,+X,-Y,92353,-0.020000000,0.038246993,0.0,-0.020000000,0.038246993
492,+X,-Y,92432,-0.029000000,0.029298816,0.0,-0.029000000,0.029298816
493,+X,-Y,92513,-0.033000000,0.025321849,0.0,-0.033000000,0.025321849
494,+X,-Y,92592,-0.033000000,0.025321849,0.0,-0.033000000,0.025321849
495,+X,-Y,92673,-0.031000000,0.027310332,0.0,-0.031000000,0.027310332
496,+X,-Y,92752,-0.029000000,0.029298816,0.0,-0.029000000,0.029298816
497,+X,-Y,92832,-0.026000000,0.032281541,0.0,-0.026000000,0.032281541
498,+X,-Y,92913,-0.033000000,0.025321849,0.0,-0.033000000,0.025321849
499,+X,-Y,92992,-0.029000000,0.029298816,0.0,-0.029000000,0.029298816
500,+X,-Y,93073,-0.029000000,0.029298816,0.0,-0.029000000,0.029298816
501,+X,-Y,93152,-0.031000000,0.027310332,0.0,-0.031000000,0.027310332
502,+X,-Y,93233,-0.031000000,0.027310332,0.0,-0.031000000,0.027310332
503,+X,-Y,93312,-0.032000000,0.026316090,0.0,-0.032000000,0.026316090
504,+X,-Y,93393,-0.031000000,0.027310332,0.0,-0.031000000,0.027310332
505,+X,-Y,93472,-0.029000000,0.029298816,0.0,-0.029000000,0.029298816
506,+X,-Y,93552,-0.028000000,0.030293058,0.0,-0.028000000,0.030293058
507,+X,-Y,93633,-0.033000000,0.025321849,0.0,-0.033000000,0.025321849
508,+X,-Y,93712,-0.032000000,0.026316090,0.0,-0.032000000,0.026316090
509,+X,-Y,93793,-0.031000000,0.027310332,0.0,-0.031000000,0.027310332
510,+X,-Y,93872,-0.029000000,0.029298816,0.0,-0.029000000,0.029298816
511,+X,-Y,93953,-0.029000000,0.029298816,0.0,-0.029000000,0.029298816
512,+X,-Y,94032,-0.031000000,0.027310332,0.0,-0.031000000,0.027310332
513,+X,-Y,94113,-0.026000000,0.032281541,0.0,-0.026000000,0.032281541
514,+X,-Y,94192,-0.029000000,0.029298816,0.0,-0.029000000,0.029298816
515,+X,-Y,94272,-0.029000000,0.029298816,0.0,-0.029000000,0.029298816
516,+X,-Y,94353,-0.031000000,0.027310332,0.0,-0.031000000,0.027310332
517,+X,-Y,94432,-0.025000000,0.033275783,0.0,-0.025000000,0.033275783
518,+X,-Y,94513,-0.031000000,0.027310332,0.0,-0.031000000,0.027310332
519,+X,-Y,94592,-0.032000000,0.026316090,0.0,-0.032000000,0.026316090
520,+X,-Y,94673,-0.032000000,0.026316090,0.0,-0.032000000,0.026316090
521,+X,-Y,94752,-0.029000000,0.029298816,0.0,-0.029000000,0.029298816
522,+X,-Y,94833,-0.025000000,0.033275783,0.0,-0.025000000,0.033275783
523,+X,-Y,94912,-0.032000000,0.026316090,0.0,-0.032000000,0.026316090
524,+X,-Y,94992,-0.034000000,0.024327607,0.0,-0.034000000,0.024327607
525,+X,-Y,95073,-0.033000000,0.025321849,0.0,-0.033000000,0.025321849
526,+X,-Y,95152,-0.033000000,0.025321849,0.0,-0.033000000,0.025321849
527,+X,-Y,95233,-0.033000000,0.025321849,0.0,-0.033000000,0.025321849
528,+X,-Y,95312,-0.032000000,0.026316090,0.0,-0.032000000,0.026316090
529,+X,-Y,95393,-0.029000000,0.029298816,0.0,-0.029000000,0.029298816
530,+X,-Y,95472,-0.029000000,0.029298816,0.0,-0.029000000,0.029298816
531,+X,-Y,95553,-0.033000000,0.025321849,0.0,-0.033000000,0.025321849
532,+X,-Y,95632,-0.032000000,0.026316090,0.0,-0.032000000,0.026316090
533,+X,-Y,95712,-0.032000000,0.026316090,0.0,-0.032000000,0.026316090
534,+X,-Y,95793,-0.029000000,0.029298816,0.0,-0.029000000,0.029298816
535,+X,-Y,95872,-0.025000000,0.033275783,0.0,-0.025000000,0.033275783
536,+X,-Y,95953,-0.034000000,0.024327607,0.0,-0.034000000,0.024327607
537,+X,-Y,96032,-0.031000000,0.027310332,0.0,-0.031000000,0.027310332
538,+X,-Y,96113,-0.032000000,0.026316090,0.0,-0.032000000,0.026316090
539,+X,-Y,96192,-0.032000000,0.026316090,0.0,-0.032000000,0.026316090
540,+X,-Y,96273,-0.033000000,0.025321849,0.0,-0.033000000,0.025321849
541,+X,-Y,96352,-0.028000000,0.030293058,0.0,-0.028000000,0.030293058
542,+X,-Y,96432,-0.029000000,0.029298816,0.0,-0.029000000,0.029298816
543,+X,-Y,96513,-0.032000000,0.026316090,0.0,-0.032000000,0.026316090
544,+X,-Y,96592,-0.032000000,0.026316090,0.0,-0.032000000,0.026316090
545,+X,-Y,96673,-0.029000000,0.029298816,0.0,-0.029000000,0.029298816
546,+X,-Y,96752,-0.033000000,0.025321849,0.0,-0.033000000,0.025321849
547,+X,-Y,96833,-0.036000000,0.022339123,0.0,-0.036000000,0.022339123
548,+X,-Y,96912,-0.032000000,0.026316090,0.0,-0.032000000,0.026316090
549,+X,-Y,96993,-0.033000000,0.025321849,0.0,-0.033000000,0.025321849
550,+X,-Y,97072,-0.029000000,0.029298816,0.0,-0.029000000,0.029298816
551,+X,-Y,97153,-0.029000000,0.029298816,0.0,-0.029000000,0.029298816
552,+X,-Y,97232,-0.029000000,0.029298816,0.0,-0.029000000,0.029298816
553,+X,-Y,97312,-0.031000000,0.027310332,0.0,-0.031000000,0.027310332
554,+X,-Y,97393,-0.026000000,0.032281541,0.0,-0.026000000,0.032281541
555,+X,-Y,97472,-0.033000000,0.025321849,0.0,-0.033000000,0.025321849
556,+X,-Y,97553,-0.033000000,0.025321849,0.0,-0.033000000,0.025321849
557,+X,-Y,97632,-0.032000000,0.026316090,0.0,-0.032000000,0.026316090
558,+X,-Y,97713,-0.032000000,0.026316090,0.0,-0.032000000,0.026316090
559,+X,-Y,97792,-0.033000000,0.025321849,0.0,-0.033000000,0.025321849
560,+X,-Y,97873,-0.029000000,0.029298816,0.0,-0.029000000,0.029298816
561,+X,-Y,97952,-0.032000000,0.026316090,0.0,-0.032000000,0.026316090
562,+X,-Y,98032,-0.041000000,0.017367914,0.0,-0.041000000,0.017367914
563,+X,-Y,98113,-0.041000000,0.017367914,0.0,-0.041000000,0.017367914
564,+X,-Y,98192,-0.032000000,0.026316090,0.0,-0.032000000,0.026316090
565,+X,-Y,98273,-0.025000000,0.033275783,0.0,-0.025000000,0.033275783
566,+X,-Y,98352,-0.032000000,0.026316090,0.0,-0.032000000,0.026316090
567,+X,-Y,98433,-0.032000000,0.026316090,0.0,-0.032000000,0.026316090
568,+X,-Y,98512,-0.031000000,0.027310332,0.0,-0.031000000,0.027310332
569,+X,-Y,98593,-0.032000000,0.026316090,0.0,-0.032000000,0.026316090
570,+X,-Y,98672,-0.026000000,0.032281541,0.0,-0.026000000,0.032281541
571,+X,-Y,98753,-0.026000000,0.032281541,0.0,-0.026000000,0.032281541
572,+X,-Y,98832,-0.032000000,0.026316090,0.0,-0.032000000,0.026316090
573,+X,-Y,98912,-0.032000000,0.026316090,0.0,-0.032000000,0.026316090
574,+X,-Y,98992,-0.029000000,0.029298816,0.0,-0.029000000,0.029298816
575,+X,-Y,99072,-0.033000000,0.025321849,0.0,-0.033000000,0.025321849
576,+X,-Y,99153,-0.033000000,0.025321849,0.0,-0.033000000,0.025321849
577,+X,-Y,99232,-0.036000000,0.022339123,0.0,-0.036000000,0.022339123
578,+X,-Y,99313,-0.033000000,0.025321849,0.0,-0.033000000,0.025321849
579,+X,-Y,99392,-0.025000000,0.033275783,0.0,-0.025000000,0.033275783
580,+X,-Y,99473,-0.029000000,0.029298816,0.0,-0.029000000,0.029298816
581,+X,-Y,99552,-0.031000000,0.027310332,0.0,-0.031000000,0.027310332
582,+X,-Y,99633,-0.028000000,0.030293058,0.0,-0.028000000,0.030293058
583,+X,-Y,99712,-0.032000000,0.026316090,0.0,-0.032000000,0.026316090
584,+X,-Y,99792,-0.032000000,0.026316090,0.0,-0.032000000,0.026316090
585,+X,-Y,99873,-0.033000000,0.025321849,0.0,-0.033000000,0.025321849
586,+X,-Y,99952,-0.032000000,0.026316090,0.0,-0.032000000,0.026316090
587,+X,-Y,100033,-0.031000000,0.027310332,0.0,-0.031000000,0.027310332
588,+X,-Y,100112,-0.031000000,0.027310332,0.0,-0.031000000,0.027310332
589,+X,-Y,100193,-0.033000000,0.025321849,0.0,-0.033000000,0.025321849
590,+X,-Y,100273,-0.029000000,0.029298816,0.0,-0.029000000,0.029298816
591,+X,-Y,100352,-0.031000000,0.027310332,0.0,-0.031000000,0.027310332
592,+X,-Y,100433,-0.031000000,0.027310332,0.0,-0.031000000,0.027310332
593,+X,-Y,100512,-0.034000000,0.024327607,0.0,-0.034000000,0.024327607
594,+X,-Y,100592,-0.033000000,0.025321849,0.0,-0.033000000,0.025321849
595,+X,-Y,100673,-0.021000000,0.037252751,0.0,-0.021000000,0.037252751
596,+X,-Y,100752,-0.025000000,0.033275783,0.0,-0.025000000,0.033275783
597,+X,-Y,100832,-0.026000000,0.032281541,0.0,-0.026000000,0.032281541
598,+X,-Y,100913,-0.029000000,0.029298816,0.0,-0.029000000,0.029298816
599,+X,-Y,100992,-0.032000000,0.026316090,0.0,-0.032000000,0.026316090
600,+X,-Y,101072,-0.032000000,0.026316090,0.0,-0.032000000,0.026316090
601,+X,-Y,101153,-0.039000000,0.019356397,0.0,-0.039000000,0.019356397
602,+X,-Y,101232,-0.032000000,0.026316090,0.0,-0.032000000,0.026316090
603,+X,-Y,101313,-0.029000000,0.029298816,0.0,-0.029000000,0.029298816
604,+X,-Y,101392,-0.031000000,0.027310332,0.0,-0.031000000,0.027310332
605,+X,-Y,101472,-0.032000000,0.026316090,0.0,-0.032000000,0.026316090
606,+X,-Y,101553,-0.032000000,0.026316090,0.0,-0.032000000,0.026316090
607,+X,-Y,101632,-0.029000000,0.029298816,0.0,-0.029000000,0.029298816
608,+X,-Y,101712,-0.041000000,0.017367914,0.0,-0.041000000,0.017367914
609,+X,-Y,101793,-0.034000000,0.024327607,0.0,-0.034000000,0.024327607
610,+X,-Y,101872,-0.026000000,0.032281541,0.0,-0.026000000,0.032281541
611,+X,-Y,101953,-0.029000000,0.029298816,0.0,-0.029000000,0.029298816
612,+X,-Y,102033,-0.029000000,0.029298816,0.0,-0.029000000,0.029298816
613,+X,-Y,102112,-0.026000000,0.032281541,0.0,-0.026000000,0.032281541
614,+X,-Y,102193,-0.029000000,0.029298816,0.0,-0.029000000,0.029298816
615,+X,-Y,102272,-0.029000000,0.029298816,0.0,-0.029000000,0.029298816
616,+X,-Y,102352,-0.029000000,0.029298816,0.0,-0.029000000,0.029298816
617,+X,-Y,102433,-0.032000000,0.026316090,0.0,-0.032000000,0.026316090
618,+X,-Y,102512,-0.032000000,0.026316090,0.0,-0.032000000,0.026316090
619,+X,-Y,102592,-0.028000000,0.030293058,0.0,-0.028000000,0.030293058
620,+X,-Y,102673,-0.028000000,0.030293058,0.0,-0.028000000,0.030293058
621,+X,-Y,102752,-0.032000000,0.026316090,0.0,-0.032000000,0.026316090
622,+X,-Y,102833,-0.026000000,0.032281541,0.0,-0.026000000,0.032281541
623,+X,-Y,102913,-0.028000000,0.030293058,0.0,-0.028000000,0.030293058
624,+X,-Y,102992,-0.028000000,0.030293058,0.0,-0.028000000,0.030293058
625,+X,-Y,103073,-0.031000000,0.027310332,0.0,-0.031000000,0.027310332
626,+X,-Y,103152,-0.029000000,0.029298816,0.0,-0.029000000,0.029298816
627,+X,-Y,103232,-0.029000000,0.029298816,0.0,-0.029000000,0.029298816
628,+X,-Y,103313,-0.033000000,0.025321849,0.0,-0.033000000,0.025321849
629,+X,-Y,103392,-0.033000000,0.025321849,0.0,-0.033000000,0.025321849
630,+X,-Y,103472,-0.029000000,0.029298816,0.0,-0.029000000,0.029298816
631,+X,-Y,103553,-0.032000000,0.026316090,0.0,-0.032000000,0.026316090
632,+X,-Y,103632,-0.032000000,0.026316090,0.0,-0.032000000,0.026316090
633,+X,-Y,103713,-0.032000000,0.026316090,0.0,-0.032000000,0.026316090
634,+X,-Y,103792,-0.031000000,0.027310332,0.0,-0.031000000,0.027310332
635,+X,-Y,103872,-0.032000000,0.026316090,0.0,-0.032000000,0.026316090
636,+X,-Y,103953,-0.032000000,0.026316090,0.0,-0.032000000,0.026316090
637,+X,-Y,104032,-0.032000000,0.026316090,0.0,-0.032000000,0.026316090
638,+X,-Y,104112,-0.029000000,0.029298816,0.0,-0.029000000,0.029298816
639,+X,-Y,104193,-0.031000000,0.027310332,0.0,-0.031000000,0.027310332
640,+X,-Y,104272,-0.032000000,0.026316090,0.0,-0.032000000,0.026316090
641,+X,-Y,104353,-0.032000000,0.026316090,0.0,-0.032000000,0.026316090
642,+X,-Y,104432,-0.029000000,0.029298816,0.0,-0.029000000,0.029298816
643,+X,-Y,104512,-0.026000000,0.032281541,0.0,-0.026000000,0.032281541
644,+X,-Y,104593,-0.031000000,0.027310332,0.0,-0.031000000,0.027310332
645,+X,-Y,104672,-0.025000000,0.033275783,0.0,-0.025000000,0.033275783
646,+X,-Y,104752,-0.031000000,0.027310332,0.0,-0.031000000,0.027310332
647,+X,-Y,104833,-0.032000000,0.026316090,0.0,-0.032000000,0.026316090
648,+X,-Y,104912,-0.025000000,0.033275783,0.0,-0.025000000,0.033275783
649,+X,-Y,104993,-0.025000000,0.033275783,0.0,-0.025000000,0.033275783
650,+X,-Y,105072,-0.033000000,0.025321849,0.0,-0.033000000,0.025321849
651,+X,-Y,105152,-0.032000000,0.026316090,0.0,-0.032000000,0.026316090
652,+X,-Y,105233,-0.029000000,0.029298816,0.0,-0.029000000,0.029298816
653,+X,-Y,105312,-0.031000000,0.027310332,0.0,-0.031000000,0.027310332
654,+X,-Y,105392,-0.031000000,0.027310332,0.0,-0.031000000,0.027310332
655,+X,-Y,105473,-0.031000000,0.027310332,0.0,-0.031000000,0.027310332
656,+X,-Y,105552,-0.032000000,0.026316090,0.0,-0.032000000,0.026316090
657,+X,-Y,105632,-0.033000000,0.025321849,0.0,-0.033000000,0.025321849
658,+X,-Y,105713,-0.029000000,0.029298816,0.0,-0.029000000,0.029298816
659,+X,-Y,105792,-0.033000000,0.025321849,0.0,-0.033000000,0.025321849
660,+X,-Y,105873,-0.026000000,0.032281541,0.0,-0.026000000,0.032281541
661,+X,-Y,105953,-0.026000000,0.032281541,0.0,-0.026000000,0.032281541
662,+X,-Y,106032,-0.029000000,0.029298816,0.0,-0.029000000,0.029298816
663,+X,-Y,106113,-0.029000000,0.029298816,0.0,-0.029000000,0.029298816
664,+X,-Y,106192,-0.029000000,0.029298816,0.0,-0.029000000,0.029298816
665,+X,-Y,106272,-0.025000000,0.033275783,0.0,-0.025000000,0.033275783
666,+X,-Y,106353,-0.029000000,0.029298816,0.0,-0.029000000,0.029298816
667,+X,-Y,106432,-0.029000000,0.029298816,0.0,-0.029000000,0.029298816
668,+X,-Y,106512,-0.028000000,0.030293058,0.0,-0.028000000,0.030293058
669,+X,-Y,106593,-0.025000000,0.033275783,0.0,-0.025000000,0.033275783
670,+X,-Y,106672,-0.029000000,0.029298816,0.0,-0.029000000,0.029298816
671,+X,-Y,106753,-0.031000000,0.027310332,0.0,-0.031000000,0.027310332
672,+X,-Y,106833,-0.030000000,0.028304574,0.0,-0.030000000,0.028304574
673,+X,-Y,106912,-0.030000000,0.028304574,0.0,-0.030000000,0.028304574
674,+X,-Y,106993,-0.033000000,0.025321849,0.0,-0.033000000,0.025321849
675,+X,-Y,107072,-0.026000000,0.032281541,0.0,-0.026000000,0.032281541
676,+X,-Y,107152,-0.029000000,0.029298816,0.0,-0.029000000,0.029298816
677,+X,-Y,107233,-0.032000000,0.026316090,0.0,-0.032000000,0.026316090
678,+X,-Y,107312,-0.036000000,0.022339123,0.0,-0.036000000,0.022339123
679,+X,-Y,107392,-0.029000000,0.029298816,0.0,-0.029000000,0.029298816
680,+X,-Y,107473,-0.031000000,0.027310332,0.0,-0.031000000,0.027310332
681,+X,-Y,107552,-0.028000000,0.030293058,0.0,-0.028000000,0.030293058
682,+X,-Y,107633,-0.033000000,0.025321849,0.0,-0.033000000,0.025321849
683,+X,-Y,107712,-0.036000000,0.022339123,0.0,-0.036000000,0.022339123
684,+X,-Y,107792,-0.036000000,0.022339123,0.0,-0.036000000,0.022339123
685,+X,-Y,107873,-0.036000000,0.022339123,0.0,-0.036000000,0.022339123
686,+X,-Y,107952,-0.032000000,0.026316090,0.0,-0.032000000,0.026316090
687,+X,-Y,108032,-0.032000000,0.026316090,0.0,-0.032000000,0.026316090
688,+X,-Y,108113,-0.037000000,0.021344881,0.0,-0.037000000,0.021344881
689,+X,-Y,108192,-0.029000000,0.029298816,0.0,-0.029000000,0.029298816
690,+X,-Y,108272,-0.032000000,0.026316090,0.0,-0.032000000,0.026316090
691,+X,-Y,108353,-0.032000000,0.026316090,0.0,-0.032000000,0.026316090
692,+X,-Y,108432,-0.029000000,0.029298816,0.0,-0.029000000,0.029298816
693,+X,-Y,108513,-0.028000000,0.030293058,0.0,-0.028000000,0.030293058
694,+X,-Y,108592,-0.032000000,0.026316090,0.0,-0.032000000,0.026316090
695,+X,-Y,108672,-0.036000000,0.022339123,0.0,-0.036000000,0.022339123
696,+X,-Y,108753,-0.031000000,0.027310332,0.0,-0.031000000,0.027310332
697,+X,-Y,108832,-0.031000000,0.027310332,0.0,-0.031000000,0.027310332
698,+X,-Y,108912,-0.032000000,0.026316090,0.0,-0.032000000,0.026316090
699,+X,-Y,108993,-0.033000000,0.025321849,0.0,-0.033000000,0.025321849
700,+X,-Y,109072,-0.032000000,0.026316090,0.0,-0.032000000,0.026316090
701,+X,-Y,109153,-0.032000000,0.026316090,0.0,-0.032000000,0.026316090
702,+X,-Y,109233,-0.036000000,0.022339123,0.0,-0.036000000,0.022339123
703,+X,-Y,109312,-0.033000000,0.025321849,0.0,-0.033000000,0.025321849
704,+X,-Y,109393,-0.033000000,0.025321849,0.0,-0.033000000,0.025321849
705,+X,-Y,109472,-0.032000000,0.026316090,0.0,-0.032000000,0.026316090
706,+X,-Y,109552,-0.025000000,0.033275783,0.0,-0.025000000,0.033275783
707,+X,-Y,109633,-0.034000000,0.024327607,0.0,-0.034000000,0.024327607
708,+X,-Y,109712,-0.029000000,0.029298816,0.0,-0.029000000,0.029298816
709,+X,-Y,109792,-0.029000000,0.029298816,0.0,-0.029000000,0.029298816
710,+X,-Y,109873,-0.026000000,0.032281541,0.0,-0.026000000,0.032281541
711,+X,-Y,109952,-0.031000000,0.027310332,0.0,-0.031000000,0.027310332
712,+X,-Y,110032,-0.031000000,0.027310332,0.0,-0.031000000,0.027310332
713,+X,-Y,110113,-0.031000000,0.027310332,0.0,-0.031000000,0.027310332
714,+X,-Y,110192,-0.029000000,0.029298816,0.0,-0.029000000,0.029298816
715,+X,-Y,110273,-0.025000000,0.033275783,0.0,-0.025000000,0.033275783
716,+X,-Y,110352,-0.029000000,0.029298816,0.0,-0.029000000,0.029298816
717,+X,-Y,110432,-0.031000000,0.027310332,0.0,-0.031000000,0.027310332
718,+X,-Y,110513,-0.033000000,0.025321849,0.0,-0.033000000,0.025321849
719,+X,-Y,110592,-0.021000000,0.037252751,0.0,-0.021000000,0.037252751
720,+X,-Y,110672,-0.029000000,0.029298816,0.0,-0.029000000,0.029298816
721,+X,-Y,110753,-0.025000000,0.033275783,0.0,-0.025000000,0.033275783
722,+X,-Y,110832,-0.025000000,0.033275783,0.0,-0.025000000,0.033275783
723,+X,-Y,110913,-0.031000000,0.027310332,0.0,-0.031000000,0.027310332
724,+X,-Y,110993,-0.033000000,0.025321849,0.0,-0.033000000,0.025321849
725,+X,-Y,111072,-0.024000000,0.034270025,0.0,-0.024000000,0.034270025
726,+X,-Y,111153,-0.029000000,0.029298816,0.0,-0.029000000,0.029298816
727,+X,-Y,111232,-0.029000000,0.029298816,0.0,-0.029000000,0.029298816
728,+X,-Y,111312,-0.029000000,0.029298816,0.0,-0.029000000,0.029298816
729,+X,-Y,111393,-0.029000000,0.029298816,0.0,-0.029000000,0.029298816
730,+X,-Y,111472,-0.033000000,0.025321849,0.0,-0.033000000,0.025321849
731,+X,-Y,111552,-0.026000000,0.032281541,0.0,-0.026000000,0.032281541
732,+X,-Y,111633,-0.029000000,0.029298816,0.0,-0.029000000,0.029298816
733,+X,-Y,111712,-0.032000000,0.026316090,0.0,-0.032000000,0.026316090
734,+X,-Y,111793,-0.032000000,0.026316090,0.0,-0.032000000,0.026316090
735,+X,-Y,111872,-0.033000000,0.025321849,0.0,-0.033000000,0.025321849
736,+X,-Y,111952,-0.030000000,0.028304574,0.0,-0.030000000,0.028304574
737,+X,-Y,112033,-0.036000000,0.022339123,0.0,-0.036000000,0.022339123
738,+X,-Y,112112,-0.032000000,0.026316090,0.0,-0.032000000,0.026316090
739,+X,-Y,112192,-0.032000000,0.026316090,0.0,-0.032000000,0.026316090
740,+X,-Y,112273,-0.032000000,0.026316090,0.0,-0.032000000,0.026316090
741,+X,-Y,112352,-0.029000000,0.029298816,0.0,-0.029000000,0.029298816
742,+X,-Y,112432,-0.029000000,0.029298816,0.0,-0.029000000,0.029298816
743,+X,-Y,112513,-0.036000000,0.022339123,0.0,-0.036000000,0.022339123
744,+X,-Y,112592,-0.033000000,0.025321849,0.0,-0.033000000,0.025321849
745,+X,-Y,112673,-0.029000000,0.029298816,0.0,-0.029000000,0.029298816
746,+X,-Y,112752,-0.029000000,0.029298816,0.0,-0.029000000,0.029298816
747,+X,-Y,112832,-0.020000000,0.038246993,0.0,-0.020000000,0.038246993
748,+X,-Y,112913,-0.032000000,0.026316090,0.0,-0.032000000,0.026316090
749,+X,-Y,112992,-0.031000000,0.027310332,0.0,-0.031000000,0.027310332
750,+X,-Y,113072,-0.029000000,0.029298816,0.0,-0.029000000,0.029298816
751,+X,-Y,113153,-0.032000000,0.026316090,0.0,-0.032000000,0.026316090
752,+X,-Y,113232,-0.034000000,0.024327607,0.0,-0.034000000,0.024327607
753,+X,-Y,113313,-0.032000000,0.026316090,0.0,-0.032000000,0.026316090
754,+X,-Y,113392,-0.031000000,0.027310332,0.0,-0.031000000,0.027310332
755,+X,-Y,113472,-0.034000000,0.024327607,0.0,-0.034000000,0.024327607
756,+X,-Y,113553,-0.032000000,0.026316090,0.0,-0.032000000,0.026316090
757,+X,-Y,113632,-0.034000000,0.024327607,0.0,-0.034000000,0.024327607
758,+X,-Y,113712,-0.034000000,0.024327607,0.0,-0.034000000,0.024327607
759,+X,-Y,113793,-0.032000000,0.026316090,0.0,-0.032000000,0.026316090
760,+X,-Y,113872,-0.034000000,0.024327607,0.0,-0.034000000,0.024327607
761,+X,-Y,113952,-0.032000000,0.026316090,0.0,-0.032000000,0.026316090
762,+X,-Y,114033,-0.029000000,0.029298816,0.0,-0.029000000,0.029298816
763,+X,-Y,114112,-0.029000000,0.029298816,0.0,-0.029000000,0.029298816
764,+X,-Y,114193,-0.025000000,0.033275783,0.0,-0.025000000,0.033275783
765,+X,-Y,114272,-0.028000000,0.030293058,0.0,-0.028000000,0.030293058
766,+X,-Y,114352,-0.025000000,0.033275783,0.0,-0.025000000,0.033275783
767,+X,-Y,114433,-0.029000000,0.029298816,0.0,-0.029000000,0.029298816
768,+X,-Y,114512,-0.031000000,0.027310332,0.0,-0.031000000,0.027310332
769,+X,-Y,114592,-0.032000000,0.026316090,0.0,-0.032000000,0.026316090
770,+X,-Y,114673,-0.032000000,0.026316090,0.0,-0.032000000,0.026316090
771,+X,-Y,114752,-0.032000000,0.026316090,0.0,-0.032000000,0.026316090
772,+X,-Y,114833,-0.036000000,0.022339123,0.0,-0.036000000,0.022339123
773,+X,-Y,114913,-0.041000000,0.017367914,0.0,-0.041000000,0.017367914
774,+X,-Y,114992,-0.032000000,0.026316090,0.0,-0.032000000,0.026316090
775,+X,-Y,115073,-0.034000000,0.024327607,0.0,-0.034000000,0.024327607
776,+X,-Y,115152,-0.029000000,0.029298816,0.0,-0.029000000,0.029298816
777,+X,-Y,115232,-0.032000000,0.026316090,0.0,-0.032000000,0.026316090
778,+X,-Y,115313,-0.032000000,0.026316090,0.0,-0.032000000,0.026316090
779,+X,-Y,115392,-0.032000000,0.026316090,0.0,-0.032000000,0.026316090
780,+X,-Y,115472,-0.020000000,0.038246993,0.0,-0.020000000,0.038246993
781,+X,-Y,115553,-0.032000000,0.026316090,0.0,-0.032000000,0.026316090
782,+X,-Y,115632,-0.032000000,0.026316090,0.0,-0.032000000,0.026316090
783,+X,-Y,115713,-0.029000000,0.029298816,0.0,-0.029000000,0.029298816
784,+X,-Y,115792,-0.029000000,0.029298816,0.0,-0.029000000,0.029298816
785,+X,-Y,115872,-0.032000000,0.026316090,0.0,-0.032000000,0.026316090
786,+X,-Y,115953,-0.032000000,0.026316090,0.0,-0.032000000,0.026316090
787,+X,-Y,116032,-0.033000000,0.025321849,0.0,-0.033000000,0.025321849
788,+X,-Y,116113,-0.031000000,0.027310332,0.0,-0.031000000,0.027310332
789,+X,-Y,116193,-0.033000000,0.025321849,0.0,-0.033000000,0.025321849
790,+X,-Y,116272,-0.031000000,0.027310332,0.0,-0.031000000,0.027310332
791,+X,-Y,116353,-0.039000000,0.019356397,0.0,-0.039000000,0.019356397
792,+X,-Y,116432,-0.023000000,0.035264267,0.0,-0.023000000,0.035264267
793,+X,-Y,116512,-0.033000000,0.025321849,0.0,-0.033000000,0.025321849
794,+X,-Y,116593,-0.029000000,0.029298816,0.0,-0.029000000,0.029298816
795,+X,-Y,116672,-0.029000000,0.029298816,0.0,-0.029000000,0.029298816
796,+X,-Y,116752,-0.025000000,0.033275783,0.0,-0.025000000,0.033275783
797,+X,-Y,116833,-0.032000000,0.026316090,0.0,-0.032000000,0.026316090
798,+X,-Y,116912,-0.033000000,0.025321849,0.0,-0.033000000,0.025321849
799,+X,-Y,116993,-0.032000000,0.026316090,0.0,-0.032000000,0.026316090
800,+X,-Y,117073,-0.032000000,0.026316090,0.0,-0.032000000,0.026316090
801,+X,-Y,117152,-0.032000000,0.026316090,0.0,-0.032000000,0.026316090
802,+X,-Y,117233,-0.029000000,0.029298816,0.0,-0.029000000,0.029298816
803,+X,-Y,117312,-0.031000000,0.027310332,0.0,-0.031000000,0.027310332
804,+X,-Y,117392,-0.032000000,0.026316090,0.0,-0.032000000,0.026316090
805,+X,-Y,117473,-0.032000000,0.026316090,0.0,-0.032000000,0.026316090
806,+X,-Y,117552,-0.033000000,0.025321849,0.0,-0.033000000,0.025321849
807,+X,-Y,117632,-0.033000000,0.025321849,0.0,-0.033000000,0.025321849
808,+X,-Y,117713,-0.026000000,0.032281541,0.0,-0.026000000,0.032281541
809,+X,-Y,117792,-0.032000000,0.026316090,0.0,-0.032000000,0.026316090
810,+X,-Y,117873,-0.036000000,0.022339123,0.0,-0.036000000,0.022339123
811,+X,-Y,117952,-0.031000000,0.027310332,0.0,-0.031000000,0.027310332
812,+X,-Y,118032,-0.032000000,0.026316090,0.0,-0.032000000,0.026316090
813,+X,-Y,118113,-0.034000000,0.024327607,0.0,-0.034000000,0.024327607
814,+X,-Y,118192,-0.029000000,0.029298816,0.0,-0.029000000,0.029298816
815,+X,-Y,118272,-0.032000000,0.026316090,0.0,-0.032000000,0.026316090
816,+X,-Y,118353,-0.033000000,0.025321849,0.0,-0.033000000,0.025321849
817,+X,-Y,118432,-0.029000000,0.029298816,0.0,-0.029000000,0.029298816
818,+X,-Y,118512,-0.028000000,0.030293058,0.0,-0.028000000,0.030293058
819,+X,-Y,118593,-0.028000000,0.030293058,0.0,-0.028000000,0.030293058
820,+X,-Y,118672,-0.032000000,0.026316090,0.0,-0.032000000,0.026316090
821,+X,-Y,118753,-0.033000000,0.025321849,0.0,-0.033000000,0.025321849
822,+X,-Y,118832,-0.032000000,0.026316090,0.0,-0.032000000,0.026316090
823,+X,-Y,118912,-0.026000000,0.032281541,0.0,-0.026000000,0.032281541
824,+X,-Y,118993,-0.029000000,0.029298816,0.0,-0.029000000,0.029298816
825,+X,-Y,119072,-0.029000000,0.029298816,0.0,-0.029000000,0.029298816
826,+X,-Y,119152,-0.026000000,0.032281541,0.0,-0.026000000,0.032281541
827,+X,-Y,119233,-0.029000000,0.029298816,0.0,-0.029000000,0.029298816
828,+X,-Y,119312,-0.032000000,0.026316090,0.0,-0.032000000,0.026316090
829,+X,-Y,119392,-0.032000000,0.026316090,0.0,-0.032000000,0.026316090
830,+X,-Y,119473,-0.029000000,0.029298816,0.0,-0.029000000,0.029298816
831,+X,-Y,119552,-0.029000000,0.029298816,0.0,-0.029000000,0.029298816
832,+X,-Y,119633,-0.029000000,0.029298816,0.0,-0.029000000,0.029298816
833,+X,-Y,119712,-0.029000000,0.029298816,0.0,-0.029000000,0.029298816
834,+X,-Y,119792,-0.031000000,0.027310332,0.0,-0.031000000,0.027310332
835,+X,-Y,119873,-0.033000000,0.025321849,0.0,-0.033000000,0.025321849
836,+X,-Y,119952,-0.028000000,0.030293058,0.0,-0.028000000,0.030293058
837,+X,-Y,120032,-0.034000000,0.024327607,0.0,-0.034000000,0.024327607
838,+X,-Y,120113,-0.032000000,0.026316090,0.0,-0.032000000,0.026316090
839,+X,-Y,120192,-0.028000000,0.030293058,0.0,-0.028000000,0.030293058
840,+X,-Y,120273,-0.029000000,0.029298816,0.0,-0.029000000,0.029298816
841,+X,-Y,120353,-0.032000000,0.026316090,0.0,-0.032000000,0.026316090
842,+X,-Y,120432,-0.029000000,0.029298816,0.0,-0.029000000,0.029298816
843,+X,-Y,120513,-0.029000000,0.029298816,0.0,-0.029000000,0.029298816
844,+X,-Y,120592,-0.031000000,0.027310332,0.0,-0.031000000,0.027310332
845,+X,-Y,120672,-0.032000000,0.026316090,0.0,-0.032000000,0.026316090
846,+X,-Y,120753,-0.029000000,0.029298816,0.0,-0.029000000,0.029298816
847,+X,-Y,120832,-0.031000000,0.027310332,0.0,-0.031000000,0.027310332
848,+X,-Y,120912,-0.029000000,0.029298816,0.0,-0.029000000,0.029298816
849,+X,-Y,120993,-0.033000000,0.025321849,0.0,-0.033000000,0.025321849
850,+X,-Y,121072,-0.032000000,0.026316090,0.0,-0.032000000,0.026316090
851,+X,-Y,121153,-0.032000000,0.026316090,0.0,-0.032000000,0.026316090
852,+X,-Y,121232,-0.033000000,0.025321849,0.0,-0.033000000,0.025321849
853,+X,-Y,121312,-0.031000000,0.027310332,0.0,-0.031000000,0.027310332
854,+X,-Y,121393,-0.033000000,0.025321849,0.0,-0.033000000,0.025321849
855,+X,-Y,121472,-0.033000000,0.025321849,0.0,-0.033000000,0.025321849
856,+X,-Y,121552,-0.029000000,0.029298816,0.0,-0.029000000,0.029298816
857,+X,-Y,121633,-0.034000000,0.024327607,0.0,-0.034000000,0.024327607
858,+X,-Y,121712,-0.031000000,0.027310332,0.0,-0.031000000,0.027310332
859,+X,-Y,121793,-0.031000000,0.027310332,0.0,-0.031000000,0.027310332
860,+X,-Y,121872,-0.025000000,0.033275783,0.0,-0.025000000,0.033275783
861,+X,-Y,121952,-0.032000000,0.026316090,0.0,-0.032000000,0.026316090
862,+X,-Y,122033,-0.026000000,0.032281541,0.0,-0.026000000,0.032281541
863,+X,-Y,122112,-0.029000000,0.029298816,0.0,-0.029000000,0.029298816
864,+X,-Y,122192,-0.029000000,0.029298816,0.0,-0.029000000,0.029298816
865,+X,-Y,122273,-0.032000000,0.026316090,0.0,-0.032000000,0.026316090
866,+X,-Y,122352,-0.032000000,0.026316090,0.0,-0.032000000,0.026316090
867,+X,-Y,122432,-0.029000000,0.029298816,0.0,-0.029000000,0.029298816
868,+X,-Y,122513,-0.029000000,0.029298816,0.0,-0.029000000,0.029298816
869,+X,-Y,122592,-0.029000000,0.029298816,0.0,-0.029000000,0.029298816
870,+X,-Y,122673,-0.029000000,0.029298816,0.0,-0.029000000,0.029298816
871,+X,-Y,122752,-0.032000000,0.026316090,0.0,-0.032000000,0.026316090
872,+X,-Y,122832,-0.029000000,0.029298816,0.0,-0.029000000,0.029298816
873,+X,-Y,122913,-0.026000000,0.032281541,0.0,-0.026000000,0.032281541
874,+X,-Y,122992,-0.032000000,0.026316090,0.0,-0.032000000,0.026316090
875,+X,-Y,123072,-0.036000000,0.022339123,0.0,-0.036000000,0.022339123
876,+X,-Y,123153,-0.029000000,0.029298816,0.0,-0.029000000,0.029298816
877,+X,-Y,123232,-0.030000000,0.028304574,0.0,-0.030000000,0.028304574
878,+X,-Y,123313,-0.034000000,0.024327607,0.0,-0.034000000,0.024327607
879,+X,-Y,123393,-0.032000000,0.026316090,0.0,-0.032000000,0.026316090
880,+X,-Y,123472,-0.032000000,0.026316090,0.0,-0.032000000,0.026316090
881,+X,-Y,123553,-0.032000000,0.026316090,0.0,-0.032000000,0.026316090
882,+X,-Y,123632,-0.032000000,0.026316090,0.0,-0.032000000,0.026316090
883,+X,-Y,123712,-0.034000000,0.024327607,0.0,-0.034000000,0.024327607
884,+X,-Y,123793,-0.032000000,0.026316090,0.0,-0.032000000,0.026316090
885,+X,-Y,123872,-0.030000000,0.028304574,0.0,-0.030000000,0.028304574
886,+X,-Y,123953,-0.037000000,0.021344881,0.0,-0.037000000,0.021344881
887,+X,-Y,124033,-0.030000000,0.028304574,0.0,-0.030000000,0.028304574
888,+X,-Y,124112,-0.030000000,0.028304574,0.0,-0.030000000,0.028304574
889,+X,-Y,124193,-0.028000000,0.030293058,0.0,-0.028000000,0.030293058
890,+X,-Y,124272,-0.026000000,0.032281541,0.0,-0.026000000,0.032281541
891,+X,-Y,124352,-0.031000000,0.027310332,0.0,-0.031000000,0.027310332
892,+X,-Y,124433,-0.031000000,0.027310332,0.0,-0.031000000,0.027310332
893,+X,-Y,124512,-0.032000000,0.026316090,0.0,-0.032000000,0.026316090
894,+X,-Y,124592,-0.029000000,0.029298816,0.0,-0.029000000,0.029298816
895,+X,-Y,124673,-0.029000000,0.029298816,0.0,-0.029000000,0.029298816
896,+X,-Y,124752,-0.025000000,0.033275783,0.0,-0.025000000,0.033275783
897,+X,-Y,124833,-0.032000000,0.026316090,0.0,-0.032000000,0.026316090
898,+X,-Y,124912,-0.033000000,0.025321849,0.0,-0.033000000,0.025321849
899,+X,-Y,124992,-0.032000000,0.026316090,0.0,-0.032000000,0.026316090
900,+X,-Y,125073,-0.031000000,0.027310332,0.0,-0.031000000,0.027310332
901,+X,-Y,125152,-0.032000000,0.026316090,0.0,-0.032000000,0.026316090
902,+X,-Y,125232,-0.034000000,0.024327607,0.0,-0.034000000,0.024327607
903,+X,-Y,125313,-0.033000000,0.025321849,0.0,-0.033000000,0.025321849
904,+X,-Y,125392,-0.033000000,0.025321849,0.0,-0.033000000,0.025321849
905,+X,-Y,125472,-0.029000000,0.029298816,0.0,-0.029000000,0.029298816
906,+X,-Y,125553,-0.031000000,0.027310332,0.0,-0.031000000,0.027310332
907,+X,-Y,125632,-0.039000000,0.019356397,0.0,-0.039000000,0.019356397
908,+X,-Y,125713,-0.033000000,0.025321849,0.0,-0.033000000,0.025321849
909,+X,-Y,125792,-0.034000000,0.024327607,0.0,-0.034000000,0.024327607
910,+X,-Y,125872,-0.032000000,0.026316090,0.0,-0.032000000,0.026316090
911,+X,-Y,125953,-0.026000000,0.032281541,0.0,-0.026000000,0.032281541
912,+X,-Y,126032,-0.032000000,0.026316090,0.0,-0.032000000,0.026316090
913,+X,-Y,126112,-0.032000000,0.026316090,0.0,-0.032000000,0.026316090
914,+X,-Y,126193,-0.034000000,0.024327607,0.0,-0.034000000,0.024327607
915,+X,-Y,126272,-0.033000000,0.025321849,0.0,-0.033000000,0.025321849
916,+X,-Y,126353,-0.033000000,0.025321849,0.0,-0.033000000,0.025321849
917,+X,-Y,126432,-0.032000000,0.026316090,0.0,-0.032000000,0.026316090
918,+X,-Y,126512,-0.031000000,0.027310332,0.0,-0.031000000,0.027310332
919,+X,-Y,126593,-0.036000000,0.022339123,0.0,-0.036000000,0.022339123
920,+X,-Y,126672,-0.036000000,0.022339123,0.0,-0.036000000,0.022339123
921,+X,-Y,126752,-0.032000000,0.026316090,0.0,-0.032000000,0.026316090
922,+X,-Y,126833,-0.032000000,0.026316090,0.0,-0.032000000,0.026316090
923,+X,-Y,126912,-0.020000000,0.038246993,0.0,-0.020000000,0.038246993
924,+X,-Y,126993,-0.032000000,0.026316090,0.0,-0.032000000,0.026316090
925,+X,-Y,127072,-0.031000000,0.027310332,0.0,-0.031000000,0.027310332
926,+X,-Y,127152,-0.028000000,0.030293058,0.0,-0.028000000,0.030293058
927,+X,-Y,127233,-0.031000000,0.027310332,0.0,-0.031000000,0.027310332
928,+X,-Y,127312,-0.029000000,0.029298816,0.0,-0.029000000,0.029298816
929,+X,-Y,127392,-0.029000000,0.029298816,0.0,-0.029000000,0.029298816
930,+X,-Y,127473,-0.034000000,0.024327607,0.0,-0.034000000,0.024327607
931,+X,-Y,127552,-0.031000000,0.027310332,0.0,-0.031000000,0.027310332
932,+X,-Y,127632,-0.029000000,0.029298816,0.0,-0.029000000,0.029298816
933,+X,-Y,127713,-0.031000000,0.027310332,0.0,-0.031000000,0.027310332
934,+X,-Y,127792,-0.029000000,0.029298816,0.0,-0.029000000,0.029298816
935,+X,-Y,127873,-0.034000000,0.024327607,0.0,-0.034000000,0.024327607
936,+X,-Y,127952,-0.029000000,0.029298816,0.0,-0.029000000,0.029298816
937,+X,-Y,128032,-0.025000000,0.033275783,0.0,-0.025000000,0.033275783
938,+X,-Y,128113,-0.030000000,0.028304574,0.0,-0.030000000,0.028304574
939,+X,-Y,128192,-0.032000000,0.026316090,0.0,-0.032000000,0.026316090
940,+X,-Y,128272,-0.029000000,0.029298816,0.0,-0.029000000,0.029298816
941,+X,-Y,128353,-0.029000000,0.029298816,0.0,-0.029000000,0.029298816
942,+X,-Y,128432,-0.025000000,0.033275783,0.0,-0.025000000,0.033275783
943,+X,-Y,128513,-0.036000000,0.022339123,0.0,-0.036000000,0.022339123
944,+X,-Y,128592,-0.029000000,0.029298816,0.0,-0.029000000,0.029298816
945,+X,-Y,128672,-0.023000000,0.035264267,0.0,-0.023000000,0.035264267
946,+X,-Y,128753,-0.033000000,0.025321849,0.0,-0.033000000,0.025321849
947,+X,-Y,128832,-0.029000000,0.029298816,0.0,-0.029000000,0.029298816
948,+X,-Y,128912,-0.028000000,0.030293058,0.0,-0.028000000,0.030293058
949,+X,-Y,128993,-0.032000000,0.026316090,0.0,-0.032000000,0.026316090
950,+X,-Y,129072,-0.033000000,0.025321849,0.0,-0.033000000,0.025321849
951,+X,-Y,129152,-0.032000000,0.026316090,0.0,-0.032000000,0.026316090
952,+X,-Y,129233,-0.033000000,0.025321849,0.0,-0.033000000,0.025321849
953,+X,-Y,129312,-0.033000000,0.025321849,0.0,-0.033000000,0.025321849
954,+X,-Y,129393,-0.029000000,0.029298816,0.0,-0.029000000,0.029298816
955,+X,-Y,129472,-0.029000000,0.029298816,0.0,-0.029000000,0.029298816
956,+X,-Y,129552,-0.032000000,0.026316090,0.0,-0.032000000,0.026316090
957,+X,-Y,129633,-0.031000000,0.027310332,0.0,-0.031000000,0.027310332
958,+X,-Y,129712,-0.029000000,0.029298816,0.0,-0.029000000,0.029298816
959,+X,-Y,129792,-0.029000000,0.029298816,0.0,-0.029000000,0.029298816
960,+X,-Y,129873,-0.032000000,0.026316090,0.0,-0.032000000,0.026316090
961,+X,-Y,129952,-0.033000000,0.025321849,0.0,-0.033000000,0.025321849
962,+X,-Y,130032,-0.031000000,0.027310332,0.0,-0.031000000,0.027310332
963,+X,-Y,130113,-0.033000000,0.025321849,0.0,-0.033000000,0.025321849
964,+X,-Y,130192,-0.034000000,0.024327607,0.0,-0.034000000,0.024327607
965,+X,-Y,130273,-0.034000000,0.024327607,0.0,-0.034000000,0.024327607
966,+X,-Y,130352,-0.039000000,0.019356397,0.0,-0.039000000,0.019356397
967,+X,-Y,130432,-0.029000000,0.029298816,0.0,-0.029000000,0.029298816
968,+X,-Y,130513,-0.029000000,0.029298816,0.0,-0.029000000,0.029298816
969,+X,-Y,130592,-0.025000000,0.033275783,0.0,-0.025000000,0.033275783
970,+X,-Y,130672,-0.029000000,0.029298816,0.0,-0.029000000,0.029298816
971,+X,-Y,130753,-0.032000000,0.026316090,0.0,-0.032000000,0.026316090
972,+X,-Y,130832,-0.023000000,0.035264267,0.0,-0.023000000,0.035264267
973,+X,-Y,130913,-0.031000000,0.027310332,0.0,-0.031000000,0.027310332
974,+X,-Y,130993,-0.036000000,0.022339123,0.0,-0.036000000,0.022339123
975,+X,-Y,131072,-0.029000000,0.029298816,0.0,-0.029000000,0.029298816
976,+X,-Y,131153,-0.033000000,0.025321849,0.0,-0.033000000,0.025321849
977,+X,-Y,131232,-0.033000000,0.025321849,0.0,-0.033000000,0.025321849
978,+X,-Y,131312,-0.032000000,0.026316090,0.0,-0.032000000,0.026316090
979,+X,-Y,131393,-0.032000000,0.026316090,0.0,-0.032000000,0.026316090
980,+X,-Y,131472,-0.036000000,0.022339123,0.0,-0.036000000,0.022339123
981,+X,-Y,131552,-0.033000000,0.025321849,0.0,-0.033000000,0.025321849
982,+X,-Y,131633,-0.025000000,0.033275783,0.0,-0.025000000,0.033275783
983,+X,-Y,131712,-0.029000000,0.029298816,0.0,-0.029000000,0.029298816
984,+X,-Y,131793,-0.024000000,0.034270025,0.0,-0.024000000,0.034270025
985,+X,-Y,131873,-0.032000000,0.026316090,0.0,-0.032000000,0.026316090
986,+X,-Y,131952,-0.036000000,0.022339123,0.0,-0.036000000,0.022339123
987,+X,-Y,132033,-0.028000000,0.030293058,0.0,-0.028000000,0.030293058
988,+X,-Y,132112,-0.031000000,0.027310332,0.0,-0.031000000,0.027310332
989,+X,-Y,132192,-0.031000000,0.027310332,0.0,-0.031000000,0.027310332
990,+X,-Y,132273,-0.036000000,0.022339123,0.0,-0.036000000,0.022339123
991,+X,-Y,132352,-0.033000000,0.025321849,0.0,-0.033000000,0.025321849
992,+X,-Y,132432,-0.032000000,0.026316090,0.0,-0.032000000,0.026316090
993,+X,-Y,132513,-0.034000000,0.024327607,0.0,-0.034000000,0.024327607
994,+X,-Y,132592,-0.032000000,0.026316090,0.0,-0.032000000,0.026316090
995,+X,-Y,132673,-0.029000000,0.029298816,0.0,-0.029000000,0.029298816
996,+X,-Y,132752,-0.026000000,0.032281541,0.0,-0.026000000,0.032281541
997,+X,-Y,132832,-0.031000000,0.027310332,0.0,-0.031000000,0.027310332
998,+X,-Y,132913,-0.031000000,0.027310332,0.0,-0.031000000,0.027310332
999,+X,-Y,132992,-0.032000000,0.026316090,0.0,-0.032000000,0.026316090
1000,-X,+Y,161007,-0.090000000,-0.031349937,0.0,-0.090000000,-0.031349937
1001,-X,+Y,161088,-0.089000000,-0.030355695,0.0,-0.089000000,-0.030355695
1002,-X,+Y,161167,-0.093000000,-0.034332662,0.0,-0.093000000,-0.034332662
1003,-X,+Y,161248,-0.090000000,-0.031349937,0.0,-0.090000000,-0.031349937
1004,-X,+Y,161327,-0.092000000,-0.033338421,0.0,-0.092000000,-0.033338421
1005,-X,+Y,161408,-0.093000000,-0.034332662,0.0,-0.093000000,-0.034332662
1006,-X,+Y,161487,-0.089000000,-0.030355695,0.0,-0.089000000,-0.030355695
1007,-X,+Y,161568,-0.089000000,-0.030355695,0.0,-0.089000000,-0.030355695
1008,-X,+Y,161647,-0.089000000,-0.030355695,0.0,-0.089000000,-0.030355695
1009,-X,+Y,161728,-0.087000000,-0.028367211,0.0,-0.087000000,-0.028367211
1010,-X,+Y,161807,-0.080000000,-0.021407518,0.0,-0.080000000,-0.021407518
1011,-X,+Y,161888,-0.093000000,-0.034332662,0.0,-0.093000000,-0.034332662
1012,-X,+Y,161967,-0.093000000,-0.034332662,0.0,-0.093000000,-0.034332662
1013,-X,+Y,162047,-0.088000000,-0.029361453,0.0,-0.088000000,-0.029361453
1014,-X,+Y,162128,-0.089000000,-0.030355695,0.0,-0.089000000,-0.030355695
1015,-X,+Y,162207,-0.089000000,-0.030355695,0.0,-0.089000000,-0.030355695
1016,-X,+Y,162288,-0.093000000,-0.034332662,0.0,-0.093000000,-0.034332662
1017,-X,+Y,162367,-0.089000000,-0.030355695,0.0,-0.089000000,-0.030355695
1018,-X,+Y,162448,-0.090000000,-0.031349937,0.0,-0.090000000,-0.031349937
1019,-X,+Y,162527,-0.092000000,-0.033338421,0.0,-0.092000000,-0.033338421
1020,-X,+Y,162608,-0.090000000,-0.031349937,0.0,-0.090000000,-0.031349937
1021,-X,+Y,162687,-0.090000000,-0.031349937,0.0,-0.090000000,-0.031349937
1022,-X,+Y,162768,-0.088000000,-0.029361453,0.0,-0.088000000,-0.029361453
1023,-X,+Y,162847,-0.095000000,-0.036321146,0.0,-0.095000000,-0.036321146
1024,-X,+Y,162927,-0.090000000,-0.031349937,0.0,-0.090000000,-0.031349937
1025,-X,+Y,163008,-0.088000000,-0.029361453,0.0,-0.088000000,-0.029361453
1026,-X,+Y,163087,-0.089000000,-0.030355695,0.0,-0.089000000,-0.030355695
1027,-X,+Y,163168,-0.080000000,-0.021407518,0.0,-0.080000000,-0.021407518
1028,-X,+Y,163247,-0.097000000,-0.038309630,0.0,-0.097000000,-0.038309630
1029,-X,+Y,163328,-0.093000000,-0.034332662,0.0,-0.093000000,-0.034332662
1030,-X,+Y,163407,-0.090000000,-0.031349937,0.0,-0.090000000,-0.031349937
1031,-X,+Y,163488,-0.089000000,-0.030355695,0.0,-0.089000000,-0.030355695
1032,-X,+Y,163567,-0.089000000,-0.030355695,0.0,-0.089000000,-0.030355695
1033,-X,+Y,163648,-0.089000000,-0.030355695,0.0,-0.089000000,-0.030355695
1034,-X,+Y,163727,-0.092000000,-0.033338421,0.0,-0.092000000,-0.033338421
1035,-X,+Y,163807,-0.093000000,-0.034332662,0.0,-0.093000000,-0.034332662
1036,-X,+Y,163888,-0.089000000,-0.030355695,0.0,-0.089000000,-0.030355695
1037,-X,+Y,163967,-0.084000000,-0.025384486,0.0,-0.084000000,-0.025384486
1038,-X,+Y,164048,-0.085000000,-0.026378728,0.0,-0.085000000,-0.026378728
1039,-X,+Y,164127,-0.096000000,-0.037315388,0.0,-0.096000000,-0.037315388
1040,-X,+Y,164208,-0.089000000,-0.030355695,0.0,-0.089000000,-0.030355695
1041,-X,+Y,164287,-0.089000000,-0.030355695,0.0,-0.089000000,-0.030355695
1042,-X,+Y,164368,-0.089000000,-0.030355695,0.0,-0.089000000,-0.030355695
1043,-X,+Y,164447,-0.090000000,-0.031349937,0.0,-0.090000000,-0.031349937
1044,-X,+Y,164528,-0.092000000,-0.033338421,0.0,-0.092000000,-0.033338421
1045,-X,+Y,164607,-0.092000000,-0.033338421,0.0,-0.092000000,-0.033338421
1046,-X,+Y,164688,-0.097000000,-0.038309630,0.0,-0.097000000,-0.038309630
1047,-X,+Y,164767,-0.088000000,-0.029361453,0.0,-0.088000000,-0.029361453
1048,-X,+Y,164847,-0.089000000,-0.030355695,0.0,-0.089000000,-0.030355695
1049,-X,+Y,164928,-0.090000000,-0.031349937,0.0,-0.090000000,-0.031349937
1050,-X,+Y,165007,-0.088000000,-0.029361453,0.0,-0.088000000,-0.029361453
1051,-X,+Y,165088,-0.089000000,-0.030355695,0.0,-0.089000000,-0.030355695
1052,-X,+Y,165167,-0.087000000,-0.028367211,0.0,-0.087000000,-0.028367211
1053,-X,+Y,165248,-0.089000000,-0.030355695,0.0,-0.089000000,-0.030355695
1054,-X,+Y,165327,-0.089000000,-0.030355695,0.0,-0.089000000,-0.030355695
1055,-X,+Y,165408,-0.090000000,-0.031349937,0.0,-0.090000000,-0.031349937
1056,-X,+Y,165487,-0.089000000,-0.030355695,0.0,-0.089000000,-0.030355695
1057,-X,+Y,165567,-0.089000000,-0.030355695,0.0,-0.089000000,-0.030355695
1058,-X,+Y,165647,-0.089000000,-0.030355695,0.0,-0.089000000,-0.030355695
1059,-X,+Y,165727,-0.088000000,-0.029361453,0.0,-0.088000000,-0.029361453
1060,-X,+Y,165808,-0.090000000,-0.031349937,0.0,-0.090000000,-0.031349937
1061,-X,+Y,165887,-0.093000000,-0.034332662,0.0,-0.093000000,-0.034332662
1062,-X,+Y,165968,-0.089000000,-0.030355695,0.0,-0.089000000,-0.030355695
1063,-X,+Y,166047,-0.089000000,-0.030355695,0.0,-0.089000000,-0.030355695
1064,-X,+Y,166128,-0.087000000,-0.028367211,0.0,-0.087000000,-0.028367211
1065,-X,+Y,166207,-0.087000000,-0.028367211,0.0,-0.087000000,-0.028367211
1066,-X,+Y,166288,-0.093000000,-0.034332662,0.0,-0.093000000,-0.034332662
1067,-X,+Y,166367,-0.089000000,-0.030355695,0.0,-0.089000000,-0.030355695
1068,-X,+Y,166448,-0.089000000,-0.030355695,0.0,-0.089000000,-0.030355695
1069,-X,+Y,166527,-0.092000000,-0.033338421,0.0,-0.092000000,-0.033338421
1070,-X,+Y,166607,-0.092000000,-0.033338421,0.0,-0.092000000,-0.033338421
1071,-X,+Y,166687,-0.093000000,-0.034332662,0.0,-0.093000000,-0.034332662
1072,-X,+Y,166767,-0.097000000,-0.038309630,0.0,-0.097000000,-0.038309630
1073,-X,+Y,166848,-0.089000000,-0.030355695,0.0,-0.089000000,-0.030355695
1074,-X,+Y,166927,-0.089000000,-0.030355695,0.0,-0.089000000,-0.030355695
1075,-X,+Y,167008,-0.089000000,-0.030355695,0.0,-0.089000000,-0.030355695
1076,-X,+Y,167087,-0.096000000,-0.037315388,0.0,-0.096000000,-0.037315388
1077,-X,+Y,167168,-0.096000000,-0.037315388,0.0,-0.096000000,-0.037315388
1078,-X,+Y,167247,-0.093000000,-0.034332662,0.0,-0.093000000,-0.034332662
1079,-X,+Y,167328,-0.093000000,-0.034332662,0.0,-0.093000000,-0.034332662
1080,-X,+Y,167407,-0.090000000,-0.031349937,0.0,-0.090000000,-0.031349937
1081,-X,+Y,167487,-0.093000000,-0.034332662,0.0,-0.093000000,-0.034332662
1082,-X,+Y,167567,-0.093000000,-0.034332662,0.0,-0.093000000,-0.034332662
1083,-X,+Y,167647,-0.092000000,-0.033338421,0.0,-0.092000000,-0.033338421
1084,-X,+Y,167728,-0.093000000,-0.034332662,0.0,-0.093000000,-0.034332662
1085,-X,+Y,167807,-0.093000000,-0.034332662,0.0,-0.093000000,-0.034332662
1086,-X,+Y,167888,-0.089000000,-0.030355695,0.0,-0.089000000,-0.030355695
1087,-X,+Y,167967,-0.090000000,-0.031349937,0.0,-0.090000000,-0.031349937
1088,-X,+Y,168048,-0.087000000,-0.028367211,0.0,-0.087000000,-0.028367211
1089,-X,+Y,168127,-0.093000000,-0.034332662,0.0,-0.093000000,-0.034332662
1090,-X,+Y,168208,-0.089000000,-0.030355695,0.0,-0.089000000,-0.030355695
1091,-X,+Y,168287,-0.090000000,-0.031349937,0.0,-0.090000000,-0.031349937
1092,-X,+Y,168368,-0.084000000,-0.025384486,0.0,-0.084000000,-0.025384486
1093,-X,+Y,168447,-0.095000000,-0.036321146,0.0,-0.095000000,-0.036321146
1094,-X,+Y,168527,-0.095000000,-0.036321146,0.0,-0.095000000,-0.036321146
1095,-X,+Y,168608,-0.100000000,-0.041292355,0.0,-0.100000000,-0.041292355
1096,-X,+Y,168687,-0.097000000,-0.038309630,0.0,-0.097000000,-0.038309630
1097,-X,+Y,168768,-0.093000000,-0.034332662,0.0,-0.093000000,-0.034332662
1098,-X,+Y,168847,-0.089000000,-0.030355695,0.0,-0.089000000,-0.030355695
1099,-X,+Y,168928,-0.087000000,-0.028367211,0.0,-0.087000000,-0.028367211
1100,-X,+Y,169007,-0.089000000,-0.030355695,0.0,-0.089000000,-0.030355695
1101,-X,+Y,169088,-0.090000000,-0.031349937,0.0,-0.090000000,-0.031349937
1102,-X,+Y,169167,-0.093000000,-0.034332662,0.0,-0.093000000,-0.034332662
1103,-X,+Y,169248,-0.090000000,-0.031349937,0.0,-0.090000000,-0.031349937
1104,-X,+Y,169327,-0.081000000,-0.022401760,0.0,-0.081000000,-0.022401760
1105,-X,+Y,169407,-0.089000000,-0.030355695,0.0,-0.089000000,-0.030355695
1106,-X,+Y,169488,-0.089000000,-0.030355695,0.0,-0.089000000,-0.030355695
1107,-X,+Y,169567,-0.089000000,-0.030355695,0.0,-0.089000000,-0.030355695
1108,-X,+Y,169648,-0.084000000,-0.025384486,0.0,-0.084000000,-0.025384486
1109,-X,+Y,169727,-0.093000000,-0.034332662,0.0,-0.093000000,-0.034332662
1110,-X,+Y,169808,-0.096000000,-0.037315388,0.0,-0.096000000,-0.037315388
1111,-X,+Y,169887,-0.087000000,-0.028367211,0.0,-0.087000000,-0.028367211
1112,-X,+Y,169968,-0.087000000,-0.028367211,0.0,-0.087000000,-0.028367211
1113,-X,+Y,170047,-0.088000000,-0.029361453,0.0,-0.088000000,-0.029361453
1114,-X,+Y,170128,-0.093000000,-0.034332662,0.0,-0.093000000,-0.034332662
1115,-X,+Y,170207,-0.093000000,-0.034332662,0.0,-0.093000000,-0.034332662
1116,-X,+Y,170288,-0.088000000,-0.029361453,0.0,-0.088000000,-0.029361453
1117,-X,+Y,170367,-0.089000000,-0.030355695,0.0,-0.089000000,-0.030355695
1118,-X,+Y,170447,-0.093000000,-0.034332662,0.0,-0.093000000,-0.034332662
1119,-X,+Y,170528,-0.093000000,-0.034332662,0.0,-0.093000000,-0.034332662
1120,-X,+Y,170607,-0.092000000,-0.033338421,0.0,-0.092000000,-0.033338421
1121,-X,+Y,170688,-0.089000000,-0.030355695,0.0,-0.089000000,-0.030355695
1122,-X,+Y,170767,-0.089000000,-0.030355695,0.0,-0.089000000,-0.030355695
1123,-X,+Y,170848,-0.089000000,-0.030355695,0.0,-0.089000000,-0.030355695
1124,-X,+Y,170927,-0.089000000,-0.030355695,0.0,-0.089000000,-0.030355695
1125,-X,+Y,171008,-0.093000000,-0.034332662,0.0,-0.093000000,-0.034332662
1126,-X,+Y,171087,-0.088000000,-0.029361453,0.0,-0.088000000,-0.029361453
1127,-X,+Y,171168,-0.089000000,-0.030355695,0.0,-0.089000000,-0.030355695
1128,-X,+Y,171247,-0.088000000,-0.029361453,0.0,-0.088000000,-0.029361453
1129,-X,+Y,171327,-0.093000000,-0.034332662,0.0,-0.093000000,-0.034332662
1130,-X,+Y,171408,-0.090000000,-0.031349937,0.0,-0.090000000,-0.031349937
1131,-X,+Y,171487,-0.090000000,-0.031349937,0.0,-0.090000000,-0.031349937
1132,-X,+Y,171568,-0.090000000,-0.031349937,0.0,-0.090000000,-0.031349937
1133,-X,+Y,171647,-0.089000000,-0.030355695,0.0,-0.089000000,-0.030355695
1134,-X,+Y,171728,-0.089000000,-0.030355695,0.0,-0.089000000,-0.030355695
1135,-X,+Y,171807,-0.090000000,-0.031349937,0.0,-0.090000000,-0.031349937
1136,-X,+Y,171888,-0.089000000,-0.030355695,0.0,-0.089000000,-0.030355695
1137,-X,+Y,171967,-0.097000000,-0.038309630,0.0,-0.097000000,-0.038309630
1138,-X,+Y,172048,-0.096000000,-0.037315388,0.0,-0.096000000,-0.037315388
1139,-X,+Y,172127,-0.093000000,-0.034332662,0.0,-0.093000000,-0.034332662
1140,-X,+Y,172207,-0.088000000,-0.029361453,0.0,-0.088000000,-0.029361453
1141,-X,+Y,172287,-0.087000000,-0.028367211,0.0,-0.087000000,-0.028367211
1142,-X,+Y,172367,-0.089000000,-0.030355695,0.0,-0.089000000,-0.030355695
1143,-X,+Y,172448,-0.089000000,-0.030355695,0.0,-0.089000000,-0.030355695
1144,-X,+Y,172527,-0.089000000,-0.030355695,0.0,-0.089000000,-0.030355695
1145,-X,+Y,172608,-0.089000000,-0.030355695,0.0,-0.089000000,-0.030355695
1146,-X,+Y,172687,-0.096000000,-0.037315388,0.0,-0.096000000,-0.037315388
1147,-X,+Y,172768,-0.090000000,-0.031349937,0.0,-0.090000000,-0.031349937
1148,-X,+Y,172847,-0.081000000,-0.022401760,0.0,-0.081000000,-0.022401760
1149,-X,+Y,172928,-0.090000000,-0.031349937,0.0,-0.090000000,-0.031349937
1150,-X,+Y,173007,-0.089000000,-0.030355695,0.0,-0.089000000,-0.030355695
1151,-X,+Y,173088,-0.089000000,-0.030355695,0.0,-0.089000000,-0.030355695
1152,-X,+Y,173167,-0.082000000,-0.023396002,0.0,-0.082000000,-0.023396002
1153,-X,+Y,173248,-0.092000000,-0.033338421,0.0,-0.092000000,-0.033338421
1154,-X,+Y,173327,-0.089000000,-0.030355695,0.0,-0.089000000,-0.030355695
1155,-X,+Y,173407,-0.089000000,-0.030355695,0.0,-0.089000000,-0.030355695
1156,-X,+Y,173488,-0.097000000,-0.038309630,0.0,-0.097000000,-0.038309630
1157,-X,+Y,173567,-0.082000000,-0.023396002,0.0,-0.082000000,-0.023396002
1158,-X,+Y,173648,-0.090000000,-0.031349937,0.0,-0.090000000,-0.031349937
1159,-X,+Y,173727,-0.089000000,-0.030355695,0.0,-0.089000000,-0.030355695
1160,-X,+Y,173808,-0.088000000,-0.029361453,0.0,-0.088000000,-0.029361453
1161,-X,+Y,173887,-0.088000000,-0.029361453,0.0,-0.088000000,-0.029361453
1162,-X,+Y,173968,-0.089000000,-0.030355695,0.0,-0.089000000,-0.030355695
1163,-X,+Y,174047,-0.089000000,-0.030355695,0.0,-0.089000000,-0.030355695
1164,-X,+Y,174128,-0.085000000,-0.026378728,0.0,-0.085000000,-0.026378728
1165,-X,+Y,174207,-0.093000000,-0.034332662,0.0,-0.093000000,-0.034332662
1166,-X,+Y,174287,-0.092000000,-0.033338421,0.0,-0.092000000,-0.033338421
1167,-X,+Y,174368,-0.093000000,-0.034332662,0.0,-0.093000000,-0.034332662
1168,-X,+Y,174447,-0.093000000,-0.034332662,0.0,-0.093000000,-0.034332662
1169,-X,+Y,174528,-0.097000000,-0.038309630,0.0,-0.097000000,-0.038309630
1170,-X,+Y,174607,-0.084000000,-0.025384486,0.0,-0.084000000,-0.025384486
1171,-X,+Y,174688,-0.089000000,-0.030355695,0.0,-0.089000000,-0.030355695
1172,-X,+Y,174767,-0.089000000,-0.030355695,0.0,-0.089000000,-0.030355695
1173,-X,+Y,174848,-0.093000000,-0.034332662,0.0,-0.093000000,-0.034332662
1174,-X,+Y,174927,-0.092000000,-0.033338421,0.0,-0.092000000,-0.033338421
1175,-X,+Y,175007,-0.090000000,-0.031349937,0.0,-0.090000000,-0.031349937
1176,-X,+Y,175087,-0.090000000,-0.031349937,0.0,-0.090000000,-0.031349937
1177,-X,+Y,175167,-0.093000000,-0.034332662,0.0,-0.093000000,-0.034332662
1178,-X,+Y,175248,-0.089000000,-0.030355695,0.0,-0.089000000,-0.030355695
1179,-X,+Y,175327,-0.093000000,-0.034332662,0.0,-0.093000000,-0.034332662
1180,-X,+Y,175408,-0.093000000,-0.034332662,0.0,-0.093000000,-0.034332662
1181,-X,+Y,175487,-0.079000000,-0.020413277,0.0,-0.079000000,-0.020413277
1182,-X,+Y,175568,-0.093000000,-0.034332662,0.0,-0.093000000,-0.034332662
1183,-X,+Y,175647,-0.093000000,-0.034332662,0.0,-0.093000000,-0.034332662
1184,-X,+Y,175728,-0.092000000,-0.033338421,0.0,-0.092000000,-0.033338421
1185,-X,+Y,175807,-0.089000000,-0.030355695,0.0,-0.089000000,-0.030355695
1186,-X,+Y,175887,-0.089000000,-0.030355695,0.0,-0.089000000,-0.030355695
1187,-X,+Y,175967,-0.095000000,-0.036321146,0.0,-0.095000000,-0.036321146
1188,-X,+Y,176047,-0.093000000,-0.034332662,0.0,-0.093000000,-0.034332662
1189,-X,+Y,176128,-0.093000000,-0.034332662,0.0,-0.093000000,-0.034332662
1190,-X,+Y,176207,-0.092000000,-0.033338421,0.0,-0.092000000,-0.033338421
1191,-X,+Y,176288,-0.097000000,-0.038309630,0.0,-0.097000000,-0.038309630
1192,-X,+Y,176367,-0.097000000,-0.038309630,0.0,-0.097000000,-0.038309630
1193,-X,+Y,176448,-0.082000000,-0.023396002,0.0,-0.082000000,-0.023396002
1194,-X,+Y,176527,-0.089000000,-0.030355695,0.0,-0.089000000,-0.030355695
1195,-X,+Y,176608,-0.093000000,-0.034332662,0.0,-0.093000000,-0.034332662
1196,-X,+Y,176687,-0.092000000,-0.033338421,0.0,-0.092000000,-0.033338421
1197,-X,+Y,176768,-0.090000000,-0.031349937,0.0,-0.090000000,-0.031349937
1198,-X,+Y,176847,-0.089000000,-0.030355695,0.0,-0.089000000,-0.030355695
1199,-X,+Y,176927,-0.088000000,-0.029361453,0.0,-0.088000000,-0.029361453
1200,-X,+Y,177007,-0.089000000,-0.030355695,0.0,-0.089000000,-0.030355695
1201,-X,+Y,177087,-0.089000000,-0.030355695,0.0,-0.089000000,-0.030355695
1202,-X,+Y,177168,-0.092000000,-0.033338421,0.0,-0.092000000,-0.033338421
1203,-X,+Y,177247,-0.089000000,-0.030355695,0.0,-0.089000000,-0.030355695
1204,-X,+Y,177328,-0.088000000,-0.029361453,0.0,-0.088000000,-0.029361453
1205,-X,+Y,177407,-0.088000000,-0.029361453,0.0,-0.088000000,-0.029361453
1206,-X,+Y,177488,-0.092000000,-0.033338421,0.0,-0.092000000,-0.033338421
1207,-X,+Y,177567,-0.087000000,-0.028367211,0.0,-0.087000000,-0.028367211
1208,-X,+Y,177648,-0.088000000,-0.029361453,0.0,-0.088000000,-0.029361453
1209,-X,+Y,177727,-0.093000000,-0.034332662,0.0,-0.093000000,-0.034332662
1210,-X,+Y,177807,-0.093000000,-0.034332662,0.0,-0.093000000,-0.034332662
1211,-X,+Y,177887,-0.089000000,-0.030355695,0.0,-0.089000000,-0.030355695
1212,-X,+Y,177967,-0.095000000,-0.036321146,0.0,-0.095000000,-0.036321146
1213,-X,+Y,178048,-0.093000000,-0.034332662,0.0,-0.093000000,-0.034332662
1214,-X,+Y,178127,-0.089000000,-0.030355695,0.0,-0.089000000,-0.030355695
1215,-X,+Y,178208,-0.089000000,-0.030355695,0.0,-0.089000000,-0.030355695
1216,-X,+Y,178287,-0.097000000,-0.038309630,0.0,-0.097000000,-0.038309630
1217,-X,+Y,178368,-0.097000000,-0.038309630,0.0,-0.097000000,-0.038309630
1218,-X,+Y,178447,-0.093000000,-0.034332662,0.0,-0.093000000,-0.034332662
1219,-X,+Y,178528,-0.087000000,-0.028367211,0.0,-0.087000000,-0.028367211
1220,-X,+Y,178607,-0.092000000,-0.033338421,0.0,-0.092000000,-0.033338421
1221,-X,+Y,178688,-0.095000000,-0.036321146,0.0,-0.095000000,-0.036321146
1222,-X,+Y,178767,-0.088000000,-0.029361453,0.0,-0.088000000,-0.029361453
1223,-X,+Y,178847,-0.095000000,-0.036321146,0.0,-0.095000000,-0.036321146
1224,-X,+Y,178928,-0.090000000,-0.031349937,0.0,-0.090000000,-0.031349937
1225,-X,+Y,179007,-0.088000000,-0.029361453,0.0,-0.088000000,-0.029361453
1226,-X,+Y,179088,-0.089000000,-0.030355695,0.0,-0.089000000,-0.030355695
1227,-X,+Y,179167,-0.093000000,-0.034332662,0.0,-0.093000000,-0.034332662
1228,-X,+Y,179248,-0.089000000,-0.030355695,0.0,-0.089000000,-0.030355695
1229,-X,+Y,179327,-0.089000000,-0.030355695,0.0,-0.089000000,-0.030355695
1230,-X,+Y,179408,-0.090000000,-0.031349937,0.0,-0.090000000,-0.031349937
1231,-X,+Y,179487,-0.084000000,-0.025384486,0.0,-0.084000000,-0.025384486
1232,-X,+Y,179567,-0.090000000,-0.031349937,0.0,-0.090000000,-0.031349937
1233,-X,+Y,179648,-0.093000000,-0.034332662,0.0,-0.093000000,-0.034332662
1234,-X,+Y,179727,-0.090000000,-0.031349937,0.0,-0.090000000,-0.031349937
1235,-X,+Y,179808,-0.080000000,-0.021407518,0.0,-0.080000000,-0.021407518
1236,-X,+Y,179887,-0.087000000,-0.028367211,0.0,-0.087000000,-0.028367211
1237,-X,+Y,179968,-0.089000000,-0.030355695,0.0,-0.089000000,-0.030355695
1238,-X,+Y,180047,-0.089000000,-0.030355695,0.0,-0.089000000,-0.030355695
1239,-X,+Y,180128,-0.089000000,-0.030355695,0.0,-0.089000000,-0.030355695
1240,-X,+Y,180207,-0.089000000,-0.030355695,0.0,-0.089000000,-0.030355695
1241,-X,+Y,180288,-0.089000000,-0.030355695,0.0,-0.089000000,-0.030355695
1242,-X,+Y,180367,-0.089000000,-0.030355695,0.0,-0.089000000,-0.030355695
1243,-X,+Y,180447,-0.093000000,-0.034332662,0.0,-0.093000000,-0.034332662
1244,-X,+Y,180528,-0.095000000,-0.036321146,0.0,-0.095000000,-0.036321146
1245,-X,+Y,180607,-0.088000000,-0.029361453,0.0,-0.088000000,-0.029361453
1246,-X,+Y,180688,-0.089000000,-0.030355695,0.0,-0.089000000,-0.030355695
1247,-X,+Y,180767,-0.090000000,-0.031349937,0.0,-0.090000000,-0.031349937
1248,-X,+Y,180848,-0.088000000,-0.029361453,0.0,-0.088000000,-0.029361453
1249,-X,+Y,180927,-0.093000000,-0.034332662,0.0,-0.093000000,-0.034332662
1250,-X,+Y,181008,-0.089000000,-0.030355695,0.0,-0.089000000,-0.030355695
1251,-X,+Y,181087,-0.088000000,-0.029361453,0.0,-0.088000000,-0.029361453
1252,-X,+Y,181168,-0.089000000,-0.030355695,0.0,-0.089000000,-0.030355695
1253,-X,+Y,181247,-0.093000000,-0.034332662,0.0,-0.093000000,-0.034332662
1254,-X,+Y,181327,-0.093000000,-0.034332662,0.0,-0.093000000,-0.034332662
1255,-X,+Y,181408,-0.097000000,-0.038309630,0.0,-0.097000000,-0.038309630
1256,-X,+Y,181487,-0.089000000,-0.030355695,0.0,-0.089000000,-0.030355695
1257,-X,+Y,181568,-0.090000000,-0.031349937,0.0,-0.090000000,-0.031349937
1258,-X,+Y,181647,-0.089000000,-0.030355695,0.0,-0.089000000,-0.030355695
1259,-X,+Y,181728,-0.089000000,-0.030355695,0.0,-0.089000000,-0.030355695
1260,-X,+Y,181807,-0.096000000,-0.037315388,0.0,-0.096000000,-0.037315388
1261,-X,+Y,181888,-0.090000000,-0.031349937,0.0,-0.090000000,-0.031349937
1262,-X,+Y,181967,-0.088000000,-0.029361453,0.0,-0.088000000,-0.029361453
1263,-X,+Y,182047,-0.090000000,-0.031349937,0.0,-0.090000000,-0.031349937
1264,-X,+Y,182127,-0.088000000,-0.029361453,0.0,-0.088000000,-0.029361453
1265,-X,+Y,182207,-0.089000000,-0.030355695,0.0,-0.089000000,-0.030355695
1266,-X,+Y,182288,-0.089000000,-0.030355695,0.0,-0.089000000,-0.030355695
1267,-X,+Y,182367,-0.089000000,-0.030355695,0.0,-0.089000000,-0.030355695
1268,-X,+Y,182448,-0.089000000,-0.030355695,0.0,-0.089000000,-0.030355695
1269,-X,+Y,182527,-0.093000000,-0.034332662,0.0,-0.093000000,-0.034332662
1270,-X,+Y,182608,-0.089000000,-0.030355695,0.0,-0.089000000,-0.030355695
1271,-X,+Y,182687,-0.088000000,-0.029361453,0.0,-0.088000000,-0.029361453
1272,-X,+Y,182768,-0.093000000,-0.034332662,0.0,-0.093000000,-0.034332662
1273,-X,+Y,182847,-0.093000000,-0.034332662,0.0,-0.093000000,-0.034332662
1274,-X,+Y,182928,-0.089000000,-0.030355695,0.0,-0.089000000,-0.030355695
1275,-X,+Y,183007,-0.080000000,-0.021407518,0.0,-0.080000000,-0.021407518
1276,-X,+Y,183087,-0.088000000,-0.029361453,0.0,-0.088000000,-0.029361453
1277,-X,+Y,183167,-0.092000000,-0.033338421,0.0,-0.092000000,-0.033338421
1278,-X,+Y,183247,-0.092000000,-0.033338421,0.0,-0.092000000,-0.033338421
1279,-X,+Y,183328,-0.086000000,-0.027372969,0.0,-0.086000000,-0.027372969
1280,-X,+Y,183407,-0.093000000,-0.034332662,0.0,-0.093000000,-0.034332662
1281,-X,+Y,183488,-0.090000000,-0.031349937,0.0,-0.090000000,-0.031349937
1282,-X,+Y,183567,-0.089000000,-0.030355695,0.0,-0.089000000,-0.030355695
1283,-X,+Y,183648,-0.089000000,-0.030355695,0.0,-0.089000000,-0.030355695
1284,-X,+Y,183727,-0.093000000,-0.034332662,0.0,-0.093000000,-0.034332662
1285,-X,+Y,183808,-0.090000000,-0.031349937,0.0,-0.090000000,-0.031349937
1286,-X,+Y,183887,-0.089000000,-0.030355695,0.0,-0.089000000,-0.030355695
1287,-X,+Y,183967,-0.097000000,-0.038309630,0.0,-0.097000000,-0.038309630
1288,-X,+Y,184047,-0.092000000,-0.033338421,0.0,-0.092000000,-0.033338421
1289,-X,+Y,184127,-0.088000000,-0.029361453,0.0,-0.088000000,-0.029361453
1290,-X,+Y,184208,-0.088000000,-0.029361453,0.0,-0.088000000,-0.029361453
1291,-X,+Y,184287,-0.084000000,-0.025384486,0.0,-0.084000000,-0.025384486
1292,-X,+Y,184368,-0.092000000,-0.033338421,0.0,-0.092000000,-0.033338421
1293,-X,+Y,184447,-0.095000000,-0.036321146,0.0,-0.095000000,-0.036321146
1294,-X,+Y,184528,-0.093000000,-0.034332662,0.0,-0.093000000,-0.034332662
1295,-X,+Y,184607,-0.088000000,-0.029361453,0.0,-0.088000000,-0.029361453
1296,-X,+Y,184688,-0.085000000,-0.026378728,0.0,-0.085000000,-0.026378728
1297,-X,+Y,184767,-0.092000000,-0.033338421,0.0,-0.092000000,-0.033338421
1298,-X,+Y,184847,-0.088000000,-0.029361453,0.0,-0.088000000,-0.029361453
1299,-X,+Y,184927,-0.089000000,-0.030355695,0.0,-0.089000000,-0.030355695
1300,-X,+Y,185007,-0.089000000,-0.030355695,0.0,-0.089000000,-0.030355695
1301,-X,+Y,185088,-0.085000000,-0.026378728,0.0,-0.085000000,-0.026378728
1302,-X,+Y,185167,-0.090000000,-0.031349937,0.0,-0.090000000,-0.031349937
1303,-X,+Y,185248,-0.090000000,-0.031349937,0.0,-0.090000000,-0.031349937
1304,-X,+Y,185327,-0.092000000,-0.033338421,0.0,-0.092000000,-0.033338421
1305,-X,+Y,185408,-0.090000000,-0.031349937,0.0,-0.090000000,-0.031349937
1306,-X,+Y,185487,-0.093000000,-0.034332662,0.0,-0.093000000,-0.034332662
1307,-X,+Y,185567,-0.092000000,-0.033338421,0.0,-0.092000000,-0.033338421
1308,-X,+Y,185647,-0.089000000,-0.030355695,0.0,-0.089000000,-0.030355695
1309,-X,+Y,185727,-0.096000000,-0.037315388,0.0,-0.096000000,-0.037315388
1310,-X,+Y,185808,-0.092000000,-0.033338421,0.0,-0.092000000,-0.033338421
1311,-X,+Y,185887,-0.092000000,-0.033338421,0.0,-0.092000000,-0.033338421
1312,-X,+Y,185968,-0.086000000,-0.027372969,0.0,-0.086000000,-0.027372969
1313,-X,+Y,186047,-0.095000000,-0.036321146,0.0,-0.095000000,-0.036321146
1314,-X,+Y,186128,-0.090000000,-0.031349937,0.0,-0.090000000,-0.031349937
1315,-X,+Y,186207,-0.090000000,-0.031349937,0.0,-0.090000000,-0.031349937
1316,-X,+Y,186288,-0.082000000,-0.023396002,0.0,-0.082000000,-0.023396002
1317,-X,+Y,186367,-0.089000000,-0.030355695,0.0,-0.089000000,-0.030355695
1318,-X,+Y,186447,-0.092000000,-0.033338421,0.0,-0.092000000,-0.033338421
1319,-X,+Y,186528,-0.092000000,-0.033338421,0.0,-0.092000000,-0.033338421
1320,-X,+Y,186607,-0.090000000,-0.031349937,0.0,-0.090000000,-0.031349937
1321,-X,+Y,186688,-0.092000000,-0.033338421,0.0,-0.092000000,-0.033338421
1322,-X,+Y,186767,-0.092000000,-0.033338421,0.0,-0.092000000,-0.033338421
1323,-X,+Y,186848,-0.092000000,-0.033338421,0.0,-0.092000000,-0.033338421
1324,-X,+Y,186927,-0.089000000,-0.030355695,0.0,-0.089000000,-0.030355695
1325,-X,+Y,187008,-0.089000000,-0.030355695,0.0,-0.089000000,-0.030355695
1326,-X,+Y,187087,-0.095000000,-0.036321146,0.0,-0.095000000,-0.036321146
1327,-X,+Y,187168,-0.095000000,-0.036321146,0.0,-0.095000000,-0.036321146
1328,-X,+Y,187247,-0.093000000,-0.034332662,0.0,-0.093000000,-0.034332662
1329,-X,+Y,187327,-0.093000000,-0.034332662,0.0,-0.093000000,-0.034332662
1330,-X,+Y,187407,-0.096000000,-0.037315388,0.0,-0.096000000,-0.037315388
1331,-X,+Y,187487,-0.089000000,-0.030355695,0.0,-0.089000000,-0.030355695
1332,-X,+Y,187568,-0.090000000,-0.031349937,0.0,-0.090000000,-0.031349937
1333,-X,+Y,187647,-0.096000000,-0.037315388,0.0,-0.096000000,-0.037315388
1334,-X,+Y,187728,-0.089000000,-0.030355695,0.0,-0.089000000,-0.030355695
1335,-X,+Y,187807,-0.084000000,-0.025384486,0.0,-0.084000000,-0.025384486
1336,-X,+Y,187888,-0.096000000,-0.037315388,0.0,-0.096000000,-0.037315388
1337,-X,+Y,187967,-0.089000000,-0.030355695,0.0,-0.089000000,-0.030355695
1338,-X,+Y,188047,-0.093000000,-0.034332662,0.0,-0.093000000,-0.034332662
1339,-X,+Y,188127,-0.093000000,-0.034332662,0.0,-0.093000000,-0.034332662
1340,-X,+Y,188207,-0.089000000,-0.030355695,0.0,-0.089000000,-0.030355695
1341,-X,+Y,188288,-0.089000000,-0.030355695,0.0,-0.089000000,-0.030355695
1342,-X,+Y,188367,-0.089000000,-0.030355695,0.0,-0.089000000,-0.030355695
1343,-X,+Y,188448,-0.089000000,-0.030355695,0.0,-0.089000000,-0.030355695
1344,-X,+Y,188527,-0.097000000,-0.038309630,0.0,-0.097000000,-0.038309630
1345,-X,+Y,188608,-0.089000000,-0.030355695,0.0,-0.089000000,-0.030355695
1346,-X,+Y,188687,-0.088000000,-0.029361453,0.0,-0.088000000,-0.029361453
1347,-X,+Y,188768,-0.090000000,-0.031349937,0.0,-0.090000000,-0.031349937
1348,-X,+Y,188847,-0.089000000,-0.030355695,0.0,-0.089000000,-0.030355695
1349,-X,+Y,188928,-0.089000000,-0.030355695,0.0,-0.089000000,-0.030355695
1350,-X,+Y,189007,-0.093000000,-0.034332662,0.0,-0.093000000,-0.034332662
1351,-X,+Y,189087,-0.089000000,-0.030355695,0.0,-0.089000000,-0.030355695
1352,-X,+Y,189167,-0.089000000,-0.030355695,0.0,-0.089000000,-0.030355695
1353,-X,+Y,189247,-0.084000000,-0.025384486,0.0,-0.084000000,-0.025384486
1354,-X,+Y,189328,-0.093000000,-0.034332662,0.0,-0.093000000,-0.034332662
1355,-X,+Y,189407,-0.093000000,-0.034332662,0.0,-0.093000000,-0.034332662
1356,-X,+Y,189488,-0.090000000,-0.031349937,0.0,-0.090000000,-0.031349937
1357,-X,+Y,189567,-0.090000000,-0.031349937,0.0,-0.090000000,-0.031349937
1358,-X,+Y,189648,-0.089000000,-0.030355695,0.0,-0.089000000,-0.030355695
1359,-X,+Y,189727,-0.093000000,-0.034332662,0.0,-0.093000000,-0.034332662
1360,-X,+Y,189808,-0.092000000,-0.033338421,0.0,-0.092000000,-0.033338421
1361,-X,+Y,189887,-0.090000000,-0.031349937,0.0,-0.090000000,-0.031349937
1362,-X,+Y,189968,-0.093000000,-0.034332662,0.0,-0.093000000,-0.034332662
1363,-X,+Y,190047,-0.101000000,-0.042286597,0.0,-0.101000000,-0.042286597
1364,-X,+Y,190127,-0.101000000,-0.042286597,0.0,-0.101000000,-0.042286597
1365,-X,+Y,190208,-0.097000000,-0.038309630,0.0,-0.097000000,-0.038309630
1366,-X,+Y,190287,-0.088000000,-0.029361453,0.0,-0.088000000,-0.029361453
1367,-X,+Y,190368,-0.089000000,-0.030355695,0.0,-0.089000000,-0.030355695
1368,-X,+Y,190447,-0.092000000,-0.033338421,0.0,-0.092000000,-0.033338421
1369,-X,+Y,190528,-0.093000000,-0.034332662,0.0,-0.093000000,-0.034332662
1370,-X,+Y,190607,-0.093000000,-0.034332662,0.0,-0.093000000,-0.034332662
1371,-X,+Y,190688,-0.092000000,-0.033338421,0.0,-0.092000000,-0.033338421
1372,-X,+Y,190767,-0.090000000,-0.031349937,0.0,-0.090000000,-0.031349937
1373,-X,+Y,190847,-0.093000000,-0.034332662,0.0,-0.093000000,-0.034332662
1374,-X,+Y,190928,-0.093000000,-0.034332662,0.0,-0.093000000,-0.034332662
1375,-X,+Y,191007,-0.093000000,-0.034332662,0.0,-0.093000000,-0.034332662
1376,-X,+Y,191088,-0.093000000,-0.034332662,0.0,-0.093000000,-0.034332662
1377,-X,+Y,191167,-0.090000000,-0.031349937,0.0,-0.090000000,-0.031349937
1378,-X,+Y,191248,-0.090000000,-0.031349937,0.0,-0.090000000,-0.031349937
1379,-X,+Y,191327,-0.090000000,-0.031349937,0.0,-0.090000000,-0.031349937
1380,-X,+Y,191408,-0.085000000,-0.026378728,0.0,-0.085000000,-0.026378728
1381,-X,+Y,191487,-0.089000000,-0.030355695,0.0,-0.089000000,-0.030355695
1382,-X,+Y,191567,-0.088000000,-0.029361453,0.0,-0.088000000,-0.029361453
1383,-X,+Y,191647,-0.090000000,-0.031349937,0.0,-0.090000000,-0.031349937
1384,-X,+Y,191727,-0.093000000,-0.034332662,0.0,-0.093000000,-0.034332662
1385,-X,+Y,191808,-0.089000000,-0.030355695,0.0,-0.089000000,-0.030355695
1386,-X,+Y,191887,-0.089000000,-0.030355695,0.0,-0.089000000,-0.030355695
1387,-X,+Y,191968,-0.089000000,-0.030355695,0.0,-0.089000000,-0.030355695
1388,-X,+Y,192047,-0.088000000,-0.029361453,0.0,-0.088000000,-0.029361453
1389,-X,+Y,192128,-0.088000000,-0.029361453,0.0,-0.088000000,-0.029361453
1390,-X,+Y,192207,-0.080000000,-0.021407518,0.0,-0.080000000,-0.021407518
1391,-X,+Y,192288,-0.089000000,-0.030355695,0.0,-0.089000000,-0.030355695
1392,-X,+Y,192367,-0.092000000,-0.033338421,0.0,-0.092000000,-0.033338421
1393,-X,+Y,192448,-0.089000000,-0.030355695,0.0,-0.089000000,-0.030355695
1394,-X,+Y,192527,-0.087000000,-0.028367211,0.0,-0.087000000,-0.028367211
1395,-X,+Y,192607,-0.089000000,-0.030355695,0.0,-0.089000000,-0.030355695
1396,-X,+Y,192687,-0.092000000,-0.033338421,0.0,-0.092000000,-0.033338421
1397,-X,+Y,192767,-0.089000000,-0.030355695,0.0,-0.089000000,-0.030355695
1398,-X,+Y,192848,-0.095000000,-0.036321146,0.0,-0.095000000,-0.036321146
1399,-X,+Y,192927,-0.090000000,-0.031349937,0.0,-0.090000000,-0.031349937
1400,-X,+Y,193008,-0.090000000,-0.031349937,0.0,-0.090000000,-0.031349937
1401,-X,+Y,193087,-0.090000000,-0.031349937,0.0,-0.090000000,-0.031349937
1402,-X,+Y,193168,-0.088000000,-0.029361453,0.0,-0.088000000,-0.029361453
1403,-X,+Y,193247,-0.090000000,-0.031349937,0.0,-0.090000000,-0.031349937
1404,-X,+Y,193328,-0.089000000,-0.030355695,0.0,-0.089000000,-0.030355695
1405,-X,+Y,193407,-0.090000000,-0.031349937,0.0,-0.090000000,-0.031349937
1406,-X,+Y,193487,-0.093000000,-0.034332662,0.0,-0.093000000,-0.034332662
1407,-X,+Y,193567,-0.092000000,-0.033338421,0.0,-0.092000000,-0.033338421
1408,-X,+Y,193647,-0.096000000,-0.037315388,0.0,-0.096000000,-0.037315388
1409,-X,+Y,193728,-0.090000000,-0.031349937,0.0,-0.090000000,-0.031349937
1410,-X,+Y,193807,-0.084000000,-0.025384486,0.0,-0.084000000,-0.025384486
1411,-X,+Y,193888,-0.093000000,-0.034332662,0.0,-0.093000000,-0.034332662
1412,-X,+Y,193967,-0.093000000,-0.034332662,0.0,-0.093000000,-0.034332662
1413,-X,+Y,194048,-0.093000000,-0.034332662,0.0,-0.093000000,-0.034332662
1414,-X,+Y,194127,-0.090000000,-0.031349937,0.0,-0.090000000,-0.031349937
1415,-X,+Y,194207,-0.092000000,-0.033338421,0.0,-0.092000000,-0.033338421
1416,-X,+Y,194287,-0.093000000,-0.034332662,0.0,-0.093000000,-0.034332662
1417,-X,+Y,194367,-0.089000000,-0.030355695,0.0,-0.089000000,-0.030355695
1418,-X,+Y,194448,-0.095000000,-0.036321146,0.0,-0.095000000,-0.036321146
1419,-X,+Y,194527,-0.097000000,-0.038309630,0.0,-0.097000000,-0.038309630
1420,-X,+Y,194608,-0.084000000,-0.025384486,0.0,-0.084000000,-0.025384486
1421,-X,+Y,194687,-0.097000000,-0.038309630,0.0,-0.097000000,-0.038309630
1422,-X,+Y,194768,-0.088000000,-0.029361453,0.0,-0.088000000,-0.029361453
1423,-X,+Y,194847,-0.092000000,-0.033338421,0.0,-0.092000000,-0.033338421
1424,-X,+Y,194928,-0.093000000,-0.034332662,0.0,-0.093000000,-0.034332662
1425,-X,+Y,195007,-0.093000000,-0.034332662,0.0,-0.093000000,-0.034332662
1426,-X,+Y,195087,-0.089000000,-0.030355695,0.0,-0.089000000,-0.030355695
1427,-X,+Y,195168,-0.093000000,-0.034332662,0.0,-0.093000000,-0.034332662
1428,-X,+Y,195247,-0.088000000,-0.029361453,0.0,-0.088000000,-0.029361453
1429,-X,+Y,195328,-0.093000000,-0.034332662,0.0,-0.093000000,-0.034332662
1430,-X,+Y,195407,-0.093000000,-0.034332662,0.0,-0.093000000,-0.034332662
1431,-X,+Y,195488,-0.087000000,-0.028367211,0.0,-0.087000000,-0.028367211
1432,-X,+Y,195567,-0.087000000,-0.028367211,0.0,-0.087000000,-0.028367211
1433,-X,+Y,195648,-0.090000000,-0.031349937,0.0,-0.090000000,-0.031349937
1434,-X,+Y,195727,-0.089000000,-0.030355695,0.0,-0.089000000,-0.030355695
1435,-X,+Y,195808,-0.092000000,-0.033338421,0.0,-0.092000000,-0.033338421
1436,-X,+Y,195887,-0.092000000,-0.033338421,0.0,-0.092000000,-0.033338421
1437,-X,+Y,195967,-0.095000000,-0.036321146,0.0,-0.095000000,-0.036321146
1438,-X,+Y,196048,-0.095000000,-0.036321146,0.0,-0.095000000,-0.036321146
1439,-X,+Y,196127,-0.089000000,-0.030355695,0.0,-0.089000000,-0.030355695
1440,-X,+Y,196208,-0.089000000,-0.030355695,0.0,-0.089000000,-0.030355695
1441,-X,+Y,196287,-0.093000000,-0.034332662,0.0,-0.093000000,-0.034332662
1442,-X,+Y,196368,-0.093000000,-0.034332662,0.0,-0.093000000,-0.034332662
1443,-X,+Y,196447,-0.092000000,-0.033338421,0.0,-0.092000000,-0.033338421
1444,-X,+Y,196528,-0.096000000,-0.037315388,0.0,-0.096000000,-0.037315388
1445,-X,+Y,196607,-0.089000000,-0.030355695,0.0,-0.089000000,-0.030355695
1446,-X,+Y,196687,-0.087000000,-0.028367211,0.0,-0.087000000,-0.028367211
1447,-X,+Y,196767,-0.087000000,-0.028367211,0.0,-0.087000000,-0.028367211
1448,-X,+Y,196847,-0.090000000,-0.031349937,0.0,-0.090000000,-0.031349937
1449,-X,+Y,196928,-0.093000000,-0.034332662,0.0,-0.093000000,-0.034332662
1450,-X,+Y,197007,-0.093000000,-0.034332662,0.0,-0.093000000,-0.034332662
1451,-X,+Y,197088,-0.089000000,-0.030355695,0.0,-0.089000000,-0.030355695
1452,-X,+Y,197167,-0.088000000,-0.029361453,0.0,-0.088000000,-0.029361453
1453,-X,+Y,197248,-0.095000000,-0.036321146,0.0,-0.095000000,-0.036321146
1454,-X,+Y,197327,-0.097000000,-0.038309630,0.0,-0.097000000,-0.038309630
1455,-X,+Y,197408,-0.077000000,-0.018424793,0.0,-0.077000000,-0.018424793
1456,-X,+Y,197487,-0.084000000,-0.025384486,0.0,-0.084000000,-0.025384486
1457,-X,+Y,197567,-0.089000000,-0.030355695,0.0,-0.089000000,-0.030355695
1458,-X,+Y,197647,-0.088000000,-0.029361453,0.0,-0.088000000,-0.029361453
1459,-X,+Y,197727,-0.088000000,-0.029361453,0.0,-0.088000000,-0.029361453
1460,-X,+Y,197808,-0.089000000,-0.030355695,0.0,-0.089000000,-0.030355695
1461,-X,+Y,197887,-0.093000000,-0.034332662,0.0,-0.093000000,-0.034332662
1462,-X,+Y,197968,-0.093000000,-0.034332662,0.0,-0.093000000,-0.034332662
1463,-X,+Y,198047,-0.095000000,-0.036321146,0.0,-0.095000000,-0.036321146
1464,-X,+Y,198128,-0.089000000,-0.030355695,0.0,-0.089000000,-0.030355695
1465,-X,+Y,198207,-0.089000000,-0.030355695,0.0,-0.089000000,-0.030355695
1466,-X,+Y,198288,-0.093000000,-0.034332662,0.0,-0.093000000,-0.034332662
1467,-X,+Y,198367,-0.089000000,-0.030355695,0.0,-0.089000000,-0.030355695
1468,-X,+Y,198448,-0.080000000,-0.021407518,0.0,-0.080000000,-0.021407518
1469,-X,+Y,198527,-0.090000000,-0.031349937,0.0,-0.090000000,-0.031349937
1470,-X,+Y,198607,-0.090000000,-0.031349937,0.0,-0.090000000,-0.031349937
1471,-X,+Y,198688,-0.089000000,-0.030355695,0.0,-0.089000000,-0.030355695
1472,-X,+Y,198767,-0.093000000,-0.034332662,0.0,-0.093000000,-0.034332662
1473,-X,+Y,198848,-0.095000000,-0.036321146,0.0,-0.095000000,-0.036321146
1474,-X,+Y,198927,-0.095000000,-0.036321146,0.0,-0.095000000,-0.036321146
1475,-X,+Y,199008,-0.095000000,-0.036321146,0.0,-0.095000000,-0.036321146
1476,-X,+Y,199087,-0.085000000,-0.026378728,0.0,-0.085000000,-0.026378728
1477,-X,+Y,199168,-0.093000000,-0.034332662,0.0,-0.093000000,-0.034332662
1478,-X,+Y,199247,-0.090000000,-0.031349937,0.0,-0.090000000,-0.031349937
1479,-X,+Y,199327,-0.095000000,-0.036321146,0.0,-0.095000000,-0.036321146
1480,-X,+Y,199408,-0.085000000,-0.026378728,0.0,-0.085000000,-0.026378728
1481,-X,+Y,199487,-0.089000000,-0.030355695,0.0,-0.089000000,-0.030355695
1482,-X,+Y,199568,-0.089000000,-0.030355695,0.0,-0.089000000,-0.030355695
1483,-X,+Y,199647,-0.089000000,-0.030355695,0.0,-0.089000000,-0.030355695
1484,-X,+Y,199728,-0.089000000,-0.030355695,0.0,-0.089000000,-0.030355695
1485,-X,+Y,199807,-0.088000000,-0.029361453,0.0,-0.088000000,-0.029361453
1486,-X,+Y,199888,-0.094000000,-0.035326904,0.0,-0.094000000,-0.035326904
1487,-X,+Y,199967,-0.094000000,-0.035326904,0.0,-0.094000000,-0.035326904
1488,-X,+Y,200048,-0.088000000,-0.029361453,0.0,-0.088000000,-0.029361453
1489,-X,+Y,200127,-0.089000000,-0.030355695,0.0,-0.089000000,-0.030355695
1490,-X,+Y,200207,-0.087000000,-0.028367211,0.0,-0.087000000,-0.028367211
1491,-X,+Y,200287,-0.089000000,-0.030355695,0.0,-0.089000000,-0.030355695
1492,-X,+Y,200367,-0.089000000,-0.030355695,0.0,-0.089000000,-0.030355695
1493,-X,+Y,200448,-0.089000000,-0.030355695,0.0,-0.089000000,-0.030355695
1494,-X,+Y,200527,-0.090000000,-0.031349937,0.0,-0.090000000,-0.031349937
1495,-X,+Y,200608,-0.090000000,-0.031349937,0.0,-0.090000000,-0.031349937
1496,-X,+Y,200687,-0.093000000,-0.034332662,0.0,-0.093000000,-0.034332662
1497,-X,+Y,200768,-0.093000000,-0.034332662,0.0,-0.093000000,-0.034332662
1498,-X,+Y,200847,-0.093000000,-0.034332662,0.0,-0.093000000,-0.034332662
1499,-X,+Y,200928,-0.093000000,-0.034332662,0.0,-0.093000000,-0.034332662
1500,-X,+Y,201007,-0.093000000,-0.034332662,0.0,-0.093000000,-0.034332662
1501,-X,+Y,201088,-0.089000000,-0.030355695,0.0,-0.089000000,-0.030355695
1502,-X,+Y,201167,-0.082000000,-0.023396002,0.0,-0.082000000,-0.023396002
1503,-X,+Y,201248,-0.092000000,-0.033338421,0.0,-0.092000000,-0.033338421
1504,-X,+Y,201327,-0.095000000,-0.036321146,0.0,-0.095000000,-0.036321146
1505,-X,+Y,201407,-0.093000000,-0.034332662,0.0,-0.093000000,-0.034332662
1506,-X,+Y,201488,-0.089000000,-0.030355695,0.0,-0.089000000,-0.030355695
1507,-X,+Y,201567,-0.088000000,-0.029361453,0.0,-0.088000000,-0.029361453
1508,-X,+Y,201648,-0.089000000,-0.030355695,0.0,-0.089000000,-0.030355695
1509,-X,+Y,201727,-0.093000000,-0.034332662,0.0,-0.093000000,-0.034332662
1510,-X,+Y,201808,-0.090000000,-0.031349937,0.0,-0.090000000,-0.031349937
1511,-X,+Y,201887,-0.090000000,-0.031349937,0.0,-0.090000000,-0.031349937
1512,-X,+Y,201968,-0.090000000,-0.031349937,0.0,-0.090000000,-0.031349937
1513,-X,+Y,202047,-0.095000000,-0.036321146,0.0,-0.095000000,-0.036321146
1514,-X,+Y,202127,-0.092000000,-0.033338421,0.0,-0.092000000,-0.033338421
1515,-X,+Y,202207,-0.095000000,-0.036321146,0.0,-0.095000000,-0.036321146
1516,-X,+Y,202287,-0.096000000,-0.037315388,0.0,-0.096000000,-0.037315388
1517,-X,+Y,202368,-0.095000000,-0.036321146,0.0,-0.095000000,-0.036321146
1518,-X,+Y,202447,-0.092000000,-0.033338421,0.0,-0.092000000,-0.033338421
1519,-X,+Y,202528,-0.090000000,-0.031349937,0.0,-0.090000000,-0.031349937
1520,-X,+Y,202607,-0.089000000,-0.030355695,0.0,-0.089000000,-0.030355695
1521,-X,+Y,202688,-0.089000000,-0.030355695,0.0,-0.089000000,-0.030355695
1522,-X,+Y,202767,-0.089000000,-0.030355695,0.0,-0.089000000,-0.030355695
1523,-X,+Y,202848,-0.095000000,-0.036321146,0.0,-0.095000000,-0.036321146
1524,-X,+Y,202927,-0.095000000,-0.036321146,0.0,-0.095000000,-0.036321146
1525,-X,+Y,203007,-0.096000000,-0.037315388,0.0,-0.096000000,-0.037315388
1526,-X,+Y,203088,-0.089000000,-0.030355695,0.0,-0.089000000,-0.030355695
1527,-X,+Y,203167,-0.088000000,-0.029361453,0.0,-0.088000000,-0.029361453
1528,-X,+Y,203248,-0.092000000,-0.033338421,0.0,-0.092000000,-0.033338421
1529,-X,+Y,203327,-0.088000000,-0.029361453,0.0,-0.088000000,-0.029361453
1530,-X,+Y,203408,-0.093000000,-0.034332662,0.0,-0.093000000,-0.034332662
1531,-X,+Y,203487,-0.093000000,-0.034332662,0.0,-0.093000000,-0.034332662
1532,-X,+Y,203568,-0.093000000,-0.034332662,0.0,-0.093000000,-0.034332662
1533,-X,+Y,203647,-0.087000000,-0.028367211,0.0,-0.087000000,-0.028367211
1534,-X,+Y,203727,-0.089000000,-0.030355695,0.0,-0.089000000,-0.030355695
1535,-X,+Y,203807,-0.089000000,-0.030355695,0.0,-0.089000000,-0.030355695
1536,-X,+Y,203887,-0.089000000,-0.030355695,0.0,-0.089000000,-0.030355695
1537,-X,+Y,203968,-0.081000000,-0.022401760,0.0,-0.081000000,-0.022401760
1538,-X,+Y,204047,-0.093000000,-0.034332662,0.0,-0.093000000,-0.034332662
1539,-X,+Y,204128,-0.089000000,-0.030355695,0.0,-0.089000000,-0.030355695
1540,-X,+Y,204207,-0.093000000,-0.034332662,0.0,-0.093000000,-0.034332662
1541,-X,+Y,204288,-0.088000000,-0.029361453,0.0,-0.088000000,-0.029361453
1542,-X,+Y,204367,-0.089000000,-0.030355695,0.0,-0.089000000,-0.030355695
1543,-X,+Y,204448,-0.088000000,-0.029361453,0.0,-0.088000000,-0.029361453
1544,-X,+Y,204527,-0.093000000,-0.034332662,0.0,-0.093000000,-0.034332662
1545,-X,+Y,204607,-0.090000000,-0.031349937,0.0,-0.090000000,-0.031349937
1546,-X,+Y,204687,-0.087000000,-0.028367211,0.0,-0.087000000,-0.028367211
1547,-X,+Y,204767,-0.089000000,-0.030355695,0.0,-0.089000000,-0.030355695
1548,-X,+Y,204848,-0.089000000,-0.030355695,0.0,-0.089000000,-0.030355695
1549,-X,+Y,204927,-0.086000000,-0.027372969,0.0,-0.086000000,-0.027372969
1550,-X,+Y,205008,-0.089000000,-0.030355695,0.0,-0.089000000,-0.030355695
1551,-X,+Y,205087,-0.087000000,-0.028367211,0.0,-0.087000000,-0.028367211
1552,-X,+Y,205168,-0.088000000,-0.029361453,0.0,-0.088000000,-0.029361453
1553,-X,+Y,205247,-0.089000000,-0.030355695,0.0,-0.089000000,-0.030355695
1554,-X,+Y,205328,-0.093000000,-0.034332662,0.0,-0.093000000,-0.034332662
1555,-X,+Y,205407,-0.095000000,-0.036321146,0.0,-0.095000000,-0.036321146
1556,-X,+Y,205488,-0.089000000,-0.030355695,0.0,-0.089000000,-0.030355695
1557,-X,+Y,205567,-0.085000000,-0.026378728,0.0,-0.085000000,-0.026378728
1558,-X,+Y,205647,-0.089000000,-0.030355695,0.0,-0.089000000,-0.030355695
1559,-X,+Y,205727,-0.090000000,-0.031349937,0.0,-0.090000000,-0.031349937
1560,-X,+Y,205807,-0.090000000,-0.031349937,0.0,-0.090000000,-0.031349937
1561,-X,+Y,205888,-0.090000000,-0.031349937,0.0,-0.090000000,-0.031349937
1562,-X,+Y,205967,-0.088000000,-0.029361453,0.0,-0.088000000,-0.029361453
1563,-X,+Y,206048,-0.093000000,-0.034332662,0.0,-0.093000000,-0.034332662
1564,-X,+Y,206127,-0.093000000,-0.034332662,0.0,-0.093000000,-0.034332662
1565,-X,+Y,206208,-0.093000000,-0.034332662,0.0,-0.093000000,-0.034332662
1566,-X,+Y,206287,-0.085000000,-0.026378728,0.0,-0.085000000,-0.026378728
1567,-X,+Y,206368,-0.089000000,-0.030355695,0.0,-0.089000000,-0.030355695
1568,-X,+Y,206447,-0.089000000,-0.030355695,0.0,-0.089000000,-0.030355695
1569,-X,+Y,206527,-0.089000000,-0.030355695,0.0,-0.089000000,-0.030355695
1570,-X,+Y,206607,-0.093000000,-0.034332662,0.0,-0.093000000,-0.034332662
1571,-X,+Y,206687,-0.088000000,-0.029361453,0.0,-0.088000000,-0.029361453
1572,-X,+Y,206768,-0.087000000,-0.028367211,0.0,-0.087000000,-0.028367211
1573,-X,+Y,206847,-0.087000000,-0.028367211,0.0,-0.087000000,-0.028367211
1574,-X,+Y,206928,-0.090000000,-0.031349937,0.0,-0.090000000,-0.031349937
1575,-X,+Y,207007,-0.089000000,-0.030355695,0.0,-0.089000000,-0.030355695
1576,-X,+Y,207088,-0.093000000,-0.034332662,0.0,-0.093000000,-0.034332662
1577,-X,+Y,207167,-0.095000000,-0.036321146,0.0,-0.095000000,-0.036321146
1578,-X,+Y,207248,-0.088000000,-0.029361453,0.0,-0.088000000,-0.029361453
1579,-X,+Y,207327,-0.085000000,-0.026378728,0.0,-0.085000000,-0.026378728
1580,-X,+Y,207407,-0.087000000,-0.028367211,0.0,-0.087000000,-0.028367211
1581,-X,+Y,207487,-0.089000000,-0.030355695,0.0,-0.089000000,-0.030355695
1582,-X,+Y,207567,-0.093000000,-0.034332662,0.0,-0.093000000,-0.034332662
1583,-X,+Y,207648,-0.089000000,-0.030355695,0.0,-0.089000000,-0.030355695
1584,-X,+Y,207727,-0.089000000,-0.030355695,0.0,-0.089000000,-0.030355695
1585,-X,+Y,207808,-0.089000000,-0.030355695,0.0,-0.089000000,-0.030355695
1586,-X,+Y,207887,-0.090000000,-0.031349937,0.0,-0.090000000,-0.031349937
1587,-X,+Y,207968,-0.084000000,-0.025384486,0.0,-0.084000000,-0.025384486
1588,-X,+Y,208047,-0.088000000,-0.029361453,0.0,-0.088000000,-0.029361453
1589,-X,+Y,208128,-0.089000000,-0.030355695,0.0,-0.089000000,-0.030355695
1590,-X,+Y,208207,-0.096000000,-0.037315388,0.0,-0.096000000,-0.037315388
1591,-X,+Y,208288,-0.088000000,-0.029361453,0.0,-0.088000000,-0.029361453
1592,-X,+Y,208367,-0.089000000,-0.030355695,0.0,-0.089000000,-0.030355695
1593,-X,+Y,208447,-0.093000000,-0.034332662,0.0,-0.093000000,-0.034332662
1594,-X,+Y,208527,-0.097000000,-0.038309630,0.0,-0.097000000,-0.038309630
1595,-X,+Y,208607,-0.089000000,-0.030355695,0.0,-0.089000000,-0.030355695
1596,-X,+Y,208688,-0.090000000,-0.031349937,0.0,-0.090000000,-0.031349937
1597,-X,+Y,208767,-0.090000000,-0.031349937,0.0,-0.090000000,-0.031349937
1598,-X,+Y,208848,-0.089000000,-0.030355695,0.0,-0.089000000,-0.030355695
1599,-X,+Y,208927,-0.093000000,-0.034332662,0.0,-0.093000000,-0.034332662
1600,-X,+Y,209008,-0.093000000,-0.034332662,0.0,-0.093000000,-0.034332662
1601,-X,+Y,209087,-0.093000000,-0.034332662,0.0,-0.093000000,-0.034332662
1602,-X,+Y,209167,-0.082000000,-0.023396002,0.0,-0.082000000,-0.023396002
1603,-X,+Y,209247,-0.088000000,-0.029361453,0.0,-0.088000000,-0.029361453
1604,-X,+Y,209327,-0.096000000,-0.037315388,0.0,-0.096000000,-0.037315388
1605,-X,+Y,209408,-0.090000000,-0.031349937,0.0,-0.090000000,-0.031349937
1606,-X,+Y,209487,-0.090000000,-0.031349937,0.0,-0.090000000,-0.031349937
1607,-X,+Y,209568,-0.093000000,-0.034332662,0.0,-0.093000000,-0.034332662
1608,-X,+Y,209647,-0.089000000,-0.030355695,0.0,-0.089000000,-0.030355695
1609,-X,+Y,209728,-0.088000000,-0.029361453,0.0,-0.088000000,-0.029361453
1610,-X,+Y,209807,-0.088000000,-0.029361453,0.0,-0.088000000,-0.029361453
1611,-X,+Y,209888,-0.088000000,-0.029361453,0.0,-0.088000000,-0.029361453
1612,-X,+Y,209967,-0.089000000,-0.030355695,0.0,-0.089000000,-0.030355695
1613,-X,+Y,210047,-0.092000000,-0.033338421,0.0,-0.092000000,-0.033338421
1614,-X,+Y,210127,-0.089000000,-0.030355695,0.0,-0.089000000,-0.030355695
1615,-X,+Y,210207,-0.093000000,-0.034332662,0.0,-0.093000000,-0.034332662
1616,-X,+Y,210288,-0.090000000,-0.031349937,0.0,-0.090000000,-0.031349937
1617,-X,+Y,210367,-0.089000000,-0.030355695,0.0,-0.089000000,-0.030355695
1618,-X,+Y,210448,-0.089000000,-0.030355695,0.0,-0.089000000,-0.030355695
1619,-X,+Y,210527,-0.090000000,-0.031349937,0.0,-0.090000000,-0.031349937
1620,-X,+Y,210608,-0.090000000,-0.031349937,0.0,-0.090000000,-0.031349937
1621,-X,+Y,210687,-0.089000000,-0.030355695,0.0,-0.089000000,-0.030355695
1622,-X,+Y,210768,-0.089000000,-0.030355695,0.0,-0.089000000,-0.030355695
1623,-X,+Y,210847,-0.089000000,-0.030355695,0.0,-0.089000000,-0.030355695
1624,-X,+Y,210927,-0.089000000,-0.030355695,0.0,-0.089000000,-0.030355695
1625,-X,+Y,211007,-0.089000000,-0.030355695,0.0,-0.089000000,-0.030355695
1626,-X,+Y,211087,-0.089000000,-0.030355695,0.0,-0.089000000,-0.030355695
1627,-X,+Y,211168,-0.088000000,-0.029361453,0.0,-0.088000000,-0.029361453
1628,-X,+Y,211247,-0.085000000,-0.026378728,0.0,-0.085000000,-0.026378728
1629,-X,+Y,211328,-0.089000000,-0.030355695,0.0,-0.089000000,-0.030355695
1630,-X,+Y,211407,-0.089000000,-0.030355695,0.0,-0.089000000,-0.030355695
1631,-X,+Y,211488,-0.089000000,-0.030355695,0.0,-0.089000000,-0.030355695
1632,-X,+Y,211567,-0.087000000,-0.028367211,0.0,-0.087000000,-0.028367211
1633,-X,+Y,211648,-0.088000000,-0.029361453,0.0,-0.088000000,-0.029361453
1634,-X,+Y,211727,-0.088000000,-0.029361453,0.0,-0.088000000,-0.029361453
1635,-X,+Y,211807,-0.101000000,-0.042286597,0.0,-0.101000000,-0.042286597
1636,-X,+Y,211888,-0.089000000,-0.030355695,0.0,-0.089000000,-0.030355695
1637,-X,+Y,211967,-0.089000000,-0.030355695,0.0,-0.089000000,-0.030355695
1638,-X,+Y,212048,-0.093000000,-0.034332662,0.0,-0.093000000,-0.034332662
1639,-X,+Y,212127,-0.087000000,-0.028367211,0.0,-0.087000000,-0.028367211
1640,-X,+Y,212208,-0.089000000,-0.030355695,0.0,-0.089000000,-0.030355695
1641,-X,+Y,212287,-0.089000000,-0.030355695,0.0,-0.089000000,-0.030355695
1642,-X,+Y,212368,-0.089000000,-0.030355695,0.0,-0.089000000,-0.030355695
1643,-X,+Y,212447,-0.085000000,-0.026378728,0.0,-0.085000000,-0.026378728
1644,-X,+Y,212528,-0.096000000,-0.037315388,0.0,-0.096000000,-0.037315388
1645,-X,+Y,212607,-0.090000000,-0.031349937,0.0,-0.090000000,-0.031349937
1646,-X,+Y,212687,-0.090000000,-0.031349937,0.0,-0.090000000,-0.031349937
1647,-X,+Y,212768,-0.080000000,-0.021407518,0.0,-0.080000000,-0.021407518
1648,-X,+Y,212847,-0.090000000,-0.031349937,0.0,-0.090000000,-0.031349937
1649,-X,+Y,212928,-0.093000000,-0.034332662,0.0,-0.093000000,-0.034332662
1650,-X,+Y,213007,-0.093000000,-0.034332662,0.0,-0.093000000,-0.034332662
1651,-X,+Y,213088,-0.089000000,-0.030355695,0.0,-0.089000000,-0.030355695
1652,-X,+Y,213167,-0.089000000,-0.030355695,0.0,-0.089000000,-0.030355695
1653,-X,+Y,213248,-0.087000000,-0.028367211,0.0,-0.087000000,-0.028367211
1654,-X,+Y,213327,-0.087000000,-0.028367211,0.0,-0.087000000,-0.028367211
1655,-X,+Y,213408,-0.088000000,-0.029361453,0.0,-0.088000000,-0.029361453
1656,-X,+Y,213487,-0.089000000,-0.030355695,0.0,-0.089000000,-0.030355695
1657,-X,+Y,213568,-0.090000000,-0.031349937,0.0,-0.090000000,-0.031349937
1658,-X,+Y,213647,-0.095000000,-0.036321146,0.0,-0.095000000,-0.036321146
1659,-X,+Y,213727,-0.095000000,-0.036321146,0.0,-0.095000000,-0.036321146
1660,-X,+Y,213808,-0.092000000,-0.033338421,0.0,-0.092000000,-0.033338421
1661,-X,+Y,213887,-0.087000000,-0.028367211,0.0,-0.087000000,-0.028367211
1662,-X,+Y,213968,-0.089000000,-0.030355695,0.0,-0.089000000,-0.030355695
1663,-X,+Y,214047,-0.095000000,-0.036321146,0.0,-0.095000000,-0.036321146
1664,-X,+Y,214128,-0.088000000,-0.029361453,0.0,-0.088000000,-0.029361453
1665,-X,+Y,214207,-0.089000000,-0.030355695,0.0,-0.089000000,-0.030355695
1666,-X,+Y,214288,-0.093000000,-0.034332662,0.0,-0.093000000,-0.034332662
1667,-X,+Y,214367,-0.089000000,-0.030355695,0.0,-0.089000000,-0.030355695
1668,-X,+Y,214448,-0.093000000,-0.034332662,0.0,-0.093000000,-0.034332662
1669,-X,+Y,214527,-0.093000000,-0.034332662,0.0,-0.093000000,-0.034332662
1670,-X,+Y,214607,-0.090000000,-0.031349937,0.0,-0.090000000,-0.031349937
1671,-X,+Y,214688,-0.090000000,-0.031349937,0.0,-0.090000000,-0.031349937
1672,-X,+Y,214767,-0.093000000,-0.034332662,0.0,-0.093000000,-0.034332662
1673,-X,+Y,214848,-0.093000000,-0.034332662,0.0,-0.093000000,-0.034332662
1674,-X,+Y,214927,-0.093000000,-0.034332662,0.0,-0.093000000,-0.034332662
1675,-X,+Y,215008,-0.093000000,-0.034332662,0.0,-0.093000000,-0.034332662
1676,-X,+Y,215087,-0.090000000,-0.031349937,0.0,-0.090000000,-0.031349937
1677,-X,+Y,215168,-0.080000000,-0.021407518,0.0,-0.080000000,-0.021407518
1678,-X,+Y,215247,-0.090000000,-0.031349937,0.0,-0.090000000,-0.031349937
1679,-X,+Y,215327,-0.093000000,-0.034332662,0.0,-0.093000000,-0.034332662
1680,-X,+Y,215407,-0.093000000,-0.034332662,0.0,-0.093000000,-0.034332662
1681,-X,+Y,215487,-0.087000000,-0.028367211,0.0,-0.087000000,-0.028367211
1682,-X,+Y,215568,-0.087000000,-0.028367211,0.0,-0.087000000,-0.028367211
1683,-X,+Y,215647,-0.087000000,-0.028367211,0.0,-0.087000000,-0.028367211
1684,-X,+Y,215728,-0.090000000,-0.031349937,0.0,-0.090000000,-0.031349937
1685,-X,+Y,215807,-0.093000000,-0.034332662,0.0,-0.093000000,-0.034332662
1686,-X,+Y,215888,-0.093000000,-0.034332662,0.0,-0.093000000,-0.034332662
1687,-X,+Y,215967,-0.093000000,-0.034332662,0.0,-0.093000000,-0.034332662
1688,-X,+Y,216048,-0.088000000,-0.029361453,0.0,-0.088000000,-0.029361453
1689,-X,+Y,216127,-0.092000000,-0.033338421,0.0,-0.092000000,-0.033338421
1690,-X,+Y,216207,-0.092000000,-0.033338421,0.0,-0.092000000,-0.033338421
1691,-X,+Y,216288,-0.088000000,-0.029361453,0.0,-0.088000000,-0.029361453
1692,-X,+Y,216367,-0.089000000,-0.030355695,0.0,-0.089000000,-0.030355695
1693,-X,+Y,216448,-0.093000000,-0.034332662,0.0,-0.093000000,-0.034332662
1694,-X,+Y,216527,-0.084000000,-0.025384486,0.0,-0.084000000,-0.025384486
1695,-X,+Y,216608,-0.084000000,-0.025384486,0.0,-0.084000000,-0.025384486
1696,-X,+Y,216687,-0.093000000,-0.034332662,0.0,-0.093000000,-0.034332662
1697,-X,+Y,216768,-0.090000000,-0.031349937,0.0,-0.090000000,-0.031349937
1698,-X,+Y,216847,-0.090000000,-0.031349937,0.0,-0.090000000,-0.031349937
1699,-X,+Y,216928,-0.093000000,-0.034332662,0.0,-0.093000000,-0.034332662
1700,-X,+Y,217007,-0.095000000,-0.036321146,0.0,-0.095000000,-0.036321146
1701,-X,+Y,217087,-0.088000000,-0.029361453,0.0,-0.088000000,-0.029361453
1702,-X,+Y,217168,-0.085000000,-0.026378728,0.0,-0.085000000,-0.026378728
1703,-X,+Y,217247,-0.089000000,-0.030355695,0.0,-0.089000000,-0.030355695
1704,-X,+Y,217328,-0.087000000,-0.028367211,0.0,-0.087000000,-0.028367211
1705,-X,+Y,217407,-0.090000000,-0.031349937,0.0,-0.090000000,-0.031349937
1706,-X,+Y,217488,-0.089000000,-0.030355695,0.0,-0.089000000,-0.030355695
1707,-X,+Y,217567,-0.089000000,-0.030355695,0.0,-0.089000000,-0.030355695
1708,-X,+Y,217648,-0.089000000,-0.030355695,0.0,-0.089000000,-0.030355695
1709,-X,+Y,217727,-0.089000000,-0.030355695,0.0,-0.089000000,-0.030355695
1710,-X,+Y,217808,-0.092000000,-0.033338421,0.0,-0.092000000,-0.033338421
1711,-X,+Y,217887,-0.093000000,-0.034332662,0.0,-0.093000000,-0.034332662
1712,-X,+Y,217968,-0.084000000,-0.025384486,0.0,-0.084000000,-0.025384486
1713,-X,+Y,218047,-0.090000000,-0.031349937,0.0,-0.090000000,-0.031349937
1714,-X,+Y,218127,-0.090000000,-0.031349937,0.0,-0.090000000,-0.031349937
1715,-X,+Y,218208,-0.089000000,-0.030355695,0.0,-0.089000000,-0.030355695
1716,-X,+Y,218287,-0.089000000,-0.030355695,0.0,-0.089000000,-0.030355695
1717,-X,+Y,218368,-0.089000000,-0.030355695,0.0,-0.089000000,-0.030355695
1718,-X,+Y,218447,-0.093000000,-0.034332662,0.0,-0.093000000,-0.034332662
1719,-X,+Y,218528,-0.090000000,-0.031349937,0.0,-0.090000000,-0.031349937
1720,-X,+Y,218607,-0.090000000,-0.031349937,0.0,-0.090000000,-0.031349937
1721,-X,+Y,218688,-0.089000000,-0.030355695,0.0,-0.089000000,-0.030355695
1722,-X,+Y,218767,-0.093000000,-0.034332662,0.0,-0.093000000,-0.034332662
1723,-X,+Y,218847,-0.093000000,-0.034332662,0.0,-0.093000000,-0.034332662
1724,-X,+Y,218928,-0.093000000,-0.034332662,0.0,-0.093000000,-0.034332662
1725,-X,+Y,219007,-0.089000000,-0.030355695,0.0,-0.089000000,-0.030355695
1726,-X,+Y,219088,-0.088000000,-0.029361453,0.0,-0.088000000,-0.029361453
1727,-X,+Y,219167,-0.089000000,-0.030355695,0.0,-0.089000000,-0.030355695
1728,-X,+Y,219248,-0.090000000,-0.031349937,0.0,-0.090000000,-0.031349937
1729,-X,+Y,219327,-0.089000000,-0.030355695,0.0,-0.089000000,-0.030355695
1730,-X,+Y,219408,-0.089000000,-0.030355695,0.0,-0.089000000,-0.030355695
1731,-X,+Y,219487,-0.089000000,-0.030355695,0.0,-0.089000000,-0.030355695
1732,-X,+Y,219567,-0.089000000,-0.030355695,0.0,-0.089000000,-0.030355695
1733,-X,+Y,219648,-0.090000000,-0.031349937,0.0,-0.090000000,-0.031349937
1734,-X,+Y,219727,-0.093000000,-0.034332662,0.0,-0.093000000,-0.034332662
1735,-X,+Y,219808,-0.089000000,-0.030355695,0.0,-0.089000000,-0.030355695
1736,-X,+Y,219887,-0.084000000,-0.025384486,0.0,-0.084000000,-0.025384486
1737,-X,+Y,219968,-0.089000000,-0.030355695,0.0,-0.089000000,-0.030355695
1738,-X,+Y,220047,-0.090000000,-0.031349937,0.0,-0.090000000,-0.031349937
1739,-X,+Y,220128,-0.093000000,-0.034332662,0.0,-0.093000000,-0.034332662
1740,-X,+Y,220207,-0.092000000,-0.033338421,0.0,-0.092000000,-0.033338421
1741,-X,+Y,220287,-0.093000000,-0.034332662,0.0,-0.093000000,-0.034332662
1742,-X,+Y,220367,-0.088000000,-0.029361453,0.0,-0.088000000,-0.029361453
1743,-X,+Y,220447,-0.095000000,-0.036321146,0.0,-0.095000000,-0.036321146
1744,-X,+Y,220528,-0.095000000,-0.036321146,0.0,-0.095000000,-0.036321146
1745,-X,+Y,220607,-0.077000000,-0.018424793,0.0,-0.077000000,-0.018424793
1746,-X,+Y,220688,-0.093000000,-0.034332662,0.0,-0.093000000,-0.034332662
1747,-X,+Y,220767,-0.089000000,-0.030355695,0.0,-0.089000000,-0.030355695
1748,-X,+Y,220848,-0.087000000,-0.028367211,0.0,-0.087000000,-0.028367211
1749,-X,+Y,220927,-0.088000000,-0.029361453,0.0,-0.088000000,-0.029361453
1750,-X,+Y,221008,-0.089000000,-0.030355695,0.0,-0.089000000,-0.030355695
1751,-X,+Y,221087,-0.096000000,-0.037315388,0.0,-0.096000000,-0.037315388
1752,-X,+Y,221167,-0.093000000,-0.034332662,0.0,-0.093000000,-0.034332662
1753,-X,+Y,221248,-0.081000000,-0.022401760,0.0,-0.081000000,-0.022401760
1754,-X,+Y,221327,-0.090000000,-0.031349937,0.0,-0.090000000,-0.031349937
1755,-X,+Y,221408,-0.093000000,-0.034332662,0.0,-0.093000000,-0.034332662
1756,-X,+Y,221487,-0.088000000,-0.029361453,0.0,-0.088000000,-0.029361453
1757,-X,+Y,221568,-0.088000000,-0.029361453,0.0,-0.088000000,-0.029361453
1758,-X,+Y,221647,-0.093000000,-0.034332662,0.0,-0.093000000,-0.034332662
1759,-X,+Y,221728,-0.088000000,-0.029361453,0.0,-0.088000000,-0.029361453
1760,-X,+Y,221807,-0.088000000,-0.029361453,0.0,-0.088000000,-0.029361453
1761,-X,+Y,221887,-0.090000000,-0.031349937,0.0,-0.090000000,-0.031349937
1762,-X,+Y,221967,-0.095000000,-0.036321146,0.0,-0.095000000,-0.036321146
1763,-X,+Y,222047,-0.097000000,-0.038309630,0.0,-0.097000000,-0.038309630
1764,-X,+Y,222128,-0.097000000,-0.038309630,0.0,-0.097000000,-0.038309630
1765,-X,+Y,222207,-0.097000000,-0.038309630,0.0,-0.097000000,-0.038309630
1766,-X,+Y,222288,-0.095000000,-0.036321146,0.0,-0.095000000,-0.036321146
1767,-X,+Y,222367,-0.096000000,-0.037315388,0.0,-0.096000000,-0.037315388
1768,-X,+Y,222448,-0.093000000,-0.034332662,0.0,-0.093000000,-0.034332662
1769,-X,+Y,222527,-0.093000000,-0.034332662,0.0,-0.093000000,-0.034332662
1770,-X,+Y,222608,-0.088000000,-0.029361453,0.0,-0.088000000,-0.029361453
1771,-X,+Y,222687,-0.090000000,-0.031349937,0.0,-0.090000000,-0.031349937
1772,-X,+Y,222767,-0.084000000,-0.025384486,0.0,-0.084000000,-0.025384486
1773,-X,+Y,222847,-0.087000000,-0.028367211,0.0,-0.087000000,-0.028367211
1774,-X,+Y,222927,-0.084000000,-0.025384486,0.0,-0.084000000,-0.025384486
1775,-X,+Y,223008,-0.087000000,-0.028367211,0.0,-0.087000000,-0.028367211
1776,-X,+Y,223087,-0.093000000,-0.034332662,0.0,-0.093000000,-0.034332662
1777,-X,+Y,223168,-0.089000000,-0.030355695,0.0,-0.089000000,-0.030355695
1778,-X,+Y,223247,-0.093000000,-0.034332662,0.0,-0.093000000,-0.034332662
1779,-X,+Y,223328,-0.093000000,-0.034332662,0.0,-0.093000000,-0.034332662
1780,-X,+Y,223407,-0.085000000,-0.026378728,0.0,-0.085000000,-0.026378728
1781,-X,+Y,223488,-0.085000000,-0.026378728,0.0,-0.085000000,-0.026378728
1782,-X,+Y,223567,-0.096000000,-0.037315388,0.0,-0.096000000,-0.037315388
1783,-X,+Y,223648,-0.089000000,-0.030355695,0.0,-0.089000000,-0.030355695
1784,-X,+Y,223727,-0.089000000,-0.030355695,0.0,-0.089000000,-0.030355695
1785,-X,+Y,223807,-0.090000000,-0.031349937,0.0,-0.090000000,-0.031349937
1786,-X,+Y,223888,-0.088000000,-0.029361453,0.0,-0.088000000,-0.029361453
1787,-X,+Y,223967,-0.089000000,-0.030355695,0.0,-0.089000000,-0.030355695
1788,-X,+Y,224048,-0.089000000,-0.030355695,0.0,-0.089000000,-0.030355695
1789,-X,+Y,224127,-0.093000000,-0.034332662,0.0,-0.093000000,-0.034332662
1790,-X,+Y,224208,-0.090000000,-0.031349937,0.0,-0.090000000,-0.031349937
1791,-X,+Y,224287,-0.089000000,-0.030355695,0.0,-0.089000000,-0.030355695
1792,-X,+Y,224368,-0.089000000,-0.030355695,0.0,-0.089000000,-0.030355695
1793,-X,+Y,224447,-0.089000000,-0.030355695,0.0,-0.089000000,-0.030355695
1794,-X,+Y,224528,-0.087000000,-0.028367211,0.0,-0.087000000,-0.028367211
1795,-X,+Y,224607,-0.080000000,-0.021407518,0.0,-0.080000000,-0.021407518
1796,-X,+Y,224688,-0.090000000,-0.031349937,0.0,-0.090000000,-0.031349937
1797,-X,+Y,224767,-0.090000000,-0.031349937,0.0,-0.090000000,-0.031349937
1798,-X,+Y,224847,-0.089000000,-0.030355695,0.0,-0.089000000,-0.030355695
1799,-X,+Y,224928,-0.089000000,-0.030355695,0.0,-0.089000000,-0.030355695
1800,-X,+Y,225007,-0.089000000,-0.030355695,0.0,-0.089000000,-0.030355695
1801,-X,+Y,225088,-0.090000000,-0.031349937,0.0,-0.090000000,-0.031349937
1802,-X,+Y,225167,-0.093000000,-0.034332662,0.0,-0.093000000,-0.034332662
1803,-X,+Y,225248,-0.093000000,-0.034332662,0.0,-0.093000000,-0.034332662
1804,-X,+Y,225327,-0.090000000,-0.031349937,0.0,-0.090000000,-0.031349937
1805,-X,+Y,225408,-0.088000000,-0.029361453,0.0,-0.088000000,-0.029361453
1806,-X,+Y,225487,-0.088000000,-0.029361453,0.0,-0.088000000,-0.029361453
1807,-X,+Y,225567,-0.089000000,-0.030355695,0.0,-0.089000000,-0.030355695
1808,-X,+Y,225647,-0.090000000,-0.031349937,0.0,-0.090000000,-0.031349937
1809,-X,+Y,225727,-0.090000000,-0.031349937,0.0,-0.090000000,-0.031349937
1810,-X,+Y,225807,-0.097000000,-0.038309630,0.0,-0.097000000,-0.038309630
1811,-X,+Y,225887,-0.093000000,-0.034332662,0.0,-0.093000000,-0.034332662
1812,-X,+Y,225968,-0.093000000,-0.034332662,0.0,-0.093000000,-0.034332662
1813,-X,+Y,226047,-0.084000000,-0.025384486,0.0,-0.084000000,-0.025384486
1814,-X,+Y,226128,-0.090000000,-0.031349937,0.0,-0.090000000,-0.031349937
1815,-X,+Y,226207,-0.089000000,-0.030355695,0.0,-0.089000000,-0.030355695
1816,-X,+Y,226288,-0.088000000,-0.029361453,0.0,-0.088000000,-0.029361453
1817,-X,+Y,226367,-0.085000000,-0.026378728,0.0,-0.085000000,-0.026378728
1818,-X,+Y,226448,-0.085000000,-0.026378728,0.0,-0.085000000,-0.026378728
1819,-X,+Y,226527,-0.089000000,-0.030355695,0.0,-0.089000000,-0.030355695
1820,-X,+Y,226607,-0.092000000,-0.033338421,0.0,-0.092000000,-0.033338421
1821,-X,+Y,226687,-0.084000000,-0.025384486,0.0,-0.084000000,-0.025384486
1822,-X,+Y,226767,-0.093000000,-0.034332662,0.0,-0.093000000,-0.034332662
1823,-X,+Y,226848,-0.089000000,-0.030355695,0.0,-0.089000000,-0.030355695
1824,-X,+Y,226927,-0.090000000,-0.031349937,0.0,-0.090000000,-0.031349937
1825,-X,+Y,227008,-0.087000000,-0.028367211,0.0,-0.087000000,-0.028367211
1826,-X,+Y,227087,-0.090000000,-0.031349937,0.0,-0.090000000,-0.031349937
1827,-X,+Y,227168,-0.088000000,-0.029361453,0.0,-0.088000000,-0.029361453
1828,-X,+Y,227247,-0.089000000,-0.030355695,0.0,-0.089000000,-0.030355695
1829,-X,+Y,227328,-0.089000000,-0.030355695,0.0,-0.089000000,-0.030355695
1830,-X,+Y,227407,-0.089000000,-0.030355695,0.0,-0.089000000,-0.030355695
1831,-X,+Y,227488,-0.087000000,-0.028367211,0.0,-0.087000000,-0.028367211
1832,-X,+Y,227567,-0.093000000,-0.034332662,0.0,-0.093000000,-0.034332662
1833,-X,+Y,227647,-0.090000000,-0.031349937,0.0,-0.090000000,-0.031349937
1834,-X,+Y,227727,-0.095000000,-0.036321146,0.0,-0.095000000,-0.036321146
1835,-X,+Y,227807,-0.088000000,-0.029361453,0.0,-0.088000000,-0.029361453
1836,-X,+Y,227888,-0.087000000,-0.028367211,0.0,-0.087000000,-0.028367211
1837,-X,+Y,227967,-0.089000000,-0.030355695,0.0,-0.089000000,-0.030355695
1838,-X,+Y,228048,-0.089000000,-0.030355695,0.0,-0.089000000,-0.030355695
1839,-X,+Y,228127,-0.089000000,-0.030355695,0.0,-0.089000000,-0.030355695
1840,-X,+Y,228208,-0.092000000,-0.033338421,0.0,-0.092000000,-0.033338421
1841,-X,+Y,228287,-0.090000000,-0.031349937,0.0,-0.090000000,-0.031349937
1842,-X,+Y,228368,-0.087000000,-0.028367211,0.0,-0.087000000,-0.028367211
1843,-X,+Y,228447,-0.087000000,-0.028367211,0.0,-0.087000000,-0.028367211
1844,-X,+Y,228527,-0.089000000,-0.030355695,0.0,-0.089000000,-0.030355695
1845,-X,+Y,228607,-0.094000000,-0.035326904,0.0,-0.094000000,-0.035326904
1846,-X,+Y,228687,-0.093000000,-0.034332662,0.0,-0.093000000,-0.034332662
1847,-X,+Y,228768,-0.089000000,-0.030355695,0.0,-0.089000000,-0.030355695
1848,-X,+Y,228847,-0.085000000,-0.026378728,0.0,-0.085000000,-0.026378728
1849,-X,+Y,228928,-0.090000000,-0.031349937,0.0,-0.090000000,-0.031349937
1850,-X,+Y,229007,-0.089000000,-0.030355695,0.0,-0.089000000,-0.030355695
1851,-X,+Y,229088,-0.090000000,-0.031349937,0.0,-0.090000000,-0.031349937
1852,-X,+Y,229167,-0.090000000,-0.031349937,0.0,-0.090000000,-0.031349937
1853,-X,+Y,229248,-0.089000000,-0.030355695,0.0,-0.089000000,-0.030355695
1854,-X,+Y,229327,-0.093000000,-0.034332662,0.0,-0.093000000,-0.034332662
1855,-X,+Y,229407,-0.093000000,-0.034332662,0.0,-0.093000000,-0.034332662
1856,-X,+Y,229487,-0.089000000,-0.030355695,0.0,-0.089000000,-0.030355695
1857,-X,+Y,229567,-0.093000000,-0.034332662,0.0,-0.093000000,-0.034332662
1858,-X,+Y,229648,-0.093000000,-0.034332662,0.0,-0.093000000,-0.034332662
1859,-X,+Y,229727,-0.089000000,-0.030355695,0.0,-0.089000000,-0.030355695
1860,-X,+Y,229808,-0.089000000,-0.030355695,0.0,-0.089000000,-0.030355695
1861,-X,+Y,229887,-0.089000000,-0.030355695,0.0,-0.089000000,-0.030355695
1862,-X,+Y,229968,-0.089000000,-0.030355695,0.0,-0.089000000,-0.030355695
1863,-X,+Y,230047,-0.088000000,-0.029361453,0.0,-0.088000000,-0.029361453
1864,-X,+Y,230128,-0.089000000,-0.030355695,0.0,-0.089000000,-0.030355695
1865,-X,+Y,230207,-0.090000000,-0.031349937,0.0,-0.090000000,-0.031349937
1866,-X,+Y,230287,-0.095000000,-0.036321146,0.0,-0.095000000,-0.036321146
1867,-X,+Y,230368,-0.095000000,-0.036321146,0.0,-0.095000000,-0.036321146
1868,-X,+Y,230447,-0.097000000,-0.038309630,0.0,-0.097000000,-0.038309630
1869,-X,+Y,230528,-0.092000000,-0.033338421,0.0,-0.092000000,-0.033338421
1870,-X,+Y,230607,-0.093000000,-0.034332662,0.0,-0.093000000,-0.034332662
1871,-X,+Y,230688,-0.089000000,-0.030355695,0.0,-0.089000000,-0.030355695
1872,-X,+Y,230767,-0.089000000,-0.030355695,0.0,-0.089000000,-0.030355695
1873,-X,+Y,230848,-0.090000000,-0.031349937,0.0,-0.090000000,-0.031349937
1874,-X,+Y,230927,-0.095000000,-0.036321146,0.0,-0.095000000,-0.036321146
1875,-X,+Y,231008,-0.090000000,-0.031349937,0.0,-0.090000000,-0.031349937
1876,-X,+Y,231087,-0.093000000,-0.034332662,0.0,-0.093000000,-0.034332662
1877,-X,+Y,231167,-0.090000000,-0.031349937,0.0,-0.090000000,-0.031349937
1878,-X,+Y,231247,-0.092000000,-0.033338421,0.0,-0.092000000,-0.033338421
1879,-X,+Y,231327,-0.092000000,-0.033338421,0.0,-0.092000000,-0.033338421
1880,-X,+Y,231408,-0.094000000,-0.035326904,0.0,-0.094000000,-0.035326904
1881,-X,+Y,231487,-0.090000000,-0.031349937,0.0,-0.090000000,-0.031349937
1882,-X,+Y,231568,-0.093000000,-0.034332662,0.0,-0.093000000,-0.034332662
1883,-X,+Y,231647,-0.087000000,-0.028367211,0.0,-0.087000000,-0.028367211
1884,-X,+Y,231728,-0.090000000,-0.031349937,0.0,-0.090000000,-0.031349937
1885,-X,+Y,231807,-0.088000000,-0.029361453,0.0,-0.088000000,-0.029361453
1886,-X,+Y,231888,-0.089000000,-0.030355695,0.0,-0.089000000,-0.030355695
1887,-X,+Y,231967,-0.089000000,-0.030355695,0.0,-0.089000000,-0.030355695
1888,-X,+Y,232047,-0.089000000,-0.030355695,0.0,-0.089000000,-0.030355695
1889,-X,+Y,232127,-0.090000000,-0.031349937,0.0,-0.090000000,-0.031349937
1890,-X,+Y,232207,-0.089000000,-0.030355695,0.0,-0.089000000,-0.030355695
1891,-X,+Y,232288,-0.090000000,-0.031349937,0.0,-0.090000000,-0.031349937
1892,-X,+Y,232367,-0.090000000,-0.031349937,0.0,-0.090000000,-0.031349937
1893,-X,+Y,232448,-0.089000000,-0.030355695,0.0,-0.089000000,-0.030355695
1894,-X,+Y,232527,-0.090000000,-0.031349937,0.0,-0.090000000,-0.031349937
1895,-X,+Y,232608,-0.090000000,-0.031349937,0.0,-0.090000000,-0.031349937
1896,-X,+Y,232687,-0.095000000,-0.036321146,0.0,-0.095000000,-0.036321146
1897,-X,+Y,232768,-0.093000000,-0.034332662,0.0,-0.093000000,-0.034332662
1898,-X,+Y,232847,-0.087000000,-0.028367211,0.0,-0.087000000,-0.028367211
1899,-X,+Y,232927,-0.090000000,-0.031349937,0.0,-0.090000000,-0.031349937
1900,-X,+Y,233007,-0.095000000,-0.036321146,0.0,-0.095000000,-0.036321146
1901,-X,+Y,233087,-0.095000000,-0.036321146,0.0,-0.095000000,-0.036321146
1902,-X,+Y,233168,-0.089000000,-0.030355695,0.0,-0.089000000,-0.030355695
1903,-X,+Y,233247,-0.089000000,-0.030355695,0.0,-0.089000000,-0.030355695
1904,-X,+Y,233328,-0.089000000,-0.030355695,0.0,-0.089000000,-0.030355695
1905,-X,+Y,233407,-0.089000000,-0.030355695,0.0,-0.089000000,-0.030355695
1906,-X,+Y,233488,-0.090000000,-0.031349937,0.0,-0.090000000,-0.031349937
1907,-X,+Y,233567,-0.095000000,-0.036321146,0.0,-0.095000000,-0.036321146
1908,-X,+Y,233648,-0.090000000,-0.031349937,0.0,-0.090000000,-0.031349937
1909,-X,+Y,233727,-0.088000000,-0.029361453,0.0,-0.088000000,-0.029361453
1910,-X,+Y,233807,-0.088000000,-0.029361453,0.0,-0.088000000,-0.029361453
1911,-X,+Y,233887,-0.090000000,-0.031349937,0.0,-0.090000000,-0.031349937
1912,-X,+Y,233967,-0.089000000,-0.030355695,0.0,-0.089000000,-0.030355695
1913,-X,+Y,234048,-0.089000000,-0.030355695,0.0,-0.089000000,-0.030355695
1914,-X,+Y,234127,-0.084000000,-0.025384486,0.0,-0.084000000,-0.025384486
1915,-X,+Y,234208,-0.089000000,-0.030355695,0.0,-0.089000000,-0.030355695
1916,-X,+Y,234287,-0.089000000,-0.030355695,0.0,-0.089000000,-0.030355695
1917,-X,+Y,234368,-0.095000000,-0.036321146,0.0,-0.095000000,-0.036321146
1918,-X,+Y,234447,-0.093000000,-0.034332662,0.0,-0.093000000,-0.034332662
1919,-X,+Y,234528,-0.088000000,-0.029361453,0.0,-0.088000000,-0.029361453
1920,-X,+Y,234607,-0.090000000,-0.031349937,0.0,-0.090000000,-0.031349937
1921,-X,+Y,234688,-0.089000000,-0.030355695,0.0,-0.089000000,-0.030355695
1922,-X,+Y,234767,-0.090000000,-0.031349937,0.0,-0.090000000,-0.031349937
1923,-X,+Y,234848,-0.088000000,-0.029361453,0.0,-0.088000000,-0.029361453
1924,-X,+Y,234927,-0.090000000,-0.031349937,0.0,-0.090000000,-0.031349937
1925,-X,+Y,235007,-0.090000000,-0.031349937,0.0,-0.090000000,-0.031349937
1926,-X,+Y,235087,-0.088000000,-0.029361453,0.0,-0.088000000,-0.029361453
1927,-X,+Y,235167,-0.093000000,-0.034332662,0.0,-0.093000000,-0.034332662
1928,-X,+Y,235248,-0.093000000,-0.034332662,0.0,-0.093000000,-0.034332662
1929,-X,+Y,235327,-0.089000000,-0.030355695,0.0,-0.089000000,-0.030355695
1930,-X,+Y,235408,-0.090000000,-0.031349937,0.0,-0.090000000,-0.031349937
1931,-X,+Y,235487,-0.093000000,-0.034332662,0.0,-0.093000000,-0.034332662
1932,-X,+Y,235568,-0.093000000,-0.034332662,0.0,-0.093000000,-0.034332662
1933,-X,+Y,235647,-0.090000000,-0.031349937,0.0,-0.090000000,-0.031349937
1934,-X,+Y,235728,-0.089000000,-0.030355695,0.0,-0.089000000,-0.030355695
1935,-X,+Y,235807,-0.089000000,-0.030355695,0.0,-0.089000000,-0.030355695
1936,-X,+Y,235888,-0.093000000,-0.034332662,0.0,-0.093000000,-0.034332662
1937,-X,+Y,235967,-0.093000000,-0.034332662,0.0,-0.093000000,-0.034332662
1938,-X,+Y,236047,-0.096000000,-0.037315388,0.0,-0.096000000,-0.037315388
1939,-X,+Y,236128,-0.093000000,-0.034332662,0.0,-0.093000000,-0.034332662
1940,-X,+Y,236207,-0.089000000,-0.030355695,0.0,-0.089000000,-0.030355695
1941,-X,+Y,236288,-0.089000000,-0.030355695,0.0,-0.089000000,-0.030355695
1942,-X,+Y,236367,-0.089000000,-0.030355695,0.0,-0.089000000,-0.030355695
1943,-X,+Y,236448,-0.089000000,-0.030355695,0.0,-0.089000000,-0.030355695
1944,-X,+Y,236527,-0.093000000,-0.034332662,0.0,-0.093000000,-0.034332662
1945,-X,+Y,236608,-0.096000000,-0.037315388,0.0,-0.096000000,-0.037315388
1946,-X,+Y,236687,-0.089000000,-0.030355695,0.0,-0.089000000,-0.030355695
1947,-X,+Y,236767,-0.089000000,-0.030355695,0.0,-0.089000000,-0.030355695
1948,-X,+Y,236847,-0.088000000,-0.029361453,0.0,-0.088000000,-0.029361453
1949,-X,+Y,236927,-0.093000000,-0.034332662,0.0,-0.093000000,-0.034332662
1950,-X,+Y,237008,-0.087000000,-0.028367211,0.0,-0.087000000,-0.028367211
1951,-X,+Y,237087,-0.089000000,-0.030355695,0.0,-0.089000000,-0.030355695
1952,-X,+Y,237168,-0.090000000,-0.031349937,0.0,-0.090000000,-0.031349937
1953,-X,+Y,237247,-0.090000000,-0.031349937,0.0,-0.090000000,-0.031349937
1954,-X,+Y,237328,-0.089000000,-0.030355695,0.0,-0.089000000,-0.030355695
1955,-X,+Y,237407,-0.093000000,-0.034332662,0.0,-0.093000000,-0.034332662
1956,-X,+Y,237488,-0.092000000,-0.033338421,0.0,-0.092000000,-0.033338421
1957,-X,+Y,237567,-0.089000000,-0.030355695,0.0,-0.089000000,-0.030355695
1958,-X,+Y,237648,-0.089000000,-0.030355695,0.0,-0.089000000,-0.030355695
1959,-X,+Y,237727,-0.095000000,-0.036321146,0.0,-0.095000000,-0.036321146
1960,-X,+Y,237807,-0.092000000,-0.033338421,0.0,-0.092000000,-0.033338421
1961,-X,+Y,237888,-0.089000000,-0.030355695,0.0,-0.089000000,-0.030355695
1962,-X,+Y,237967,-0.084000000,-0.025384486,0.0,-0.084000000,-0.025384486
1963,-X,+Y,238048,-0.095000000,-0.036321146,0.0,-0.095000000,-0.036321146
1964,-X,+Y,238127,-0.089000000,-0.030355695,0.0,-0.089000000,-0.030355695
1965,-X,+Y,238208,-0.089000000,-0.030355695,0.0,-0.089000000,-0.030355695
1966,-X,+Y,238287,-0.090000000,-0.031349937,0.0,-0.090000000,-0.031349937
1967,-X,+Y,238368,-0.089000000,-0.030355695,0.0,-0.089000000,-0.030355695
1968,-X,+Y,238447,-0.093000000,-0.034332662,0.0,-0.093000000,-0.034332662
1969,-X,+Y,238528,-0.090000000,-0.031349937,0.0,-0.090000000,-0.031349937
1970,-X,+Y,238607,-0.095000000,-0.036321146,0.0,-0.095000000,-0.036321146
1971,-X,+Y,238687,-0.093000000,-0.034332662,0.0,-0.093000000,-0.034332662
1972,-X,+Y,238768,-0.090000000,-0.031349937,0.0,-0.090000000,-0.031349937
1973,-X,+Y,238847,-0.090000000,-0.031349937,0.0,-0.090000000,-0.031349937
1974,-X,+Y,238928,-0.088000000,-0.029361453,0.0,-0.088000000,-0.029361453
1975,-X,+Y,239007,-0.089000000,-0.030355695,0.0,-0.089000000,-0.030355695
1976,-X,+Y,239088,-0.092000000,-0.033338421,0.0,-0.092000000,-0.033338421
1977,-X,+Y,239167,-0.092000000,-0.033338421,0.0,-0.092000000,-0.033338421
1978,-X,+Y,239248,-0.090000000,-0.031349937,0.0,-0.090000000,-0.031349937
1979,-X,+Y,239327,-0.090000000,-0.031349937,0.0,-0.090000000,-0.031349937
1980,-X,+Y,239407,-0.090000000,-0.031349937,0.0,-0.090000000,-0.031349937
1981,-X,+Y,239488,-0.089000000,-0.030355695,0.0,-0.089000000,-0.030355695
1982,-X,+Y,239567,-0.095000000,-0.036321146,0.0,-0.095000000,-0.036321146
1983,-X,+Y,239648,-0.093000000,-0.034332662,0.0,-0.093000000,-0.034332662
1984,-X,+Y,239727,-0.089000000,-0.030355695,0.0,-0.089000000,-0.030355695
1985,-X,+Y,239808,-0.090000000,-0.031349937,0.0,-0.090000000,-0.031349937
1986,-X,+Y,239887,-0.085000000,-0.026378728,0.0,-0.085000000,-0.026378728
1987,-X,+Y,239968,-0.095000000,-0.036321146,0.0,-0.095000000,-0.036321146
1988,-X,+Y,240047,-0.093000000,-0.034332662,0.0,-0.093000000,-0.034332662
1989,-X,+Y,240127,-0.089000000,-0.030355695,0.0,-0.089000000,-0.030355695
1990,-X,+Y,240207,-0.089000000,-0.030355695,0.0,-0.089000000,-0.030355695
1991,-X,+Y,240287,-0.090000000,-0.031349937,0.0,-0.090000000,-0.031349937
1992,-X,+Y,240368,-0.089000000,-0.030355695,0.0,-0.089000000,-0.030355695
1993,-X,+Y,240447,-0.089000000,-0.030355695,0.0,-0.089000000,-0.030355695
1994,-X,+Y,240528,-0.095000000,-0.036321146,0.0,-0.095000000,-0.036321146
1995,-X,+Y,240607,-0.093000000,-0.034332662,0.0,-0.093000000,-0.034332662
1996,-X,+Y,240688,-0.089000000,-0.030355695,0.0,-0.089000000,-0.030355695
1997,-X,+Y,240767,-0.093000000,-0.034332662,0.0,-0.093000000,-0.034332662
1998,-X,+Y,240848,-0.093000000,-0.034332662,0.0,-0.093000000,-0.034332662
1999,-X,+Y,240927,-0.089000000,-0.030355695,0.0,-0.089000000,-0.030355695
2000,+Y,-X,329155,-1.057000000,-0.992781804,-1.0,-0.057000000,0.007218196
2001,+Y,-X,329235,-1.063000000,-0.998747255,-1.0,-0.063000000,0.001252745
2002,+Y,-X,329316,-1.064000000,-0.999741497,-1.0,-0.064000000,0.000258503
2003,+Y,-X,329395,-1.073000000,-1.008689674,-1.0,-0.073000000,-0.008689674
2004,+Y,-X,329476,-1.064000000,-0.999741497,-1.0,-0.064000000,0.000258503
2005,+Y,-X,329555,-1.064000000,-0.999741497,-1.0,-0.064000000,0.000258503
2006,+Y,-X,329635,-1.064000000,-0.999741497,-1.0,-0.064000000,0.000258503
2007,+Y,-X,329716,-1.064000000,-0.999741497,-1.0,-0.064000000,0.000258503
2008,+Y,-X,329795,-1.064000000,-0.999741497,-1.0,-0.064000000,0.000258503
2009,+Y,-X,329875,-1.069000000,-1.004712706,-1.0,-0.069000000,-0.004712706
2010,+Y,-X,329956,-1.057000000,-0.992781804,-1.0,-0.057000000,0.007218196
2011,+Y,-X,330035,-1.073000000,-1.008689674,-1.0,-0.073000000,-0.008689674
2012,+Y,-X,330116,-1.064000000,-0.999741497,-1.0,-0.064000000,0.000258503
2013,+Y,-X,330195,-1.066000000,-1.001729981,-1.0,-0.066000000,-0.001729981
2014,+Y,-X,330275,-1.063000000,-0.998747255,-1.0,-0.063000000,0.001252745
2015,+Y,-X,330356,-1.063000000,-0.998747255,-1.0,-0.063000000,0.001252745
2016,+Y,-X,330435,-1.069000000,-1.004712706,-1.0,-0.069000000,-0.004712706
2017,+Y,-X,330515,-1.067000000,-1.002724223,-1.0,-0.067000000,-0.002724223
2018,+Y,-X,330596,-1.056000000,-0.991787562,-1.0,-0.056000000,0.008212438
2019,+Y,-X,330675,-1.073000000,-1.008689674,-1.0,-0.073000000,-0.008689674
2020,+Y,-X,330756,-1.073000000,-1.008689674,-1.0,-0.073000000,-0.008689674
2021,+Y,-X,330835,-1.069000000,-1.004712706,-1.0,-0.069000000,-0.004712706
2022,+Y,-X,330915,-1.063000000,-0.998747255,-1.0,-0.063000000,0.001252745
2023,+Y,-X,330996,-1.068000000,-1.003718465,-1.0,-0.068000000,-0.003718465
2024,+Y,-X,331075,-1.064000000,-0.999741497,-1.0,-0.064000000,0.000258503
2025,+Y,-X,331155,-1.065000000,-1.000735739,-1.0,-0.065000000,-0.000735739
2026,+Y,-X,331236,-1.057000000,-0.992781804,-1.0,-0.057000000,0.007218196
2027,+Y,-X,331315,-1.073000000,-1.008689674,-1.0,-0.073000000,-0.008689674
2028,+Y,-X,331396,-1.065000000,-1.000735739,-1.0,-0.065000000,-0.000735739
2029,+Y,-X,331475,-1.063000000,-0.998747255,-1.0,-0.063000000,0.001252745
2030,+Y,-X,331555,-1.063000000,-0.998747255,-1.0,-0.063000000,0.001252745
2031,+Y,-X,331636,-1.064000000,-0.999741497,-1.0,-0.064000000,0.000258503
2032,+Y,-X,331715,-1.061000000,-0.996758772,-1.0,-0.061000000,0.003241228
2033,+Y,-X,331795,-1.061000000,-0.996758772,-1.0,-0.061000000,0.003241228
2034,+Y,-X,331876,-1.059000000,-0.994770288,-1.0,-0.059000000,0.005229712
2035,+Y,-X,331955,-1.064000000,-0.999741497,-1.0,-0.064000000,0.000258503
2036,+Y,-X,332036,-1.073000000,-1.008689674,-1.0,-0.073000000,-0.008689674
2037,+Y,-X,332115,-1.061000000,-0.996758772,-1.0,-0.061000000,0.003241228
2038,+Y,-X,332195,-1.063000000,-0.998747255,-1.0,-0.063000000,0.001252745
2039,+Y,-X,332276,-1.060000000,-0.995764530,-1.0,-0.060000000,0.004235470
2040,+Y,-X,332355,-1.064000000,-0.999741497,-1.0,-0.064000000,0.000258503
2041,+Y,-X,332435,-1.064000000,-0.999741497,-1.0,-0.064000000,0.000258503
2042,+Y,-X,332516,-1.064000000,-0.999741497,-1.0,-0.064000000,0.000258503
2043,+Y,-X,332595,-1.055000000,-0.990793320,-1.0,-0.055000000,0.009206680
2044,+Y,-X,332676,-1.063000000,-0.998747255,-1.0,-0.063000000,0.001252745
2045,+Y,-X,332755,-1.063000000,-0.998747255,-1.0,-0.063000000,0.001252745
2046,+Y,-X,332835,-1.069000000,-1.004712706,-1.0,-0.069000000,-0.004712706
2047,+Y,-X,332916,-1.062000000,-0.997753013,-1.0,-0.062000000,0.002246987
2048,+Y,-X,332995,-1.064000000,-0.999741497,-1.0,-0.064000000,0.000258503
2049,+Y,-X,333075,-1.066000000,-1.001729981,-1.0,-0.066000000,-0.001729981
2050,+Y,-X,333156,-1.063000000,-0.998747255,-1.0,-0.063000000,0.001252745
2051,+Y,-X,333235,-1.056000000,-0.991787562,-1.0,-0.056000000,0.008212438
2052,+Y,-X,333316,-1.073000000,-1.008689674,-1.0,-0.073000000,-0.008689674
2053,+Y,-X,333395,-1.065000000,-1.000735739,-1.0,-0.065000000,-0.000735739
2054,+Y,-X,333475,-1.063000000,-0.998747255,-1.0,-0.063000000,0.001252745
2055,+Y,-X,333556,-1.065000000,-1.000735739,-1.0,-0.065000000,-0.000735739
2056,+Y,-X,333635,-1.064000000,-0.999741497,-1.0,-0.064000000,0.000258503
2057,+Y,-X,333716,-1.063000000,-0.998747255,-1.0,-0.063000000,0.001252745
2058,+Y,-X,333795,-1.063000000,-0.998747255,-1.0,-0.063000000,0.001252745
2059,+Y,-X,333875,-1.060000000,-0.995764530,-1.0,-0.060000000,0.004235470
2060,+Y,-X,333956,-1.073000000,-1.008689674,-1.0,-0.073000000,-0.008689674
2061,+Y,-X,334035,-1.066000000,-1.001729981,-1.0,-0.066000000,-0.001729981
2062,+Y,-X,334115,-1.066000000,-1.001729981,-1.0,-0.066000000,-0.001729981
2063,+Y,-X,334196,-1.063000000,-0.998747255,-1.0,-0.063000000,0.001252745
2064,+Y,-X,334275,-1.065000000,-1.000735739,-1.0,-0.065000000,-0.000735739
2065,+Y,-X,334356,-1.063000000,-0.998747255,-1.0,-0.063000000,0.001252745
2066,+Y,-X,334435,-1.064000000,-0.999741497,-1.0,-0.064000000,0.000258503
2067,+Y,-X,334515,-1.073000000,-1.008689674,-1.0,-0.073000000,-0.008689674
2068,+Y,-X,334596,-1.064000000,-0.999741497,-1.0,-0.064000000,0.000258503
2069,+Y,-X,334675,-1.063000000,-0.998747255,-1.0,-0.063000000,0.001252745
2070,+Y,-X,334755,-1.064000000,-0.999741497,-1.0,-0.064000000,0.000258503
2071,+Y,-X,334836,-1.064000000,-0.999741497,-1.0,-0.064000000,0.000258503
2072,+Y,-X,334915,-1.061000000,-0.996758772,-1.0,-0.061000000,0.003241228
2073,+Y,-X,334996,-1.061000000,-0.996758772,-1.0,-0.061000000,0.003241228
2074,+Y,-X,335075,-1.049000000,-0.984827869,-1.0,-0.049000000,0.015172131
2075,+Y,-X,335155,-1.073000000,-1.008689674,-1.0,-0.073000000,-0.008689674
2076,+Y,-X,335236,-1.065000000,-1.000735739,-1.0,-0.065000000,-0.000735739
2077,+Y,-X,335315,-1.061000000,-0.996758772,-1.0,-0.061000000,0.003241228
2078,+Y,-X,335395,-1.066000000,-1.001729981,-1.0,-0.066000000,-0.001729981
2079,+Y,-X,335476,-1.063000000,-0.998747255,-1.0,-0.063000000,0.001252745
2080,+Y,-X,335555,-1.066000000,-1.001729981,-1.0,-0.066000000,-0.001729981
2081,+Y,-X,335636,-1.060000000,-0.995764530,-1.0,-0.060000000,0.004235470
2082,+Y,-X,335715,-1.060000000,-0.995764530,-1.0,-0.060000000,0.004235470
2083,+Y,-X,335795,-1.060000000,-0.995764530,-1.0,-0.060000000,0.004235470
2084,+Y,-X,335876,-1.064000000,-0.999741497,-1.0,-0.064000000,0.000258503
2085,+Y,-X,335955,-1.073000000,-1.008689674,-1.0,-0.073000000,-0.008689674
2086,+Y,-X,336036,-1.066000000,-1.001729981,-1.0,-0.066000000,-0.001729981
2087,+Y,-X,336115,-1.066000000,-1.001729981,-1.0,-0.066000000,-0.001729981
2088,+Y,-X,336195,-1.066000000,-1.001729981,-1.0,-0.066000000,-0.001729981
2089,+Y,-X,336276,-1.063000000,-0.998747255,-1.0,-0.063000000,0.001252745
2090,+Y,-X,336355,-1.064000000,-0.999741497,-1.0,-0.064000000,0.000258503
2091,+Y,-X,336435,-1.064000000,-0.999741497,-1.0,-0.064000000,0.000258503
2092,+Y,-X,336516,-1.061000000,-0.996758772,-1.0,-0.061000000,0.003241228
2093,+Y,-X,336595,-1.064000000,-0.999741497,-1.0,-0.064000000,0.000258503
2094,+Y,-X,336675,-1.064000000,-0.999741497,-1.0,-0.064000000,0.000258503
2095,+Y,-X,336756,-1.064000000,-0.999741497,-1.0,-0.064000000,0.000258503
2096,+Y,-X,336835,-1.064000000,-0.999741497,-1.0,-0.064000000,0.000258503
2097,+Y,-X,336916,-1.064000000,-0.999741497,-1.0,-0.064000000,0.000258503
2098,+Y,-X,336995,-1.065000000,-1.000735739,-1.0,-0.065000000,-0.000735739
2099,+Y,-X,337075,-1.064000000,-0.999741497,-1.0,-0.064000000,0.000258503
2100,+Y,-X,337156,-1.063000000,-0.998747255,-1.0,-0.063000000,0.001252745
2101,+Y,-X,337235,-1.060000000,-0.995764530,-1.0,-0.060000000,0.004235470
2102,+Y,-X,337315,-1.065000000,-1.000735739,-1.0,-0.065000000,-0.000735739
2103,+Y,-X,337396,-1.066000000,-1.001729981,-1.0,-0.066000000,-0.001729981
2104,+Y,-X,337475,-1.061000000,-0.996758772,-1.0,-0.061000000,0.003241228
2105,+Y,-X,337556,-1.064000000,-0.999741497,-1.0,-0.064000000,0.000258503
2106,+Y,-X,337635,-1.060000000,-0.995764530,-1.0,-0.060000000,0.004235470
2107,+Y,-X,337715,-1.053000000,-0.988804837,-1.0,-0.053000000,0.011195163
2108,+Y,-X,337796,-1.065000000,-1.000735739,-1.0,-0.065000000,-0.000735739
2109,+Y,-X,337875,-1.065000000,-1.000735739,-1.0,-0.065000000,-0.000735739
2110,+Y,-X,337955,-1.073000000,-1.008689674,-1.0,-0.073000000,-0.008689674
2111,+Y,-X,338036,-1.064000000,-0.999741497,-1.0,-0.064000000,0.000258503
2112,+Y,-X,338115,-1.068000000,-1.003718465,-1.0,-0.068000000,-0.003718465
2113,+Y,-X,338196,-1.064000000,-0.999741497,-1.0,-0.064000000,0.000258503
2114,+Y,-X,338275,-1.064000000,-0.999741497,-1.0,-0.064000000,0.000258503
2115,+Y,-X,338355,-1.064000000,-0.999741497,-1.0,-0.064000000,0.000258503
2116,+Y,-X,338436,-1.058000000,-0.993776046,-1.0,-0.058000000,0.006223954
2117,+Y,-X,338515,-1.069000000,-1.004712706,-1.0,-0.069000000,-0.004712706
2118,+Y,-X,338595,-1.058000000,-0.993776046,-1.0,-0.058000000,0.006223954
2119,+Y,-X,338676,-1.061000000,-0.996758772,-1.0,-0.061000000,0.003241228
2120,+Y,-X,338755,-1.068000000,-1.003718465,-1.0,-0.068000000,-0.003718465
2121,+Y,-X,338836,-1.068000000,-1.003718465,-1.0,-0.068000000,-0.003718465
2122,+Y,-X,338915,-1.068000000,-1.003718465,-1.0,-0.068000000,-0.003718465
2123,+Y,-X,338995,-1.064000000,-0.999741497,-1.0,-0.064000000,0.000258503
2124,+Y,-X,339076,-1.064000000,-0.999741497,-1.0,-0.064000000,0.000258503
2125,+Y,-X,339155,-1.061000000,-0.996758772,-1.0,-0.061000000,0.003241228
2126,+Y,-X,339235,-1.055000000,-0.990793320,-1.0,-0.055000000,0.009206680
2127,+Y,-X,339316,-1.069000000,-1.004712706,-1.0,-0.069000000,-0.004712706
2128,+Y,-X,339395,-1.073000000,-1.008689674,-1.0,-0.073000000,-0.008689674
2129,+Y,-X,339476,-1.064000000,-0.999741497,-1.0,-0.064000000,0.000258503
2130,+Y,-X,339555,-1.064000000,-0.999741497,-1.0,-0.064000000,0.000258503
2131,+Y,-X,339635,-1.064000000,-0.999741497,-1.0,-0.064000000,0.000258503
2132,+Y,-X,339716,-1.063000000,-0.998747255,-1.0,-0.063000000,0.001252745
2133,+Y,-X,339795,-1.064000000,-0.999741497,-1.0,-0.064000000,0.000258503
2134,+Y,-X,339876,-1.064000000,-0.999741497,-1.0,-0.064000000,0.000258503
2135,+Y,-X,339955,-1.058000000,-0.993776046,-1.0,-0.058000000,0.006223954
2136,+Y,-X,340035,-1.066000000,-1.001729981,-1.0,-0.066000000,-0.001729981
2137,+Y,-X,340116,-1.062000000,-0.997753013,-1.0,-0.062000000,0.002246987
2138,+Y,-X,340195,-1.064000000,-0.999741497,-1.0,-0.064000000,0.000258503
2139,+Y,-X,340275,-1.065000000,-1.000735739,-1.0,-0.065000000,-0.000735739
2140,+Y,-X,340356,-1.064000000,-0.999741497,-1.0,-0.064000000,0.000258503
2141,+Y,-X,340435,-1.066000000,-1.001729981,-1.0,-0.066000000,-0.001729981
2142,+Y,-X,340516,-1.066000000,-1.001729981,-1.0,-0.066000000,-0.001729981
2143,+Y,-X,340595,-1.064000000,-0.999741497,-1.0,-0.064000000,0.000258503
2144,+Y,-X,340675,-1.073000000,-1.008689674,-1.0,-0.073000000,-0.008689674
2145,+Y,-X,340756,-1.063000000,-0.998747255,-1.0,-0.063000000,0.001252745
2146,+Y,-X,340835,-1.065000000,-1.000735739,-1.0,-0.065000000,-0.000735739
2147,+Y,-X,340915,-1.065000000,-1.000735739,-1.0,-0.065000000,-0.000735739
2148,+Y,-X,340996,-1.064000000,-0.999741497,-1.0,-0.064000000,0.000258503
2149,+Y,-X,341075,-1.066000000,-1.001729981,-1.0,-0.066000000,-0.001729981
2150,+Y,-X,341156,-1.066000000,-1.001729981,-1.0,-0.066000000,-0.001729981
2151,+Y,-X,341235,-1.053000000,-0.988804837,-1.0,-0.053000000,0.011195163
2152,+Y,-X,341315,-1.065000000,-1.000735739,-1.0,-0.065000000,-0.000735739
2153,+Y,-X,341396,-1.066000000,-1.001729981,-1.0,-0.066000000,-0.001729981
2154,+Y,-X,341475,-1.064000000,-0.999741497,-1.0,-0.064000000,0.000258503
2155,+Y,-X,341555,-1.064000000,-0.999741497,-1.0,-0.064000000,0.000258503
2156,+Y,-X,341636,-1.065000000,-1.000735739,-1.0,-0.065000000,-0.000735739
2157,+Y,-X,341715,-1.064000000,-0.999741497,-1.0,-0.064000000,0.000258503
2158,+Y,-X,341796,-1.066000000,-1.001729981,-1.0,-0.066000000,-0.001729981
2159,+Y,-X,341876,-1.066000000,-1.001729981,-1.0,-0.066000000,-0.001729981
2160,+Y,-X,341955,-1.076000000,-1.011672399,-1.0,-0.076000000,-0.011672399
2161,+Y,-X,342036,-1.066000000,-1.001729981,-1.0,-0.066000000,-0.001729981
2162,+Y,-X,342115,-1.064000000,-0.999741497,-1.0,-0.064000000,0.000258503
2163,+Y,-X,342195,-1.065000000,-1.000735739,-1.0,-0.065000000,-0.000735739
2164,+Y,-X,342276,-1.064000000,-0.999741497,-1.0,-0.064000000,0.000258503
2165,+Y,-X,342355,-1.064000000,-0.999741497,-1.0,-0.064000000,0.000258503
2166,+Y,-X,342436,-1.063000000,-0.998747255,-1.0,-0.063000000,0.001252745
2167,+Y,-X,342516,-1.060000000,-0.995764530,-1.0,-0.060000000,0.004235470
2168,+Y,-X,342595,-1.065000000,-1.000735739,-1.0,-0.065000000,-0.000735739
2169,+Y,-X,342676,-1.065000000,-1.000735739,-1.0,-0.065000000,-0.000735739
2170,+Y,-X,342755,-1.064000000,-0.999741497,-1.0,-0.064000000,0.000258503
2171,+Y,-X,342835,-1.064000000,-0.999741497,-1.0,-0.064000000,0.000258503
2172,+Y,-X,342916,-1.064000000,-0.999741497,-1.0,-0.064000000,0.000258503
2173,+Y,-X,342995,-1.064000000,-0.999741497,-1.0,-0.064000000,0.000258503
2174,+Y,-X,343076,-1.061000000,-0.996758772,-1.0,-0.061000000,0.003241228
2175,+Y,-X,343156,-1.066000000,-1.001729981,-1.0,-0.066000000,-0.001729981
2176,+Y,-X,343235,-1.058000000,-0.993776046,-1.0,-0.058000000,0.006223954
2177,+Y,-X,343316,-1.064000000,-0.999741497,-1.0,-0.064000000,0.000258503
2178,+Y,-X,343395,-1.063000000,-0.998747255,-1.0,-0.063000000,0.001252745
2179,+Y,-X,343475,-1.064000000,-0.999741497,-1.0,-0.064000000,0.000258503
2180,+Y,-X,343556,-1.064000000,-0.999741497,-1.0,-0.064000000,0.000258503
2181,+Y,-X,343635,-1.066000000,-1.001729981,-1.0,-0.066000000,-0.001729981
2182,+Y,-X,343716,-1.064000000,-0.999741497,-1.0,-0.064000000,0.000258503
2183,+Y,-X,343795,-1.064000000,-0.999741497,-1.0,-0.064000000,0.000258503
2184,+Y,-X,343875,-1.064000000,-0.999741497,-1.0,-0.064000000,0.000258503
2185,+Y,-X,343956,-1.073000000,-1.008689674,-1.0,-0.073000000,-0.008689674
2186,+Y,-X,344035,-1.069000000,-1.004712706,-1.0,-0.069000000,-0.004712706
2187,+Y,-X,344115,-1.067000000,-1.002724223,-1.0,-0.067000000,-0.002724223
2188,+Y,-X,344196,-1.066000000,-1.001729981,-1.0,-0.066000000,-0.001729981
2189,+Y,-X,344275,-1.064000000,-0.999741497,-1.0,-0.064000000,0.000258503
2190,+Y,-X,344356,-1.066000000,-1.001729981,-1.0,-0.066000000,-0.001729981
2191,+Y,-X,344435,-1.056000000,-0.991787562,-1.0,-0.056000000,0.008212438
2192,+Y,-X,344515,-1.073000000,-1.008689674,-1.0,-0.073000000,-0.008689674
2193,+Y,-X,344596,-1.064000000,-0.999741497,-1.0,-0.064000000,0.000258503
2194,+Y,-X,344675,-1.065000000,-1.000735739,-1.0,-0.065000000,-0.000735739
2195,+Y,-X,344755,-1.068000000,-1.003718465,-1.0,-0.068000000,-0.003718465
2196,+Y,-X,344836,-1.064000000,-0.999741497,-1.0,-0.064000000,0.000258503
2197,+Y,-X,344915,-1.064000000,-0.999741497,-1.0,-0.064000000,0.000258503
2198,+Y,-X,344996,-1.065000000,-1.000735739,-1.0,-0.065000000,-0.000735739
2199,+Y,-X,345075,-1.060000000,-0.995764530,-1.0,-0.060000000,0.004235470
2200,+Y,-X,345155,-1.073000000,-1.008689674,-1.0,-0.073000000,-0.008689674
2201,+Y,-X,345236,-1.070000000,-1.005706948,-1.0,-0.070000000,-0.005706948
2202,+Y,-X,345315,-1.066000000,-1.001729981,-1.0,-0.066000000,-0.001729981
2203,+Y,-X,345396,-1.069000000,-1.004712706,-1.0,-0.069000000,-0.004712706
2204,+Y,-X,345476,-1.065000000,-1.000735739,-1.0,-0.065000000,-0.000735739
2205,+Y,-X,345555,-1.060000000,-0.995764530,-1.0,-0.060000000,0.004235470
2206,+Y,-X,345636,-1.069000000,-1.004712706,-1.0,-0.069000000,-0.004712706
2207,+Y,-X,345715,-1.073000000,-1.008689674,-1.0,-0.073000000,-0.008689674
2208,+Y,-X,345795,-1.066000000,-1.001729981,-1.0,-0.066000000,-0.001729981
2209,+Y,-X,345876,-1.064000000,-0.999741497,-1.0,-0.064000000,0.000258503
2210,+Y,-X,345955,-1.064000000,-0.999741497,-1.0,-0.064000000,0.000258503
2211,+Y,-X,346036,-1.065000000,-1.000735739,-1.0,-0.065000000,-0.000735739
2212,+Y,-X,346115,-1.064000000,-0.999741497,-1.0,-0.064000000,0.000258503
2213,+Y,-X,346195,-1.064000000,-0.999741497,-1.0,-0.064000000,0.000258503
2214,+Y,-X,346276,-1.060000000,-0.995764530,-1.0,-0.060000000,0.004235470
2215,+Y,-X,346355,-1.073000000,-1.008689674,-1.0,-0.073000000,-0.008689674
2216,+Y,-X,346435,-1.064000000,-0.999741497,-1.0,-0.064000000,0.000258503
2217,+Y,-X,346516,-1.065000000,-1.000735739,-1.0,-0.065000000,-0.000735739
2218,+Y,-X,346595,-1.065000000,-1.000735739,-1.0,-0.065000000,-0.000735739
2219,+Y,-X,346676,-1.064000000,-0.999741497,-1.0,-0.064000000,0.000258503
2220,+Y,-X,346755,-1.063000000,-0.998747255,-1.0,-0.063000000,0.001252745
2221,+Y,-X,346835,-1.060000000,-0.995764530,-1.0,-0.060000000,0.004235470
2222,+Y,-X,346916,-1.053000000,-0.988804837,-1.0,-0.053000000,0.011195163
2223,+Y,-X,346995,-1.053000000,-0.988804837,-1.0,-0.053000000,0.011195163
2224,+Y,-X,347075,-1.063000000,-0.998747255,-1.0,-0.063000000,0.001252745
2225,+Y,-X,347156,-1.064000000,-0.999741497,-1.0,-0.064000000,0.000258503
2226,+Y,-X,347235,-1.061000000,-0.996758772,-1.0,-0.061000000,0.003241228
2227,+Y,-X,347316,-1.065000000,-1.000735739,-1.0,-0.065000000,-0.000735739
2228,+Y,-X,347395,-1.063000000,-0.998747255,-1.0,-0.063000000,0.001252745
2229,+Y,-X,347475,-1.069000000,-1.004712706,-1.0,-0.069000000,-0.004712706
2230,+Y,-X,347556,-1.058000000,-0.993776046,-1.0,-0.058000000,0.006223954
2231,+Y,-X,347635,-1.073000000,-1.008689674,-1.0,-0.073000000,-0.008689674
2232,+Y,-X,347715,-1.064000000,-0.999741497,-1.0,-0.064000000,0.000258503
2233,+Y,-X,347796,-1.061000000,-0.996758772,-1.0,-0.061000000,0.003241228
2234,+Y,-X,347875,-1.068000000,-1.003718465,-1.0,-0.068000000,-0.003718465
2235,+Y,-X,347956,-1.068000000,-1.003718465,-1.0,-0.068000000,-0.003718465
2236,+Y,-X,348035,-1.065000000,-1.000735739,-1.0,-0.065000000,-0.000735739
2237,+Y,-X,348115,-1.061000000,-0.996758772,-1.0,-0.061000000,0.003241228
2238,+Y,-X,348196,-1.055000000,-0.990793320,-1.0,-0.055000000,0.009206680
2239,+Y,-X,348275,-1.073000000,-1.008689674,-1.0,-0.073000000,-0.008689674
2240,+Y,-X,348356,-1.064000000,-0.999741497,-1.0,-0.064000000,0.000258503
2241,+Y,-X,348436,-1.063000000,-0.998747255,-1.0,-0.063000000,0.001252745
2242,+Y,-X,348515,-1.066000000,-1.001729981,-1.0,-0.066000000,-0.001729981
2243,+Y,-X,348596,-1.064000000,-0.999741497,-1.0,-0.064000000,0.000258503
2244,+Y,-X,348675,-1.065000000,-1.000735739,-1.0,-0.065000000,-0.000735739
2245,+Y,-X,348755,-1.056000000,-0.991787562,-1.0,-0.056000000,0.008212438
2246,+Y,-X,348836,-1.064000000,-0.999741497,-1.0,-0.064000000,0.000258503
2247,+Y,-X,348915,-1.061000000,-0.996758772,-1.0,-0.061000000,0.003241228
2248,+Y,-X,348996,-1.061000000,-0.996758772,-1.0,-0.061000000,0.003241228
2249,+Y,-X,349076,-1.063000000,-0.998747255,-1.0,-0.063000000,0.001252745
2250,+Y,-X,349155,-1.064000000,-0.999741497,-1.0,-0.064000000,0.000258503
2251,+Y,-X,349236,-1.064000000,-0.999741497,-1.0,-0.064000000,0.000258503
2252,+Y,-X,349315,-1.061000000,-0.996758772,-1.0,-0.061000000,0.003241228
2253,+Y,-X,349395,-1.068000000,-1.003718465,-1.0,-0.068000000,-0.003718465
2254,+Y,-X,349476,-1.060000000,-0.995764530,-1.0,-0.060000000,0.004235470
2255,+Y,-X,349555,-1.073000000,-1.008689674,-1.0,-0.073000000,-0.008689674
2256,+Y,-X,349635,-1.064000000,-0.999741497,-1.0,-0.064000000,0.000258503
2257,+Y,-X,349716,-1.064000000,-0.999741497,-1.0,-0.064000000,0.000258503
2258,+Y,-X,349795,-1.063000000,-0.998747255,-1.0,-0.063000000,0.001252745
2259,+Y,-X,349876,-1.069000000,-1.004712706,-1.0,-0.069000000,-0.004712706
2260,+Y,-X,349955,-1.069000000,-1.004712706,-1.0,-0.069000000,-0.004712706
2261,+Y,-X,350035,-1.064000000,-0.999741497,-1.0,-0.064000000,0.000258503
2262,+Y,-X,350116,-1.064000000,-0.999741497,-1.0,-0.064000000,0.000258503
2263,+Y,-X,350195,-1.060000000,-0.995764530,-1.0,-0.060000000,0.004235470
2264,+Y,-X,350275,-1.066000000,-1.001729981,-1.0,-0.066000000,-0.001729981
2265,+Y,-X,350356,-1.065000000,-1.000735739,-1.0,-0.065000000,-0.000735739
2266,+Y,-X,350435,-1.064000000,-0.999741497,-1.0,-0.064000000,0.000258503
2267,+Y,-X,350516,-1.066000000,-1.001729981,-1.0,-0.066000000,-0.001729981
2268,+Y,-X,350595,-1.066000000,-1.001729981,-1.0,-0.066000000,-0.001729981
2269,+Y,-X,350675,-1.064000000,-0.999741497,-1.0,-0.064000000,0.000258503
2270,+Y,-X,350756,-1.064000000,-0.999741497,-1.0,-0.064000000,0.000258503
2271,+Y,-X,350835,-1.073000000,-1.008689674,-1.0,-0.073000000,-0.008689674
2272,+Y,-X,350916,-1.060000000,-0.995764530,-1.0,-0.060000000,0.004235470
2273,+Y,-X,350995,-1.060000000,-0.995764530,-1.0,-0.060000000,0.004235470
2274,+Y,-X,351075,-1.060000000,-0.995764530,-1.0,-0.060000000,0.004235470
2275,+Y,-X,351156,-1.065000000,-1.000735739,-1.0,-0.065000000,-0.000735739
2276,+Y,-X,351235,-1.063000000,-0.998747255,-1.0,-0.063000000,0.001252745
2277,+Y,-X,351315,-1.061000000,-0.996758772,-1.0,-0.061000000,0.003241228
2278,+Y,-X,351396,-1.064000000,-0.999741497,-1.0,-0.064000000,0.000258503
2279,+Y,-X,351475,-1.066000000,-1.001729981,-1.0,-0.066000000,-0.001729981
2280,+Y,-X,351556,-1.058000000,-0.993776046,-1.0,-0.058000000,0.006223954
2281,+Y,-X,351635,-1.056000000,-0.991787562,-1.0,-0.056000000,0.008212438
2282,+Y,-X,351715,-1.073000000,-1.008689674,-1.0,-0.073000000,-0.008689674
2283,+Y,-X,351796,-1.065000000,-1.000735739,-1.0,-0.065000000,-0.000735739
2284,+Y,-X,351875,-1.061000000,-0.996758772,-1.0,-0.061000000,0.003241228
2285,+Y,-X,351955,-1.063000000,-0.998747255,-1.0,-0.063000000,0.001252745
2286,+Y,-X,352036,-1.063000000,-0.998747255,-1.0,-0.063000000,0.001252745
2287,+Y,-X,352115,-1.064000000,-0.999741497,-1.0,-0.064000000,0.000258503
2288,+Y,-X,352196,-1.068000000,-1.003718465,-1.0,-0.068000000,-0.003718465
2289,+Y,-X,352276,-1.064000000,-0.999741497,-1.0,-0.064000000,0.000258503
2290,+Y,-X,352355,-1.056000000,-0.991787562,-1.0,-0.056000000,0.008212438
2291,+Y,-X,352436,-1.063000000,-0.998747255,-1.0,-0.063000000,0.001252745
2292,+Y,-X,352515,-1.073000000,-1.008689674,-1.0,-0.073000000,-0.008689674
2293,+Y,-X,352595,-1.073000000,-1.008689674,-1.0,-0.073000000,-0.008689674
2294,+Y,-X,352676,-1.065000000,-1.000735739,-1.0,-0.065000000,-0.000735739
2295,+Y,-X,352755,-1.064000000,-0.999741497,-1.0,-0.064000000,0.000258503
2296,+Y,-X,352836,-1.067000000,-1.002724223,-1.0,-0.067000000,-0.002724223
2297,+Y,-X,352916,-1.065000000,-1.000735739,-1.0,-0.065000000,-0.000735739
2298,+Y,-X,352995,-1.065000000,-1.000735739,-1.0,-0.065000000,-0.000735739
2299,+Y,-X,353076,-1.064000000,-0.999741497,-1.0,-0.064000000,0.000258503
2300,+Y,-X,353155,-1.064000000,-0.999741497,-1.0,-0.064000000,0.000258503
2301,+Y,-X,353235,-1.061000000,-0.996758772,-1.0,-0.061000000,0.003241228
2302,+Y,-X,353316,-1.063000000,-0.998747255,-1.0,-0.063000000,0.001252745
2303,+Y,-X,353395,-1.064000000,-0.999741497,-1.0,-0.064000000,0.000258503
2304,+Y,-X,353476,-1.068000000,-1.003718465,-1.0,-0.068000000,-0.003718465
2305,+Y,-X,353556,-1.060000000,-0.995764530,-1.0,-0.060000000,0.004235470
2306,+Y,-X,353635,-1.060000000,-0.995764530,-1.0,-0.060000000,0.004235470
2307,+Y,-X,353716,-1.064000000,-0.999741497,-1.0,-0.064000000,0.000258503
2308,+Y,-X,353795,-1.060000000,-0.995764530,-1.0,-0.060000000,0.004235470
2309,+Y,-X,353875,-1.073000000,-1.008689674,-1.0,-0.073000000,-0.008689674
2310,+Y,-X,353956,-1.066000000,-1.001729981,-1.0,-0.066000000,-0.001729981
2311,+Y,-X,354035,-1.066000000,-1.001729981,-1.0,-0.066000000,-0.001729981
2312,+Y,-X,354116,-1.065000000,-1.000735739,-1.0,-0.065000000,-0.000735739
2313,+Y,-X,354196,-1.068000000,-1.003718465,-1.0,-0.068000000,-0.003718465
2314,+Y,-X,354275,-1.069000000,-1.004712706,-1.0,-0.069000000,-0.004712706
2315,+Y,-X,354356,-1.064000000,-0.999741497,-1.0,-0.064000000,0.000258503
2316,+Y,-X,354435,-1.056000000,-0.991787562,-1.0,-0.056000000,0.008212438
2317,+Y,-X,354515,-1.073000000,-1.008689674,-1.0,-0.073000000,-0.008689674
2318,+Y,-X,354596,-1.063000000,-0.998747255,-1.0,-0.063000000,0.001252745
2319,+Y,-X,354675,-1.065000000,-1.000735739,-1.0,-0.065000000,-0.000735739
2320,+Y,-X,354756,-1.066000000,-1.001729981,-1.0,-0.066000000,-0.001729981
2321,+Y,-X,354835,-1.060000000,-0.995764530,-1.0,-0.060000000,0.004235470
2322,+Y,-X,354915,-1.069000000,-1.004712706,-1.0,-0.069000000,-0.004712706
2323,+Y,-X,354996,-1.057000000,-0.992781804,-1.0,-0.057000000,0.007218196
2324,+Y,-X,355075,-1.057000000,-0.992781804,-1.0,-0.057000000,0.007218196
2325,+Y,-X,355155,-1.069000000,-1.004712706,-1.0,-0.069000000,-0.004712706
2326,+Y,-X,355236,-1.064000000,-0.999741497,-1.0,-0.064000000,0.000258503
2327,+Y,-X,355315,-1.064000000,-0.999741497,-1.0,-0.064000000,0.000258503
2328,+Y,-X,355396,-1.064000000,-0.999741497,-1.0,-0.064000000,0.000258503
2329,+Y,-X,355475,-1.060000000,-0.995764530,-1.0,-0.060000000,0.004235470
2330,+Y,-X,355555,-1.063000000,-0.998747255,-1.0,-0.063000000,0.001252745
2331,+Y,-X,355636,-1.060000000,-0.995764530,-1.0,-0.060000000,0.004235470
2332,+Y,-X,355715,-1.065000000,-1.000735739,-1.0,-0.065000000,-0.000735739
2333,+Y,-X,355795,-1.064000000,-0.999741497,-1.0,-0.064000000,0.000258503
2334,+Y,-X,355876,-1.064000000,-0.999741497,-1.0,-0.064000000,0.000258503
2335,+Y,-X,355955,-1.063000000,-0.998747255,-1.0,-0.063000000,0.001252745
2336,+Y,-X,356036,-1.063000000,-0.998747255,-1.0,-0.063000000,0.001252745
2337,+Y,-X,356115,-1.064000000,-0.999741497,-1.0,-0.064000000,0.000258503
2338,+Y,-X,356195,-1.064000000,-0.999741497,-1.0,-0.064000000,0.000258503
2339,+Y,-X,356276,-1.056000000,-0.991787562,-1.0,-0.056000000,0.008212438
2340,+Y,-X,356355,-1.065000000,-1.000735739,-1.0,-0.065000000,-0.000735739
2341,+Y,-X,356435,-1.070000000,-1.005706948,-1.0,-0.070000000,-0.005706948
2342,+Y,-X,356516,-1.066000000,-1.001729981,-1.0,-0.066000000,-0.001729981
2343,+Y,-X,356595,-1.060000000,-0.995764530,-1.0,-0.060000000,0.004235470
2344,+Y,-X,356676,-1.065000000,-1.000735739,-1.0,-0.065000000,-0.000735739
2345,+Y,-X,356755,-1.066000000,-1.001729981,-1.0,-0.066000000,-0.001729981
2346,+Y,-X,356835,-1.058000000,-0.993776046,-1.0,-0.058000000,0.006223954
2347,+Y,-X,356916,-1.073000000,-1.008689674,-1.0,-0.073000000,-0.008689674
2348,+Y,-X,356995,-1.064000000,-0.999741497,-1.0,-0.064000000,0.000258503
2349,+Y,-X,357076,-1.064000000,-0.999741497,-1.0,-0.064000000,0.000258503
2350,+Y,-X,357156,-1.067000000,-1.002724223,-1.0,-0.067000000,-0.002724223
2351,+Y,-X,357235,-1.065000000,-1.000735739,-1.0,-0.065000000,-0.000735739
2352,+Y,-X,357316,-1.068000000,-1.003718465,-1.0,-0.068000000,-0.003718465
2353,+Y,-X,357395,-1.063000000,-0.998747255,-1.0,-0.063000000,0.001252745
2354,+Y,-X,357475,-1.069000000,-1.004712706,-1.0,-0.069000000,-0.004712706
2355,+Y,-X,357556,-1.056000000,-0.991787562,-1.0,-0.056000000,0.008212438
2356,+Y,-X,357635,-1.056000000,-0.991787562,-1.0,-0.056000000,0.008212438
2357,+Y,-X,357716,-1.065000000,-1.000735739,-1.0,-0.065000000,-0.000735739
2358,+Y,-X,357795,-1.064000000,-0.999741497,-1.0,-0.064000000,0.000258503
2359,+Y,-X,357875,-1.064000000,-0.999741497,-1.0,-0.064000000,0.000258503
2360,+Y,-X,357956,-1.061000000,-0.996758772,-1.0,-0.061000000,0.003241228
2361,+Y,-X,358035,-1.063000000,-0.998747255,-1.0,-0.063000000,0.001252745
2362,+Y,-X,358115,-1.063000000,-0.998747255,-1.0,-0.063000000,0.001252745
2363,+Y,-X,358196,-1.066000000,-1.001729981,-1.0,-0.066000000,-0.001729981
2364,+Y,-X,358275,-1.060000000,-0.995764530,-1.0,-0.060000000,0.004235470
2365,+Y,-X,358356,-1.073000000,-1.008689674,-1.0,-0.073000000,-0.008689674
2366,+Y,-X,358435,-1.064000000,-0.999741497,-1.0,-0.064000000,0.000258503
2367,+Y,-X,358515,-1.065000000,-1.000735739,-1.0,-0.065000000,-0.000735739
2368,+Y,-X,358596,-1.065000000,-1.000735739,-1.0,-0.065000000,-0.000735739
2369,+Y,-X,358675,-1.063000000,-0.998747255,-1.0,-0.063000000,0.001252745
2370,+Y,-X,358755,-1.065000000,-1.000735739,-1.0,-0.065000000,-0.000735739
2371,+Y,-X,358836,-1.056000000,-0.991787562,-1.0,-0.056000000,0.008212438
2372,+Y,-X,358915,-1.073000000,-1.008689674,-1.0,-0.073000000,-0.008689674
2373,+Y,-X,358996,-1.070000000,-1.005706948,-1.0,-0.070000000,-0.005706948
2374,+Y,-X,359075,-1.070000000,-1.005706948,-1.0,-0.070000000,-0.005706948
2375,+Y,-X,359155,-1.062000000,-0.997753013,-1.0,-0.062000000,0.002246987
2376,+Y,-X,359236,-1.068000000,-1.003718465,-1.0,-0.068000000,-0.003718465
2377,+Y,-X,359315,-1.064000000,-0.999741497,-1.0,-0.064000000,0.000258503
2378,+Y,-X,359395,-1.062000000,-0.997753013,-1.0,-0.062000000,0.002246987
2379,+Y,-X,359476,-1.065000000,-1.000735739,-1.0,-0.065000000,-0.000735739
2380,+Y,-X,359555,-1.064000000,-0.999741497,-1.0,-0.064000000,0.000258503
2381,+Y,-X,359636,-1.060000000,-0.995764530,-1.0,-0.060000000,0.004235470
2382,+Y,-X,359715,-1.065000000,-1.000735739,-1.0,-0.065000000,-0.000735739
2383,+Y,-X,359795,-1.065000000,-1.000735739,-1.0,-0.065000000,-0.000735739
2384,+Y,-X,359876,-1.064000000,-0.999741497,-1.0,-0.064000000,0.000258503
2385,+Y,-X,359955,-1.065000000,-1.000735739,-1.0,-0.065000000,-0.000735739
2386,+Y,-X,360035,-1.061000000,-0.996758772,-1.0,-0.061000000,0.003241228
2387,+Y,-X,360116,-1.061000000,-0.996758772,-1.0,-0.061000000,0.003241228
2388,+Y,-X,360195,-1.069000000,-1.004712706,-1.0,-0.069000000,-0.004712706
2389,+Y,-X,360276,-1.056000000,-0.991787562,-1.0,-0.056000000,0.008212438
2390,+Y,-X,360355,-1.073000000,-1.008689674,-1.0,-0.073000000,-0.008689674
2391,+Y,-X,360435,-1.066000000,-1.001729981,-1.0,-0.066000000,-0.001729981
2392,+Y,-X,360516,-1.064000000,-0.999741497,-1.0,-0.064000000,0.000258503
2393,+Y,-X,360595,-1.065000000,-1.000735739,-1.0,-0.065000000,-0.000735739
2394,+Y,-X,360675,-1.061000000,-0.996758772,-1.0,-0.061000000,0.003241228
2395,+Y,-X,360756,-1.064000000,-0.999741497,-1.0,-0.064000000,0.000258503
2396,+Y,-X,360835,-1.064000000,-0.999741497,-1.0,-0.064000000,0.000258503
2397,+Y,-X,360916,-1.073000000,-1.008689674,-1.0,-0.073000000,-0.008689674
2398,+Y,-X,360995,-1.064000000,-0.999741497,-1.0,-0.064000000,0.000258503
2399,+Y,-X,361075,-1.063000000,-0.998747255,-1.0,-0.063000000,0.001252745
2400,+Y,-X,361156,-1.063000000,-0.998747255,-1.0,-0.063000000,0.001252745
2401,+Y,-X,361235,-1.064000000,-0.999741497,-1.0,-0.064000000,0.000258503
2402,+Y,-X,361315,-1.063000000,-0.998747255,-1.0,-0.063000000,0.001252745
2403,+Y,-X,361396,-1.064000000,-0.999741497,-1.0,-0.064000000,0.000258503
2404,+Y,-X,361475,-1.061000000,-0.996758772,-1.0,-0.061000000,0.003241228
2405,+Y,-X,361556,-1.066000000,-1.001729981,-1.0,-0.066000000,-0.001729981
2406,+Y,-X,361635,-1.049000000,-0.984827869,-1.0,-0.049000000,0.015172131
2407,+Y,-X,361715,-1.073000000,-1.008689674,-1.0,-0.073000000,-0.008689674
2408,+Y,-X,361796,-1.064000000,-0.999741497,-1.0,-0.064000000,0.000258503
2409,+Y,-X,361875,-1.061000000,-0.996758772,-1.0,-0.061000000,0.003241228
2410,+Y,-X,361955,-1.064000000,-0.999741497,-1.0,-0.064000000,0.000258503
2411,+Y,-X,362036,-1.064000000,-0.999741497,-1.0,-0.064000000,0.000258503
2412,+Y,-X,362115,-1.064000000,-0.999741497,-1.0,-0.064000000,0.000258503
2413,+Y,-X,362196,-1.064000000,-0.999741497,-1.0,-0.064000000,0.000258503
2414,+Y,-X,362275,-1.063000000,-0.998747255,-1.0,-0.063000000,0.001252745
2415,+Y,-X,362355,-1.063000000,-0.998747255,-1.0,-0.063000000,0.001252745
2416,+Y,-X,362436,-1.054000000,-0.989799079,-1.0,-0.054000000,0.010200921
2417,+Y,-X,362515,-1.064000000,-0.999741497,-1.0,-0.064000000,0.000258503
2418,+Y,-X,362595,-1.068000000,-1.003718465,-1.0,-0.068000000,-0.003718465
2419,+Y,-X,362676,-1.066000000,-1.001729981,-1.0,-0.066000000,-0.001729981
2420,+Y,-X,362755,-1.066000000,-1.001729981,-1.0,-0.066000000,-0.001729981
2421,+Y,-X,362836,-1.069000000,-1.004712706,-1.0,-0.069000000,-0.004712706
2422,+Y,-X,362916,-1.065000000,-1.000735739,-1.0,-0.065000000,-0.000735739
2423,+Y,-X,362995,-1.056000000,-0.991787562,-1.0,-0.056000000,0.008212438
2424,+Y,-X,363076,-1.060000000,-0.995764530,-1.0,-0.060000000,0.004235470
2425,+Y,-X,363155,-1.060000000,-0.995764530,-1.0,-0.060000000,0.004235470
2426,+Y,-X,363235,-1.064000000,-0.999741497,-1.0,-0.064000000,0.000258503
2427,+Y,-X,363316,-1.065000000,-1.000735739,-1.0,-0.065000000,-0.000735739
2428,+Y,-X,363395,-1.064000000,-0.999741497,-1.0,-0.064000000,0.000258503
2429,+Y,-X,363476,-1.066000000,-1.001729981,-1.0,-0.066000000,-0.001729981
2430,+Y,-X,363555,-1.064000000,-0.999741497,-1.0,-0.064000000,0.000258503
2431,+Y,-X,363635,-1.060000000,-0.995764530,-1.0,-0.060000000,0.004235470
2432,+Y,-X,363716,-1.064000000,-0.999741497,-1.0,-0.064000000,0.000258503
2433,+Y,-X,363795,-1.066000000,-1.001729981,-1.0,-0.066000000,-0.001729981
2434,+Y,-X,363875,-1.063000000,-0.998747255,-1.0,-0.063000000,0.001252745
2435,+Y,-X,363956,-1.064000000,-0.999741497,-1.0,-0.064000000,0.000258503
2436,+Y,-X,364035,-1.064000000,-0.999741497,-1.0,-0.064000000,0.000258503
2437,+Y,-X,364116,-1.064000000,-0.999741497,-1.0,-0.064000000,0.000258503
2438,+Y,-X,364195,-1.064000000,-0.999741497,-1.0,-0.064000000,0.000258503
2439,+Y,-X,364275,-1.060000000,-0.995764530,-1.0,-0.060000000,0.004235470
2440,+Y,-X,364356,-1.057000000,-0.992781804,-1.0,-0.057000000,0.007218196
2441,+Y,-X,364435,-1.065000000,-1.000735739,-1.0,-0.065000000,-0.000735739
2442,+Y,-X,364515,-1.069000000,-1.004712706,-1.0,-0.069000000,-0.004712706
2443,+Y,-X,364596,-1.064000000,-0.999741497,-1.0,-0.064000000,0.000258503
2444,+Y,-X,364675,-1.064000000,-0.999741497,-1.0,-0.064000000,0.000258503
2445,+Y,-X,364756,-1.064000000,-0.999741497,-1.0,-0.064000000,0.000258503
2446,+Y,-X,364835,-1.063000000,-0.998747255,-1.0,-0.063000000,0.001252745
2447,+Y,-X,364915,-1.066000000,-1.001729981,-1.0,-0.066000000,-0.001729981
2448,+Y,-X,364996,-1.061000000,-0.996758772,-1.0,-0.061000000,0.003241228
2449,+Y,-X,365075,-1.073000000,-1.008689674,-1.0,-0.073000000,-0.008689674
2450,+Y,-X,365155,-1.073000000,-1.008689674,-1.0,-0.073000000,-0.008689674
2451,+Y,-X,365236,-1.064000000,-0.999741497,-1.0,-0.064000000,0.000258503
2452,+Y,-X,365315,-1.068000000,-1.003718465,-1.0,-0.068000000,-0.003718465
2453,+Y,-X,365396,-1.063000000,-0.998747255,-1.0,-0.063000000,0.001252745
2454,+Y,-X,365475,-1.064000000,-0.999741497,-1.0,-0.064000000,0.000258503
2455,+Y,-X,365555,-1.060000000,-0.995764530,-1.0,-0.060000000,0.004235470
2456,+Y,-X,365636,-1.060000000,-0.995764530,-1.0,-0.060000000,0.004235470
2457,+Y,-X,365715,-1.063000000,-0.998747255,-1.0,-0.063000000,0.001252745
2458,+Y,-X,365795,-1.073000000,-1.008689674,-1.0,-0.073000000,-0.008689674
2459,+Y,-X,365876,-1.066000000,-1.001729981,-1.0,-0.066000000,-0.001729981
2460,+Y,-X,365955,-1.064000000,-0.999741497,-1.0,-0.064000000,0.000258503
2461,+Y,-X,366036,-1.065000000,-1.000735739,-1.0,-0.065000000,-0.000735739
2462,+Y,-X,366115,-1.064000000,-0.999741497,-1.0,-0.064000000,0.000258503
2463,+Y,-X,366195,-1.064000000,-0.999741497,-1.0,-0.064000000,0.000258503
2464,+Y,-X,366276,-1.065000000,-1.000735739,-1.0,-0.065000000,-0.000735739
2465,+Y,-X,366355,-1.056000000,-0.991787562,-1.0,-0.056000000,0.008212438
2466,+Y,-X,366435,-1.073000000,-1.008689674,-1.0,-0.073000000,-0.008689674
2467,+Y,-X,366516,-1.066000000,-1.001729981,-1.0,-0.066000000,-0.001729981
2468,+Y,-X,366595,-1.065000000,-1.000735739,-1.0,-0.065000000,-0.000735739
2469,+Y,-X,366676,-1.063000000,-0.998747255,-1.0,-0.063000000,0.001252745
2470,+Y,-X,366755,-1.060000000,-0.995764530,-1.0,-0.060000000,0.004235470
2471,+Y,-X,366835,-1.060000000,-0.995764530,-1.0,-0.060000000,0.004235470
2472,+Y,-X,366916,-1.064000000,-0.999741497,-1.0,-0.064000000,0.000258503
2473,+Y,-X,366995,-1.060000000,-0.995764530,-1.0,-0.060000000,0.004235470
2474,+Y,-X,367075,-1.073000000,-1.008689674,-1.0,-0.073000000,-0.008689674
2475,+Y,-X,367156,-1.073000000,-1.008689674,-1.0,-0.073000000,-0.008689674
2476,+Y,-X,367235,-1.066000000,-1.001729981,-1.0,-0.066000000,-0.001729981
2477,+Y,-X,367316,-1.065000000,-1.000735739,-1.0,-0.065000000,-0.000735739
2478,+Y,-X,367395,-1.064000000,-0.999741497,-1.0,-0.064000000,0.000258503
2479,+Y,-X,367475,-1.064000000,-0.999741497,-1.0,-0.064000000,0.000258503
2480,+Y,-X,367556,-1.063000000,-0.998747255,-1.0,-0.063000000,0.001252745
2481,+Y,-X,367635,-1.065000000,-1.000735739,-1.0,-0.065000000,-0.000735739
2482,+Y,-X,367715,-1.060000000,-0.995764530,-1.0,-0.060000000,0.004235470
2483,+Y,-X,367796,-1.065000000,-1.000735739,-1.0,-0.065000000,-0.000735739
2484,+Y,-X,367875,-1.073000000,-1.008689674,-1.0,-0.073000000,-0.008689674
2485,+Y,-X,367956,-1.064000000,-0.999741497,-1.0,-0.064000000,0.000258503
2486,+Y,-X,368035,-1.064000000,-0.999741497,-1.0,-0.064000000,0.000258503
2487,+Y,-X,368115,-1.065000000,-1.000735739,-1.0,-0.065000000,-0.000735739
2488,+Y,-X,368196,-1.065000000,-1.000735739,-1.0,-0.065000000,-0.000735739
2489,+Y,-X,368275,-1.064000000,-0.999741497,-1.0,-0.064000000,0.000258503
2490,+Y,-X,368355,-1.068000000,-1.003718465,-1.0,-0.068000000,-0.003718465
2491,+Y,-X,368436,-1.060000000,-0.995764530,-1.0,-0.060000000,0.004235470
2492,+Y,-X,368515,-1.064000000,-0.999741497,-1.0,-0.064000000,0.000258503
2493,+Y,-X,368596,-1.053000000,-0.988804837,-1.0,-0.053000000,0.011195163
2494,+Y,-X,368675,-1.064000000,-0.999741497,-1.0,-0.064000000,0.000258503
2495,+Y,-X,368755,-1.066000000,-1.001729981,-1.0,-0.066000000,-0.001729981
2496,+Y,-X,368836,-1.060000000,-0.995764530,-1.0,-0.060000000,0.004235470
2497,+Y,-X,368915,-1.065000000,-1.000735739,-1.0,-0.065000000,-0.000735739
2498,+Y,-X,368995,-1.064000000,-0.999741497,-1.0,-0.064000000,0.000258503
2499,+Y,-X,369076,-1.064000000,-0.999741497,-1.0,-0.064000000,0.000258503
2500,+Y,-X,369155,-1.058000000,-0.993776046,-1.0,-0.058000000,0.006223954
2501,+Y,-X,369236,-1.058000000,-0.993776046,-1.0,-0.058000000,0.006223954
2502,+Y,-X,369315,-1.076000000,-1.011672399,-1.0,-0.076000000,-0.011672399
2503,+Y,-X,369395,-1.064000000,-0.999741497,-1.0,-0.064000000,0.000258503
2504,+Y,-X,369476,-1.064000000,-0.999741497,-1.0,-0.064000000,0.000258503
2505,+Y,-X,369555,-1.064000000,-0.999741497,-1.0,-0.064000000,0.000258503
2506,+Y,-X,369635,-1.064000000,-0.999741497,-1.0,-0.064000000,0.000258503
2507,+Y,-X,369716,-1.060000000,-0.995764530,-1.0,-0.060000000,0.004235470
2508,+Y,-X,369795,-1.061000000,-0.996758772,-1.0,-0.061000000,0.003241228
2509,+Y,-X,369876,-1.064000000,-0.999741497,-1.0,-0.064000000,0.000258503
2510,+Y,-X,369955,-1.056000000,-0.991787562,-1.0,-0.056000000,0.008212438
2511,+Y,-X,370035,-1.073000000,-1.008689674,-1.0,-0.073000000,-0.008689674
2512,+Y,-X,370116,-1.066000000,-1.001729981,-1.0,-0.066000000,-0.001729981
2513,+Y,-X,370195,-1.066000000,-1.001729981,-1.0,-0.066000000,-0.001729981
2514,+Y,-X,370276,-1.064000000,-0.999741497,-1.0,-0.064000000,0.000258503
2515,+Y,-X,370356,-1.060000000,-0.995764530,-1.0,-0.060000000,0.004235470
2516,+Y,-X,370435,-1.064000000,-0.999741497,-1.0,-0.064000000,0.000258503
2517,+Y,-X,370516,-1.065000000,-1.000735739,-1.0,-0.065000000,-0.000735739
2518,+Y,-X,370595,-1.060000000,-0.995764530,-1.0,-0.060000000,0.004235470
2519,+Y,-X,370675,-1.073000000,-1.008689674,-1.0,-0.073000000,-0.008689674
2520,+Y,-X,370756,-1.064000000,-0.999741497,-1.0,-0.064000000,0.000258503
2521,+Y,-X,370835,-1.060000000,-0.995764530,-1.0,-0.060000000,0.004235470
2522,+Y,-X,370916,-1.064000000,-0.999741497,-1.0,-0.064000000,0.000258503
2523,+Y,-X,370996,-1.058000000,-0.993776046,-1.0,-0.058000000,0.006223954
2524,+Y,-X,371075,-1.066000000,-1.001729981,-1.0,-0.066000000,-0.001729981
2525,+Y,-X,371156,-1.066000000,-1.001729981,-1.0,-0.066000000,-0.001729981
2526,+Y,-X,371235,-1.066000000,-1.001729981,-1.0,-0.066000000,-0.001729981
2527,+Y,-X,371315,-1.076000000,-1.011672399,-1.0,-0.076000000,-0.011672399
2528,+Y,-X,371396,-1.066000000,-1.001729981,-1.0,-0.066000000,-0.001729981
2529,+Y,-X,371475,-1.064000000,-0.999741497,-1.0,-0.064000000,0.000258503
2530,+Y,-X,371555,-1.064000000,-0.999741497,-1.0,-0.064000000,0.000258503
2531,+Y,-X,371636,-1.069000000,-1.004712706,-1.0,-0.069000000,-0.004712706
2532,+Y,-X,371715,-1.064000000,-0.999741497,-1.0,-0.064000000,0.000258503
2533,+Y,-X,371796,-1.056000000,-0.991787562,-1.0,-0.056000000,0.008212438
2534,+Y,-X,371875,-1.063000000,-0.998747255,-1.0,-0.063000000,0.001252745
2535,+Y,-X,371955,-1.063000000,-0.998747255,-1.0,-0.063000000,0.001252745
2536,+Y,-X,372036,-1.066000000,-1.001729981,-1.0,-0.066000000,-0.001729981
2537,+Y,-X,372115,-1.066000000,-1.001729981,-1.0,-0.066000000,-0.001729981
2538,+Y,-X,372196,-1.064000000,-0.999741497,-1.0,-0.064000000,0.000258503
2539,+Y,-X,372276,-1.064000000,-0.999741497,-1.0,-0.064000000,0.000258503
2540,+Y,-X,372355,-1.064000000,-0.999741497,-1.0,-0.064000000,0.000258503
2541,+Y,-X,372436,-1.058000000,-0.993776046,-1.0,-0.058000000,0.006223954
2542,+Y,-X,372515,-1.064000000,-0.999741497,-1.0,-0.064000000,0.000258503
2543,+Y,-X,372595,-1.066000000,-1.001729981,-1.0,-0.066000000,-0.001729981
2544,+Y,-X,372676,-1.064000000,-0.999741497,-1.0,-0.064000000,0.000258503
2545,+Y,-X,372755,-1.064000000,-0.999741497,-1.0,-0.064000000,0.000258503
2546,+Y,-X,372835,-1.061000000,-0.996758772,-1.0,-0.061000000,0.003241228
2547,+Y,-X,372916,-1.064000000,-0.999741497,-1.0,-0.064000000,0.000258503
2548,+Y,-X,372995,-1.064000000,-0.999741497,-1.0,-0.064000000,0.000258503
2549,+Y,-X,373076,-1.056000000,-0.991787562,-1.0,-0.056000000,0.008212438
2550,+Y,-X,373155,-1.069000000,-1.004712706,-1.0,-0.069000000,-0.004712706
2551,+Y,-X,373235,-1.069000000,-1.004712706,-1.0,-0.069000000,-0.004712706
2552,+Y,-X,373316,-1.064000000,-0.999741497,-1.0,-0.064000000,0.000258503
2553,+Y,-X,373395,-1.066000000,-1.001729981,-1.0,-0.066000000,-0.001729981
2554,+Y,-X,373476,-1.064000000,-0.999741497,-1.0,-0.064000000,0.000258503
2555,+Y,-X,373555,-1.064000000,-0.999741497,-1.0,-0.064000000,0.000258503
2556,+Y,-X,373635,-1.063000000,-0.998747255,-1.0,-0.063000000,0.001252745
2557,+Y,-X,373716,-1.050000000,-0.985822111,-1.0,-0.050000000,0.014177889
2558,+Y,-X,373795,-1.064000000,-0.999741497,-1.0,-0.064000000,0.000258503
2559,+Y,-X,373875,-1.064000000,-0.999741497,-1.0,-0.064000000,0.000258503
2560,+Y,-X,373956,-1.069000000,-1.004712706,-1.0,-0.069000000,-0.004712706
2561,+Y,-X,374035,-1.065000000,-1.000735739,-1.0,-0.065000000,-0.000735739
2562,+Y,-X,374115,-1.064000000,-0.999741497,-1.0,-0.064000000,0.000258503
2563,+Y,-X,374196,-1.058000000,-0.993776046,-1.0,-0.058000000,0.006223954
2564,+Y,-X,374275,-1.058000000,-0.993776046,-1.0,-0.058000000,0.006223954
2565,+Y,-X,374356,-1.057000000,-0.992781804,-1.0,-0.057000000,0.007218196
2566,+Y,-X,374435,-1.073000000,-1.008689674,-1.0,-0.073000000,-0.008689674
2567,+Y,-X,374515,-1.064000000,-0.999741497,-1.0,-0.064000000,0.000258503
2568,+Y,-X,374596,-1.060000000,-0.995764530,-1.0,-0.060000000,0.004235470
2569,+Y,-X,374675,-1.065000000,-1.000735739,-1.0,-0.065000000,-0.000735739
2570,+Y,-X,374755,-1.064000000,-0.999741497,-1.0,-0.064000000,0.000258503
2571,+Y,-X,374836,-1.064000000,-0.999741497,-1.0,-0.064000000,0.000258503
2572,+Y,-X,374915,-1.065000000,-1.000735739,-1.0,-0.065000000,-0.000735739
2573,+Y,-X,374996,-1.055000000,-0.990793320,-1.0,-0.055000000,0.009206680
2574,+Y,-X,375075,-1.073000000,-1.008689674,-1.0,-0.073000000,-0.008689674
2575,+Y,-X,375155,-1.064000000,-0.999741497,-1.0,-0.064000000,0.000258503
2576,+Y,-X,375236,-1.064000000,-0.999741497,-1.0,-0.064000000,0.000258503
2577,+Y,-X,375315,-1.064000000,-0.999741497,-1.0,-0.064000000,0.000258503
2578,+Y,-X,375395,-1.064000000,-0.999741497,-1.0,-0.064000000,0.000258503
2579,+Y,-X,375476,-1.063000000,-0.998747255,-1.0,-0.063000000,0.001252745
2580,+Y,-X,375555,-1.064000000,-0.999741497,-1.0,-0.064000000,0.000258503
2581,+Y,-X,375636,-1.064000000,-0.999741497,-1.0,-0.064000000,0.000258503
2582,+Y,-X,375715,-1.073000000,-1.008689674,-1.0,-0.073000000,-0.008689674
2583,+Y,-X,375795,-1.069000000,-1.004712706,-1.0,-0.069000000,-0.004712706
2584,+Y,-X,375876,-1.064000000,-0.999741497,-1.0,-0.064000000,0.000258503
2585,+Y,-X,375955,-1.068000000,-1.003718465,-1.0,-0.068000000,-0.003718465
2586,+Y,-X,376035,-1.065000000,-1.000735739,-1.0,-0.065000000,-0.000735739
2587,+Y,-X,376116,-1.068000000,-1.003718465,-1.0,-0.068000000,-0.003718465
2588,+Y,-X,376195,-1.069000000,-1.004712706,-1.0,-0.069000000,-0.004712706
2589,+Y,-X,376276,-1.069000000,-1.004712706,-1.0,-0.069000000,-0.004712706
2590,+Y,-X,376355,-1.073000000,-1.008689674,-1.0,-0.073000000,-0.008689674
2591,+Y,-X,376435,-1.064000000,-0.999741497,-1.0,-0.064000000,0.000258503
2592,+Y,-X,376516,-1.066000000,-1.001729981,-1.0,-0.066000000,-0.001729981
2593,+Y,-X,376595,-1.064000000,-0.999741497,-1.0,-0.064000000,0.000258503
2594,+Y,-X,376675,-1.064000000,-0.999741497,-1.0,-0.064000000,0.000258503
2595,+Y,-X,376756,-1.065000000,-1.000735739,-1.0,-0.065000000,-0.000735739
2596,+Y,-X,376835,-1.060000000,-0.995764530,-1.0,-0.060000000,0.004235470
2597,+Y,-X,376916,-1.064000000,-0.999741497,-1.0,-0.064000000,0.000258503
2598,+Y,-X,376995,-1.063000000,-0.998747255,-1.0,-0.063000000,0.001252745
2599,+Y,-X,377075,-1.064000000,-0.999741497,-1.0,-0.064000000,0.000258503
2600,+Y,-X,377156,-1.066000000,-1.001729981,-1.0,-0.066000000,-0.001729981
2601,+Y,-X,377235,-1.060000000,-0.995764530,-1.0,-0.060000000,0.004235470
2602,+Y,-X,377315,-1.060000000,-0.995764530,-1.0,-0.060000000,0.004235470
2603,+Y,-X,377396,-1.064000000,-0.999741497,-1.0,-0.064000000,0.000258503
2604,+Y,-X,377475,-1.064000000,-0.999741497,-1.0,-0.064000000,0.000258503
2605,+Y,-X,377556,-1.066000000,-1.001729981,-1.0,-0.066000000,-0.001729981
2606,+Y,-X,377635,-1.064000000,-0.999741497,-1.0,-0.064000000,0.000258503
2607,+Y,-X,377715,-1.073000000,-1.008689674,-1.0,-0.073000000,-0.008689674
2608,+Y,-X,377796,-1.061000000,-0.996758772,-1.0,-0.061000000,0.003241228
2609,+Y,-X,377875,-1.060000000,-0.995764530,-1.0,-0.060000000,0.004235470
2610,+Y,-X,377955,-1.064000000,-0.999741497,-1.0,-0.064000000,0.000258503
2611,+Y,-X,378036,-1.063000000,-0.998747255,-1.0,-0.063000000,0.001252745
2612,+Y,-X,378115,-1.065000000,-1.000735739,-1.0,-0.065000000,-0.000735739
2613,+Y,-X,378196,-1.056000000,-0.991787562,-1.0,-0.056000000,0.008212438
2614,+Y,-X,378275,-1.073000000,-1.008689674,-1.0,-0.073000000,-0.008689674
2615,+Y,-X,378355,-1.073000000,-1.008689674,-1.0,-0.073000000,-0.008689674
2616,+Y,-X,378436,-1.064000000,-0.999741497,-1.0,-0.064000000,0.000258503
2617,+Y,-X,378515,-1.067000000,-1.002724223,-1.0,-0.067000000,-0.002724223
2618,+Y,-X,378595,-1.069000000,-1.004712706,-1.0,-0.069000000,-0.004712706
2619,+Y,-X,378676,-1.064000000,-0.999741497,-1.0,-0.064000000,0.000258503
2620,+Y,-X,378755,-1.066000000,-1.001729981,-1.0,-0.066000000,-0.001729981
2621,+Y,-X,378836,-1.056000000,-0.991787562,-1.0,-0.056000000,0.008212438
2622,+Y,-X,378915,-1.064000000,-0.999741497,-1.0,-0.064000000,0.000258503
2623,+Y,-X,378995,-1.066000000,-1.001729981,-1.0,-0.066000000,-0.001729981
2624,+Y,-X,379076,-1.065000000,-1.000735739,-1.0,-0.065000000,-0.000735739
2625,+Y,-X,379155,-1.063000000,-0.998747255,-1.0,-0.063000000,0.001252745
2626,+Y,-X,379235,-1.066000000,-1.001729981,-1.0,-0.066000000,-0.001729981
2627,+Y,-X,379316,-1.066000000,-1.001729981,-1.0,-0.066000000,-0.001729981
2628,+Y,-X,379395,-1.065000000,-1.000735739,-1.0,-0.065000000,-0.000735739
2629,+Y,-X,379476,-1.056000000,-0.991787562,-1.0,-0.056000000,0.008212438
2630,+Y,-X,379555,-1.064000000,-0.999741497,-1.0,-0.064000000,0.000258503
2631,+Y,-X,379635,-1.066000000,-1.001729981,-1.0,-0.066000000,-0.001729981
2632,+Y,-X,379716,-1.063000000,-0.998747255,-1.0,-0.063000000,0.001252745
2633,+Y,-X,379795,-1.064000000,-0.999741497,-1.0,-0.064000000,0.000258503
2634,+Y,-X,379875,-1.064000000,-0.999741497,-1.0,-0.064000000,0.000258503
2635,+Y,-X,379956,-1.064000000,-0.999741497,-1.0,-0.064000000,0.000258503
2636,+Y,-X,380035,-1.056000000,-0.991787562,-1.0,-0.056000000,0.008212438
2637,+Y,-X,380116,-1.073000000,-1.008689674,-1.0,-0.073000000,-0.008689674
2638,+Y,-X,380195,-1.064000000,-0.999741497,-1.0,-0.064000000,0.000258503
2639,+Y,-X,380275,-1.064000000,-0.999741497,-1.0,-0.064000000,0.000258503
2640,+Y,-X,380356,-1.064000000,-0.999741497,-1.0,-0.064000000,0.000258503
2641,+Y,-X,380435,-1.066000000,-1.001729981,-1.0,-0.066000000,-0.001729981
2642,+Y,-X,380515,-1.064000000,-0.999741497,-1.0,-0.064000000,0.000258503
2643,+Y,-X,380596,-1.063000000,-0.998747255,-1.0,-0.063000000,0.001252745
2644,+Y,-X,380675,-1.056000000,-0.991787562,-1.0,-0.056000000,0.008212438
2645,+Y,-X,380756,-1.066000000,-1.001729981,-1.0,-0.066000000,-0.001729981
2646,+Y,-X,380835,-1.062000000,-0.997753013,-1.0,-0.062000000,0.002246987
2647,+Y,-X,380915,-1.060000000,-0.995764530,-1.0,-0.060000000,0.004235470
2648,+Y,-X,380996,-1.064000000,-0.999741497,-1.0,-0.064000000,0.000258503
2649,+Y,-X,381075,-1.064000000,-0.999741497,-1.0,-0.064000000,0.000258503
2650,+Y,-X,381156,-1.066000000,-1.001729981,-1.0,-0.066000000,-0.001729981
2651,+Y,-X,381236,-1.064000000,-0.999741497,-1.0,-0.064000000,0.000258503
2652,+Y,-X,381315,-1.050000000,-0.985822111,-1.0,-0.050000000,0.014177889
2653,+Y,-X,381396,-1.050000000,-0.985822111,-1.0,-0.050000000,0.014177889
2654,+Y,-X,381475,-1.071000000,-1.006701190,-1.0,-0.071000000,-0.006701190
2655,+Y,-X,381555,-1.066000000,-1.001729981,-1.0,-0.066000000,-0.001729981
2656,+Y,-X,381636,-1.066000000,-1.001729981,-1.0,-0.066000000,-0.001729981
2657,+Y,-X,381715,-1.065000000,-1.000735739,-1.0,-0.065000000,-0.000735739
2658,+Y,-X,381796,-1.064000000,-0.999741497,-1.0,-0.064000000,0.000258503
2659,+Y,-X,381876,-1.060000000,-0.995764530,-1.0,-0.060000000,0.004235470
2660,+Y,-X,381955,-1.058000000,-0.993776046,-1.0,-0.058000000,0.006223954
2661,+Y,-X,382036,-1.056000000,-0.991787562,-1.0,-0.056000000,0.008212438
2662,+Y,-X,382115,-1.073000000,-1.008689674,-1.0,-0.073000000,-0.008689674
2663,+Y,-X,382195,-1.064000000,-0.999741497,-1.0,-0.064000000,0.000258503
2664,+Y,-X,382276,-1.063000000,-0.998747255,-1.0,-0.063000000,0.001252745
2665,+Y,-X,382355,-1.063000000,-0.998747255,-1.0,-0.063000000,0.001252745
2666,+Y,-X,382436,-1.065000000,-1.000735739,-1.0,-0.065000000,-0.000735739
2667,+Y,-X,382515,-1.064000000,-0.999741497,-1.0,-0.064000000,0.000258503
2668,+Y,-X,382595,-1.065000000,-1.000735739,-1.0,-0.065000000,-0.000735739
2669,+Y,-X,382676,-1.060000000,-0.995764530,-1.0,-0.060000000,0.004235470
2670,+Y,-X,382755,-1.073000000,-1.008689674,-1.0,-0.073000000,-0.008689674
2671,+Y,-X,382835,-1.067000000,-1.002724223,-1.0,-0.067000000,-0.002724223
2672,+Y,-X,382916,-1.065000000,-1.000735739,-1.0,-0.065000000,-0.000735739
2673,+Y,-X,382995,-1.066000000,-1.001729981,-1.0,-0.066000000,-0.001729981
2674,+Y,-X,383076,-1.060000000,-0.995764530,-1.0,-0.060000000,0.004235470
2675,+Y,-X,383155,-1.066000000,-1.001729981,-1.0,-0.066000000,-0.001729981
2676,+Y,-X,383235,-1.058000000,-0.993776046,-1.0,-0.058000000,0.006223954
2677,+Y,-X,383316,-1.073000000,-1.008689674,-1.0,-0.073000000,-0.008689674
2678,+Y,-X,383395,-1.073000000,-1.008689674,-1.0,-0.073000000,-0.008689674
2679,+Y,-X,383476,-1.069000000,-1.004712706,-1.0,-0.069000000,-0.004712706
2680,+Y,-X,383555,-1.064000000,-0.999741497,-1.0,-0.064000000,0.000258503
2681,+Y,-X,383635,-1.066000000,-1.001729981,-1.0,-0.066000000,-0.001729981
2682,+Y,-X,383716,-1.069000000,-1.004712706,-1.0,-0.069000000,-0.004712706
2683,+Y,-X,383795,-1.064000000,-0.999741497,-1.0,-0.064000000,0.000258503
2684,+Y,-X,383875,-1.056000000,-0.991787562,-1.0,-0.056000000,0.008212438
2685,+Y,-X,383956,-1.064000000,-0.999741497,-1.0,-0.064000000,0.000258503
2686,+Y,-X,384035,-1.060000000,-0.995764530,-1.0,-0.060000000,0.004235470
2687,+Y,-X,384116,-1.066000000,-1.001729981,-1.0,-0.066000000,-0.001729981
2688,+Y,-X,384195,-1.064000000,-0.999741497,-1.0,-0.064000000,0.000258503
2689,+Y,-X,384275,-1.065000000,-1.000735739,-1.0,-0.065000000,-0.000735739
2690,+Y,-X,384356,-1.068000000,-1.003718465,-1.0,-0.068000000,-0.003718465
2691,+Y,-X,384435,-1.068000000,-1.003718465,-1.0,-0.068000000,-0.003718465
2692,+Y,-X,384515,-1.062000000,-0.997753013,-1.0,-0.062000000,0.002246987
2693,+Y,-X,384596,-1.073000000,-1.008689674,-1.0,-0.073000000,-0.008689674
2694,+Y,-X,384675,-1.068000000,-1.003718465,-1.0,-0.068000000,-0.003718465
2695,+Y,-X,384756,-1.064000000,-0.999741497,-1.0,-0.064000000,0.000258503
2696,+Y,-X,384835,-1.065000000,-1.000735739,-1.0,-0.065000000,-0.000735739
2697,+Y,-X,384915,-1.066000000,-1.001729981,-1.0,-0.066000000,-0.001729981
2698,+Y,-X,384996,-1.066000000,-1.001729981,-1.0,-0.066000000,-0.001729981
2699,+Y,-X,385075,-1.053000000,-0.988804837,-1.0,-0.053000000,0.011195163
2700,+Y,-X,385156,-1.073000000,-1.008689674,-1.0,-0.073000000,-0.008689674
2701,+Y,-X,385236,-1.064000000,-0.999741497,-1.0,-0.064000000,0.000258503
2702,+Y,-X,385315,-1.064000000,-0.999741497,-1.0,-0.064000000,0.000258503
2703,+Y,-X,385396,-1.064000000,-0.999741497,-1.0,-0.064000000,0.000258503
2704,+Y,-X,385475,-1.064000000,-0.999741497,-1.0,-0.064000000,0.000258503
2705,+Y,-X,385555,-1.066000000,-1.001729981,-1.0,-0.066000000,-0.001729981
2706,+Y,-X,385636,-1.065000000,-1.000735739,-1.0,-0.065000000,-0.000735739
2707,+Y,-X,385715,-1.053000000,-0.988804837,-1.0,-0.053000000,0.011195163
2708,+Y,-X,385795,-1.073000000,-1.008689674,-1.0,-0.073000000,-0.008689674
2709,+Y,-X,385876,-1.065000000,-1.000735739,-1.0,-0.065000000,-0.000735739
2710,+Y,-X,385955,-1.066000000,-1.001729981,-1.0,-0.066000000,-0.001729981
2711,+Y,-X,386036,-1.072000000,-1.007695432,-1.0,-0.072000000,-0.007695432
2712,+Y,-X,386115,-1.069000000,-1.004712706,-1.0,-0.069000000,-0.004712706
2713,+Y,-X,386195,-1.065000000,-1.000735739,-1.0,-0.065000000,-0.000735739
2714,+Y,-X,386276,-1.056000000,-0.991787562,-1.0,-0.056000000,0.008212438
2715,+Y,-X,386355,-1.073000000,-1.008689674,-1.0,-0.073000000,-0.008689674
2716,+Y,-X,386436,-1.073000000,-1.008689674,-1.0,-0.073000000,-0.008689674
2717,+Y,-X,386515,-1.069000000,-1.004712706,-1.0,-0.069000000,-0.004712706
2718,+Y,-X,386595,-1.064000000,-0.999741497,-1.0,-0.064000000,0.000258503
2719,+Y,-X,386676,-1.066000000,-1.001729981,-1.0,-0.066000000,-0.001729981
2720,+Y,-X,386755,-1.063000000,-0.998747255,-1.0,-0.063000000,0.001252745
2721,+Y,-X,386835,-1.064000000,-0.999741497,-1.0,-0.064000000,0.000258503
2722,+Y,-X,386916,-1.066000000,-1.001729981,-1.0,-0.066000000,-0.001729981
2723,+Y,-X,386995,-1.065000000,-1.000735739,-1.0,-0.065000000,-0.000735739
2724,+Y,-X,387076,-1.062000000,-0.997753013,-1.0,-0.062000000,0.002246987
2725,+Y,-X,387155,-1.064000000,-0.999741497,-1.0,-0.064000000,0.000258503
2726,+Y,-X,387235,-1.066000000,-1.001729981,-1.0,-0.066000000,-0.001729981
2727,+Y,-X,387316,-1.064000000,-0.999741497,-1.0,-0.064000000,0.000258503
2728,+Y,-X,387395,-1.063000000,-0.998747255,-1.0,-0.063000000,0.001252745
2729,+Y,-X,387475,-1.063000000,-0.998747255,-1.0,-0.063000000,0.001252745
2730,+Y,-X,387556,-1.064000000,-0.999741497,-1.0,-0.064000000,0.000258503
2731,+Y,-X,387635,-1.066000000,-1.001729981,-1.0,-0.066000000,-0.001729981
2732,+Y,-X,387716,-1.060000000,-0.995764530,-1.0,-0.060000000,0.004235470
2733,+Y,-X,387795,-1.063000000,-0.998747255,-1.0,-0.063000000,0.001252745
2734,+Y,-X,387875,-1.064000000,-0.999741497,-1.0,-0.064000000,0.000258503
2735,+Y,-X,387956,-1.066000000,-1.001729981,-1.0,-0.066000000,-0.001729981
2736,+Y,-X,388035,-1.056000000,-0.991787562,-1.0,-0.056000000,0.008212438
2737,+Y,-X,388115,-1.073000000,-1.008689674,-1.0,-0.073000000,-0.008689674
2738,+Y,-X,388196,-1.060000000,-0.995764530,-1.0,-0.060000000,0.004235470
2739,+Y,-X,388275,-1.063000000,-0.998747255,-1.0,-0.063000000,0.001252745
2740,+Y,-X,388356,-1.066000000,-1.001729981,-1.0,-0.066000000,-0.001729981
2741,+Y,-X,388435,-1.066000000,-1.001729981,-1.0,-0.066000000,-0.001729981
2742,+Y,-X,388515,-1.065000000,-1.000735739,-1.0,-0.065000000,-0.000735739
2743,+Y,-X,388596,-1.064000000,-0.999741497,-1.0,-0.064000000,0.000258503
2744,+Y,-X,388675,-1.063000000,-0.998747255,-1.0,-0.063000000,0.001252745
2745,+Y,-X,388755,-1.064000000,-0.999741497,-1.0,-0.064000000,0.000258503
2746,+Y,-X,388836,-1.066000000,-1.001729981,-1.0,-0.066000000,-0.001729981
2747,+Y,-X,388915,-1.061000000,-0.996758772,-1.0,-0.061000000,0.003241228
2748,+Y,-X,388996,-1.061000000,-0.996758772,-1.0,-0.061000000,0.003241228
2749,+Y,-X,389075,-1.065000000,-1.000735739,-1.0,-0.065000000,-0.000735739
2750,+Y,-X,389155,-1.064000000,-0.999741497,-1.0,-0.064000000,0.000258503
2751,+Y,-X,389236,-1.056000000,-0.991787562,-1.0,-0.056000000,0.008212438
2752,+Y,-X,389315,-1.066000000,-1.001729981,-1.0,-0.066000000,-0.001729981
2753,+Y,-X,389395,-1.061000000,-0.996758772,-1.0,-0.061000000,0.003241228
2754,+Y,-X,389476,-1.061000000,-0.996758772,-1.0,-0.061000000,0.003241228
2755,+Y,-X,389555,-1.064000000,-0.999741497,-1.0,-0.064000000,0.000258503
2756,+Y,-X,389636,-1.064000000,-0.999741497,-1.0,-0.064000000,0.000258503
2757,+Y,-X,389715,-1.063000000,-0.998747255,-1.0,-0.063000000,0.001252745
2758,+Y,-X,389795,-1.064000000,-0.999741497,-1.0,-0.064000000,0.000258503
2759,+Y,-X,389876,-1.061000000,-0.996758772,-1.0,-0.061000000,0.003241228
2760,+Y,-X,389955,-1.064000000,-0.999741497,-1.0,-0.064000000,0.000258503
2761,+Y,-X,390035,-1.073000000,-1.008689674,-1.0,-0.073000000,-0.008689674
2762,+Y,-X,390116,-1.069000000,-1.004712706,-1.0,-0.069000000,-0.004712706
2763,+Y,-X,390195,-1.064000000,-0.999741497,-1.0,-0.064000000,0.000258503
2764,+Y,-X,390276,-1.060000000,-0.995764530,-1.0,-0.060000000,0.004235470
2765,+Y,-X,390355,-1.064000000,-0.999741497,-1.0,-0.064000000,0.000258503
2766,+Y,-X,390435,-1.060000000,-0.995764530,-1.0,-0.060000000,0.004235470
2767,+Y,-X,390516,-1.060000000,-0.995764530,-1.0,-0.060000000,0.004235470
2768,+Y,-X,390595,-1.060000000,-0.995764530,-1.0,-0.060000000,0.004235470
2769,+Y,-X,390675,-1.073000000,-1.008689674,-1.0,-0.073000000,-0.008689674
2770,+Y,-X,390756,-1.066000000,-1.001729981,-1.0,-0.066000000,-0.001729981
2771,+Y,-X,390835,-1.064000000,-0.999741497,-1.0,-0.064000000,0.000258503
2772,+Y,-X,390916,-1.066000000,-1.001729981,-1.0,-0.066000000,-0.001729981
2773,+Y,-X,390995,-1.065000000,-1.000735739,-1.0,-0.065000000,-0.000735739
2774,+Y,-X,391075,-1.065000000,-1.000735739,-1.0,-0.065000000,-0.000735739
2775,+Y,-X,391156,-1.064000000,-0.999741497,-1.0,-0.064000000,0.000258503
2776,+Y,-X,391235,-1.060000000,-0.995764530,-1.0,-0.060000000,0.004235470
2777,+Y,-X,391315,-1.073000000,-1.008689674,-1.0,-0.073000000,-0.008689674
2778,+Y,-X,391396,-1.064000000,-0.999741497,-1.0,-0.064000000,0.000258503
2779,+Y,-X,391475,-1.064000000,-0.999741497,-1.0,-0.064000000,0.000258503
2780,+Y,-X,391556,-1.065000000,-1.000735739,-1.0,-0.065000000,-0.000735739
2781,+Y,-X,391635,-1.069000000,-1.004712706,-1.0,-0.069000000,-0.004712706
2782,+Y,-X,391715,-1.064000000,-0.999741497,-1.0,-0.064000000,0.000258503
2783,+Y,-X,391796,-1.064000000,-0.999741497,-1.0,-0.064000000,0.000258503
2784,+Y,-X,391875,-1.063000000,-0.998747255,-1.0,-0.063000000,0.001252745
2785,+Y,-X,391955,-1.069000000,-1.004712706,-1.0,-0.069000000,-0.004712706
2786,+Y,-X,392036,-1.058000000,-0.993776046,-1.0,-0.058000000,0.006223954
2787,+Y,-X,392115,-1.064000000,-0.999741497,-1.0,-0.064000000,0.000258503
2788,+Y,-X,392196,-1.063000000,-0.998747255,-1.0,-0.063000000,0.001252745
2789,+Y,-X,392275,-1.064000000,-0.999741497,-1.0,-0.064000000,0.000258503
2790,+Y,-X,392355,-1.060000000,-0.995764530,-1.0,-0.060000000,0.004235470
2791,+Y,-X,392436,-1.060000000,-0.995764530,-1.0,-0.060000000,0.004235470
2792,+Y,-X,392515,-1.060000000,-0.995764530,-1.0,-0.060000000,0.004235470
2793,+Y,-X,392596,-1.057000000,-0.992781804,-1.0,-0.057000000,0.007218196
2794,+Y,-X,392676,-1.073000000,-1.008689674,-1.0,-0.073000000,-0.008689674
2795,+Y,-X,392755,-1.065000000,-1.000735739,-1.0,-0.065000000,-0.000735739
2796,+Y,-X,392836,-1.063000000,-0.998747255,-1.0,-0.063000000,0.001252745
2797,+Y,-X,392915,-1.069000000,-1.004712706,-1.0,-0.069000000,-0.004712706
2798,+Y,-X,392995,-1.064000000,-0.999741497,-1.0,-0.064000000,0.000258503
2799,+Y,-X,393076,-1.063000000,-0.998747255,-1.0,-0.063000000,0.001252745
2800,+Y,-X,393155,-1.053000000,-0.988804837,-1.0,-0.053000000,0.011195163
2801,+Y,-X,393236,-1.073000000,-1.008689674,-1.0,-0.073000000,-0.008689674
2802,+Y,-X,393316,-1.065000000,-1.000735739,-1.0,-0.065000000,-0.000735739
2803,+Y,-X,393395,-1.065000000,-1.000735739,-1.0,-0.065000000,-0.000735739
2804,+Y,-X,393476,-1.065000000,-1.000735739,-1.0,-0.065000000,-0.000735739
2805,+Y,-X,393555,-1.065000000,-1.000735739,-1.0,-0.065000000,-0.000735739
2806,+Y,-X,393635,-1.064000000,-0.999741497,-1.0,-0.064000000,0.000258503
2807,+Y,-X,393716,-1.060000000,-0.995764530,-1.0,-0.060000000,0.004235470
2808,+Y,-X,393795,-1.056000000,-0.991787562,-1.0,-0.056000000,0.008212438
2809,+Y,-X,393876,-1.073000000,-1.008689674,-1.0,-0.073000000,-0.008689674
2810,+Y,-X,393955,-1.065000000,-1.000735739,-1.0,-0.065000000,-0.000735739
2811,+Y,-X,394035,-1.064000000,-0.999741497,-1.0,-0.064000000,0.000258503
2812,+Y,-X,394116,-1.061000000,-0.996758772,-1.0,-0.061000000,0.003241228
2813,+Y,-X,394195,-1.064000000,-0.999741497,-1.0,-0.064000000,0.000258503
2814,+Y,-X,394275,-1.064000000,-0.999741497,-1.0,-0.064000000,0.000258503
2815,+Y,-X,394356,-1.051000000,-0.986816353,-1.0,-0.051000000,0.013183647
2816,+Y,-X,394435,-1.073000000,-1.008689674,-1.0,-0.073000000,-0.008689674
2817,+Y,-X,394516,-1.073000000,-1.008689674,-1.0,-0.073000000,-0.008689674
2818,+Y,-X,394595,-1.062000000,-0.997753013,-1.0,-0.062000000,0.002246987
2819,+Y,-X,394675,-1.060000000,-0.995764530,-1.0,-0.060000000,0.004235470
2820,+Y,-X,394756,-1.065000000,-1.000735739,-1.0,-0.065000000,-0.000735739
2821,+Y,-X,394835,-1.058000000,-0.993776046,-1.0,-0.058000000,0.006223954
2822,+Y,-X,394915,-1.060000000,-0.995764530,-1.0,-0.060000000,0.004235470
2823,+Y,-X,394996,-1.060000000,-0.995764530,-1.0,-0.060000000,0.004235470
2824,+Y,-X,395075,-1.073000000,-1.008689674,-1.0,-0.073000000,-0.008689674
2825,+Y,-X,395156,-1.064000000,-0.999741497,-1.0,-0.064000000,0.000258503
2826,+Y,-X,395235,-1.066000000,-1.001729981,-1.0,-0.066000000,-0.001729981
2827,+Y,-X,395315,-1.064000000,-0.999741497,-1.0,-0.064000000,0.000258503
2828,+Y,-X,395396,-1.065000000,-1.000735739,-1.0,-0.065000000,-0.000735739
2829,+Y,-X,395475,-1.066000000,-1.001729981,-1.0,-0.066000000,-0.001729981
2830,+Y,-X,395555,-1.066000000,-1.001729981,-1.0,-0.066000000,-0.001729981
2831,+Y,-X,395636,-1.055000000,-0.990793320,-1.0,-0.055000000,0.009206680
2832,+Y,-X,395715,-1.073000000,-1.008689674,-1.0,-0.073000000,-0.008689674
2833,+Y,-X,395796,-1.064000000,-0.999741497,-1.0,-0.064000000,0.000258503
2834,+Y,-X,395875,-1.064000000,-0.999741497,-1.0,-0.064000000,0.000258503
2835,+Y,-X,395955,-1.064000000,-0.999741497,-1.0,-0.064000000,0.000258503
2836,+Y,-X,396036,-1.064000000,-0.999741497,-1.0,-0.064000000,0.000258503
2837,+Y,-X,396115,-1.063000000,-0.998747255,-1.0,-0.063000000,0.001252745
2838,+Y,-X,396195,-1.060000000,-0.995764530,-1.0,-0.060000000,0.004235470
2839,+Y,-X,396276,-1.058000000,-0.993776046,-1.0,-0.058000000,0.006223954
2840,+Y,-X,396355,-1.064000000,-0.999741497,-1.0,-0.064000000,0.000258503
2841,+Y,-X,396436,-1.064000000,-0.999741497,-1.0,-0.064000000,0.000258503
2842,+Y,-X,396515,-1.064000000,-0.999741497,-1.0,-0.064000000,0.000258503
2843,+Y,-X,396595,-1.064000000,-0.999741497,-1.0,-0.064000000,0.000258503
2844,+Y,-X,396676,-1.064000000,-0.999741497,-1.0,-0.064000000,0.000258503
2845,+Y,-X,396755,-1.065000000,-1.000735739,-1.0,-0.065000000,-0.000735739
2846,+Y,-X,396835,-1.058000000,-0.993776046,-1.0,-0.058000000,0.006223954
2847,+Y,-X,396916,-1.073000000,-1.008689674,-1.0,-0.073000000,-0.008689674
2848,+Y,-X,396995,-1.064000000,-0.999741497,-1.0,-0.064000000,0.000258503
2849,+Y,-X,397076,-1.066000000,-1.001729981,-1.0,-0.066000000,-0.001729981
2850,+Y,-X,397155,-1.066000000,-1.001729981,-1.0,-0.066000000,-0.001729981
2851,+Y,-X,397235,-1.060000000,-0.995764530,-1.0,-0.060000000,0.004235470
2852,+Y,-X,397316,-1.063000000,-0.998747255,-1.0,-0.063000000,0.001252745
2853,+Y,-X,397395,-1.057000000,-0.992781804,-1.0,-0.057000000,0.007218196
2854,+Y,-X,397475,-1.073000000,-1.008689674,-1.0,-0.073000000,-0.008689674
2855,+Y,-X,397556,-1.073000000,-1.008689674,-1.0,-0.073000000,-0.008689674
2856,+Y,-X,397635,-1.064000000,-0.999741497,-1.0,-0.064000000,0.000258503
2857,+Y,-X,397716,-1.063000000,-0.998747255,-1.0,-0.063000000,0.001252745
2858,+Y,-X,397795,-1.063000000,-0.998747255,-1.0,-0.063000000,0.001252745
2859,+Y,-X,397875,-1.069000000,-1.004712706,-1.0,-0.069000000,-0.004712706
2860,+Y,-X,397956,-1.064000000,-0.999741497,-1.0,-0.064000000,0.000258503
2861,+Y,-X,398035,-1.065000000,-1.000735739,-1.0,-0.065000000,-0.000735739
2862,+Y,-X,398115,-1.073000000,-1.008689674,-1.0,-0.073000000,-0.008689674
2863,+Y,-X,398196,-1.066000000,-1.001729981,-1.0,-0.066000000,-0.001729981
2864,+Y,-X,398275,-1.064000000,-0.999741497,-1.0,-0.064000000,0.000258503
2865,+Y,-X,398356,-1.064000000,-0.999741497,-1.0,-0.064000000,0.000258503
2866,+Y,-X,398435,-1.064000000,-0.999741497,-1.0,-0.064000000,0.000258503
2867,+Y,-X,398515,-1.061000000,-0.996758772,-1.0,-0.061000000,0.003241228
2868,+Y,-X,398596,-1.061000000,-0.996758772,-1.0,-0.061000000,0.003241228
2869,+Y,-X,398675,-1.057000000,-0.992781804,-1.0,-0.057000000,0.007218196
2870,+Y,-X,398755,-1.073000000,-1.008689674,-1.0,-0.073000000,-0.008689674
2871,+Y,-X,398836,-1.066000000,-1.001729981,-1.0,-0.066000000,-0.001729981
2872,+Y,-X,398915,-1.068000000,-1.003718465,-1.0,-0.068000000,-0.003718465
2873,+Y,-X,398996,-1.069000000,-1.004712706,-1.0,-0.069000000,-0.004712706
2874,+Y,-X,399075,-1.064000000,-0.999741497,-1.0,-0.064000000,0.000258503
2875,+Y,-X,399155,-1.064000000,-0.999741497,-1.0,-0.064000000,0.000258503
2876,+Y,-X,399236,-1.060000000,-0.995764530,-1.0,-0.060000000,0.004235470
2877,+Y,-X,399315,-1.073000000,-1.008689674,-1.0,-0.073000000,-0.008689674
2878,+Y,-X,399395,-1.060000000,-0.995764530,-1.0,-0.060000000,0.004235470
2879,+Y,-X,399476,-1.061000000,-0.996758772,-1.0,-0.061000000,0.003241228
2880,+Y,-X,399555,-1.061000000,-0.996758772,-1.0,-0.061000000,0.003241228
2881,+Y,-X,399636,-1.066000000,-1.001729981,-1.0,-0.066000000,-0.001729981
2882,+Y,-X,399715,-1.064000000,-0.999741497,-1.0,-0.064000000,0.000258503
2883,+Y,-X,399795,-1.065000000,-1.000735739,-1.0,-0.065000000,-0.000735739
2884,+Y,-X,399876,-1.063000000,-0.998747255,-1.0,-0.063000000,0.001252745
2885,+Y,-X,399955,-1.069000000,-1.004712706,-1.0,-0.069000000,-0.004712706
2886,+Y,-X,400035,-1.061000000,-0.996758772,-1.0,-0.061000000,0.003241228
2887,+Y,-X,400116,-1.064000000,-0.999741497,-1.0,-0.064000000,0.000258503
2888,+Y,-X,400195,-1.068000000,-1.003718465,-1.0,-0.068000000,-0.003718465
2889,+Y,-X,400276,-1.064000000,-0.999741497,-1.0,-0.064000000,0.000258503
2890,+Y,-X,400355,-1.065000000,-1.000735739,-1.0,-0.065000000,-0.000735739
2891,+Y,-X,400435,-1.056000000,-0.991787562,-1.0,-0.056000000,0.008212438
2892,+Y,-X,400516,-1.073000000,-1.008689674,-1.0,-0.073000000,-0.008689674
2893,+Y,-X,400595,-1.073000000,-1.008689674,-1.0,-0.073000000,-0.008689674
2894,+Y,-X,400675,-1.070000000,-1.005706948,-1.0,-0.070000000,-0.005706948
2895,+Y,-X,400756,-1.064000000,-0.999741497,-1.0,-0.064000000,0.000258503
2896,+Y,-X,400835,-1.065000000,-1.000735739,-1.0,-0.065000000,-0.000735739
2897,+Y,-X,400916,-1.064000000,-0.999741497,-1.0,-0.064000000,0.000258503
2898,+Y,-X,400996,-1.068000000,-1.003718465,-1.0,-0.068000000,-0.003718465
2899,+Y,-X,401075,-1.056000000,-0.991787562,-1.0,-0.056000000,0.008212438
2900,+Y,-X,401156,-1.073000000,-1.008689674,-1.0,-0.073000000,-0.008689674
2901,+Y,-X,401235,-1.064000000,-0.999741497,-1.0,-0.064000000,0.000258503
2902,+Y,-X,401315,-1.065000000,-1.000735739,-1.0,-0.065000000,-0.000735739
2903,+Y,-X,401396,-1.060000000,-0.995764530,-1.0,-0.060000000,0.004235470
2904,+Y,-X,401475,-1.060000000,-0.995764530,-1.0,-0.060000000,0.004235470
2905,+Y,-X,401556,-1.065000000,-1.000735739,-1.0,-0.065000000,-0.000735739
2906,+Y,-X,401635,-1.065000000,-1.000735739,-1.0,-0.065000000,-0.000735739
2907,+Y,-X,401715,-1.057000000,-0.992781804,-1.0,-0.057000000,0.007218196
2908,+Y,-X,401796,-1.073000000,-1.008689674,-1.0,-0.073000000,-0.008689674
2909,+Y,-X,401875,-1.069000000,-1.004712706,-1.0,-0.069000000,-0.004712706
2910,+Y,-X,401955,-1.065000000,-1.000735739,-1.0,-0.065000000,-0.000735739
2911,+Y,-X,402036,-1.063000000,-0.998747255,-1.0,-0.063000000,0.001252745
2912,+Y,-X,402115,-1.063000000,-0.998747255,-1.0,-0.063000000,0.001252745
2913,+Y,-X,402195,-1.064000000,-0.999741497,-1.0,-0.064000000,0.000258503
2914,+Y,-X,402276,-1.060000000,-0.995764530,-1.0,-0.060000000,0.004235470
2915,+Y,-X,402355,-1.073000000,-1.008689674,-1.0,-0.073000000,-0.008689674
2916,+Y,-X,402436,-1.060000000,-0.995764530,-1.0,-0.060000000,0.004235470
2917,+Y,-X,402515,-1.065000000,-1.000735739,-1.0,-0.065000000,-0.000735739
2918,+Y,-X,402595,-1.065000000,-1.000735739,-1.0,-0.065000000,-0.000735739
2919,+Y,-X,402676,-1.064000000,-0.999741497,-1.0,-0.064000000,0.000258503
2920,+Y,-X,402755,-1.066000000,-1.001729981,-1.0,-0.066000000,-0.001729981
2921,+Y,-X,402836,-1.064000000,-0.999741497,-1.0,-0.064000000,0.000258503
2922,+Y,-X,402915,-1.056000000,-0.991787562,-1.0,-0.056000000,0.008212438
2923,+Y,-X,402995,-1.073000000,-1.008689674,-1.0,-0.073000000,-0.008689674
2924,+Y,-X,403076,-1.069000000,-1.004712706,-1.0,-0.069000000,-0.004712706
2925,+Y,-X,403155,-1.065000000,-1.000735739,-1.0,-0.065000000,-0.000735739
2926,+Y,-X,403235,-1.061000000,-0.996758772,-1.0,-0.061000000,0.003241228
2927,+Y,-X,403316,-1.060000000,-0.995764530,-1.0,-0.060000000,0.004235470
2928,+Y,-X,403395,-1.063000000,-0.998747255,-1.0,-0.063000000,0.001252745
2929,+Y,-X,403476,-1.057000000,-0.992781804,-1.0,-0.057000000,0.007218196
2930,+Y,-X,403555,-1.073000000,-1.008689674,-1.0,-0.073000000,-0.008689674
2931,+Y,-X,403635,-1.073000000,-1.008689674,-1.0,-0.073000000,-0.008689674
2932,+Y,-X,403716,-1.064000000,-0.999741497,-1.0,-0.064000000,0.000258503
2933,+Y,-X,403795,-1.063000000,-0.998747255,-1.0,-0.063000000,0.001252745
2934,+Y,-X,403875,-1.064000000,-0.999741497,-1.0,-0.064000000,0.000258503
2935,+Y,-X,403956,-1.064000000,-0.999741497,-1.0,-0.064000000,0.000258503
2936,+Y,-X,404035,-1.064000000,-0.999741497,-1.0,-0.064000000,0.000258503
2937,+Y,-X,404116,-1.055000000,-0.990793320,-1.0,-0.055000000,0.009206680
2938,+Y,-X,404195,-1.073000000,-1.008689674,-1.0,-0.073000000,-0.008689674
2939,+Y,-X,404275,-1.063000000,-0.998747255,-1.0,-0.063000000,0.001252745
2940,+Y,-X,404356,-1.064000000,-0.999741497,-1.0,-0.064000000,0.000258503
2941,+Y,-X,404435,-1.065000000,-1.000735739,-1.0,-0.065000000,-0.000735739
2942,+Y,-X,404515,-1.065000000,-1.000735739,-1.0,-0.065000000,-0.000735739
2943,+Y,-X,404596,-1.068000000,-1.003718465,-1.0,-0.068000000,-0.003718465
2944,+Y,-X,404675,-1.068000000,-1.003718465,-1.0,-0.068000000,-0.003718465
2945,+Y,-X,404756,-1.058000000,-0.993776046,-1.0,-0.058000000,0.006223954
2946,+Y,-X,404835,-1.064000000,-0.999741497,-1.0,-0.064000000,0.000258503
2947,+Y,-X,404915,-1.069000000,-1.004712706,-1.0,-0.069000000,-0.004712706
2948,+Y,-X,404996,-1.065000000,-1.000735739,-1.0,-0.065000000,-0.000735739
2949,+Y,-X,405075,-1.064000000,-0.999741497,-1.0,-0.064000000,0.000258503
2950,+Y,-X,405156,-1.063000000,-0.998747255,-1.0,-0.063000000,0.001252745
2951,+Y,-X,405236,-1.064000000,-0.999741497,-1.0,-0.064000000,0.000258503
2952,+Y,-X,405315,-1.060000000,-0.995764530,-1.0,-0.060000000,0.004235470
2953,+Y,-X,405396,-1.073000000,-1.008689674,-1.0,-0.073000000,-0.008689674
2954,+Y,-X,405475,-1.065000000,-1.000735739,-1.0,-0.065000000,-0.000735739
2955,+Y,-X,405555,-1.061000000,-0.996758772,-1.0,-0.061000000,0.003241228
2956,+Y,-X,405636,-1.064000000,-0.999741497,-1.0,-0.064000000,0.000258503
2957,+Y,-X,405715,-1.064000000,-0.999741497,-1.0,-0.064000000,0.000258503
2958,+Y,-X,405795,-1.064000000,-0.999741497,-1.0,-0.064000000,0.000258503
2959,+Y,-X,405876,-1.066000000,-1.001729981,-1.0,-0.066000000,-0.001729981
2960,+Y,-X,405955,-1.057000000,-0.992781804,-1.0,-0.057000000,0.007218196
2961,+Y,-X,406036,-1.073000000,-1.008689674,-1.0,-0.073000000,-0.008689674
2962,+Y,-X,406115,-1.066000000,-1.001729981,-1.0,-0.066000000,-0.001729981
2963,+Y,-X,406195,-1.064000000,-0.999741497,-1.0,-0.064000000,0.000258503
2964,+Y,-X,406276,-1.064000000,-0.999741497,-1.0,-0.064000000,0.000258503
2965,+Y,-X,406355,-1.065000000,-1.000735739,-1.0,-0.065000000,-0.000735739
2966,+Y,-X,406435,-1.064000000,-0.999741497,-1.0,-0.064000000,0.000258503
2967,+Y,-X,406516,-1.064000000,-0.999741497,-1.0,-0.064000000,0.000258503
2968,+Y,-X,406595,-1.060000000,-0.995764530,-1.0,-0.060000000,0.004235470
2969,+Y,-X,406676,-1.060000000,-0.995764530,-1.0,-0.060000000,0.004235470
2970,+Y,-X,406755,-1.077000000,-1.012666641,-1.0,-0.077000000,-0.012666641
2971,+Y,-X,406835,-1.063000000,-0.998747255,-1.0,-0.063000000,0.001252745
2972,+Y,-X,406916,-1.064000000,-0.999741497,-1.0,-0.064000000,0.000258503
2973,+Y,-X,406995,-1.060000000,-0.995764530,-1.0,-0.060000000,0.004235470
2974,+Y,-X,407076,-1.060000000,-0.995764530,-1.0,-0.060000000,0.004235470
2975,+Y,-X,407155,-1.060000000,-0.995764530,-1.0,-0.060000000,0.004235470
2976,+Y,-X,407235,-1.056000000,-0.991787562,-1.0,-0.056000000,0.008212438
2977,+Y,-X,407316,-1.065000000,-1.000735739,-1.0,-0.065000000,-0.000735739
2978,+Y,-X,407395,-1.064000000,-0.999741497,-1.0,-0.064000000,0.000258503
2979,+Y,-X,407475,-1.060000000,-0.995764530,-1.0,-0.060000000,0.004235470
2980,+Y,-X,407556,-1.069000000,-1.004712706,-1.0,-0.069000000,-0.004712706
2981,+Y,-X,407635,-1.064000000,-0.999741497,-1.0,-0.064000000,0.000258503
2982,+Y,-X,407716,-1.064000000,-0.999741497,-1.0,-0.064000000,0.000258503
2983,+Y,-X,407795,-1.064000000,-0.999741497,-1.0,-0.064000000,0.000258503
2984,+Y,-X,407875,-1.059000000,-0.994770288,-1.0,-0.059000000,0.005229712
2985,+Y,-X,407956,-1.073000000,-1.008689674,-1.0,-0.073000000,-0.008689674
2986,+Y,-X,408035,-1.064000000,-0.999741497,-1.0,-0.064000000,0.000258503
2987,+Y,-X,408115,-1.060000000,-0.995764530,-1.0,-0.060000000,0.004235470
2988,+Y,-X,408196,-1.064000000,-0.999741497,-1.0,-0.064000000,0.000258503
2989,+Y,-X,408275,-1.064000000,-0.999741497,-1.0,-0.064000000,0.000258503
2990,+Y,-X,408356,-1.066000000,-1.001729981,-1.0,-0.066000000,-0.001729981
2991,+Y,-X,408435,-1.056000000,-0.991787562,-1.0,-0.056000000,0.008212438
2992,+Y,-X,408515,-1.060000000,-0.995764530,-1.0,-0.060000000,0.004235470
2993,+Y,-X,408596,-1.066000000,-1.001729981,-1.0,-0.066000000,-0.001729981
2994,+Y,-X,408675,-1.066000000,-1.001729981,-1.0,-0.066000000,-0.001729981
2995,+Y,-X,408755,-1.066000000,-1.001729981,-1.0,-0.066000000,-0.001729981
2996,+Y,-X,408835,-1.065000000,-1.000735739,-1.0,-0.065000000,-0.000735739
2997,+Y,-X,408915,-1.064000000,-0.999741497,-1.0,-0.064000000,0.000258503
2998,+Y,-X,408996,-1.064000000,-0.999741497,-1.0,-0.064000000,0.000258503
2999,+Y,-X,409075,-1.064000000,-0.999741497,-1.0,-0.064000000,0.000258503
3000,-Y,+X,435582,0.947000000,0.999678860,1.0,-0.053000000,-0.000321140
3001,-Y,+X,435661,0.947000000,0.999678860,1.0,-0.053000000,-0.000321140
3002,-Y,+X,435742,0.945000000,0.997690376,1.0,-0.055000000,-0.002309624
3003,-Y,+X,435821,0.943000000,0.995701892,1.0,-0.057000000,-0.004298108
3004,-Y,+X,435902,0.943000000,0.995701892,1.0,-0.057000000,-0.004298108
3005,-Y,+X,435981,0.947000000,0.999678860,1.0,-0.053000000,-0.000321140
3006,-Y,+X,436062,0.944000000,0.996696134,1.0,-0.056000000,-0.003303866
3007,-Y,+X,436141,0.951000000,1.003655827,1.0,-0.049000000,0.003655827
3008,-Y,+X,436222,0.945000000,0.997690376,1.0,-0.055000000,-0.002309624
3009,-Y,+X,436301,0.947000000,0.999678860,1.0,-0.053000000,-0.000321140
3010,-Y,+X,436382,0.947000000,0.999678860,1.0,-0.053000000,-0.000321140
3011,-Y,+X,436461,0.948000000,1.000673102,1.0,-0.052000000,0.000673102
3012,-Y,+X,436541,0.944000000,0.996696134,1.0,-0.056000000,-0.003303866
3013,-Y,+X,436621,0.950000000,1.002661585,1.0,-0.050000000,0.002661585
3014,-Y,+X,436701,0.947000000,0.999678860,1.0,-0.053000000,-0.000321140
3015,-Y,+X,436782,0.953000000,1.005644311,1.0,-0.047000000,0.005644311
3016,-Y,+X,436861,0.943000000,0.995701892,1.0,-0.057000000,-0.004298108
3017,-Y,+X,436942,0.944000000,0.996696134,1.0,-0.056000000,-0.003303866
3018,-Y,+X,437021,0.945000000,0.997690376,1.0,-0.055000000,-0.002309624
3019,-Y,+X,437102,0.947000000,0.999678860,1.0,-0.053000000,-0.000321140
3020,-Y,+X,437181,0.944000000,0.996696134,1.0,-0.056000000,-0.003303866
3021,-Y,+X,437262,0.940000000,0.992719167,1.0,-0.060000000,-0.007280833
3022,-Y,+X,437341,0.956000000,1.008627037,1.0,-0.044000000,0.008627037
3023,-Y,+X,437422,0.956000000,1.008627037,1.0,-0.044000000,0.008627037
3024,-Y,+X,437501,0.947000000,0.999678860,1.0,-0.053000000,-0.000321140
3025,-Y,+X,437582,0.945000000,0.997690376,1.0,-0.055000000,-0.002309624
3026,-Y,+X,437661,0.944000000,0.996696134,1.0,-0.056000000,-0.003303866
3027,-Y,+X,437741,0.947000000,0.999678860,1.0,-0.053000000,-0.000321140
3028,-Y,+X,437821,0.947000000,0.999678860,1.0,-0.053000000,-0.000321140
3029,-Y,+X,437901,0.947000000,0.999678860,1.0,-0.053000000,-0.000321140
3030,-Y,+X,437981,0.947000000,0.999678860,1.0,-0.053000000,-0.000321140
3031,-Y,+X,438061,0.947000000,0.999678860,1.0,-0.053000000,-0.000321140
3032,-Y,+X,438142,0.947000000,0.999678860,1.0,-0.053000000,-0.000321140
3033,-Y,+X,438221,0.950000000,1.002661585,1.0,-0.050000000,0.002661585
3034,-Y,+X,438302,0.944000000,0.996696134,1.0,-0.056000000,-0.003303866
3035,-Y,+X,438381,0.944000000,0.996696134,1.0,-0.056000000,-0.003303866
3036,-Y,+X,438462,0.944000000,0.996696134,1.0,-0.056000000,-0.003303866
3037,-Y,+X,438541,0.956000000,1.008627037,1.0,-0.044000000,0.008627037
3038,-Y,+X,438622,0.944000000,0.996696134,1.0,-0.056000000,-0.003303866
3039,-Y,+X,438701,0.945000000,0.997690376,1.0,-0.055000000,-0.002309624
3040,-Y,+X,438782,0.945000000,0.997690376,1.0,-0.055000000,-0.002309624
3041,-Y,+X,438861,0.945000000,0.997690376,1.0,-0.055000000,-0.002309624
3042,-Y,+X,438942,0.947000000,0.999678860,1.0,-0.053000000,-0.000321140
3043,-Y,+X,439021,0.944000000,0.996696134,1.0,-0.056000000,-0.003303866
3044,-Y,+X,439101,0.951000000,1.003655827,1.0,-0.049000000,0.003655827
3045,-Y,+X,439181,0.943000000,0.995701892,1.0,-0.057000000,-0.004298108
3046,-Y,+X,439261,0.952000000,1.004650069,1.0,-0.048000000,0.004650069
3047,-Y,+X,439342,0.950000000,1.002661585,1.0,-0.050000000,0.002661585
3048,-Y,+X,439421,0.950000000,1.002661585,1.0,-0.050000000,0.002661585
3049,-Y,+X,439502,0.947000000,0.999678860,1.0,-0.053000000,-0.000321140
3050,-Y,+X,439581,0.950000000,1.002661585,1.0,-0.050000000,0.002661585
3051,-Y,+X,439662,0.944000000,0.996696134,1.0,-0.056000000,-0.003303866
3052,-Y,+X,439741,0.945000000,0.997690376,1.0,-0.055000000,-0.002309624
3053,-Y,+X,439822,0.945000000,0.997690376,1.0,-0.055000000,-0.002309624
3054,-Y,+X,439901,0.947000000,0.999678860,1.0,-0.053000000,-0.000321140
3055,-Y,+X,439982,0.947000000,0.999678860,1.0,-0.053000000,-0.000321140
3056,-Y,+X,440061,0.947000000,0.999678860,1.0,-0.053000000,-0.000321140
3057,-Y,+X,440142,0.943000000,0.995701892,1.0,-0.057000000,-0.004298108
3058,-Y,+X,440221,0.950000000,1.002661585,1.0,-0.050000000,0.002661585
3059,-Y,+X,440301,0.951000000,1.003655827,1.0,-0.049000000,0.003655827
3060,-Y,+X,440381,0.944000000,0.996696134,1.0,-0.056000000,-0.003303866
3061,-Y,+X,440461,0.944000000,0.996696134,1.0,-0.056000000,-0.003303866
3062,-Y,+X,440542,0.945000000,0.997690376,1.0,-0.055000000,-0.002309624
3063,-Y,+X,440621,0.947000000,0.999678860,1.0,-0.053000000,-0.000321140
3064,-Y,+X,440702,0.951000000,1.003655827,1.0,-0.049000000,0.003655827
3065,-Y,+X,440781,0.947000000,0.999678860,1.0,-0.053000000,-0.000321140
3066,-Y,+X,440862,0.943000000,0.995701892,1.0,-0.057000000,-0.004298108
3067,-Y,+X,440941,0.950000000,1.002661585,1.0,-0.050000000,0.002661585
3068,-Y,+X,441022,0.947000000,0.999678860,1.0,-0.053000000,-0.000321140
3069,-Y,+X,441101,0.947000000,0.999678860,1.0,-0.053000000,-0.000321140
3070,-Y,+X,441182,0.945000000,0.997690376,1.0,-0.055000000,-0.002309624
3071,-Y,+X,441261,0.950000000,1.002661585,1.0,-0.050000000,0.002661585
3072,-Y,+X,441342,0.958000000,1.010615520,1.0,-0.042000000,0.010615520
3073,-Y,+X,441421,0.945000000,0.997690376,1.0,-0.055000000,-0.002309624
3074,-Y,+X,441501,0.945000000,0.997690376,1.0,-0.055000000,-0.002309624
3075,-Y,+X,441581,0.947000000,0.999678860,1.0,-0.053000000,-0.000321140
3076,-Y,+X,441661,0.945000000,0.997690376,1.0,-0.055000000,-0.002309624
3077,-Y,+X,441742,0.950000000,1.002661585,1.0,-0.050000000,0.002661585
3078,-Y,+X,441821,0.953000000,1.005644311,1.0,-0.047000000,0.005644311
3079,-Y,+X,441902,0.947000000,0.999678860,1.0,-0.053000000,-0.000321140
3080,-Y,+X,441981,0.952000000,1.004650069,1.0,-0.048000000,0.004650069
3081,-Y,+X,442062,0.947000000,0.999678860,1.0,-0.053000000,-0.000321140
3082,-Y,+X,442141,0.952000000,1.004650069,1.0,-0.048000000,0.004650069
3083,-Y,+X,442222,0.945000000,0.997690376,1.0,-0.055000000,-0.002309624
3084,-Y,+X,442301,0.945000000,0.997690376,1.0,-0.055000000,-0.002309624
3085,-Y,+X,442382,0.945000000,0.997690376,1.0,-0.055000000,-0.002309624
3086,-Y,+X,442461,0.947000000,0.999678860,1.0,-0.053000000,-0.000321140
3087,-Y,+X,442542,0.947000000,0.999678860,1.0,-0.053000000,-0.000321140
3088,-Y,+X,442621,0.950000000,1.002661585,1.0,-0.050000000,0.002661585
3089,-Y,+X,442701,0.947000000,0.999678860,1.0,-0.053000000,-0.000321140
3090,-Y,+X,442781,0.947000000,0.999678860,1.0,-0.053000000,-0.000321140
3091,-Y,+X,442861,0.945000000,0.997690376,1.0,-0.055000000,-0.002309624
3092,-Y,+X,442942,0.947000000,0.999678860,1.0,-0.053000000,-0.000321140
3093,-Y,+X,443021,0.947000000,0.999678860,1.0,-0.053000000,-0.000321140
3094,-Y,+X,443102,0.947000000,0.999678860,1.0,-0.053000000,-0.000321140
3095,-Y,+X,443181,0.947000000,0.999678860,1.0,-0.053000000,-0.000321140
3096,-Y,+X,443262,0.947000000,0.999678860,1.0,-0.053000000,-0.000321140
3097,-Y,+X,443341,0.945000000,0.997690376,1.0,-0.055000000,-0.002309624
3098,-Y,+X,443422,0.950000000,1.002661585,1.0,-0.050000000,0.002661585
3099,-Y,+X,443501,0.950000000,1.002661585,1.0,-0.050000000,0.002661585
3100,-Y,+X,443582,0.945000000,0.997690376,1.0,-0.055000000,-0.002309624
3101,-Y,+X,443661,0.947000000,0.999678860,1.0,-0.053000000,-0.000321140
3102,-Y,+X,443742,0.951000000,1.003655827,1.0,-0.049000000,0.003655827
3103,-Y,+X,443821,0.952000000,1.004650069,1.0,-0.048000000,0.004650069
3104,-Y,+X,443902,0.958000000,1.010615520,1.0,-0.042000000,0.010615520
3105,-Y,+X,443981,0.946000000,0.998684618,1.0,-0.054000000,-0.001315382
3106,-Y,+X,444061,0.945000000,0.997690376,1.0,-0.055000000,-0.002309624
3107,-Y,+X,444141,0.950000000,1.002661585,1.0,-0.050000000,0.002661585
3108,-Y,+X,444221,0.951000000,1.003655827,1.0,-0.049000000,0.003655827
3109,-Y,+X,444302,0.947000000,0.999678860,1.0,-0.053000000,-0.000321140
3110,-Y,+X,444381,0.952000000,1.004650069,1.0,-0.048000000,0.004650069
3111,-Y,+X,444462,0.945000000,0.997690376,1.0,-0.055000000,-0.002309624
3112,-Y,+X,444541,0.945000000,0.997690376,1.0,-0.055000000,-0.002309624
3113,-Y,+X,444622,0.948000000,1.000673102,1.0,-0.052000000,0.000673102
3114,-Y,+X,444701,0.944000000,0.996696134,1.0,-0.056000000,-0.003303866
3115,-Y,+X,444782,0.945000000,0.997690376,1.0,-0.055000000,-0.002309624
3116,-Y,+X,444861,0.948000000,1.000673102,1.0,-0.052000000,0.000673102
3117,-Y,+X,444942,0.947000000,0.999678860,1.0,-0.053000000,-0.000321140
3118,-Y,+X,445021,0.948000000,1.000673102,1.0,-0.052000000,0.000673102
3119,-Y,+X,445102,0.950000000,1.002661585,1.0,-0.050000000,0.002661585
3120,-Y,+X,445181,0.947000000,0.999678860,1.0,-0.053000000,-0.000321140
3121,-Y,+X,445261,0.947000000,0.999678860,1.0,-0.053000000,-0.000321140
3122,-Y,+X,445341,0.947000000,0.999678860,1.0,-0.053000000,-0.000321140
3123,-Y,+X,445421,0.956000000,1.008627037,1.0,-0.044000000,0.008627037
3124,-Y,+X,445502,0.945000000,0.997690376,1.0,-0.055000000,-0.002309624
3125,-Y,+X,445581,0.945000000,0.997690376,1.0,-0.055000000,-0.002309624
3126,-Y,+X,445662,0.945000000,0.997690376,1.0,-0.055000000,-0.002309624
3127,-Y,+X,445741,0.948000000,1.000673102,1.0,-0.052000000,0.000673102
3128,-Y,+X,445822,0.944000000,0.996696134,1.0,-0.056000000,-0.003303866
3129,-Y,+X,445901,0.944000000,0.996696134,1.0,-0.056000000,-0.003303866
3130,-Y,+X,445982,0.947000000,0.999678860,1.0,-0.053000000,-0.000321140
3131,-Y,+X,446061,0.947000000,0.999678860,1.0,-0.053000000,-0.000321140
3132,-Y,+X,446142,0.944000000,0.996696134,1.0,-0.056000000,-0.003303866
3133,-Y,+X,446221,0.944000000,0.996696134,1.0,-0.056000000,-0.003303866
3134,-Y,+X,446302,0.945000000,0.997690376,1.0,-0.055000000,-0.002309624
3135,-Y,+X,446381,0.947000000,0.999678860,1.0,-0.053000000,-0.000321140
3136,-Y,+X,446461,0.950000000,1.002661585,1.0,-0.050000000,0.002661585
3137,-Y,+X,446541,0.950000000,1.002661585,1.0,-0.050000000,0.002661585
3138,-Y,+X,446621,0.947000000,0.999678860,1.0,-0.053000000,-0.000321140
3139,-Y,+X,446702,0.944000000,0.996696134,1.0,-0.056000000,-0.003303866
3140,-Y,+X,446781,0.947000000,0.999678860,1.0,-0.053000000,-0.000321140
3141,-Y,+X,446862,0.944000000,0.996696134,1.0,-0.056000000,-0.003303866
3142,-Y,+X,446941,0.956000000,1.008627037,1.0,-0.044000000,0.008627037
3143,-Y,+X,447022,0.944000000,0.996696134,1.0,-0.056000000,-0.003303866
3144,-Y,+X,447101,0.945000000,0.997690376,1.0,-0.055000000,-0.002309624
3145,-Y,+X,447182,0.947000000,0.999678860,1.0,-0.053000000,-0.000321140
3146,-Y,+X,447261,0.947000000,0.999678860,1.0,-0.053000000,-0.000321140
3147,-Y,+X,447342,0.947000000,0.999678860,1.0,-0.053000000,-0.000321140
3148,-Y,+X,447421,0.952000000,1.004650069,1.0,-0.048000000,0.004650069
3149,-Y,+X,447502,0.950000000,1.002661585,1.0,-0.050000000,0.002661585
3150,-Y,+X,447581,0.950000000,1.002661585,1.0,-0.050000000,0.002661585
3151,-Y,+X,447662,0.947000000,0.999678860,1.0,-0.053000000,-0.000321140
3152,-Y,+X,447741,0.950000000,1.002661585,1.0,-0.050000000,0.002661585
3153,-Y,+X,447821,0.948000000,1.000673102,1.0,-0.052000000,0.000673102
3154,-Y,+X,447902,0.947000000,0.999678860,1.0,-0.053000000,-0.000321140
3155,-Y,+X,447981,0.947000000,0.999678860,1.0,-0.053000000,-0.000321140
3156,-Y,+X,448062,0.951000000,1.003655827,1.0,-0.049000000,0.003655827
3157,-Y,+X,448141,0.944000000,0.996696134,1.0,-0.056000000,-0.003303866
3158,-Y,+X,448222,0.950000000,1.002661585,1.0,-0.050000000,0.002661585
3159,-Y,+X,448301,0.947000000,0.999678860,1.0,-0.053000000,-0.000321140
3160,-Y,+X,448382,0.944000000,0.996696134,1.0,-0.056000000,-0.003303866
3161,-Y,+X,448461,0.947000000,0.999678860,1.0,-0.053000000,-0.000321140
3162,-Y,+X,448542,0.952000000,1.004650069,1.0,-0.048000000,0.004650069
3163,-Y,+X,448621,0.952000000,1.004650069,1.0,-0.048000000,0.004650069
3164,-Y,+X,448702,0.950000000,1.002661585,1.0,-0.050000000,0.002661585
3165,-Y,+X,448781,0.947000000,0.999678860,1.0,-0.053000000,-0.000321140
3166,-Y,+X,448862,0.960000000,1.012604004,1.0,-0.040000000,0.012604004
3167,-Y,+X,448941,0.951000000,1.003655827,1.0,-0.049000000,0.003655827
3168,-Y,+X,449021,0.953000000,1.005644311,1.0,-0.047000000,0.005644311
3169,-Y,+X,449101,0.950000000,1.002661585,1.0,-0.050000000,0.002661585
3170,-Y,+X,449181,0.952000000,1.004650069,1.0,-0.048000000,0.004650069
3171,-Y,+X,449262,0.947000000,0.999678860,1.0,-0.053000000,-0.000321140
3172,-Y,+X,449341,0.947000000,0.999678860,1.0,-0.053000000,-0.000321140
3173,-Y,+X,449422,0.945000000,0.997690376,1.0,-0.055000000,-0.002309624
3174,-Y,+X,449501,0.940000000,0.992719167,1.0,-0.060000000,-0.007280833
3175,-Y,+X,449582,0.942000000,0.994707651,1.0,-0.058000000,-0.005292349
3176,-Y,+X,449661,0.942000000,0.994707651,1.0,-0.058000000,-0.005292349
3177,-Y,+X,449742,0.947000000,0.999678860,1.0,-0.053000000,-0.000321140
3178,-Y,+X,449821,0.951000000,1.003655827,1.0,-0.049000000,0.003655827
3179,-Y,+X,449902,0.950000000,1.002661585,1.0,-0.050000000,0.002661585
3180,-Y,+X,449981,0.947000000,0.999678860,1.0,-0.053000000,-0.000321140
3181,-Y,+X,450062,0.946000000,0.998684618,1.0,-0.054000000,-0.001315382
3182,-Y,+X,450141,0.947000000,0.999678860,1.0,-0.053000000,-0.000321140
3183,-Y,+X,450221,0.944000000,0.996696134,1.0,-0.056000000,-0.003303866
3184,-Y,+X,450301,0.945000000,0.997690376,1.0,-0.055000000,-0.002309624
3185,-Y,+X,450381,0.950000000,1.002661585,1.0,-0.050000000,0.002661585
3186,-Y,+X,450462,0.951000000,1.003655827,1.0,-0.049000000,0.003655827
3187,-Y,+X,450541,0.944000000,0.996696134,1.0,-0.056000000,-0.003303866
3188,-Y,+X,450622,0.944000000,0.996696134,1.0,-0.056000000,-0.003303866
3189,-Y,+X,450701,0.948000000,1.000673102,1.0,-0.052000000,0.000673102
3190,-Y,+X,450782,0.943000000,0.995701892,1.0,-0.057000000,-0.004298108
3191,-Y,+X,450861,0.948000000,1.000673102,1.0,-0.052000000,0.000673102
3192,-Y,+X,450942,0.951000000,1.003655827,1.0,-0.049000000,0.003655827
3193,-Y,+X,451021,0.952000000,1.004650069,1.0,-0.048000000,0.004650069
3194,-Y,+X,451102,0.947000000,0.999678860,1.0,-0.053000000,-0.000321140
3195,-Y,+X,451181,0.944000000,0.996696134,1.0,-0.056000000,-0.003303866
3196,-Y,+X,451262,0.947000000,0.999678860,1.0,-0.053000000,-0.000321140
3197,-Y,+X,451341,0.947000000,0.999678860,1.0,-0.053000000,-0.000321140
3198,-Y,+X,451421,0.944000000,0.996696134,1.0,-0.056000000,-0.003303866
3199,-Y,+X,451501,0.947000000,0.999678860,1.0,-0.053000000,-0.000321140
3200,-Y,+X,451581,0.947000000,0.999678860,1.0,-0.053000000,-0.000321140
3201,-Y,+X,451662,0.947000000,0.999678860,1.0,-0.053000000,-0.000321140
3202,-Y,+X,451741,0.951000000,1.003655827,1.0,-0.049000000,0.003655827
3203,-Y,+X,451822,0.945000000,0.997690376,1.0,-0.055000000,-0.002309624
3204,-Y,+X,451901,0.944000000,0.996696134,1.0,-0.056000000,-0.003303866
3205,-Y,+X,451982,0.947000000,0.999678860,1.0,-0.053000000,-0.000321140
3206,-Y,+X,452061,0.947000000,0.999678860,1.0,-0.053000000,-0.000321140
3207,-Y,+X,452142,0.944000000,0.996696134,1.0,-0.056000000,-0.003303866
3208,-Y,+X,452221,0.947000000,0.999678860,1.0,-0.053000000,-0.000321140
3209,-Y,+X,452302,0.944000000,0.996696134,1.0,-0.056000000,-0.003303866
3210,-Y,+X,452381,0.947000000,0.999678860,1.0,-0.053000000,-0.000321140
3211,-Y,+X,452462,0.944000000,0.996696134,1.0,-0.056000000,-0.003303866
3212,-Y,+X,452541,0.950000000,1.002661585,1.0,-0.050000000,0.002661585
3213,-Y,+X,452622,0.947000000,0.999678860,1.0,-0.053000000,-0.000321140
3214,-Y,+X,452701,0.947000000,0.999678860,1.0,-0.053000000,-0.000321140
3215,-Y,+X,452781,0.948000000,1.000673102,1.0,-0.052000000,0.000673102
3216,-Y,+X,452861,0.951000000,1.003655827,1.0,-0.049000000,0.003655827
3217,-Y,+X,452941,0.947000000,0.999678860,1.0,-0.053000000,-0.000321140
3218,-Y,+X,453022,0.950000000,1.002661585,1.0,-0.050000000,0.002661585
3219,-Y,+X,453101,0.947000000,0.999678860,1.0,-0.053000000,-0.000321140
3220,-Y,+X,453182,0.945000000,0.997690376,1.0,-0.055000000,-0.002309624
3221,-Y,+X,453261,0.947000000,0.999678860,1.0,-0.053000000,-0.000321140
3222,-Y,+X,453342,0.944000000,0.996696134,1.0,-0.056000000,-0.003303866
3223,-Y,+X,453421,0.944000000,0.996696134,1.0,-0.056000000,-0.003303866
3224,-Y,+X,453502,0.956000000,1.008627037,1.0,-0.044000000,0.008627037
3225,-Y,+X,453581,0.945000000,0.997690376,1.0,-0.055000000,-0.002309624
3226,-Y,+X,453662,0.945000000,0.997690376,1.0,-0.055000000,-0.002309624
3227,-Y,+X,453741,0.945000000,0.997690376,1.0,-0.055000000,-0.002309624
3228,-Y,+X,453822,0.945000000,0.997690376,1.0,-0.055000000,-0.002309624
3229,-Y,+X,453901,0.944000000,0.996696134,1.0,-0.056000000,-0.003303866
3230,-Y,+X,453981,0.945000000,0.997690376,1.0,-0.055000000,-0.002309624
3231,-Y,+X,454061,0.947000000,0.999678860,1.0,-0.053000000,-0.000321140
3232,-Y,+X,454141,0.950000000,1.002661585,1.0,-0.050000000,0.002661585
3233,-Y,+X,454222,0.944000000,0.996696134,1.0,-0.056000000,-0.003303866
3234,-Y,+X,454301,0.947000000,0.999678860,1.0,-0.053000000,-0.000321140
3235,-Y,+X,454382,0.945000000,0.997690376,1.0,-0.055000000,-0.002309624
3236,-Y,+X,454461,0.947000000,0.999678860,1.0,-0.053000000,-0.000321140
3237,-Y,+X,454542,0.945000000,0.997690376,1.0,-0.055000000,-0.002309624
3238,-Y,+X,454621,0.950000000,1.002661585,1.0,-0.050000000,0.002661585
3239,-Y,+X,454702,0.950000000,1.002661585,1.0,-0.050000000,0.002661585
3240,-Y,+X,454781,0.951000000,1.003655827,1.0,-0.049000000,0.003655827
3241,-Y,+X,454862,0.948000000,1.000673102,1.0,-0.052000000,0.000673102
3242,-Y,+X,454941,0.947000000,0.999678860,1.0,-0.053000000,-0.000321140
3243,-Y,+X,455022,0.948000000,1.000673102,1.0,-0.052000000,0.000673102
3244,-Y,+X,455101,0.947000000,0.999678860,1.0,-0.053000000,-0.000321140
3245,-Y,+X,455181,0.950000000,1.002661585,1.0,-0.050000000,0.002661585
3246,-Y,+X,455261,0.944000000,0.996696134,1.0,-0.056000000,-0.003303866
3247,-Y,+X,455341,0.947000000,0.999678860,1.0,-0.053000000,-0.000321140
3248,-Y,+X,455422,0.945000000,0.997690376,1.0,-0.055000000,-0.002309624
3249,-Y,+X,455501,0.956000000,1.008627037,1.0,-0.044000000,0.008627037
3250,-Y,+X,455582,0.947000000,0.999678860,1.0,-0.053000000,-0.000321140
3251,-Y,+X,455661,0.944000000,0.996696134,1.0,-0.056000000,-0.003303866
3252,-Y,+X,455742,0.944000000,0.996696134,1.0,-0.056000000,-0.003303866
3253,-Y,+X,455821,0.947000000,0.999678860,1.0,-0.053000000,-0.000321140
3254,-Y,+X,455902,0.944000000,0.996696134,1.0,-0.056000000,-0.003303866
3255,-Y,+X,455981,0.947000000,0.999678860,1.0,-0.053000000,-0.000321140
3256,-Y,+X,456062,0.951000000,1.003655827,1.0,-0.049000000,0.003655827
3257,-Y,+X,456141,0.947000000,0.999678860,1.0,-0.053000000,-0.000321140
3258,-Y,+X,456222,0.952000000,1.004650069,1.0,-0.048000000,0.004650069
3259,-Y,+X,456301,0.947000000,0.999678860,1.0,-0.053000000,-0.000321140
3260,-Y,+X,456382,0.945000000,0.997690376,1.0,-0.055000000,-0.002309624
3261,-Y,+X,456461,0.945000000,0.997690376,1.0,-0.055000000,-0.002309624
3262,-Y,+X,456541,0.947000000,0.999678860,1.0,-0.053000000,-0.000321140
3263,-Y,+X,456622,0.952000000,1.004650069,1.0,-0.048000000,0.004650069
3264,-Y,+X,456701,0.947000000,0.999678860,1.0,-0.053000000,-0.000321140
3265,-Y,+X,456782,0.947000000,0.999678860,1.0,-0.053000000,-0.000321140
3266,-Y,+X,456861,0.947000000,0.999678860,1.0,-0.053000000,-0.000321140
3267,-Y,+X,456942,0.945000000,0.997690376,1.0,-0.055000000,-0.002309624
3268,-Y,+X,457021,0.947000000,0.999678860,1.0,-0.053000000,-0.000321140
3269,-Y,+X,457102,0.944000000,0.996696134,1.0,-0.056000000,-0.003303866
3270,-Y,+X,457181,0.952000000,1.004650069,1.0,-0.048000000,0.004650069
3271,-Y,+X,457262,0.945000000,0.997690376,1.0,-0.055000000,-0.002309624
3272,-Y,+X,457341,0.950000000,1.002661585,1.0,-0.050000000,0.002661585
3273,-Y,+X,457422,0.951000000,1.003655827,1.0,-0.049000000,0.003655827
3274,-Y,+X,457501,0.947000000,0.999678860,1.0,-0.053000000,-0.000321140
3275,-Y,+X,457581,0.953000000,1.005644311,1.0,-0.047000000,0.005644311
3276,-Y,+X,457661,0.947000000,0.999678860,1.0,-0.053000000,-0.000321140
3277,-Y,+X,457741,0.947000000,0.999678860,1.0,-0.053000000,-0.000321140
3278,-Y,+X,457821,0.950000000,1.002661585,1.0,-0.050000000,0.002661585
3279,-Y,+X,457901,0.948000000,1.000673102,1.0,-0.052000000,0.000673102
3280,-Y,+X,457982,0.945000000,0.997690376,1.0,-0.055000000,-0.002309624
3281,-Y,+X,458061,0.944000000,0.996696134,1.0,-0.056000000,-0.003303866
3282,-Y,+X,458142,0.945000000,0.997690376,1.0,-0.055000000,-0.002309624
3283,-Y,+X,458221,0.947000000,0.999678860,1.0,-0.053000000,-0.000321140
3284,-Y,+X,458302,0.944000000,0.996696134,1.0,-0.056000000,-0.003303866
3285,-Y,+X,458381,0.947000000,0.999678860,1.0,-0.053000000,-0.000321140
3286,-Y,+X,458462,0.947000000,0.999678860,1.0,-0.053000000,-0.000321140
3287,-Y,+X,458541,0.948000000,1.000673102,1.0,-0.052000000,0.000673102
3288,-Y,+X,458622,0.953000000,1.005644311,1.0,-0.047000000,0.005644311
3289,-Y,+X,458701,0.948000000,1.000673102,1.0,-0.052000000,0.000673102
3290,-Y,+X,458782,0.948000000,1.000673102,1.0,-0.052000000,0.000673102
3291,-Y,+X,458861,0.947000000,0.999678860,1.0,-0.053000000,-0.000321140
3292,-Y,+X,458941,0.947000000,0.999678860,1.0,-0.053000000,-0.000321140
3293,-Y,+X,459021,0.947000000,0.999678860,1.0,-0.053000000,-0.000321140
3294,-Y,+X,459101,0.947000000,0.999678860,1.0,-0.053000000,-0.000321140
3295,-Y,+X,459182,0.956000000,1.008627037,1.0,-0.044000000,0.008627037
3296,-Y,+X,459261,0.947000000,0.999678860,1.0,-0.053000000,-0.000321140
3297,-Y,+X,459342,0.952000000,1.004650069,1.0,-0.048000000,0.004650069
3298,-Y,+X,459421,0.950000000,1.002661585,1.0,-0.050000000,0.002661585
3299,-Y,+X,459502,0.945000000,0.997690376,1.0,-0.055000000,-0.002309624
3300,-Y,+X,459581,0.947000000,0.999678860,1.0,-0.053000000,-0.000321140
3301,-Y,+X,459662,0.944000000,0.996696134,1.0,-0.056000000,-0.003303866
3302,-Y,+X,459741,0.952000000,1.004650069,1.0,-0.048000000,0.004650069
3303,-Y,+X,459822,0.952000000,1.004650069,1.0,-0.048000000,0.004650069
3304,-Y,+X,459901,0.947000000,0.999678860,1.0,-0.053000000,-0.000321140
3305,-Y,+X,459982,0.947000000,0.999678860,1.0,-0.053000000,-0.000321140
3306,-Y,+X,460061,0.950000000,1.002661585,1.0,-0.050000000,0.002661585
3307,-Y,+X,460141,0.945000000,0.997690376,1.0,-0.055000000,-0.002309624
3308,-Y,+X,460221,0.947000000,0.999678860,1.0,-0.053000000,-0.000321140
3309,-Y,+X,460301,0.944000000,0.996696134,1.0,-0.056000000,-0.003303866
3310,-Y,+X,460382,0.950000000,1.002661585,1.0,-0.050000000,0.002661585
3311,-Y,+X,460461,0.950000000,1.002661585,1.0,-0.050000000,0.002661585
3312,-Y,+X,460542,0.947000000,0.999678860,1.0,-0.053000000,-0.000321140
3313,-Y,+X,460621,0.944000000,0.996696134,1.0,-0.056000000,-0.003303866
3314,-Y,+X,460702,0.950000000,1.002661585,1.0,-0.050000000,0.002661585
3315,-Y,+X,460781,0.950000000,1.002661585,1.0,-0.050000000,0.002661585
3316,-Y,+X,460862,0.944000000,0.996696134,1.0,-0.056000000,-0.003303866
3317,-Y,+X,460941,0.952000000,1.004650069,1.0,-0.048000000,0.004650069
3318,-Y,+X,461022,0.950000000,1.002661585,1.0,-0.050000000,0.002661585
3319,-Y,+X,461101,0.950000000,1.002661585,1.0,-0.050000000,0.002661585
3320,-Y,+X,461182,0.955000000,1.007632795,1.0,-0.045000000,0.007632795
3321,-Y,+X,461261,0.947000000,0.999678860,1.0,-0.053000000,-0.000321140
3322,-Y,+X,461341,0.945000000,0.997690376,1.0,-0.055000000,-0.002309624
3323,-Y,+X,461421,0.944000000,0.996696134,1.0,-0.056000000,-0.003303866
3324,-Y,+X,461501,0.945000000,0.997690376,1.0,-0.055000000,-0.002309624
3325,-Y,+X,461582,0.945000000,0.997690376,1.0,-0.055000000,-0.002309624
3326,-Y,+X,461661,0.948000000,1.000673102,1.0,-0.052000000,0.000673102
3327,-Y,+X,461742,0.948000000,1.000673102,1.0,-0.052000000,0.000673102
3328,-Y,+X,461821,0.948000000,1.000673102,1.0,-0.052000000,0.000673102
3329,-Y,+X,461902,0.948000000,1.000673102,1.0,-0.052000000,0.000673102
3330,-Y,+X,461981,0.944000000,0.996696134,1.0,-0.056000000,-0.003303866
3331,-Y,+X,462062,0.944000000,0.996696134,1.0,-0.056000000,-0.003303866
3332,-Y,+X,462141,0.944000000,0.996696134,1.0,-0.056000000,-0.003303866
3333,-Y,+X,462222,0.942000000,0.994707651,1.0,-0.058000000,-0.005292349
3334,-Y,+X,462301,0.947000000,0.999678860,1.0,-0.053000000,-0.000321140
3335,-Y,+X,462382,0.947000000,0.999678860,1.0,-0.053000000,-0.000321140
3336,-Y,+X,462461,0.945000000,0.997690376,1.0,-0.055000000,-0.002309624
3337,-Y,+X,462542,0.948000000,1.000673102,1.0,-0.052000000,0.000673102
3338,-Y,+X,462621,0.945000000,0.997690376,1.0,-0.055000000,-0.002309624
3339,-Y,+X,462701,0.948000000,1.000673102,1.0,-0.052000000,0.000673102
3340,-Y,+X,462781,0.947000000,0.999678860,1.0,-0.053000000,-0.000321140
3341,-Y,+X,462861,0.947000000,0.999678860,1.0,-0.053000000,-0.000321140
3342,-Y,+X,462942,0.944000000,0.996696134,1.0,-0.056000000,-0.003303866
3343,-Y,+X,463021,0.959000000,1.011609762,1.0,-0.041000000,0.011609762
3344,-Y,+X,463102,0.952000000,1.004650069,1.0,-0.048000000,0.004650069
3345,-Y,+X,463181,0.944000000,0.996696134,1.0,-0.056000000,-0.003303866
3346,-Y,+X,463262,0.944000000,0.996696134,1.0,-0.056000000,-0.003303866
3347,-Y,+X,463341,0.947000000,0.999678860,1.0,-0.053000000,-0.000321140
3348,-Y,+X,463422,0.947000000,0.999678860,1.0,-0.053000000,-0.000321140
3349,-Y,+X,463501,0.944000000,0.996696134,1.0,-0.056000000,-0.003303866
3350,-Y,+X,463582,0.946000000,0.998684618,1.0,-0.054000000,-0.001315382
3351,-Y,+X,463661,0.947000000,0.999678860,1.0,-0.053000000,-0.000321140
3352,-Y,+X,463742,0.948000000,1.000673102,1.0,-0.052000000,0.000673102
3353,-Y,+X,463821,0.945000000,0.997690376,1.0,-0.055000000,-0.002309624
3354,-Y,+X,463901,0.945000000,0.997690376,1.0,-0.055000000,-0.002309624
3355,-Y,+X,463981,0.952000000,1.004650069,1.0,-0.048000000,0.004650069
3356,-Y,+X,464061,0.947000000,0.999678860,1.0,-0.053000000,-0.000321140
3357,-Y,+X,464142,0.947000000,0.999678860,1.0,-0.053000000,-0.000321140
3358,-Y,+X,464221,0.944000000,0.996696134,1.0,-0.056000000,-0.003303866
3359,-Y,+X,464302,0.947000000,0.999678860,1.0,-0.053000000,-0.000321140
3360,-Y,+X,464381,0.947000000,0.999678860,1.0,-0.053000000,-0.000321140
3361,-Y,+X,464462,0.945000000,0.997690376,1.0,-0.055000000,-0.002309624
3362,-Y,+X,464541,0.945000000,0.997690376,1.0,-0.055000000,-0.002309624
3363,-Y,+X,464622,0.947000000,0.999678860,1.0,-0.053000000,-0.000321140
3364,-Y,+X,464701,0.944000000,0.996696134,1.0,-0.056000000,-0.003303866
3365,-Y,+X,464782,0.944000000,0.996696134,1.0,-0.056000000,-0.003303866
3366,-Y,+X,464861,0.944000000,0.996696134,1.0,-0.056000000,-0.003303866
3367,-Y,+X,464942,0.955000000,1.007632795,1.0,-0.045000000,0.007632795
3368,-Y,+X,465021,0.947000000,0.999678860,1.0,-0.053000000,-0.000321140
3369,-Y,+X,465101,0.948000000,1.000673102,1.0,-0.052000000,0.000673102
3370,-Y,+X,465181,0.947000000,0.999678860,1.0,-0.053000000,-0.000321140
3371,-Y,+X,465261,0.950000000,1.002661585,1.0,-0.050000000,0.002661585
3372,-Y,+X,465342,0.952000000,1.004650069,1.0,-0.048000000,0.004650069
3373,-Y,+X,465421,0.947000000,0.999678860,1.0,-0.053000000,-0.000321140
3374,-Y,+X,465502,0.947000000,0.999678860,1.0,-0.053000000,-0.000321140
3375,-Y,+X,465581,0.950000000,1.002661585,1.0,-0.050000000,0.002661585
3376,-Y,+X,465662,0.950000000,1.002661585,1.0,-0.050000000,0.002661585
3377,-Y,+X,465741,0.947000000,0.999678860,1.0,-0.053000000,-0.000321140
3378,-Y,+X,465822,0.953000000,1.005644311,1.0,-0.047000000,0.005644311
3379,-Y,+X,465901,0.953000000,1.005644311,1.0,-0.047000000,0.005644311
3380,-Y,+X,465982,0.944000000,0.996696134,1.0,-0.056000000,-0.003303866
3381,-Y,+X,466061,0.947000000,0.999678860,1.0,-0.053000000,-0.000321140
3382,-Y,+X,466142,0.948000000,1.000673102,1.0,-0.052000000,0.000673102
3383,-Y,+X,466221,0.944000000,0.996696134,1.0,-0.056000000,-0.003303866
3384,-Y,+X,466302,0.944000000,0.996696134,1.0,-0.056000000,-0.003303866
3385,-Y,+X,466381,0.956000000,1.008627037,1.0,-0.044000000,0.008627037
3386,-Y,+X,466461,0.945000000,0.997690376,1.0,-0.055000000,-0.002309624
3387,-Y,+X,466541,0.950000000,1.002661585,1.0,-0.050000000,0.002661585
3388,-Y,+X,466621,0.950000000,1.002661585,1.0,-0.050000000,0.002661585
3389,-Y,+X,466702,0.950000000,1.002661585,1.0,-0.050000000,0.002661585
3390,-Y,+X,466781,0.947000000,0.999678860,1.0,-0.053000000,-0.000321140
3391,-Y,+X,466862,0.947000000,0.999678860,1.0,-0.053000000,-0.000321140
3392,-Y,+X,466941,0.947000000,0.999678860,1.0,-0.053000000,-0.000321140
3393,-Y,+X,467022,0.950000000,1.002661585,1.0,-0.050000000,0.002661585
3394,-Y,+X,467101,0.950000000,1.002661585,1.0,-0.050000000,0.002661585
3395,-Y,+X,467182,0.947000000,0.999678860,1.0,-0.053000000,-0.000321140
3396,-Y,+X,467261,0.947000000,0.999678860,1.0,-0.053000000,-0.000321140
3397,-Y,+X,467342,0.945000000,0.997690376,1.0,-0.055000000,-0.002309624
3398,-Y,+X,467421,0.947000000,0.999678860,1.0,-0.053000000,-0.000321140
3399,-Y,+X,467502,0.947000000,0.999678860,1.0,-0.053000000,-0.000321140
3400,-Y,+X,467581,0.947000000,0.999678860,1.0,-0.053000000,-0.000321140
3401,-Y,+X,467661,0.948000000,1.000673102,1.0,-0.052000000,0.000673102
3402,-Y,+X,467741,0.947000000,0.999678860,1.0,-0.053000000,-0.000321140
3403,-Y,+X,467821,0.952000000,1.004650069,1.0,-0.048000000,0.004650069
3404,-Y,+X,467902,0.947000000,0.999678860,1.0,-0.053000000,-0.000321140
3405,-Y,+X,467981,0.947000000,0.999678860,1.0,-0.053000000,-0.000321140
3406,-Y,+X,468062,0.944000000,0.996696134,1.0,-0.056000000,-0.003303866
3407,-Y,+X,468141,0.944000000,0.996696134,1.0,-0.056000000,-0.003303866
3408,-Y,+X,468222,0.947000000,0.999678860,1.0,-0.053000000,-0.000321140
3409,-Y,+X,468301,0.944000000,0.996696134,1.0,-0.056000000,-0.003303866
3410,-Y,+X,468382,0.955000000,1.007632795,1.0,-0.045000000,0.007632795
3411,-Y,+X,468461,0.947000000,0.999678860,1.0,-0.053000000,-0.000321140
3412,-Y,+X,468542,0.947000000,0.999678860,1.0,-0.053000000,-0.000321140
3413,-Y,+X,468621,0.947000000,0.999678860,1.0,-0.053000000,-0.000321140
3414,-Y,+X,468702,0.947000000,0.999678860,1.0,-0.053000000,-0.000321140
3415,-Y,+X,468781,0.947000000,0.999678860,1.0,-0.053000000,-0.000321140
3416,-Y,+X,468861,0.952000000,1.004650069,1.0,-0.048000000,0.004650069
3417,-Y,+X,468941,0.952000000,1.004650069,1.0,-0.048000000,0.004650069
3418,-Y,+X,469021,0.951000000,1.003655827,1.0,-0.049000000,0.003655827
3419,-Y,+X,469102,0.947000000,0.999678860,1.0,-0.053000000,-0.000321140
3420,-Y,+X,469181,0.948000000,1.000673102,1.0,-0.052000000,0.000673102
3421,-Y,+X,469262,0.951000000,1.003655827,1.0,-0.049000000,0.003655827
3422,-Y,+X,469341,0.958000000,1.010615520,1.0,-0.042000000,0.010615520
3423,-Y,+X,469422,0.945000000,0.997690376,1.0,-0.055000000,-0.002309624
3424,-Y,+X,469501,0.947000000,0.999678860,1.0,-0.053000000,-0.000321140
3425,-Y,+X,469582,0.951000000,1.003655827,1.0,-0.049000000,0.003655827
3426,-Y,+X,469661,0.944000000,0.996696134,1.0,-0.056000000,-0.003303866
3427,-Y,+X,469742,0.944000000,0.996696134,1.0,-0.056000000,-0.003303866
3428,-Y,+X,469821,0.955000000,1.007632795,1.0,-0.045000000,0.007632795
3429,-Y,+X,469902,0.944000000,0.996696134,1.0,-0.056000000,-0.003303866
3430,-Y,+X,469981,0.944000000,0.996696134,1.0,-0.056000000,-0.003303866
3431,-Y,+X,470062,0.947000000,0.999678860,1.0,-0.053000000,-0.000321140
3432,-Y,+X,470141,0.948000000,1.000673102,1.0,-0.052000000,0.000673102
3433,-Y,+X,470221,0.950000000,1.002661585,1.0,-0.050000000,0.002661585
3434,-Y,+X,470302,0.947000000,0.999678860,1.0,-0.053000000,-0.000321140
3435,-Y,+X,470381,0.946000000,0.998684618,1.0,-0.054000000,-0.001315382
3436,-Y,+X,470462,0.945000000,0.997690376,1.0,-0.055000000,-0.002309624
3437,-Y,+X,470541,0.947000000,0.999678860,1.0,-0.053000000,-0.000321140
3438,-Y,+X,470622,0.950000000,1.002661585,1.0,-0.050000000,0.002661585
3439,-Y,+X,470701,0.952000000,1.004650069,1.0,-0.048000000,0.004650069
3440,-Y,+X,470782,0.944000000,0.996696134,1.0,-0.056000000,-0.003303866
3441,-Y,+X,470861,0.945000000,0.997690376,1.0,-0.055000000,-0.002309624
3442,-Y,+X,470942,0.944000000,0.996696134,1.0,-0.056000000,-0.003303866
3443,-Y,+X,471021,0.944000000,0.996696134,1.0,-0.056000000,-0.003303866
3444,-Y,+X,471102,0.947000000,0.999678860,1.0,-0.053000000,-0.000321140
3445,-Y,+X,471181,0.950000000,1.002661585,1.0,-0.050000000,0.002661585
3446,-Y,+X,471262,0.945000000,0.997690376,1.0,-0.055000000,-0.002309624
3447,-Y,+X,471341,0.948000000,1.000673102,1.0,-0.052000000,0.000673102
3448,-Y,+X,471421,0.947000000,0.999678860,1.0,-0.053000000,-0.000321140
3449,-Y,+X,471501,0.947000000,0.999678860,1.0,-0.053000000,-0.000321140
3450,-Y,+X,471581,0.951000000,1.003655827,1.0,-0.049000000,0.003655827
3451,-Y,+X,471662,0.951000000,1.003655827,1.0,-0.049000000,0.003655827
3452,-Y,+X,471741,0.945000000,0.997690376,1.0,-0.055000000,-0.002309624
3453,-Y,+X,471822,0.947000000,0.999678860,1.0,-0.053000000,-0.000321140
3454,-Y,+X,471901,0.947000000,0.999678860,1.0,-0.053000000,-0.000321140
3455,-Y,+X,471982,0.950000000,1.002661585,1.0,-0.050000000,0.002661585
3456,-Y,+X,472061,0.950000000,1.002661585,1.0,-0.050000000,0.002661585
3457,-Y,+X,472142,0.947000000,0.999678860,1.0,-0.053000000,-0.000321140
3458,-Y,+X,472221,0.945000000,0.997690376,1.0,-0.055000000,-0.002309624
3459,-Y,+X,472302,0.945000000,0.997690376,1.0,-0.055000000,-0.002309624
3460,-Y,+X,472381,0.952000000,1.004650069,1.0,-0.048000000,0.004650069
3461,-Y,+X,472462,0.947000000,0.999678860,1.0,-0.053000000,-0.000321140
3462,-Y,+X,472541,0.947000000,0.999678860,1.0,-0.053000000,-0.000321140
3463,-Y,+X,472621,0.945000000,0.997690376,1.0,-0.055000000,-0.002309624
3464,-Y,+X,472701,0.944000000,0.996696134,1.0,-0.056000000,-0.003303866
3465,-Y,+X,472781,0.944000000,0.996696134,1.0,-0.056000000,-0.003303866
3466,-Y,+X,472862,0.940000000,0.992719167,1.0,-0.060000000,-0.007280833
3467,-Y,+X,472941,0.950000000,1.002661585,1.0,-0.050000000,0.002661585
3468,-Y,+X,473022,0.950000000,1.002661585,1.0,-0.050000000,0.002661585
3469,-Y,+X,473101,0.947000000,0.999678860,1.0,-0.053000000,-0.000321140
3470,-Y,+X,473182,0.945000000,0.997690376,1.0,-0.055000000,-0.002309624
3471,-Y,+X,473261,0.945000000,0.997690376,1.0,-0.055000000,-0.002309624
3472,-Y,+X,473342,0.947000000,0.999678860,1.0,-0.053000000,-0.000321140
3473,-Y,+X,473421,0.945000000,0.997690376,1.0,-0.055000000,-0.002309624
3474,-Y,+X,473502,0.951000000,1.003655827,1.0,-0.049000000,0.003655827
3475,-Y,+X,473581,0.947000000,0.999678860,1.0,-0.053000000,-0.000321140
3476,-Y,+X,473662,0.943000000,0.995701892,1.0,-0.057000000,-0.004298108
3477,-Y,+X,473741,0.947000000,0.999678860,1.0,-0.053000000,-0.000321140
3478,-Y,+X,473821,0.943000000,0.995701892,1.0,-0.057000000,-0.004298108
3479,-Y,+X,473901,0.945000000,0.997690376,1.0,-0.055000000,-0.002309624
3480,-Y,+X,473981,0.951000000,1.003655827,1.0,-0.049000000,0.003655827
3481,-Y,+X,474062,0.951000000,1.003655827,1.0,-0.049000000,0.003655827
3482,-Y,+X,474141,0.950000000,1.002661585,1.0,-0.050000000,0.002661585
3483,-Y,+X,474222,0.947000000,0.999678860,1.0,-0.053000000,-0.000321140
3484,-Y,+X,474301,0.945000000,0.997690376,1.0,-0.055000000,-0.002309624
3485,-Y,+X,474382,0.948000000,1.000673102,1.0,-0.052000000,0.000673102
3486,-Y,+X,474461,0.943000000,0.995701892,1.0,-0.057000000,-0.004298108
3487,-Y,+X,474542,0.947000000,0.999678860,1.0,-0.053000000,-0.000321140
3488,-Y,+X,474621,0.958000000,1.010615520,1.0,-0.042000000,0.010615520
3489,-Y,+X,474702,0.947000000,0.999678860,1.0,-0.053000000,-0.000321140
3490,-Y,+X,474781,0.948000000,1.000673102,1.0,-0.052000000,0.000673102
3491,-Y,+X,474862,0.950000000,1.002661585,1.0,-0.050000000,0.002661585
3492,-Y,+X,474941,0.947000000,0.999678860,1.0,-0.053000000,-0.000321140
3493,-Y,+X,475022,0.945000000,0.997690376,1.0,-0.055000000,-0.002309624
3494,-Y,+X,475101,0.945000000,0.997690376,1.0,-0.055000000,-0.002309624
3495,-Y,+X,475181,0.944000000,0.996696134,1.0,-0.056000000,-0.003303866
3496,-Y,+X,475261,0.944000000,0.996696134,1.0,-0.056000000,-0.003303866
3497,-Y,+X,475341,0.948000000,1.000673102,1.0,-0.052000000,0.000673102
3498,-Y,+X,475422,0.955000000,1.007632795,1.0,-0.045000000,0.007632795
3499,-Y,+X,475501,0.944000000,0.996696134,1.0,-0.056000000,-0.003303866
3500,-Y,+X,475582,0.945000000,0.997690376,1.0,-0.055000000,-0.002309624
3501,-Y,+X,475661,0.951000000,1.003655827,1.0,-0.049000000,0.003655827
3502,-Y,+X,475742,0.960000000,1.012604004,1.0,-0.040000000,0.012604004
3503,-Y,+X,475821,0.947000000,0.999678860,1.0,-0.053000000,-0.000321140
3504,-Y,+X,475902,0.942000000,0.994707651,1.0,-0.058000000,-0.005292349
3505,-Y,+X,475981,0.947000000,0.999678860,1.0,-0.053000000,-0.000321140
3506,-Y,+X,476062,0.947000000,0.999678860,1.0,-0.053000000,-0.000321140
3507,-Y,+X,476141,0.947000000,0.999678860,1.0,-0.053000000,-0.000321140
3508,-Y,+X,476222,0.945000000,0.997690376,1.0,-0.055000000,-0.002309624
3509,-Y,+X,476301,0.944000000,0.996696134,1.0,-0.056000000,-0.003303866
3510,-Y,+X,476381,0.945000000,0.997690376,1.0,-0.055000000,-0.002309624
3511,-Y,+X,476461,0.947000000,0.999678860,1.0,-0.053000000,-0.000321140
3512,-Y,+X,476541,0.945000000,0.997690376,1.0,-0.055000000,-0.002309624
3513,-Y,+X,476622,0.945000000,0.997690376,1.0,-0.055000000,-0.002309624
3514,-Y,+X,476701,0.944000000,0.996696134,1.0,-0.056000000,-0.003303866
3515,-Y,+X,476782,0.952000000,1.004650069,1.0,-0.048000000,0.004650069
3516,-Y,+X,476861,0.945000000,0.997690376,1.0,-0.055000000,-0.002309624
3517,-Y,+X,476942,0.944000000,0.996696134,1.0,-0.056000000,-0.003303866
3518,-Y,+X,477021,0.953000000,1.005644311,1.0,-0.047000000,0.005644311
3519,-Y,+X,477102,0.947000000,0.999678860,1.0,-0.053000000,-0.000321140
3520,-Y,+X,477181,0.947000000,0.999678860,1.0,-0.053000000,-0.000321140
3521,-Y,+X,477262,0.950000000,1.002661585,1.0,-0.050000000,0.002661585
3522,-Y,+X,477341,0.944000000,0.996696134,1.0,-0.056000000,-0.003303866
3523,-Y,+X,477422,0.948000000,1.000673102,1.0,-0.052000000,0.000673102
3524,-Y,+X,477501,0.947000000,0.999678860,1.0,-0.053000000,-0.000321140
3525,-Y,+X,477581,0.944000000,0.996696134,1.0,-0.056000000,-0.003303866
3526,-Y,+X,477661,0.944000000,0.996696134,1.0,-0.056000000,-0.003303866
3527,-Y,+X,477741,0.950000000,1.002661585,1.0,-0.050000000,0.002661585
3528,-Y,+X,477822,0.956000000,1.008627037,1.0,-0.044000000,0.008627037
3529,-Y,+X,477901,0.947000000,0.999678860,1.0,-0.053000000,-0.000321140
3530,-Y,+X,477982,0.952000000,1.004650069,1.0,-0.048000000,0.004650069
3531,-Y,+X,478061,0.944000000,0.996696134,1.0,-0.056000000,-0.003303866
3532,-Y,+X,478142,0.944000000,0.996696134,1.0,-0.056000000,-0.003303866
3533,-Y,+X,478221,0.944000000,0.996696134,1.0,-0.056000000,-0.003303866
3534,-Y,+X,478302,0.952000000,1.004650069,1.0,-0.048000000,0.004650069
3535,-Y,+X,478381,0.950000000,1.002661585,1.0,-0.050000000,0.002661585
3536,-Y,+X,478462,0.945000000,0.997690376,1.0,-0.055000000,-0.002309624
3537,-Y,+X,478541,0.947000000,0.999678860,1.0,-0.053000000,-0.000321140
3538,-Y,+X,478622,0.947000000,0.999678860,1.0,-0.053000000,-0.000321140
3539,-Y,+X,478701,0.944000000,0.996696134,1.0,-0.056000000,-0.003303866
3540,-Y,+X,478782,0.944000000,0.996696134,1.0,-0.056000000,-0.003303866
3541,-Y,+X,478861,0.950000000,1.002661585,1.0,-0.050000000,0.002661585
3542,-Y,+X,478941,0.947000000,0.999678860,1.0,-0.053000000,-0.000321140
3543,-Y,+X,479022,0.947000000,0.999678860,1.0,-0.053000000,-0.000321140
3544,-Y,+X,479101,0.945000000,0.997690376,1.0,-0.055000000,-0.002309624
3545,-Y,+X,479182,0.945000000,0.997690376,1.0,-0.055000000,-0.002309624
3546,-Y,+X,479261,0.945000000,0.997690376,1.0,-0.055000000,-0.002309624
3547,-Y,+X,479342,0.951000000,1.003655827,1.0,-0.049000000,0.003655827
3548,-Y,+X,479421,0.950000000,1.002661585,1.0,-0.050000000,0.002661585
3549,-Y,+X,479502,0.947000000,0.999678860,1.0,-0.053000000,-0.000321140
3550,-Y,+X,479581,0.945000000,0.997690376,1.0,-0.055000000,-0.002309624
3551,-Y,+X,479662,0.956000000,1.008627037,1.0,-0.044000000,0.008627037
3552,-Y,+X,479741,0.943000000,0.995701892,1.0,-0.057000000,-0.004298108
3553,-Y,+X,479822,0.947000000,0.999678860,1.0,-0.053000000,-0.000321140
3554,-Y,+X,479901,0.950000000,1.002661585,1.0,-0.050000000,0.002661585
3555,-Y,+X,479982,0.947000000,0.999678860,1.0,-0.053000000,-0.000321140
3556,-Y,+X,480061,0.950000000,1.002661585,1.0,-0.050000000,0.002661585
3557,-Y,+X,480141,0.947000000,0.999678860,1.0,-0.053000000,-0.000321140
3558,-Y,+X,480221,0.947000000,0.999678860,1.0,-0.053000000,-0.000321140
3559,-Y,+X,480301,0.952000000,1.004650069,1.0,-0.048000000,0.004650069
3560,-Y,+X,480382,0.947000000,0.999678860,1.0,-0.053000000,-0.000321140
3561,-Y,+X,480461,0.950000000,1.002661585,1.0,-0.050000000,0.002661585
3562,-Y,+X,480542,0.950000000,1.002661585,1.0,-0.050000000,0.002661585
3563,-Y,+X,480621,0.948000000,1.000673102,1.0,-0.052000000,0.000673102
3564,-Y,+X,480702,0.947000000,0.999678860,1.0,-0.053000000,-0.000321140
3565,-Y,+X,480781,0.956000000,1.008627037,1.0,-0.044000000,0.008627037
3566,-Y,+X,480862,0.944000000,0.996696134,1.0,-0.056000000,-0.003303866
3567,-Y,+X,480941,0.947000000,0.999678860,1.0,-0.053000000,-0.000321140
3568,-Y,+X,481022,0.945000000,0.997690376,1.0,-0.055000000,-0.002309624
3569,-Y,+X,481101,0.947000000,0.999678860,1.0,-0.053000000,-0.000321140
3570,-Y,+X,481182,0.943000000,0.995701892,1.0,-0.057000000,-0.004298108
3571,-Y,+X,481261,0.943000000,0.995701892,1.0,-0.057000000,-0.004298108
3572,-Y,+X,481341,0.947000000,0.999678860,1.0,-0.053000000,-0.000321140
3573,-Y,+X,481421,0.944000000,0.996696134,1.0,-0.056000000,-0.003303866
3574,-Y,+X,481501,0.947000000,0.999678860,1.0,-0.053000000,-0.000321140
3575,-Y,+X,481582,0.950000000,1.002661585,1.0,-0.050000000,0.002661585
3576,-Y,+X,481661,0.948000000,1.000673102,1.0,-0.052000000,0.000673102
3577,-Y,+X,481742,0.944000000,0.996696134,1.0,-0.056000000,-0.003303866
3578,-Y,+X,481821,0.942000000,0.994707651,1.0,-0.058000000,-0.005292349
3579,-Y,+X,481902,0.950000000,1.002661585,1.0,-0.050000000,0.002661585
3580,-Y,+X,481981,0.950000000,1.002661585,1.0,-0.050000000,0.002661585
3581,-Y,+X,482062,0.953000000,1.005644311,1.0,-0.047000000,0.005644311
3582,-Y,+X,482141,0.947000000,0.999678860,1.0,-0.053000000,-0.000321140
3583,-Y,+X,482222,0.947000000,0.999678860,1.0,-0.053000000,-0.000321140
3584,-Y,+X,482301,0.948000000,1.000673102,1.0,-0.052000000,0.000673102
3585,-Y,+X,482382,0.950000000,1.002661585,1.0,-0.050000000,0.002661585
3586,-Y,+X,482461,0.947000000,0.999678860,1.0,-0.053000000,-0.000321140
3587,-Y,+X,482541,0.955000000,1.007632795,1.0,-0.045000000,0.007632795
3588,-Y,+X,482621,0.950000000,1.002661585,1.0,-0.050000000,0.002661585
3589,-Y,+X,482701,0.947000000,0.999678860,1.0,-0.053000000,-0.000321140
3590,-Y,+X,482782,0.944000000,0.996696134,1.0,-0.056000000,-0.003303866
3591,-Y,+X,482861,0.944000000,0.996696134,1.0,-0.056000000,-0.003303866
3592,-Y,+X,482942,0.944000000,0.996696134,1.0,-0.056000000,-0.003303866
3593,-Y,+X,483021,0.950000000,1.002661585,1.0,-0.050000000,0.002661585
3594,-Y,+X,483102,0.951000000,1.003655827,1.0,-0.049000000,0.003655827
3595,-Y,+X,483181,0.947000000,0.999678860,1.0,-0.053000000,-0.000321140
3596,-Y,+X,483262,0.947000000,0.999678860,1.0,-0.053000000,-0.000321140
3597,-Y,+X,483341,0.947000000,0.999678860,1.0,-0.053000000,-0.000321140
3598,-Y,+X,483422,0.948000000,1.000673102,1.0,-0.052000000,0.000673102
3599,-Y,+X,483501,0.943000000,0.995701892,1.0,-0.057000000,-0.004298108
3600,-Y,+X,483582,0.947000000,0.999678860,1.0,-0.053000000,-0.000321140
3601,-Y,+X,483661,0.947000000,0.999678860,1.0,-0.053000000,-0.000321140
3602,-Y,+X,483742,0.945000000,0.997690376,1.0,-0.055000000,-0.002309624
3603,-Y,+X,483821,0.944000000,0.996696134,1.0,-0.056000000,-0.003303866
3604,-Y,+X,483901,0.947000000,0.999678860,1.0,-0.053000000,-0.000321140
3605,-Y,+X,483981,0.945000000,0.997690376,1.0,-0.055000000,-0.002309624
3606,-Y,+X,484061,0.944000000,0.996696134,1.0,-0.056000000,-0.003303866
3607,-Y,+X,484142,0.944000000,0.996696134,1.0,-0.056000000,-0.003303866
3608,-Y,+X,484221,0.947000000,0.999678860,1.0,-0.053000000,-0.000321140
3609,-Y,+X,484302,0.947000000,0.999678860,1.0,-0.053000000,-0.000321140
3610,-Y,+X,484381,0.950000000,1.002661585,1.0,-0.050000000,0.002661585
3611,-Y,+X,484462,0.950000000,1.002661585,1.0,-0.050000000,0.002661585
3612,-Y,+X,484541,0.952000000,1.004650069,1.0,-0.048000000,0.004650069
3613,-Y,+X,484622,0.947000000,0.999678860,1.0,-0.053000000,-0.000321140
3614,-Y,+X,484701,0.951000000,1.003655827,1.0,-0.049000000,0.003655827
3615,-Y,+X,484782,0.947000000,0.999678860,1.0,-0.053000000,-0.000321140
3616,-Y,+X,484861,0.952000000,1.004650069,1.0,-0.048000000,0.004650069
3617,-Y,+X,484942,0.953000000,1.005644311,1.0,-0.047000000,0.005644311
3618,-Y,+X,485021,0.947000000,0.999678860,1.0,-0.053000000,-0.000321140
3619,-Y,+X,485101,0.943000000,0.995701892,1.0,-0.057000000,-0.004298108
3620,-Y,+X,485181,0.947000000,0.999678860,1.0,-0.053000000,-0.000321140
3621,-Y,+X,485261,0.947000000,0.999678860,1.0,-0.053000000,-0.000321140
3622,-Y,+X,485342,0.947000000,0.999678860,1.0,-0.053000000,-0.000321140
3623,-Y,+X,485421,0.945000000,0.997690376,1.0,-0.055000000,-0.002309624
3624,-Y,+X,485502,0.944000000,0.996696134,1.0,-0.056000000,-0.003303866
3625,-Y,+X,485581,0.945000000,0.997690376,1.0,-0.055000000,-0.002309624
3626,-Y,+X,485662,0.948000000,1.000673102,1.0,-0.052000000,0.000673102
3627,-Y,+X,485741,0.945000000,0.997690376,1.0,-0.055000000,-0.002309624
3628,-Y,+X,485822,0.952000000,1.004650069,1.0,-0.048000000,0.004650069
3629,-Y,+X,485901,0.950000000,1.002661585,1.0,-0.050000000,0.002661585
3630,-Y,+X,485982,0.948000000,1.000673102,1.0,-0.052000000,0.000673102
3631,-Y,+X,486061,0.947000000,0.999678860,1.0,-0.053000000,-0.000321140
3632,-Y,+X,486142,0.952000000,1.004650069,1.0,-0.048000000,0.004650069
3633,-Y,+X,486221,0.944000000,0.996696134,1.0,-0.056000000,-0.003303866
3634,-Y,+X,486301,0.944000000,0.996696134,1.0,-0.056000000,-0.003303866
3635,-Y,+X,486381,0.945000000,0.997690376,1.0,-0.055000000,-0.002309624
3636,-Y,+X,486461,0.950000000,1.002661585,1.0,-0.050000000,0.002661585
3637,-Y,+X,486542,0.947000000,0.999678860,1.0,-0.053000000,-0.000321140
3638,-Y,+X,486621,0.945000000,0.997690376,1.0,-0.055000000,-0.002309624
3639,-Y,+X,486702,0.947000000,0.999678860,1.0,-0.053000000,-0.000321140
3640,-Y,+X,486781,0.948000000,1.000673102,1.0,-0.052000000,0.000673102
3641,-Y,+X,486862,0.947000000,0.999678860,1.0,-0.053000000,-0.000321140
3642,-Y,+X,486941,0.947000000,0.999678860,1.0,-0.053000000,-0.000321140
3643,-Y,+X,487022,0.948000000,1.000673102,1.0,-0.052000000,0.000673102
3644,-Y,+X,487101,0.945000000,0.997690376,1.0,-0.055000000,-0.002309624
3645,-Y,+X,487182,0.948000000,1.000673102,1.0,-0.052000000,0.000673102
3646,-Y,+X,487261,0.947000000,0.999678860,1.0,-0.053000000,-0.000321140
3647,-Y,+X,487342,0.947000000,0.999678860,1.0,-0.053000000,-0.000321140
3648,-Y,+X,487421,0.947000000,0.999678860,1.0,-0.053000000,-0.000321140
3649,-Y,+X,487502,0.950000000,1.002661585,1.0,-0.050000000,0.002661585
3650,-Y,+X,487581,0.943000000,0.995701892,1.0,-0.057000000,-0.004298108
3651,-Y,+X,487661,0.944000000,0.996696134,1.0,-0.056000000,-0.003303866
3652,-Y,+X,487742,0.952000000,1.004650069,1.0,-0.048000000,0.004650069
3653,-Y,+X,487821,0.947000000,0.999678860,1.0,-0.053000000,-0.000321140
3654,-Y,+X,487902,0.951000000,1.003655827,1.0,-0.049000000,0.003655827
3655,-Y,+X,487981,0.947000000,0.999678860,1.0,-0.053000000,-0.000321140
3656,-Y,+X,488062,0.945000000,0.997690376,1.0,-0.055000000,-0.002309624
3657,-Y,+X,488141,0.944000000,0.996696134,1.0,-0.056000000,-0.003303866
3658,-Y,+X,488222,0.944000000,0.996696134,1.0,-0.056000000,-0.003303866
3659,-Y,+X,488301,0.947000000,0.999678860,1.0,-0.053000000,-0.000321140
3660,-Y,+X,488382,0.947000000,0.999678860,1.0,-0.053000000,-0.000321140
3661,-Y,+X,488461,0.944000000,0.996696134,1.0,-0.056000000,-0.003303866
3662,-Y,+X,488542,0.947000000,0.999678860,1.0,-0.053000000,-0.000321140
3663,-Y,+X,488621,0.956000000,1.008627037,1.0,-0.044000000,0.008627037
3664,-Y,+X,488702,0.947000000,0.999678860,1.0,-0.053000000,-0.000321140
3665,-Y,+X,488781,0.947000000,0.999678860,1.0,-0.053000000,-0.000321140
3666,-Y,+X,488861,0.948000000,1.000673102,1.0,-0.052000000,0.000673102
3667,-Y,+X,488941,0.950000000,1.002661585,1.0,-0.050000000,0.002661585
3668,-Y,+X,489021,0.944000000,0.996696134,1.0,-0.056000000,-0.003303866
3669,-Y,+X,489102,0.952000000,1.004650069,1.0,-0.048000000,0.004650069
3670,-Y,+X,489181,0.947000000,0.999678860,1.0,-0.053000000,-0.000321140
3671,-Y,+X,489262,0.947000000,0.999678860,1.0,-0.053000000,-0.000321140
3672,-Y,+X,489341,0.947000000,0.999678860,1.0,-0.053000000,-0.000321140
3673,-Y,+X,489422,0.947000000,0.999678860,1.0,-0.053000000,-0.000321140
3674,-Y,+X,489501,0.944000000,0.996696134,1.0,-0.056000000,-0.003303866
3675,-Y,+X,489582,0.945000000,0.997690376,1.0,-0.055000000,-0.002309624
3676,-Y,+X,489661,0.947000000,0.999678860,1.0,-0.053000000,-0.000321140
3677,-Y,+X,489742,0.943000000,0.995701892,1.0,-0.057000000,-0.004298108
3678,-Y,+X,489821,0.947000000,0.999678860,1.0,-0.053000000,-0.000321140
3679,-Y,+X,489902,0.947000000,0.999678860,1.0,-0.053000000,-0.000321140
3680,-Y,+X,489981,0.950000000,1.002661585,1.0,-0.050000000,0.002661585
3681,-Y,+X,490061,0.947000000,0.999678860,1.0,-0.053000000,-0.000321140
3682,-Y,+X,490141,0.948000000,1.000673102,1.0,-0.052000000,0.000673102
3683,-Y,+X,490221,0.953000000,1.005644311,1.0,-0.047000000,0.005644311
3684,-Y,+X,490302,0.944000000,0.996696134,1.0,-0.056000000,-0.003303866
3685,-Y,+X,490381,0.944000000,0.996696134,1.0,-0.056000000,-0.003303866
3686,-Y,+X,490462,0.950000000,1.002661585,1.0,-0.050000000,0.002661585
3687,-Y,+X,490541,0.948000000,1.000673102,1.0,-0.052000000,0.000673102
3688,-Y,+X,490622,0.952000000,1.004650069,1.0,-0.048000000,0.004650069
3689,-Y,+X,490701,0.945000000,0.997690376,1.0,-0.055000000,-0.002309624
3690,-Y,+X,490782,0.955000000,1.007632795,1.0,-0.045000000,0.007632795
3691,-Y,+X,490861,0.940000000,0.992719167,1.0,-0.060000000,-0.007280833
3692,-Y,+X,490942,0.947000000,0.999678860,1.0,-0.053000000,-0.000321140
3693,-Y,+X,491021,0.947000000,0.999678860,1.0,-0.053000000,-0.000321140
3694,-Y,+X,491102,0.945000000,0.997690376,1.0,-0.055000000,-0.002309624
3695,-Y,+X,491181,0.944000000,0.996696134,1.0,-0.056000000,-0.003303866
3696,-Y,+X,491261,0.950000000,1.002661585,1.0,-0.050000000,0.002661585
3697,-Y,+X,491341,0.948000000,1.000673102,1.0,-0.052000000,0.000673102
3698,-Y,+X,491421,0.948000000,1.000673102,1.0,-0.052000000,0.000673102
3699,-Y,+X,491502,0.952000000,1.004650069,1.0,-0.048000000,0.004650069
3700,-Y,+X,491581,0.950000000,1.002661585,1.0,-0.050000000,0.002661585
3701,-Y,+X,491662,0.944000000,0.996696134,1.0,-0.056000000,-0.003303866
3702,-Y,+X,491741,0.944000000,0.996696134,1.0,-0.056000000,-0.003303866
3703,-Y,+X,491822,0.945000000,0.997690376,1.0,-0.055000000,-0.002309624
3704,-Y,+X,491901,0.945000000,0.997690376,1.0,-0.055000000,-0.002309624
3705,-Y,+X,491982,0.948000000,1.000673102,1.0,-0.052000000,0.000673102
3706,-Y,+X,492061,0.944000000,0.996696134,1.0,-0.056000000,-0.003303866
3707,-Y,+X,492142,0.947000000,0.999678860,1.0,-0.053000000,-0.000321140
3708,-Y,+X,492221,0.948000000,1.000673102,1.0,-0.052000000,0.000673102
3709,-Y,+X,492302,0.952000000,1.004650069,1.0,-0.048000000,0.004650069
3710,-Y,+X,492381,0.952000000,1.004650069,1.0,-0.048000000,0.004650069
3711,-Y,+X,492462,0.945000000,0.997690376,1.0,-0.055000000,-0.002309624
3712,-Y,+X,492541,0.944000000,0.996696134,1.0,-0.056000000,-0.003303866
3713,-Y,+X,492621,0.944000000,0.996696134,1.0,-0.056000000,-0.003303866
3714,-Y,+X,492701,0.945000000,0.997690376,1.0,-0.055000000,-0.002309624
3715,-Y,+X,492781,0.950000000,1.002661585,1.0,-0.050000000,0.002661585
3716,-Y,+X,492862,0.940000000,0.992719167,1.0,-0.060000000,-0.007280833
3717,-Y,+X,492941,0.945000000,0.997690376,1.0,-0.055000000,-0.002309624
3718,-Y,+X,493022,0.944000000,0.996696134,1.0,-0.056000000,-0.003303866
3719,-Y,+X,493101,0.947000000,0.999678860,1.0,-0.053000000,-0.000321140
3720,-Y,+X,493182,0.944000000,0.996696134,1.0,-0.056000000,-0.003303866
3721,-Y,+X,493261,0.947000000,0.999678860,1.0,-0.053000000,-0.000321140
3722,-Y,+X,493342,0.943000000,0.995701892,1.0,-0.057000000,-0.004298108
3723,-Y,+X,493421,0.943000000,0.995701892,1.0,-0.057000000,-0.004298108
3724,-Y,+X,493502,0.944000000,0.996696134,1.0,-0.056000000,-0.003303866
3725,-Y,+X,493581,0.948000000,1.000673102,1.0,-0.052000000,0.000673102
3726,-Y,+X,493662,0.948000000,1.000673102,1.0,-0.052000000,0.000673102
3727,-Y,+X,493741,0.945000000,0.997690376,1.0,-0.055000000,-0.002309624
3728,-Y,+X,493821,0.947000000,0.999678860,1.0,-0.053000000,-0.000321140
3729,-Y,+X,493901,0.947000000,0.999678860,1.0,-0.053000000,-0.000321140
3730,-Y,+X,493981,0.951000000,1.003655827,1.0,-0.049000000,0.003655827
3731,-Y,+X,494062,0.950000000,1.002661585,1.0,-0.050000000,0.002661585
3732,-Y,+X,494141,0.944000000,0.996696134,1.0,-0.056000000,-0.003303866
3733,-Y,+X,494222,0.945000000,0.997690376,1.0,-0.055000000,-0.002309624
3734,-Y,+X,494301,0.951000000,1.003655827,1.0,-0.049000000,0.003655827
3735,-Y,+X,494382,0.947000000,0.999678860,1.0,-0.053000000,-0.000321140
3736,-Y,+X,494461,0.947000000,0.999678860,1.0,-0.053000000,-0.000321140
3737,-Y,+X,494542,0.947000000,0.999678860,1.0,-0.053000000,-0.000321140
3738,-Y,+X,494621,0.947000000,0.999678860,1.0,-0.053000000,-0.000321140
3739,-Y,+X,494702,0.947000000,0.999678860,1.0,-0.053000000,-0.000321140
3740,-Y,+X,494781,0.944000000,0.996696134,1.0,-0.056000000,-0.003303866
3741,-Y,+X,494862,0.943000000,0.995701892,1.0,-0.057000000,-0.004298108
3742,-Y,+X,494941,0.942000000,0.994707651,1.0,-0.058000000,-0.005292349
3743,-Y,+X,495021,0.944000000,0.996696134,1.0,-0.056000000,-0.003303866
3744,-Y,+X,495101,0.947000000,0.999678860,1.0,-0.053000000,-0.000321140
3745,-Y,+X,495181,0.945000000,0.997690376,1.0,-0.055000000,-0.002309624
3746,-Y,+X,495262,0.950000000,1.002661585,1.0,-0.050000000,0.002661585
3747,-Y,+X,495341,0.947000000,0.999678860,1.0,-0.053000000,-0.000321140
3748,-Y,+X,495422,0.944000000,0.996696134,1.0,-0.056000000,-0.003303866
3749,-Y,+X,495501,0.944000000,0.996696134,1.0,-0.056000000,-0.003303866
3750,-Y,+X,495582,0.947000000,0.999678860,1.0,-0.053000000,-0.000321140
3751,-Y,+X,495661,0.947000000,0.999678860,1.0,-0.053000000,-0.000321140
3752,-Y,+X,495742,0.945000000,0.997690376,1.0,-0.055000000,-0.002309624
3753,-Y,+X,495821,0.947000000,0.999678860,1.0,-0.053000000,-0.000321140
3754,-Y,+X,495902,0.952000000,1.004650069,1.0,-0.048000000,0.004650069
3755,-Y,+X,495981,0.945000000,0.997690376,1.0,-0.055000000,-0.002309624
3756,-Y,+X,496062,0.945000000,0.997690376,1.0,-0.055000000,-0.002309624
3757,-Y,+X,496141,0.947000000,0.999678860,1.0,-0.053000000,-0.000321140
3758,-Y,+X,496222,0.951000000,1.003655827,1.0,-0.049000000,0.003655827
3759,-Y,+X,496301,0.945000000,0.997690376,1.0,-0.055000000,-0.002309624
3760,-Y,+X,496381,0.944000000,0.996696134,1.0,-0.056000000,-0.003303866
3761,-Y,+X,496462,0.944000000,0.996696134,1.0,-0.056000000,-0.003303866
3762,-Y,+X,496541,0.944000000,0.996696134,1.0,-0.056000000,-0.003303866
3763,-Y,+X,496622,0.945000000,0.997690376,1.0,-0.055000000,-0.002309624
3764,-Y,+X,496701,0.944000000,0.996696134,1.0,-0.056000000,-0.003303866
3765,-Y,+X,496782,0.947000000,0.999678860,1.0,-0.053000000,-0.000321140
3766,-Y,+X,496861,0.950000000,1.002661585,1.0,-0.050000000,0.002661585
3767,-Y,+X,496942,0.945000000,0.997690376,1.0,-0.055000000,-0.002309624
3768,-Y,+X,497021,0.947000000,0.999678860,1.0,-0.053000000,-0.000321140
3769,-Y,+X,497102,0.947000000,0.999678860,1.0,-0.053000000,-0.000321140
3770,-Y,+X,497181,0.947000000,0.999678860,1.0,-0.053000000,-0.000321140
3771,-Y,+X,497262,0.947000000,0.999678860,1.0,-0.053000000,-0.000321140
3772,-Y,+X,497341,0.945000000,0.997690376,1.0,-0.055000000,-0.002309624
3773,-Y,+X,497421,0.947000000,0.999678860,1.0,-0.053000000,-0.000321140
3774,-Y,+X,497501,0.947000000,0.999678860,1.0,-0.053000000,-0.000321140
3775,-Y,+X,497581,0.947000000,0.999678860,1.0,-0.053000000,-0.000321140
3776,-Y,+X,497661,0.947000000,0.999678860,1.0,-0.053000000,-0.000321140
3777,-Y,+X,497741,0.951000000,1.003655827,1.0,-0.049000000,0.003655827
3778,-Y,+X,497822,0.947000000,0.999678860,1.0,-0.053000000,-0.000321140
3779,-Y,+X,497901,0.944000000,0.996696134,1.0,-0.056000000,-0.003303866
3780,-Y,+X,497982,0.945000000,0.997690376,1.0,-0.055000000,-0.002309624
3781,-Y,+X,498061,0.947000000,0.999678860,1.0,-0.053000000,-0.000321140
3782,-Y,+X,498142,0.947000000,0.999678860,1.0,-0.053000000,-0.000321140
3783,-Y,+X,498221,0.948000000,1.000673102,1.0,-0.052000000,0.000673102
3784,-Y,+X,498302,0.950000000,1.002661585,1.0,-0.050000000,0.002661585
3785,-Y,+X,498381,0.948000000,1.000673102,1.0,-0.052000000,0.000673102
3786,-Y,+X,498462,0.947000000,0.999678860,1.0,-0.053000000,-0.000321140
3787,-Y,+X,498541,0.947000000,0.999678860,1.0,-0.053000000,-0.000321140
3788,-Y,+X,498622,0.948000000,1.000673102,1.0,-0.052000000,0.000673102
3789,-Y,+X,498701,0.945000000,0.997690376,1.0,-0.055000000,-0.002309624
3790,-Y,+X,498781,0.945000000,0.997690376,1.0,-0.055000000,-0.002309624
3791,-Y,+X,498861,0.945000000,0.997690376,1.0,-0.055000000,-0.002309624
3792,-Y,+X,498941,0.947000000,0.999678860,1.0,-0.053000000,-0.000321140
3793,-Y,+X,499022,0.947000000,0.999678860,1.0,-0.053000000,-0.000321140
3794,-Y,+X,499101,0.950000000,1.002661585,1.0,-0.050000000,0.002661585
3795,-Y,+X,499182,0.950000000,1.002661585,1.0,-0.050000000,0.002661585
3796,-Y,+X,499261,0.946000000,0.998684618,1.0,-0.054000000,-0.001315382
3797,-Y,+X,499342,0.944000000,0.996696134,1.0,-0.056000000,-0.003303866
3798,-Y,+X,499421,0.950000000,1.002661585,1.0,-0.050000000,0.002661585
3799,-Y,+X,499502,0.948000000,1.000673102,1.0,-0.052000000,0.000673102
3800,-Y,+X,499581,0.948000000,1.000673102,1.0,-0.052000000,0.000673102
3801,-Y,+X,499662,0.947000000,0.999678860,1.0,-0.053000000,-0.000321140
3802,-Y,+X,499741,0.947000000,0.999678860,1.0,-0.053000000,-0.000321140
3803,-Y,+X,499822,0.945000000,0.997690376,1.0,-0.055000000,-0.002309624
3804,-Y,+X,499901,0.947000000,0.999678860,1.0,-0.053000000,-0.000321140
3805,-Y,+X,499981,0.950000000,1.002661585,1.0,-0.050000000,0.002661585
3806,-Y,+X,500061,0.950000000,1.002661585,1.0,-0.050000000,0.002661585
3807,-Y,+X,500141,0.947000000,0.999678860,1.0,-0.053000000,-0.000321140
3808,-Y,+X,500222,0.945000000,0.997690376,1.0,-0.055000000,-0.002309624
3809,-Y,+X,500301,0.953000000,1.005644311,1.0,-0.047000000,0.005644311
3810,-Y,+X,500382,0.947000000,0.999678860,1.0,-0.053000000,-0.000321140
3811,-Y,+X,500461,0.950000000,1.002661585,1.0,-0.050000000,0.002661585
3812,-Y,+X,500542,0.950000000,1.002661585,1.0,-0.050000000,0.002661585
3813,-Y,+X,500621,0.950000000,1.002661585,1.0,-0.050000000,0.002661585
3814,-Y,+X,500702,0.947000000,0.999678860,1.0,-0.053000000,-0.000321140
3815,-Y,+X,500781,0.947000000,0.999678860,1.0,-0.053000000,-0.000321140
3816,-Y,+X,500862,0.951000000,1.003655827,1.0,-0.049000000,0.003655827
3817,-Y,+X,500941,0.945000000,0.997690376,1.0,-0.055000000,-0.002309624
3818,-Y,+X,501022,0.942000000,0.994707651,1.0,-0.058000000,-0.005292349
3819,-Y,+X,501101,0.944000000,0.996696134,1.0,-0.056000000,-0.003303866
3820,-Y,+X,501181,0.952000000,1.004650069,1.0,-0.048000000,0.004650069
3821,-Y,+X,501261,0.951000000,1.003655827,1.0,-0.049000000,0.003655827
3822,-Y,+X,501341,0.947000000,0.999678860,1.0,-0.053000000,-0.000321140
3823,-Y,+X,501421,0.950000000,1.002661585,1.0,-0.050000000,0.002661585
3824,-Y,+X,501501,0.948000000,1.000673102,1.0,-0.052000000,0.000673102
3825,-Y,+X,501582,0.948000000,1.000673102,1.0,-0.052000000,0.000673102
3826,-Y,+X,501661,0.947000000,0.999678860,1.0,-0.053000000,-0.000321140
3827,-Y,+X,501742,0.956000000,1.008627037,1.0,-0.044000000,0.008627037
3828,-Y,+X,501821,0.948000000,1.000673102,1.0,-0.052000000,0.000673102
3829,-Y,+X,501902,0.948000000,1.000673102,1.0,-0.052000000,0.000673102
3830,-Y,+X,501981,0.944000000,0.996696134,1.0,-0.056000000,-0.003303866
3831,-Y,+X,502062,0.947000000,0.999678860,1.0,-0.053000000,-0.000321140
3832,-Y,+X,502141,0.951000000,1.003655827,1.0,-0.049000000,0.003655827
3833,-Y,+X,502222,0.950000000,1.002661585,1.0,-0.050000000,0.002661585
3834,-Y,+X,502301,0.947000000,0.999678860,1.0,-0.053000000,-0.000321140
3835,-Y,+X,502382,0.947000000,0.999678860,1.0,-0.053000000,-0.000321140
3836,-Y,+X,502461,0.947000000,0.999678860,1.0,-0.053000000,-0.000321140
3837,-Y,+X,502541,0.947000000,0.999678860,1.0,-0.053000000,-0.000321140
3838,-Y,+X,502621,0.947000000,0.999678860,1.0,-0.053000000,-0.000321140
3839,-Y,+X,502701,0.947000000,0.999678860,1.0,-0.053000000,-0.000321140
3840,-Y,+X,502782,0.956000000,1.008627037,1.0,-0.044000000,0.008627037
3841,-Y,+X,502861,0.947000000,0.999678860,1.0,-0.053000000,-0.000321140
3842,-Y,+X,502942,0.947000000,0.999678860,1.0,-0.053000000,-0.000321140
3843,-Y,+X,503021,0.947000000,0.999678860,1.0,-0.053000000,-0.000321140
3844,-Y,+X,503102,0.944000000,0.996696134,1.0,-0.056000000,-0.003303866
3845,-Y,+X,503181,0.947000000,0.999678860,1.0,-0.053000000,-0.000321140
3846,-Y,+X,503262,0.950000000,1.002661585,1.0,-0.050000000,0.002661585
3847,-Y,+X,503341,0.944000000,0.996696134,1.0,-0.056000000,-0.003303866
3848,-Y,+X,503422,0.944000000,0.996696134,1.0,-0.056000000,-0.003303866
3849,-Y,+X,503501,0.945000000,0.997690376,1.0,-0.055000000,-0.002309624
3850,-Y,+X,503582,0.945000000,0.997690376,1.0,-0.055000000,-0.002309624
3851,-Y,+X,503661,0.945000000,0.997690376,1.0,-0.055000000,-0.002309624
3852,-Y,+X,503741,0.943000000,0.995701892,1.0,-0.057000000,-0.004298108
3853,-Y,+X,503821,0.945000000,0.997690376,1.0,-0.055000000,-0.002309624
3854,-Y,+X,503901,0.948000000,1.000673102,1.0,-0.052000000,0.000673102
3855,-Y,+X,503982,0.945000000,0.997690376,1.0,-0.055000000,-0.002309624
3856,-Y,+X,504061,0.947000000,0.999678860,1.0,-0.053000000,-0.000321140
3857,-Y,+X,504142,0.950000000,1.002661585,1.0,-0.050000000,0.002661585
3858,-Y,+X,504221,0.942000000,0.994707651,1.0,-0.058000000,-0.005292349
3859,-Y,+X,504302,0.948000000,1.000673102,1.0,-0.052000000,0.000673102
3860,-Y,+X,504381,0.952000000,1.004650069,1.0,-0.048000000,0.004650069
3861,-Y,+X,504462,0.950000000,1.002661585,1.0,-0.050000000,0.002661585
3862,-Y,+X,504541,0.950000000,1.002661585,1.0,-0.050000000,0.002661585
3863,-Y,+X,504622,0.950000000,1.002661585,1.0,-0.050000000,0.002661585
3864,-Y,+X,504701,0.950000000,1.002661585,1.0,-0.050000000,0.002661585
3865,-Y,+X,504782,0.948000000,1.000673102,1.0,-0.052000000,0.000673102
3866,-Y,+X,504861,0.952000000,1.004650069,1.0,-0.048000000,0.004650069
3867,-Y,+X,504942,0.945000000,0.997690376,1.0,-0.055000000,-0.002309624
3868,-Y,+X,505021,0.945000000,0.997690376,1.0,-0.055000000,-0.002309624
3869,-Y,+X,505101,0.944000000,0.996696134,1.0,-0.056000000,-0.003303866
3870,-Y,+X,505182,0.950000000,1.002661585,1.0,-0.050000000,0.002661585
3871,-Y,+X,505261,0.948000000,1.000673102,1.0,-0.052000000,0.000673102
3872,-Y,+X,505342,0.945000000,0.997690376,1.0,-0.055000000,-0.002309624
3873,-Y,+X,505421,0.952000000,1.004650069,1.0,-0.048000000,0.004650069
3874,-Y,+X,505502,0.950000000,1.002661585,1.0,-0.050000000,0.002661585
3875,-Y,+X,505581,0.945000000,0.997690376,1.0,-0.055000000,-0.002309624
3876,-Y,+X,505662,0.945000000,0.997690376,1.0,-0.055000000,-0.002309624
3877,-Y,+X,505741,0.947000000,0.999678860,1.0,-0.053000000,-0.000321140
3878,-Y,+X,505822,0.943000000,0.995701892,1.0,-0.057000000,-0.004298108
3879,-Y,+X,505901,0.947000000,0.999678860,1.0,-0.053000000,-0.000321140
3880,-Y,+X,505982,0.944000000,0.996696134,1.0,-0.056000000,-0.003303866
3881,-Y,+X,506061,0.947000000,0.999678860,1.0,-0.053000000,-0.000321140
3882,-Y,+X,506142,0.947000000,0.999678860,1.0,-0.053000000,-0.000321140
3883,-Y,+X,506221,0.950000000,1.002661585,1.0,-0.050000000,0.002661585
3884,-Y,+X,506301,0.944000000,0.996696134,1.0,-0.056000000,-0.003303866
3885,-Y,+X,506381,0.948000000,1.000673102,1.0,-0.052000000,0.000673102
3886,-Y,+X,506461,0.947000000,0.999678860,1.0,-0.053000000,-0.000321140
3887,-Y,+X,506542,0.947000000,0.999678860,1.0,-0.053000000,-0.000321140
3888,-Y,+X,506621,0.947000000,0.999678860,1.0,-0.053000000,-0.000321140
3889,-Y,+X,506702,0.947000000,0.999678860,1.0,-0.053000000,-0.000321140
3890,-Y,+X,506781,0.947000000,0.999678860,1.0,-0.053000000,-0.000321140
3891,-Y,+X,506862,0.952000000,1.004650069,1.0,-0.048000000,0.004650069
3892,-Y,+X,506941,0.947000000,0.999678860,1.0,-0.053000000,-0.000321140
3893,-Y,+X,507022,0.950000000,1.002661585,1.0,-0.050000000,0.002661585
3894,-Y,+X,507101,0.947000000,0.999678860,1.0,-0.053000000,-0.000321140
3895,-Y,+X,507182,0.947000000,0.999678860,1.0,-0.053000000,-0.000321140
3896,-Y,+X,507261,0.947000000,0.999678860,1.0,-0.053000000,-0.000321140
3897,-Y,+X,507342,0.950000000,1.002661585,1.0,-0.050000000,0.002661585
3898,-Y,+X,507421,0.952000000,1.004650069,1.0,-0.048000000,0.004650069
3899,-Y,+X,507501,0.947000000,0.999678860,1.0,-0.053000000,-0.000321140
3900,-Y,+X,507581,0.947000000,0.999678860,1.0,-0.053000000,-0.000321140
3901,-Y,+X,507661,0.947000000,0.999678860,1.0,-0.053000000,-0.000321140
3902,-Y,+X,507742,0.947000000,0.999678860,1.0,-0.053000000,-0.000321140
3903,-Y,+X,507821,0.944000000,0.996696134,1.0,-0.056000000,-0.003303866
3904,-Y,+X,507902,0.956000000,1.008627037,1.0,-0.044000000,0.008627037
3905,-Y,+X,507981,0.951000000,1.003655827,1.0,-0.049000000,0.003655827
3906,-Y,+X,508062,0.950000000,1.002661585,1.0,-0.050000000,0.002661585
3907,-Y,+X,508141,0.950000000,1.002661585,1.0,-0.050000000,0.002661585
3908,-Y,+X,508222,0.947000000,0.999678860,1.0,-0.053000000,-0.000321140
3909,-Y,+X,508301,0.947000000,0.999678860,1.0,-0.053000000,-0.000321140
3910,-Y,+X,508382,0.947000000,0.999678860,1.0,-0.053000000,-0.000321140
3911,-Y,+X,508461,0.947000000,0.999678860,1.0,-0.053000000,-0.000321140
3912,-Y,+X,508542,0.947000000,0.999678860,1.0,-0.053000000,-0.000321140
3913,-Y,+X,508621,0.948000000,1.000673102,1.0,-0.052000000,0.000673102
3914,-Y,+X,508701,0.947000000,0.999678860,1.0,-0.053000000,-0.000321140
3915,-Y,+X,508781,0.947000000,0.999678860,1.0,-0.053000000,-0.000321140
3916,-Y,+X,508861,0.950000000,1.002661585,1.0,-0.050000000,0.002661585
3917,-Y,+X,508942,0.947000000,0.999678860,1.0,-0.053000000,-0.000321140
3918,-Y,+X,509021,0.945000000,0.997690376,1.0,-0.055000000,-0.002309624
3919,-Y,+X,509102,0.947000000,0.999678860,1.0,-0.053000000,-0.000321140
3920,-Y,+X,509181,0.947000000,0.999678860,1.0,-0.053000000,-0.000321140
3921,-Y,+X,509262,0.947000000,0.999678860,1.0,-0.053000000,-0.000321140
3922,-Y,+X,509341,0.942000000,0.994707651,1.0,-0.058000000,-0.005292349
3923,-Y,+X,509422,0.947000000,0.999678860,1.0,-0.053000000,-0.000321140
3924,-Y,+X,509501,0.947000000,0.999678860,1.0,-0.053000000,-0.000321140
3925,-Y,+X,509582,0.947000000,0.999678860,1.0,-0.053000000,-0.000321140
3926,-Y,+X,509661,0.947000000,0.999678860,1.0,-0.053000000,-0.000321140
3927,-Y,+X,509742,0.947000000,0.999678860,1.0,-0.053000000,-0.000321140
3928,-Y,+X,509821,0.945000000,0.997690376,1.0,-0.055000000,-0.002309624
3929,-Y,+X,509902,0.952000000,1.004650069,1.0,-0.048000000,0.004650069
3930,-Y,+X,509981,0.947000000,0.999678860,1.0,-0.053000000,-0.000321140
3931,-Y,+X,510061,0.947000000,0.999678860,1.0,-0.053000000,-0.000321140
3932,-Y,+X,510141,0.947000000,0.999678860,1.0,-0.053000000,-0.000321140
3933,-Y,+X,510221,0.947000000,0.999678860,1.0,-0.053000000,-0.000321140
3934,-Y,+X,510302,0.947000000,0.999678860,1.0,-0.053000000,-0.000321140
3935,-Y,+X,510381,0.945000000,0.997690376,1.0,-0.055000000,-0.002309624
3936,-Y,+X,510462,0.947000000,0.999678860,1.0,-0.053000000,-0.000321140
3937,-Y,+X,510541,0.950000000,1.002661585,1.0,-0.050000000,0.002661585
3938,-Y,+X,510622,0.947000000,0.999678860,1.0,-0.053000000,-0.000321140
3939,-Y,+X,510701,0.952000000,1.004650069,1.0,-0.048000000,0.004650069
3940,-Y,+X,510782,0.952000000,1.004650069,1.0,-0.048000000,0.004650069
3941,-Y,+X,510861,0.948000000,1.000673102,1.0,-0.052000000,0.000673102
3942,-Y,+X,510942,0.951000000,1.003655827,1.0,-0.049000000,0.003655827
3943,-Y,+X,511021,0.944000000,0.996696134,1.0,-0.056000000,-0.003303866
3944,-Y,+X,511102,0.944000000,0.996696134,1.0,-0.056000000,-0.003303866
3945,-Y,+X,511181,0.948000000,1.000673102,1.0,-0.052000000,0.000673102
3946,-Y,+X,511261,0.944000000,0.996696134,1.0,-0.056000000,-0.003303866
3947,-Y,+X,511341,0.945000000,0.997690376,1.0,-0.055000000,-0.002309624
3948,-Y,+X,511421,0.944000000,0.996696134,1.0,-0.056000000,-0.003303866
3949,-Y,+X,511502,0.944000000,0.996696134,1.0,-0.056000000,-0.003303866
3950,-Y,+X,511581,0.947000000,0.999678860,1.0,-0.053000000,-0.000321140
3951,-Y,+X,511662,0.945000000,0.997690376,1.0,-0.055000000,-0.002309624
3952,-Y,+X,511741,0.947000000,0.999678860,1.0,-0.053000000,-0.000321140
3953,-Y,+X,511822,0.947000000,0.999678860,1.0,-0.053000000,-0.000321140
3954,-Y,+X,511901,0.947000000,0.999678860,1.0,-0.053000000,-0.000321140
3955,-Y,+X,511982,0.952000000,1.004650069,1.0,-0.048000000,0.004650069
3956,-Y,+X,512061,0.945000000,0.997690376,1.0,-0.055000000,-0.002309624
3957,-Y,+X,512142,0.944000000,0.996696134,1.0,-0.056000000,-0.003303866
3958,-Y,+X,512221,0.945000000,0.997690376,1.0,-0.055000000,-0.002309624
3959,-Y,+X,512302,0.945000000,0.997690376,1.0,-0.055000000,-0.002309624
3960,-Y,+X,512381,0.948000000,1.000673102,1.0,-0.052000000,0.000673102
3961,-Y,+X,512461,0.947000000,0.999678860,1.0,-0.053000000,-0.000321140
3962,-Y,+X,512541,0.943000000,0.995701892,1.0,-0.057000000,-0.004298108
3963,-Y,+X,512621,0.944000000,0.996696134,1.0,-0.056000000,-0.003303866
3964,-Y,+X,512702,0.950000000,1.002661585,1.0,-0.050000000,0.002661585
3965,-Y,+X,512781,0.947000000,0.999678860,1.0,-0.053000000,-0.000321140
3966,-Y,+X,512862,0.947000000,0.999678860,1.0,-0.053000000,-0.000321140
3967,-Y,+X,512941,0.944000000,0.996696134,1.0,-0.056000000,-0.003303866
3968,-Y,+X,513022,0.948000000,1.000673102,1.0,-0.052000000,0.000673102
3969,-Y,+X,513101,0.947000000,0.999678860,1.0,-0.053000000,-0.000321140
3970,-Y,+X,513182,0.951000000,1.003655827,1.0,-0.049000000,0.003655827
3971,-Y,+X,513261,0.947000000,0.999678860,1.0,-0.053000000,-0.000321140
3972,-Y,+X,513342,0.945000000,0.997690376,1.0,-0.055000000,-0.002309624
3973,-Y,+X,513421,0.950000000,1.002661585,1.0,-0.050000000,0.002661585
3974,-Y,+X,513502,0.947000000,0.999678860,1.0,-0.053000000,-0.000321140
3975,-Y,+X,513581,0.951000000,1.003655827,1.0,-0.049000000,0.003655827
3976,-Y,+X,513662,0.947000000,0.999678860,1.0,-0.053000000,-0.000321140
3977,-Y,+X,513741,0.947000000,0.999678860,1.0,-0.053000000,-0.000321140
3978,-Y,+X,513821,0.947000000,0.999678860,1.0,-0.053000000,-0.000321140
3979,-Y,+X,513902,0.950000000,1.002661585,1.0,-0.050000000,0.002661585
3980,-Y,+X,513981,0.947000000,0.999678860,1.0,-0.053000000,-0.000321140
3981,-Y,+X,514062,0.950000000,1.002661585,1.0,-0.050000000,0.002661585
3982,-Y,+X,514141,0.952000000,1.004650069,1.0,-0.048000000,0.004650069
3983,-Y,+X,514222,0.947000000,0.999678860,1.0,-0.053000000,-0.000321140
3984,-Y,+X,514301,0.945000000,0.997690376,1.0,-0.055000000,-0.002309624
3985,-Y,+X,514382,0.950000000,1.002661585,1.0,-0.050000000,0.002661585
3986,-Y,+X,514461,0.947000000,0.999678860,1.0,-0.053000000,-0.000321140
3987,-Y,+X,514542,0.952000000,1.004650069,1.0,-0.048000000,0.004650069
3988,-Y,+X,514621,0.947000000,0.999678860,1.0,-0.053000000,-0.000321140
3989,-Y,+X,514702,0.947000000,0.999678860,1.0,-0.053000000,-0.000321140
3990,-Y,+X,514781,0.950000000,1.002661585,1.0,-0.050000000,0.002661585
3991,-Y,+X,514861,0.950000000,1.002661585,1.0,-0.050000000,0.002661585
3992,-Y,+X,514941,0.951000000,1.003655827,1.0,-0.049000000,0.003655827
3993,-Y,+X,515021,0.944000000,0.996696134,1.0,-0.056000000,-0.003303866
3994,-Y,+X,515102,0.948000000,1.000673102,1.0,-0.052000000,0.000673102
3995,-Y,+X,515181,0.951000000,1.003655827,1.0,-0.049000000,0.003655827
3996,-Y,+X,515262,0.948000000,1.000673102,1.0,-0.052000000,0.000673102
3997,-Y,+X,515341,0.947000000,0.999678860,1.0,-0.053000000,-0.000321140
3998,-Y,+X,515422,0.951000000,1.003655827,1.0,-0.049000000,0.003655827
3999,-Y,+X,515501,0.953000000,1.005644311,1.0,-0.047000000,0.005644311
4000,+Z,+Z,536216,-0.057000000,0.001460044,0.0,-0.057000000,0.001460044
4001,+Z,+Z,536296,-0.057000000,0.001460044,0.0,-0.057000000,0.001460044
4002,+Z,+Z,536377,-0.049000000,0.009413979,0.0,-0.049000000,0.009413979
4003,+Z,+Z,536456,-0.057000000,0.001460044,0.0,-0.057000000,0.001460044
4004,+Z,+Z,536537,-0.058000000,0.000465802,0.0,-0.058000000,0.000465802
4005,+Z,+Z,536616,-0.061000000,-0.002516923,0.0,-0.061000000,-0.002516923
4006,+Z,+Z,536696,-0.057000000,0.001460044,0.0,-0.057000000,0.001460044
4007,+Z,+Z,536777,-0.061000000,-0.002516923,0.0,-0.061000000,-0.002516923
4008,+Z,+Z,536856,-0.064000000,-0.005499649,0.0,-0.064000000,-0.005499649
4009,+Z,+Z,536936,-0.058000000,0.000465802,0.0,-0.058000000,0.000465802
4010,+Z,+Z,537017,-0.057000000,0.001460044,0.0,-0.057000000,0.001460044
4011,+Z,+Z,537096,-0.057000000,0.001460044,0.0,-0.057000000,0.001460044
4012,+Z,+Z,537176,-0.058000000,0.000465802,0.0,-0.058000000,0.000465802
4013,+Z,+Z,537257,-0.058000000,0.000465802,0.0,-0.058000000,0.000465802
4014,+Z,+Z,537336,-0.056000000,0.002454286,0.0,-0.056000000,0.002454286
4015,+Z,+Z,537417,-0.058000000,0.000465802,0.0,-0.058000000,0.000465802
4016,+Z,+Z,537496,-0.055000000,0.003448528,0.0,-0.055000000,0.003448528
4017,+Z,+Z,537576,-0.057000000,0.001460044,0.0,-0.057000000,0.001460044
4018,+Z,+Z,537657,-0.050000000,0.008419737,0.0,-0.050000000,0.008419737
4019,+Z,+Z,537736,-0.057000000,0.001460044,0.0,-0.057000000,0.001460044
4020,+Z,+Z,537816,-0.056000000,0.002454286,0.0,-0.056000000,0.002454286
4021,+Z,+Z,537897,-0.057000000,0.001460044,0.0,-0.057000000,0.001460044
4022,+Z,+Z,537976,-0.056000000,0.002454286,0.0,-0.056000000,0.002454286
4023,+Z,+Z,538057,-0.055000000,0.003448528,0.0,-0.055000000,0.003448528
4024,+Z,+Z,538137,-0.056000000,0.002454286,0.0,-0.056000000,0.002454286
4025,+Z,+Z,538216,-0.057000000,0.001460044,0.0,-0.057000000,0.001460044
4026,+Z,+Z,538297,-0.057000000,0.001460044,0.0,-0.057000000,0.001460044
4027,+Z,+Z,538376,-0.061000000,-0.002516923,0.0,-0.061000000,-0.002516923
4028,+Z,+Z,538456,-0.057000000,0.001460044,0.0,-0.057000000,0.001460044
4029,+Z,+Z,538537,-0.056000000,0.002454286,0.0,-0.056000000,0.002454286
4030,+Z,+Z,538616,-0.056000000,0.002454286,0.0,-0.056000000,0.002454286
4031,+Z,+Z,538696,-0.057000000,0.001460044,0.0,-0.057000000,0.001460044
4032,+Z,+Z,538777,-0.057000000,0.001460044,0.0,-0.057000000,0.001460044
4033,+Z,+Z,538856,-0.056000000,0.002454286,0.0,-0.056000000,0.002454286
4034,+Z,+Z,538937,-0.057000000,0.001460044,0.0,-0.057000000,0.001460044
4035,+Z,+Z,539016,-0.055000000,0.003448528,0.0,-0.055000000,0.003448528
4036,+Z,+Z,539096,-0.056000000,0.002454286,0.0,-0.056000000,0.002454286
4037,+Z,+Z,539177,-0.055000000,0.003448528,0.0,-0.055000000,0.003448528
4038,+Z,+Z,539256,-0.056000000,0.002454286,0.0,-0.056000000,0.002454286
4039,+Z,+Z,539336,-0.056000000,0.002454286,0.0,-0.056000000,0.002454286
4040,+Z,+Z,539417,-0.064000000,-0.005499649,0.0,-0.064000000,-0.005499649
4041,+Z,+Z,539496,-0.056000000,0.002454286,0.0,-0.056000000,0.002454286
4042,+Z,+Z,539576,-0.055000000,0.003448528,0.0,-0.055000000,0.003448528
4043,+Z,+Z,539657,-0.052000000,0.006431253,0.0,-0.052000000,0.006431253
4044,+Z,+Z,539736,-0.056000000,0.002454286,0.0,-0.056000000,0.002454286
4045,+Z,+Z,539817,-0.058000000,0.000465802,0.0,-0.058000000,0.000465802
4046,+Z,+Z,539896,-0.058000000,0.000465802,0.0,-0.058000000,0.000465802
4047,+Z,+Z,539976,-0.057000000,0.001460044,0.0,-0.057000000,0.001460044
4048,+Z,+Z,540057,-0.057000000,0.001460044,0.0,-0.057000000,0.001460044
4049,+Z,+Z,540136,-0.055000000,0.003448528,0.0,-0.055000000,0.003448528
4050,+Z,+Z,540216,-0.057000000,0.001460044,0.0,-0.057000000,0.001460044
4051,+Z,+Z,540297,-0.061000000,-0.002516923,0.0,-0.061000000,-0.002516923
4052,+Z,+Z,540376,-0.061000000,-0.002516923,0.0,-0.061000000,-0.002516923
4053,+Z,+Z,540456,-0.056000000,0.002454286,0.0,-0.056000000,0.002454286
4054,+Z,+Z,540537,-0.055000000,0.003448528,0.0,-0.055000000,0.003448528
4055,+Z,+Z,540616,-0.056000000,0.002454286,0.0,-0.056000000,0.002454286
4056,+Z,+Z,540697,-0.057000000,0.001460044,0.0,-0.057000000,0.001460044
4057,+Z,+Z,540776,-0.058000000,0.000465802,0.0,-0.058000000,0.000465802
4058,+Z,+Z,540856,-0.061000000,-0.002516923,0.0,-0.061000000,-0.002516923
4059,+Z,+Z,540937,-0.055000000,0.003448528,0.0,-0.055000000,0.003448528
4060,+Z,+Z,541016,-0.061000000,-0.002516923,0.0,-0.061000000,-0.002516923
4061,+Z,+Z,541096,-0.057000000,0.001460044,0.0,-0.057000000,0.001460044
4062,+Z,+Z,541177,-0.061000000,-0.002516923,0.0,-0.061000000,-0.002516923
4063,+Z,+Z,541256,-0.061000000,-0.002516923,0.0,-0.061000000,-0.002516923
4064,+Z,+Z,541337,-0.058000000,0.000465802,0.0,-0.058000000,0.000465802
4065,+Z,+Z,541416,-0.058000000,0.000465802,0.0,-0.058000000,0.000465802
4066,+Z,+Z,541496,-0.057000000,0.001460044,0.0,-0.057000000,0.001460044
4067,+Z,+Z,541577,-0.052000000,0.006431253,0.0,-0.052000000,0.006431253
4068,+Z,+Z,541656,-0.058000000,0.000465802,0.0,-0.058000000,0.000465802
4069,+Z,+Z,541736,-0.057000000,0.001460044,0.0,-0.057000000,0.001460044
4070,+Z,+Z,541817,-0.057000000,0.001460044,0.0,-0.057000000,0.001460044
4071,+Z,+Z,541896,-0.057000000,0.001460044,0.0,-0.057000000,0.001460044
4072,+Z,+Z,541976,-0.049000000,0.009413979,0.0,-0.049000000,0.009413979
4073,+Z,+Z,542057,-0.061000000,-0.002516923,0.0,-0.061000000,-0.002516923
4074,+Z,+Z,542136,-0.057000000,0.001460044,0.0,-0.057000000,0.001460044
4075,+Z,+Z,542217,-0.057000000,0.001460044,0.0,-0.057000000,0.001460044
4076,+Z,+Z,542296,-0.049000000,0.009413979,0.0,-0.049000000,0.009413979
4077,+Z,+Z,542376,-0.049000000,0.009413979,0.0,-0.049000000,0.009413979
4078,+Z,+Z,542457,-0.061000000,-0.002516923,0.0,-0.061000000,-0.002516923
4079,+Z,+Z,542536,-0.057000000,0.001460044,0.0,-0.057000000,0.001460044
4080,+Z,+Z,542616,-0.058000000,0.000465802,0.0,-0.058000000,0.000465802
4081,+Z,+Z,542697,-0.061000000,-0.002516923,0.0,-0.061000000,-0.002516923
4082,+Z,+Z,542776,-0.063000000,-0.004505407,0.0,-0.063000000,-0.004505407
4083,+Z,+Z,542856,-0.057000000,0.001460044,0.0,-0.057000000,0.001460044
4084,+Z,+Z,542937,-0.056000000,0.002454286,0.0,-0.056000000,0.002454286
4085,+Z,+Z,543016,-0.057000000,0.001460044,0.0,-0.057000000,0.001460044
4086,+Z,+Z,543097,-0.058000000,0.000465802,0.0,-0.058000000,0.000465802
4087,+Z,+Z,543176,-0.056000000,0.002454286,0.0,-0.056000000,0.002454286
4088,+Z,+Z,543256,-0.055000000,0.003448528,0.0,-0.055000000,0.003448528
4089,+Z,+Z,543337,-0.058000000,0.000465802,0.0,-0.058000000,0.000465802
4090,+Z,+Z,543416,-0.058000000,0.000465802,0.0,-0.058000000,0.000465802
4091,+Z,+Z,543496,-0.058000000,0.000465802,0.0,-0.058000000,0.000465802
4092,+Z,+Z,543577,-0.063000000,-0.004505407,0.0,-0.063000000,-0.004505407
4093,+Z,+Z,543656,-0.053000000,0.005437012,0.0,-0.053000000,0.005437012
4094,+Z,+Z,543736,-0.055000000,0.003448528,0.0,-0.055000000,0.003448528
4095,+Z,+Z,543817,-0.045000000,0.013390946,0.0,-0.045000000,0.013390946
4096,+Z,+Z,543896,-0.056000000,0.002454286,0.0,-0.056000000,0.002454286
4097,+Z,+Z,543977,-0.055000000,0.003448528,0.0,-0.055000000,0.003448528
4098,+Z,+Z,544057,-0.056000000,0.002454286,0.0,-0.056000000,0.002454286
4099,+Z,+Z,544136,-0.053000000,0.005437012,0.0,-0.053000000,0.005437012
4100,+Z,+Z,544217,-0.052000000,0.006431253,0.0,-0.052000000,0.006431253
4101,+Z,+Z,544296,-0.057000000,0.001460044,0.0,-0.057000000,0.001460044
4102,+Z,+Z,544376,-0.057000000,0.001460044,0.0,-0.057000000,0.001460044
4103,+Z,+Z,544457,-0.057000000,0.001460044,0.0,-0.057000000,0.001460044
4104,+Z,+Z,544536,-0.057000000,0.001460044,0.0,-0.057000000,0.001460044
4105,+Z,+Z,544617,-0.058000000,0.000465802,0.0,-0.058000000,0.000465802
4106,+Z,+Z,544697,-0.057000000,0.001460044,0.0,-0.057000000,0.001460044
4107,+Z,+Z,544776,-0.057000000,0.001460044,0.0,-0.057000000,0.001460044
4108,+Z,+Z,544857,-0.057000000,0.001460044,0.0,-0.057000000,0.001460044
4109,+Z,+Z,544936,-0.055000000,0.003448528,0.0,-0.055000000,0.003448528
4110,+Z,+Z,545016,-0.057000000,0.001460044,0.0,-0.057000000,0.001460044
4111,+Z,+Z,545097,-0.058000000,0.000465802,0.0,-0.058000000,0.000465802
4112,+Z,+Z,545176,-0.057000000,0.001460044,0.0,-0.057000000,0.001460044
4113,+Z,+Z,545256,-0.057000000,0.001460044,0.0,-0.057000000,0.001460044
4114,+Z,+Z,545337,-0.061000000,-0.002516923,0.0,-0.061000000,-0.002516923
4115,+Z,+Z,545416,-0.052000000,0.006431253,0.0,-0.052000000,0.006431253
4116,+Z,+Z,545497,-0.052000000,0.006431253,0.0,-0.052000000,0.006431253
4117,+Z,+Z,545576,-0.056000000,0.002454286,0.0,-0.056000000,0.002454286
4118,+Z,+Z,545656,-0.058000000,0.000465802,0.0,-0.058000000,0.000465802
4119,+Z,+Z,545737,-0.057000000,0.001460044,0.0,-0.057000000,0.001460044
4120,+Z,+Z,545816,-0.061000000,-0.002516923,0.0,-0.061000000,-0.002516923
4121,+Z,+Z,545896,-0.061000000,-0.002516923,0.0,-0.061000000,-0.002516923
4122,+Z,+Z,545977,-0.058000000,0.000465802,0.0,-0.058000000,0.000465802
4123,+Z,+Z,546056,-0.057000000,0.001460044,0.0,-0.057000000,0.001460044
4124,+Z,+Z,546136,-0.060000000,-0.001522681,0.0,-0.060000000,-0.001522681
4125,+Z,+Z,546217,-0.057000000,0.001460044,0.0,-0.057000000,0.001460044
4126,+Z,+Z,546296,-0.056000000,0.002454286,0.0,-0.056000000,0.002454286
4127,+Z,+Z,546377,-0.048000000,0.010408221,0.0,-0.048000000,0.010408221
4128,+Z,+Z,546456,-0.058000000,0.000465802,0.0,-0.058000000,0.000465802
4129,+Z,+Z,546536,-0.058000000,0.000465802,0.0,-0.058000000,0.000465802
4130,+Z,+Z,546617,-0.061000000,-0.002516923,0.0,-0.061000000,-0.002516923
4131,+Z,+Z,546696,-0.057000000,0.001460044,0.0,-0.057000000,0.001460044
4132,+Z,+Z,546776,-0.055000000,0.003448528,0.0,-0.055000000,0.003448528
4133,+Z,+Z,546857,-0.056000000,0.002454286,0.0,-0.056000000,0.002454286
4134,+Z,+Z,546936,-0.055000000,0.003448528,0.0,-0.055000000,0.003448528
4135,+Z,+Z,547016,-0.057000000,0.001460044,0.0,-0.057000000,0.001460044
4136,+Z,+Z,547097,-0.057000000,0.001460044,0.0,-0.057000000,0.001460044
4137,+Z,+Z,547176,-0.052000000,0.006431253,0.0,-0.052000000,0.006431253
4138,+Z,+Z,547257,-0.063000000,-0.004505407,0.0,-0.063000000,-0.004505407
4139,+Z,+Z,547336,-0.060000000,-0.001522681,0.0,-0.060000000,-0.001522681
4140,+Z,+Z,547416,-0.057000000,0.001460044,0.0,-0.057000000,0.001460044
4141,+Z,+Z,547497,-0.061000000,-0.002516923,0.0,-0.061000000,-0.002516923
4142,+Z,+Z,547576,-0.061000000,-0.002516923,0.0,-0.061000000,-0.002516923
4143,+Z,+Z,547656,-0.063000000,-0.004505407,0.0,-0.063000000,-0.004505407
4144,+Z,+Z,547737,-0.061000000,-0.002516923,0.0,-0.061000000,-0.002516923
4145,+Z,+Z,547816,-0.058000000,0.000465802,0.0,-0.058000000,0.000465802
4146,+Z,+Z,547897,-0.061000000,-0.002516923,0.0,-0.061000000,-0.002516923
4147,+Z,+Z,547977,-0.061000000,-0.002516923,0.0,-0.061000000,-0.002516923
4148,+Z,+Z,548056,-0.058000000,0.000465802,0.0,-0.058000000,0.000465802
4149,+Z,+Z,548137,-0.057000000,0.001460044,0.0,-0.057000000,0.001460044
4150,+Z,+Z,548216,-0.057000000,0.001460044,0.0,-0.057000000,0.001460044
4151,+Z,+Z,548296,-0.057000000,0.001460044,0.0,-0.057000000,0.001460044
4152,+Z,+Z,548377,-0.056000000,0.002454286,0.0,-0.056000000,0.002454286
4153,+Z,+Z,548456,-0.057000000,0.001460044,0.0,-0.057000000,0.001460044
4154,+Z,+Z,548536,-0.057000000,0.001460044,0.0,-0.057000000,0.001460044
4155,+Z,+Z,548617,-0.056000000,0.002454286,0.0,-0.056000000,0.002454286
4156,+Z,+Z,548696,-0.061000000,-0.002516923,0.0,-0.061000000,-0.002516923
4157,+Z,+Z,548777,-0.061000000,-0.002516923,0.0,-0.061000000,-0.002516923
4158,+Z,+Z,548856,-0.056000000,0.002454286,0.0,-0.056000000,0.002454286
4159,+Z,+Z,548936,-0.058000000,0.000465802,0.0,-0.058000000,0.000465802
4160,+Z,+Z,549017,-0.055000000,0.003448528,0.0,-0.055000000,0.003448528
4161,+Z,+Z,549096,-0.056000000,0.002454286,0.0,-0.056000000,0.002454286
4162,+Z,+Z,549176,-0.056000000,0.002454286,0.0,-0.056000000,0.002454286
4163,+Z,+Z,549257,-0.055000000,0.003448528,0.0,-0.055000000,0.003448528
4164,+Z,+Z,549336,-0.056000000,0.002454286,0.0,-0.056000000,0.002454286
4165,+Z,+Z,549416,-0.058000000,0.000465802,0.0,-0.058000000,0.000465802
4166,+Z,+Z,549497,-0.056000000,0.002454286,0.0,-0.056000000,0.002454286
4167,+Z,+Z,549576,-0.056000000,0.002454286,0.0,-0.056000000,0.002454286
4168,+Z,+Z,549657,-0.056000000,0.002454286,0.0,-0.056000000,0.002454286
4169,+Z,+Z,549736,-0.057000000,0.001460044,0.0,-0.057000000,0.001460044
4170,+Z,+Z,549816,-0.058000000,0.000465802,0.0,-0.058000000,0.000465802
4171,+Z,+Z,549897,-0.057000000,0.001460044,0.0,-0.057000000,0.001460044
4172,+Z,+Z,549976,-0.063000000,-0.004505407,0.0,-0.063000000,-0.004505407
4173,+Z,+Z,550056,-0.064000000,-0.005499649,0.0,-0.064000000,-0.005499649
4174,+Z,+Z,550137,-0.061000000,-0.002516923,0.0,-0.061000000,-0.002516923
4175,+Z,+Z,550216,-0.057000000,0.001460044,0.0,-0.057000000,0.001460044
4176,+Z,+Z,550297,-0.065000000,-0.006493891,0.0,-0.065000000,-0.006493891
4177,+Z,+Z,550376,-0.058000000,0.000465802,0.0,-0.058000000,0.000465802
4178,+Z,+Z,550456,-0.056000000,0.002454286,0.0,-0.056000000,0.002454286
4179,+Z,+Z,550537,-0.060000000,-0.001522681,0.0,-0.060000000,-0.001522681
4180,+Z,+Z,550616,-0.060000000,-0.001522681,0.0,-0.060000000,-0.001522681
4181,+Z,+Z,550696,-0.048000000,0.010408221,0.0,-0.048000000,0.010408221
4182,+Z,+Z,550777,-0.061000000,-0.002516923,0.0,-0.061000000,-0.002516923
4183,+Z,+Z,550856,-0.058000000,0.000465802,0.0,-0.058000000,0.000465802
4184,+Z,+Z,550937,-0.057000000,0.001460044,0.0,-0.057000000,0.001460044
4185,+Z,+Z,551016,-0.057000000,0.001460044,0.0,-0.057000000,0.001460044
4186,+Z,+Z,551096,-0.057000000,0.001460044,0.0,-0.057000000,0.001460044
4187,+Z,+Z,551177,-0.061000000,-0.002516923,0.0,-0.061000000,-0.002516923
4188,+Z,+Z,551256,-0.057000000,0.001460044,0.0,-0.057000000,0.001460044
4189,+Z,+Z,551336,-0.053000000,0.005437012,0.0,-0.053000000,0.005437012
4190,+Z,+Z,551417,-0.055000000,0.003448528,0.0,-0.055000000,0.003448528
4191,+Z,+Z,551496,-0.056000000,0.002454286,0.0,-0.056000000,0.002454286
4192,+Z,+Z,551577,-0.053000000,0.005437012,0.0,-0.053000000,0.005437012
4193,+Z,+Z,551656,-0.053000000,0.005437012,0.0,-0.053000000,0.005437012
4194,+Z,+Z,551736,-0.057000000,0.001460044,0.0,-0.057000000,0.001460044
4195,+Z,+Z,551817,-0.052000000,0.006431253,0.0,-0.052000000,0.006431253
4196,+Z,+Z,551896,-0.055000000,0.003448528,0.0,-0.055000000,0.003448528
4197,+Z,+Z,551976,-0.063000000,-0.004505407,0.0,-0.063000000,-0.004505407
4198,+Z,+Z,552057,-0.058000000,0.000465802,0.0,-0.058000000,0.000465802
4199,+Z,+Z,552136,-0.057000000,0.001460044,0.0,-0.057000000,0.001460044
4200,+Z,+Z,552217,-0.056000000,0.002454286,0.0,-0.056000000,0.002454286
4201,+Z,+Z,552296,-0.050000000,0.008419737,0.0,-0.050000000,0.008419737
4202,+Z,+Z,552376,-0.063000000,-0.004505407,0.0,-0.063000000,-0.004505407
4203,+Z,+Z,552457,-0.061000000,-0.002516923,0.0,-0.061000000,-0.002516923
4204,+Z,+Z,552536,-0.055000000,0.003448528,0.0,-0.055000000,0.003448528
4205,+Z,+Z,552616,-0.055000000,0.003448528,0.0,-0.055000000,0.003448528
4206,+Z,+Z,552697,-0.056000000,0.002454286,0.0,-0.056000000,0.002454286
4207,+Z,+Z,552776,-0.061000000,-0.002516923,0.0,-0.061000000,-0.002516923
4208,+Z,+Z,552856,-0.057000000,0.001460044,0.0,-0.057000000,0.001460044
4209,+Z,+Z,552937,-0.058000000,0.000465802,0.0,-0.058000000,0.000465802
4210,+Z,+Z,553016,-0.057000000,0.001460044,0.0,-0.057000000,0.001460044
4211,+Z,+Z,553097,-0.049000000,0.009413979,0.0,-0.049000000,0.009413979
4212,+Z,+Z,553176,-0.064000000,-0.005499649,0.0,-0.064000000,-0.005499649
4213,+Z,+Z,553256,-0.058000000,0.000465802,0.0,-0.058000000,0.000465802
4214,+Z,+Z,553337,-0.055000000,0.003448528,0.0,-0.055000000,0.003448528
4215,+Z,+Z,553416,-0.057000000,0.001460044,0.0,-0.057000000,0.001460044
4216,+Z,+Z,553496,-0.056000000,0.002454286,0.0,-0.056000000,0.002454286
4217,+Z,+Z,553577,-0.057000000,0.001460044,0.0,-0.057000000,0.001460044
4218,+Z,+Z,553656,-0.057000000,0.001460044,0.0,-0.057000000,0.001460044
4219,+Z,+Z,553737,-0.057000000,0.001460044,0.0,-0.057000000,0.001460044
4220,+Z,+Z,553817,-0.061000000,-0.002516923,0.0,-0.061000000,-0.002516923
4221,+Z,+Z,553896,-0.056000000,0.002454286,0.0,-0.056000000,0.002454286
4222,+Z,+Z,553977,-0.057000000,0.001460044,0.0,-0.057000000,0.001460044
4223,+Z,+Z,554056,-0.057000000,0.001460044,0.0,-0.057000000,0.001460044
4224,+Z,+Z,554136,-0.057000000,0.001460044,0.0,-0.057000000,0.001460044
4225,+Z,+Z,554217,-0.057000000,0.001460044,0.0,-0.057000000,0.001460044
4226,+Z,+Z,554296,-0.065000000,-0.006493891,0.0,-0.065000000,-0.006493891
4227,+Z,+Z,554376,-0.060000000,-0.001522681,0.0,-0.060000000,-0.001522681
4228,+Z,+Z,554457,-0.057000000,0.001460044,0.0,-0.057000000,0.001460044
4229,+Z,+Z,554536,-0.058000000,0.000465802,0.0,-0.058000000,0.000465802
4230,+Z,+Z,554617,-0.057000000,0.001460044,0.0,-0.057000000,0.001460044
4231,+Z,+Z,554696,-0.057000000,0.001460044,0.0,-0.057000000,0.001460044
4232,+Z,+Z,554776,-0.064000000,-0.005499649,0.0,-0.064000000,-0.005499649
4233,+Z,+Z,554857,-0.056000000,0.002454286,0.0,-0.056000000,0.002454286
4234,+Z,+Z,554936,-0.056000000,0.002454286,0.0,-0.056000000,0.002454286
4235,+Z,+Z,555016,-0.057000000,0.001460044,0.0,-0.057000000,0.001460044
4236,+Z,+Z,555097,-0.053000000,0.005437012,0.0,-0.053000000,0.005437012
4237,+Z,+Z,555176,-0.056000000,0.002454286,0.0,-0.056000000,0.002454286
4238,+Z,+Z,555257,-0.057000000,0.001460044,0.0,-0.057000000,0.001460044
4239,+Z,+Z,555337,-0.055000000,0.003448528,0.0,-0.055000000,0.003448528
4240,+Z,+Z,555416,-0.061000000,-0.002516923,0.0,-0.061000000,-0.002516923
4241,+Z,+Z,555497,-0.055000000,0.003448528,0.0,-0.055000000,0.003448528
4242,+Z,+Z,555576,-0.054000000,0.004442770,0.0,-0.054000000,0.004442770
4243,+Z,+Z,555656,-0.061000000,-0.002516923,0.0,-0.061000000,-0.002516923
4244,+Z,+Z,555737,-0.061000000,-0.002516923,0.0,-0.061000000,-0.002516923
4245,+Z,+Z,555816,-0.064000000,-0.005499649,0.0,-0.064000000,-0.005499649
4246,+Z,+Z,555896,-0.057000000,0.001460044,0.0,-0.057000000,0.001460044
4247,+Z,+Z,555977,-0.061000000,-0.002516923,0.0,-0.061000000,-0.002516923
4248,+Z,+Z,556056,-0.057000000,0.001460044,0.0,-0.057000000,0.001460044
4249,+Z,+Z,556137,-0.056000000,0.002454286,0.0,-0.056000000,0.002454286
4250,+Z,+Z,556216,-0.056000000,0.002454286,0.0,-0.056000000,0.002454286
4251,+Z,+Z,556296,-0.058000000,0.000465802,0.0,-0.058000000,0.000465802
4252,+Z,+Z,556377,-0.058000000,0.000465802,0.0,-0.058000000,0.000465802
4253,+Z,+Z,556456,-0.053000000,0.005437012,0.0,-0.053000000,0.005437012
4254,+Z,+Z,556536,-0.060000000,-0.001522681,0.0,-0.060000000,-0.001522681
4255,+Z,+Z,556617,-0.057000000,0.001460044,0.0,-0.057000000,0.001460044
4256,+Z,+Z,556696,-0.057000000,0.001460044,0.0,-0.057000000,0.001460044
4257,+Z,+Z,556776,-0.057000000,0.001460044,0.0,-0.057000000,0.001460044
4258,+Z,+Z,556857,-0.048000000,0.010408221,0.0,-0.048000000,0.010408221
4259,+Z,+Z,556936,-0.057000000,0.001460044,0.0,-0.057000000,0.001460044
4260,+Z,+Z,557017,-0.055000000,0.003448528,0.0,-0.055000000,0.003448528
4261,+Z,+Z,557096,-0.053000000,0.005437012,0.0,-0.053000000,0.005437012
4262,+Z,+Z,557176,-0.057000000,0.001460044,0.0,-0.057000000,0.001460044
4263,+Z,+Z,557257,-0.055000000,0.003448528,0.0,-0.055000000,0.003448528
4264,+Z,+Z,557336,-0.056000000,0.002454286,0.0,-0.056000000,0.002454286
4265,+Z,+Z,557416,-0.056000000,0.002454286,0.0,-0.056000000,0.002454286
4266,+Z,+Z,557497,-0.057000000,0.001460044,0.0,-0.057000000,0.001460044
4267,+Z,+Z,557576,-0.053000000,0.005437012,0.0,-0.053000000,0.005437012
4268,+Z,+Z,557656,-0.057000000,0.001460044,0.0,-0.057000000,0.001460044
4269,+Z,+Z,557737,-0.057000000,0.001460044,0.0,-0.057000000,0.001460044
4270,+Z,+Z,557816,-0.057000000,0.001460044,0.0,-0.057000000,0.001460044
4271,+Z,+Z,557897,-0.057000000,0.001460044,0.0,-0.057000000,0.001460044
4272,+Z,+Z,557976,-0.057000000,0.001460044,0.0,-0.057000000,0.001460044
4273,+Z,+Z,558056,-0.058000000,0.000465802,0.0,-0.058000000,0.000465802
4274,+Z,+Z,558137,-0.057000000,0.001460044,0.0,-0.057000000,0.001460044
4275,+Z,+Z,558216,-0.052000000,0.006431253,0.0,-0.052000000,0.006431253
4276,+Z,+Z,558296,-0.052000000,0.006431253,0.0,-0.052000000,0.006431253
4277,+Z,+Z,558377,-0.056000000,0.002454286,0.0,-0.056000000,0.002454286
4278,+Z,+Z,558456,-0.056000000,0.002454286,0.0,-0.056000000,0.002454286
4279,+Z,+Z,558537,-0.056000000,0.002454286,0.0,-0.056000000,0.002454286
4280,+Z,+Z,558617,-0.057000000,0.001460044,0.0,-0.057000000,0.001460044
4281,+Z,+Z,558696,-0.057000000,0.001460044,0.0,-0.057000000,0.001460044
4282,+Z,+Z,558777,-0.057000000,0.001460044,0.0,-0.057000000,0.001460044
4283,+Z,+Z,558856,-0.052000000,0.006431253,0.0,-0.052000000,0.006431253
4284,+Z,+Z,558936,-0.057000000,0.001460044,0.0,-0.057000000,0.001460044
4285,+Z,+Z,559017,-0.055000000,0.003448528,0.0,-0.055000000,0.003448528
4286,+Z,+Z,559096,-0.053000000,0.005437012,0.0,-0.053000000,0.005437012
4287,+Z,+Z,559176,-0.055000000,0.003448528,0.0,-0.055000000,0.003448528
4288,+Z,+Z,559257,-0.061000000,-0.002516923,0.0,-0.061000000,-0.002516923
4289,+Z,+Z,559336,-0.057000000,0.001460044,0.0,-0.057000000,0.001460044
4290,+Z,+Z,559416,-0.056000000,0.002454286,0.0,-0.056000000,0.002454286
4291,+Z,+Z,559497,-0.057000000,0.001460044,0.0,-0.057000000,0.001460044
4292,+Z,+Z,559576,-0.057000000,0.001460044,0.0,-0.057000000,0.001460044
4293,+Z,+Z,559657,-0.056000000,0.002454286,0.0,-0.056000000,0.002454286
4294,+Z,+Z,559736,-0.060000000,-0.001522681,0.0,-0.060000000,-0.001522681
4295,+Z,+Z,559816,-0.060000000,-0.001522681,0.0,-0.060000000,-0.001522681
4296,+Z,+Z,559897,-0.064000000,-0.005499649,0.0,-0.064000000,-0.005499649
4297,+Z,+Z,559976,-0.056000000,0.002454286,0.0,-0.056000000,0.002454286
4298,+Z,+Z,560056,-0.057000000,0.001460044,0.0,-0.057000000,0.001460044
4299,+Z,+Z,560137,-0.057000000,0.001460044,0.0,-0.057000000,0.001460044
4300,+Z,+Z,560216,-0.063000000,-0.004505407,0.0,-0.063000000,-0.004505407
4301,+Z,+Z,560296,-0.061000000,-0.002516923,0.0,-0.061000000,-0.002516923
4302,+Z,+Z,560377,-0.058000000,0.000465802,0.0,-0.058000000,0.000465802
4303,+Z,+Z,560456,-0.058000000,0.000465802,0.0,-0.058000000,0.000465802
4304,+Z,+Z,560537,-0.060000000,-0.001522681,0.0,-0.060000000,-0.001522681
4305,+Z,+Z,560617,-0.056000000,0.002454286,0.0,-0.056000000,0.002454286
4306,+Z,+Z,560696,-0.058000000,0.000465802,0.0,-0.058000000,0.000465802
4307,+Z,+Z,560777,-0.057000000,0.001460044,0.0,-0.057000000,0.001460044
4308,+Z,+Z,560856,-0.057000000,0.001460044,0.0,-0.057000000,0.001460044
4309,+Z,+Z,560936,-0.047000000,0.011402463,0.0,-0.047000000,0.011402463
4310,+Z,+Z,561017,-0.057000000,0.001460044,0.0,-0.057000000,0.001460044
4311,+Z,+Z,561096,-0.052000000,0.006431253,0.0,-0.052000000,0.006431253
4312,+Z,+Z,561176,-0.057000000,0.001460044,0.0,-0.057000000,0.001460044
4313,+Z,+Z,561257,-0.057000000,0.001460044,0.0,-0.057000000,0.001460044
4314,+Z,+Z,561336,-0.063000000,-0.004505407,0.0,-0.063000000,-0.004505407
4315,+Z,+Z,561417,-0.056000000,0.002454286,0.0,-0.056000000,0.002454286
4316,+Z,+Z,561496,-0.056000000,0.002454286,0.0,-0.056000000,0.002454286
4317,+Z,+Z,561576,-0.050000000,0.008419737,0.0,-0.050000000,0.008419737
4318,+Z,+Z,561657,-0.057000000,0.001460044,0.0,-0.057000000,0.001460044
4319,+Z,+Z,561736,-0.052000000,0.006431253,0.0,-0.052000000,0.006431253
4320,+Z,+Z,561816,-0.056000000,0.002454286,0.0,-0.056000000,0.002454286
4321,+Z,+Z,561897,-0.056000000,0.002454286,0.0,-0.056000000,0.002454286
4322,+Z,+Z,561976,-0.057000000,0.001460044,0.0,-0.057000000,0.001460044
4323,+Z,+Z,562057,-0.056000000,0.002454286,0.0,-0.056000000,0.002454286
4324,+Z,+Z,562136,-0.057000000,0.001460044,0.0,-0.057000000,0.001460044
4325,+Z,+Z,562216,-0.058000000,0.000465802,0.0,-0.058000000,0.000465802
4326,+Z,+Z,562297,-0.058000000,0.000465802,0.0,-0.058000000,0.000465802
4327,+Z,+Z,562376,-0.065000000,-0.006493891,0.0,-0.065000000,-0.006493891
4328,+Z,+Z,562456,-0.052000000,0.006431253,0.0,-0.052000000,0.006431253
4329,+Z,+Z,562537,-0.055000000,0.003448528,0.0,-0.055000000,0.003448528
4330,+Z,+Z,562616,-0.057000000,0.001460044,0.0,-0.057000000,0.001460044
4331,+Z,+Z,562696,-0.061000000,-0.002516923,0.0,-0.061000000,-0.002516923
4332,+Z,+Z,562777,-0.055000000,0.003448528,0.0,-0.055000000,0.003448528
4333,+Z,+Z,562856,-0.052000000,0.006431253,0.0,-0.052000000,0.006431253
4334,+Z,+Z,562937,-0.052000000,0.006431253,0.0,-0.052000000,0.006431253
4335,+Z,+Z,563016,-0.057000000,0.001460044,0.0,-0.057000000,0.001460044
4336,+Z,+Z,563096,-0.050000000,0.008419737,0.0,-0.050000000,0.008419737
4337,+Z,+Z,563177,-0.061000000,-0.002516923,0.0,-0.061000000,-0.002516923
4338,+Z,+Z,563256,-0.057000000,0.001460044,0.0,-0.057000000,0.001460044
4339,+Z,+Z,563336,-0.057000000,0.001460044,0.0,-0.057000000,0.001460044
4340,+Z,+Z,563417,-0.052000000,0.006431253,0.0,-0.052000000,0.006431253
4341,+Z,+Z,563496,-0.056000000,0.002454286,0.0,-0.056000000,0.002454286
4342,+Z,+Z,563576,-0.057000000,0.001460044,0.0,-0.057000000,0.001460044
4343,+Z,+Z,563657,-0.056000000,0.002454286,0.0,-0.056000000,0.002454286
4344,+Z,+Z,563736,-0.057000000,0.001460044,0.0,-0.057000000,0.001460044
4345,+Z,+Z,563817,-0.057000000,0.001460044,0.0,-0.057000000,0.001460044
4346,+Z,+Z,563897,-0.057000000,0.001460044,0.0,-0.057000000,0.001460044
4347,+Z,+Z,563976,-0.057000000,0.001460044,0.0,-0.057000000,0.001460044
4348,+Z,+Z,564057,-0.048000000,0.010408221,0.0,-0.048000000,0.010408221
4349,+Z,+Z,564136,-0.053000000,0.005437012,0.0,-0.053000000,0.005437012
4350,+Z,+Z,564216,-0.057000000,0.001460044,0.0,-0.057000000,0.001460044
4351,+Z,+Z,564297,-0.056000000,0.002454286,0.0,-0.056000000,0.002454286
4352,+Z,+Z,564376,-0.058000000,0.000465802,0.0,-0.058000000,0.000465802
4353,+Z,+Z,564456,-0.056000000,0.002454286,0.0,-0.056000000,0.002454286
4354,+Z,+Z,564537,-0.052000000,0.006431253,0.0,-0.052000000,0.006431253
4355,+Z,+Z,564616,-0.053000000,0.005437012,0.0,-0.053000000,0.005437012
4356,+Z,+Z,564696,-0.056000000,0.002454286,0.0,-0.056000000,0.002454286
4357,+Z,+Z,564777,-0.063000000,-0.004505407,0.0,-0.063000000,-0.004505407
4358,+Z,+Z,564856,-0.057000000,0.001460044,0.0,-0.057000000,0.001460044
4359,+Z,+Z,564937,-0.057000000,0.001460044,0.0,-0.057000000,0.001460044
4360,+Z,+Z,565016,-0.057000000,0.001460044,0.0,-0.057000000,0.001460044
4361,+Z,+Z,565096,-0.063000000,-0.004505407,0.0,-0.063000000,-0.004505407
4362,+Z,+Z,565177,-0.056000000,0.002454286,0.0,-0.056000000,0.002454286
4363,+Z,+Z,565256,-0.055000000,0.003448528,0.0,-0.055000000,0.003448528
4364,+Z,+Z,565336,-0.056000000,0.002454286,0.0,-0.056000000,0.002454286
4365,+Z,+Z,565417,-0.058000000,0.000465802,0.0,-0.058000000,0.000465802
4366,+Z,+Z,565496,-0.058000000,0.000465802,0.0,-0.058000000,0.000465802
4367,+Z,+Z,565576,-0.061000000,-0.002516923,0.0,-0.061000000,-0.002516923
4368,+Z,+Z,565657,-0.061000000,-0.002516923,0.0,-0.061000000,-0.002516923
4369,+Z,+Z,565736,-0.058000000,0.000465802,0.0,-0.058000000,0.000465802
4370,+Z,+Z,565817,-0.059000000,-0.000528440,0.0,-0.059000000,-0.000528440
4371,+Z,+Z,565896,-0.061000000,-0.002516923,0.0,-0.061000000,-0.002516923
4372,+Z,+Z,565976,-0.061000000,-0.002516923,0.0,-0.061000000,-0.002516923
4373,+Z,+Z,566057,-0.058000000,0.000465802,0.0,-0.058000000,0.000465802
4374,+Z,+Z,566136,-0.057000000,0.001460044,0.0,-0.057000000,0.001460044
4375,+Z,+Z,566216,-0.056000000,0.002454286,0.0,-0.056000000,0.002454286
4376,+Z,+Z,566297,-0.056000000,0.002454286,0.0,-0.056000000,0.002454286
4377,+Z,+Z,566376,-0.061000000,-0.002516923,0.0,-0.061000000,-0.002516923
4378,+Z,+Z,566456,-0.064000000,-0.005499649,0.0,-0.064000000,-0.005499649
4379,+Z,+Z,566537,-0.049000000,0.009413979,0.0,-0.049000000,0.009413979
4380,+Z,+Z,566616,-0.056000000,0.002454286,0.0,-0.056000000,0.002454286
4381,+Z,+Z,566697,-0.057000000,0.001460044,0.0,-0.057000000,0.001460044
4382,+Z,+Z,566777,-0.061000000,-0.002516923,0.0,-0.061000000,-0.002516923
4383,+Z,+Z,566856,-0.049000000,0.009413979,0.0,-0.049000000,0.009413979
4384,+Z,+Z,566937,-0.057000000,0.001460044,0.0,-0.057000000,0.001460044
4385,+Z,+Z,567016,-0.057000000,0.001460044,0.0,-0.057000000,0.001460044
4386,+Z,+Z,567096,-0.056000000,0.002454286,0.0,-0.056000000,0.002454286
4387,+Z,+Z,567177,-0.056000000,0.002454286,0.0,-0.056000000,0.002454286
4388,+Z,+Z,567256,-0.057000000,0.001460044,0.0,-0.057000000,0.001460044
4389,+Z,+Z,567336,-0.057000000,0.001460044,0.0,-0.057000000,0.001460044
4390,+Z,+Z,567417,-0.064000000,-0.005499649,0.0,-0.064000000,-0.005499649
4391,+Z,+Z,567496,-0.057000000,0.001460044,0.0,-0.057000000,0.001460044
4392,+Z,+Z,567576,-0.061000000,-0.002516923,0.0,-0.061000000,-0.002516923
4393,+Z,+Z,567657,-0.057000000,0.001460044,0.0,-0.057000000,0.001460044
4394,+Z,+Z,567736,-0.057000000,0.001460044,0.0,-0.057000000,0.001460044
4395,+Z,+Z,567817,-0.057000000,0.001460044,0.0,-0.057000000,0.001460044
4396,+Z,+Z,567896,-0.058000000,0.000465802,0.0,-0.058000000,0.000465802
4397,+Z,+Z,567976,-0.061000000,-0.002516923,0.0,-0.061000000,-0.002516923
4398,+Z,+Z,568057,-0.061000000,-0.002516923,0.0,-0.061000000,-0.002516923
4399,+Z,+Z,568136,-0.056000000,0.002454286,0.0,-0.056000000,0.002454286
4400,+Z,+Z,568216,-0.047000000,0.011402463,0.0,-0.047000000,0.011402463
4401,+Z,+Z,568297,-0.056000000,0.002454286,0.0,-0.056000000,0.002454286
4402,+Z,+Z,568376,-0.057000000,0.001460044,0.0,-0.057000000,0.001460044
4403,+Z,+Z,568456,-0.056000000,0.002454286,0.0,-0.056000000,0.002454286
4404,+Z,+Z,568537,-0.057000000,0.001460044,0.0,-0.057000000,0.001460044
4405,+Z,+Z,568616,-0.055000000,0.003448528,0.0,-0.055000000,0.003448528
4406,+Z,+Z,568697,-0.057000000,0.001460044,0.0,-0.057000000,0.001460044
4407,+Z,+Z,568776,-0.061000000,-0.002516923,0.0,-0.061000000,-0.002516923
4408,+Z,+Z,568856,-0.050000000,0.008419737,0.0,-0.050000000,0.008419737
4409,+Z,+Z,568937,-0.056000000,0.002454286,0.0,-0.056000000,0.002454286
4410,+Z,+Z,569016,-0.058000000,0.000465802,0.0,-0.058000000,0.000465802
4411,+Z,+Z,569096,-0.058000000,0.000465802,0.0,-0.058000000,0.000465802
4412,+Z,+Z,569177,-0.057000000,0.001460044,0.0,-0.057000000,0.001460044
4413,+Z,+Z,569256,-0.057000000,0.001460044,0.0,-0.057000000,0.001460044
4414,+Z,+Z,569337,-0.057000000,0.001460044,0.0,-0.057000000,0.001460044
4415,+Z,+Z,569416,-0.057000000,0.001460044,0.0,-0.057000000,0.001460044
4416,+Z,+Z,569496,-0.057000000,0.001460044,0.0,-0.057000000,0.001460044
4417,+Z,+Z,569577,-0.058000000,0.000465802,0.0,-0.058000000,0.000465802
4418,+Z,+Z,569656,-0.061000000,-0.002516923,0.0,-0.061000000,-0.002516923
4419,+Z,+Z,569736,-0.053000000,0.005437012,0.0,-0.053000000,0.005437012
4420,+Z,+Z,569817,-0.057000000,0.001460044,0.0,-0.057000000,0.001460044
4421,+Z,+Z,569896,-0.060000000,-0.001522681,0.0,-0.060000000,-0.001522681
4422,+Z,+Z,569977,-0.057000000,0.001460044,0.0,-0.057000000,0.001460044
4423,+Z,+Z,570057,-0.057000000,0.001460044,0.0,-0.057000000,0.001460044
4424,+Z,+Z,570136,-0.057000000,0.001460044,0.0,-0.057000000,0.001460044
4425,+Z,+Z,570217,-0.058000000,0.000465802,0.0,-0.058000000,0.000465802
4426,+Z,+Z,570296,-0.058000000,0.000465802,0.0,-0.058000000,0.000465802
4427,+Z,+Z,570376,-0.057000000,0.001460044,0.0,-0.057000000,0.001460044
4428,+Z,+Z,570457,-0.060000000,-0.001522681,0.0,-0.060000000,-0.001522681
4429,+Z,+Z,570536,-0.057000000,0.001460044,0.0,-0.057000000,0.001460044
4430,+Z,+Z,570616,-0.061000000,-0.002516923,0.0,-0.061000000,-0.002516923
4431,+Z,+Z,570697,-0.061000000,-0.002516923,0.0,-0.061000000,-0.002516923
4432,+Z,+Z,570776,-0.061000000,-0.002516923,0.0,-0.061000000,-0.002516923
4433,+Z,+Z,570857,-0.055000000,0.003448528,0.0,-0.055000000,0.003448528
4434,+Z,+Z,570936,-0.056000000,0.002454286,0.0,-0.056000000,0.002454286
4435,+Z,+Z,571016,-0.053000000,0.005437012,0.0,-0.053000000,0.005437012
4436,+Z,+Z,571097,-0.053000000,0.005437012,0.0,-0.053000000,0.005437012
4437,+Z,+Z,571176,-0.053000000,0.005437012,0.0,-0.053000000,0.005437012
4438,+Z,+Z,571256,-0.056000000,0.002454286,0.0,-0.056000000,0.002454286
4439,+Z,+Z,571337,-0.057000000,0.001460044,0.0,-0.057000000,0.001460044
4440,+Z,+Z,571416,-0.056000000,0.002454286,0.0,-0.056000000,0.002454286
4441,+Z,+Z,571497,-0.055000000,0.003448528,0.0,-0.055000000,0.003448528
4442,+Z,+Z,571576,-0.057000000,0.001460044,0.0,-0.057000000,0.001460044
4443,+Z,+Z,571656,-0.053000000,0.005437012,0.0,-0.053000000,0.005437012
4444,+Z,+Z,571737,-0.052000000,0.006431253,0.0,-0.052000000,0.006431253
4445,+Z,+Z,571816,-0.053000000,0.005437012,0.0,-0.053000000,0.005437012
4446,+Z,+Z,571896,-0.053000000,0.005437012,0.0,-0.053000000,0.005437012
4447,+Z,+Z,571977,-0.057000000,0.001460044,0.0,-0.057000000,0.001460044
4448,+Z,+Z,572056,-0.061000000,-0.002516923,0.0,-0.061000000,-0.002516923
4449,+Z,+Z,572137,-0.061000000,-0.002516923,0.0,-0.061000000,-0.002516923
4450,+Z,+Z,572217,-0.057000000,0.001460044,0.0,-0.057000000,0.001460044
4451,+Z,+Z,572296,-0.061000000,-0.002516923,0.0,-0.061000000,-0.002516923
4452,+Z,+Z,572377,-0.056000000,0.002454286,0.0,-0.056000000,0.002454286
4453,+Z,+Z,572456,-0.057000000,0.001460044,0.0,-0.057000000,0.001460044
4454,+Z,+Z,572536,-0.058000000,0.000465802,0.0,-0.058000000,0.000465802
4455,+Z,+Z,572617,-0.057000000,0.001460044,0.0,-0.057000000,0.001460044
4456,+Z,+Z,572696,-0.055000000,0.003448528,0.0,-0.055000000,0.003448528
4457,+Z,+Z,572776,-0.055000000,0.003448528,0.0,-0.055000000,0.003448528
4458,+Z,+Z,572857,-0.056000000,0.002454286,0.0,-0.056000000,0.002454286
4459,+Z,+Z,572936,-0.055000000,0.003448528,0.0,-0.055000000,0.003448528
4460,+Z,+Z,573017,-0.057000000,0.001460044,0.0,-0.057000000,0.001460044
4461,+Z,+Z,573096,-0.057000000,0.001460044,0.0,-0.057000000,0.001460044
4462,+Z,+Z,573176,-0.057000000,0.001460044,0.0,-0.057000000,0.001460044
4463,+Z,+Z,573257,-0.057000000,0.001460044,0.0,-0.057000000,0.001460044
4464,+Z,+Z,573336,-0.061000000,-0.002516923,0.0,-0.061000000,-0.002516923
4465,+Z,+Z,573416,-0.057000000,0.001460044,0.0,-0.057000000,0.001460044
4466,+Z,+Z,573497,-0.057000000,0.001460044,0.0,-0.057000000,0.001460044
4467,+Z,+Z,573576,-0.056000000,0.002454286,0.0,-0.056000000,0.002454286
4468,+Z,+Z,573657,-0.058000000,0.000465802,0.0,-0.058000000,0.000465802
4469,+Z,+Z,573736,-0.061000000,-0.002516923,0.0,-0.061000000,-0.002516923
4470,+Z,+Z,573816,-0.055000000,0.003448528,0.0,-0.055000000,0.003448528
4471,+Z,+Z,573897,-0.057000000,0.001460044,0.0,-0.057000000,0.001460044
4472,+Z,+Z,573976,-0.057000000,0.001460044,0.0,-0.057000000,0.001460044
4473,+Z,+Z,574056,-0.058000000,0.000465802,0.0,-0.058000000,0.000465802
4474,+Z,+Z,574137,-0.056000000,0.002454286,0.0,-0.056000000,0.002454286
4475,+Z,+Z,574216,-0.056000000,0.002454286,0.0,-0.056000000,0.002454286
4476,+Z,+Z,574296,-0.056000000,0.002454286,0.0,-0.056000000,0.002454286
4477,+Z,+Z,574377,-0.049000000,0.009413979,0.0,-0.049000000,0.009413979
4478,+Z,+Z,574456,-0.060000000,-0.001522681,0.0,-0.060000000,-0.001522681
4479,+Z,+Z,574537,-0.057000000,0.001460044,0.0,-0.057000000,0.001460044
4480,+Z,+Z,574616,-0.061000000,-0.002516923,0.0,-0.061000000,-0.002516923
4481,+Z,+Z,574696,-0.053000000,0.005437012,0.0,-0.053000000,0.005437012
4482,+Z,+Z,574777,-0.055000000,0.003448528,0.0,-0.055000000,0.003448528
4483,+Z,+Z,574856,-0.057000000,0.001460044,0.0,-0.057000000,0.001460044
4484,+Z,+Z,574936,-0.057000000,0.001460044,0.0,-0.057000000,0.001460044
4485,+Z,+Z,575017,-0.056000000,0.002454286,0.0,-0.056000000,0.002454286
4486,+Z,+Z,575096,-0.057000000,0.001460044,0.0,-0.057000000,0.001460044
4487,+Z,+Z,575176,-0.058000000,0.000465802,0.0,-0.058000000,0.000465802
4488,+Z,+Z,575257,-0.058000000,0.000465802,0.0,-0.058000000,0.000465802
4489,+Z,+Z,575336,-0.053000000,0.005437012,0.0,-0.053000000,0.005437012
4490,+Z,+Z,575417,-0.056000000,0.002454286,0.0,-0.056000000,0.002454286
4491,+Z,+Z,575497,-0.057000000,0.001460044,0.0,-0.057000000,0.001460044
4492,+Z,+Z,575576,-0.057000000,0.001460044,0.0,-0.057000000,0.001460044
4493,+Z,+Z,575657,-0.053000000,0.005437012,0.0,-0.053000000,0.005437012
4494,+Z,+Z,575736,-0.053000000,0.005437012,0.0,-0.053000000,0.005437012
4495,+Z,+Z,575816,-0.060000000,-0.001522681,0.0,-0.060000000,-0.001522681
4496,+Z,+Z,575897,-0.057000000,0.001460044,0.0,-0.057000000,0.001460044
4497,+Z,+Z,575976,-0.057000000,0.001460044,0.0,-0.057000000,0.001460044
4498,+Z,+Z,576056,-0.056000000,0.002454286,0.0,-0.056000000,0.002454286
4499,+Z,+Z,576137,-0.061000000,-0.002516923,0.0,-0.061000000,-0.002516923
4500,+Z,+Z,576216,-0.058000000,0.000465802,0.0,-0.058000000,0.000465802
4501,+Z,+Z,576296,-0.058000000,0.000465802,0.0,-0.058000000,0.000465802
4502,+Z,+Z,576377,-0.060000000,-0.001522681,0.0,-0.060000000,-0.001522681
4503,+Z,+Z,576456,-0.060000000,-0.001522681,0.0,-0.060000000,-0.001522681
4504,+Z,+Z,576537,-0.052000000,0.006431253,0.0,-0.052000000,0.006431253
4505,+Z,+Z,576616,-0.057000000,0.001460044,0.0,-0.057000000,0.001460044
4506,+Z,+Z,576696,-0.057000000,0.001460044,0.0,-0.057000000,0.001460044
4507,+Z,+Z,576777,-0.056000000,0.002454286,0.0,-0.056000000,0.002454286
4508,+Z,+Z,576856,-0.061000000,-0.002516923,0.0,-0.061000000,-0.002516923
4509,+Z,+Z,576937,-0.052000000,0.006431253,0.0,-0.052000000,0.006431253
4510,+Z,+Z,577017,-0.055000000,0.003448528,0.0,-0.055000000,0.003448528
4511,+Z,+Z,577096,-0.055000000,0.003448528,0.0,-0.055000000,0.003448528
4512,+Z,+Z,577177,-0.056000000,0.002454286,0.0,-0.056000000,0.002454286
4513,+Z,+Z,577256,-0.057000000,0.001460044,0.0,-0.057000000,0.001460044
4514,+Z,+Z,577336,-0.057000000,0.001460044,0.0,-0.057000000,0.001460044
4515,+Z,+Z,577417,-0.058000000,0.000465802,0.0,-0.058000000,0.000465802
4516,+Z,+Z,577496,-0.056000000,0.002454286,0.0,-0.056000000,0.002454286
4517,+Z,+Z,577576,-0.057000000,0.001460044,0.0,-0.057000000,0.001460044
4518,+Z,+Z,577657,-0.058000000,0.000465802,0.0,-0.058000000,0.000465802
4519,+Z,+Z,577736,-0.058000000,0.000465802,0.0,-0.058000000,0.000465802
4520,+Z,+Z,577817,-0.057000000,0.001460044,0.0,-0.057000000,0.001460044
4521,+Z,+Z,577897,-0.057000000,0.001460044,0.0,-0.057000000,0.001460044
4522,+Z,+Z,577976,-0.055000000,0.003448528,0.0,-0.055000000,0.003448528
4523,+Z,+Z,578057,-0.061000000,-0.002516923,0.0,-0.061000000,-0.002516923
4524,+Z,+Z,578136,-0.061000000,-0.002516923,0.0,-0.061000000,-0.002516923
4525,+Z,+Z,578216,-0.060000000,-0.001522681,0.0,-0.060000000,-0.001522681
4526,+Z,+Z,578297,-0.057000000,0.001460044,0.0,-0.057000000,0.001460044
4527,+Z,+Z,578376,-0.057000000,0.001460044,0.0,-0.057000000,0.001460044
4528,+Z,+Z,578456,-0.057000000,0.001460044,0.0,-0.057000000,0.001460044
4529,+Z,+Z,578537,-0.058000000,0.000465802,0.0,-0.058000000,0.000465802
4530,+Z,+Z,578616,-0.053000000,0.005437012,0.0,-0.053000000,0.005437012
4531,+Z,+Z,578696,-0.058000000,0.000465802,0.0,-0.058000000,0.000465802
4532,+Z,+Z,578777,-0.056000000,0.002454286,0.0,-0.056000000,0.002454286
4533,+Z,+Z,578856,-0.056000000,0.002454286,0.0,-0.056000000,0.002454286
4534,+Z,+Z,578937,-0.058000000,0.000465802,0.0,-0.058000000,0.000465802
4535,+Z,+Z,579016,-0.057000000,0.001460044,0.0,-0.057000000,0.001460044
4536,+Z,+Z,579096,-0.055000000,0.003448528,0.0,-0.055000000,0.003448528
4537,+Z,+Z,579177,-0.057000000,0.001460044,0.0,-0.057000000,0.001460044
4538,+Z,+Z,579256,-0.063000000,-0.004505407,0.0,-0.063000000,-0.004505407
4539,+Z,+Z,579336,-0.063000000,-0.004505407,0.0,-0.063000000,-0.004505407
4540,+Z,+Z,579417,-0.057000000,0.001460044,0.0,-0.057000000,0.001460044
4541,+Z,+Z,579496,-0.057000000,0.001460044,0.0,-0.057000000,0.001460044
4542,+Z,+Z,579577,-0.057000000,0.001460044,0.0,-0.057000000,0.001460044
4543,+Z,+Z,579656,-0.055000000,0.003448528,0.0,-0.055000000,0.003448528
4544,+Z,+Z,579736,-0.057000000,0.001460044,0.0,-0.057000000,0.001460044
4545,+Z,+Z,579817,-0.058000000,0.000465802,0.0,-0.058000000,0.000465802
4546,+Z,+Z,579896,-0.057000000,0.001460044,0.0,-0.057000000,0.001460044
4547,+Z,+Z,579976,-0.055000000,0.003448528,0.0,-0.055000000,0.003448528
4548,+Z,+Z,580057,-0.063000000,-0.004505407,0.0,-0.063000000,-0.004505407
4549,+Z,+Z,580136,-0.057000000,0.001460044,0.0,-0.057000000,0.001460044
4550,+Z,+Z,580216,-0.057000000,0.001460044,0.0,-0.057000000,0.001460044
4551,+Z,+Z,580297,-0.057000000,0.001460044,0.0,-0.057000000,0.001460044
4552,+Z,+Z,580376,-0.057000000,0.001460044,0.0,-0.057000000,0.001460044
4553,+Z,+Z,580457,-0.056000000,0.002454286,0.0,-0.056000000,0.002454286
4554,+Z,+Z,580536,-0.053000000,0.005437012,0.0,-0.053000000,0.005437012
4555,+Z,+Z,580616,-0.056000000,0.002454286,0.0,-0.056000000,0.002454286
4556,+Z,+Z,580697,-0.063000000,-0.004505407,0.0,-0.063000000,-0.004505407
4557,+Z,+Z,580776,-0.057000000,0.001460044,0.0,-0.057000000,0.001460044
4558,+Z,+Z,580856,-0.057000000,0.001460044,0.0,-0.057000000,0.001460044
4559,+Z,+Z,580937,-0.057000000,0.001460044,0.0,-0.057000000,0.001460044
4560,+Z,+Z,581016,-0.061000000,-0.002516923,0.0,-0.061000000,-0.002516923
4561,+Z,+Z,581097,-0.057000000,0.001460044,0.0,-0.057000000,0.001460044
4562,+Z,+Z,581176,-0.061000000,-0.002516923,0.0,-0.061000000,-0.002516923
4563,+Z,+Z,581256,-0.057000000,0.001460044,0.0,-0.057000000,0.001460044
4564,+Z,+Z,581337,-0.057000000,0.001460044,0.0,-0.057000000,0.001460044
4565,+Z,+Z,581416,-0.057000000,0.001460044,0.0,-0.057000000,0.001460044
4566,+Z,+Z,581496,-0.057000000,0.001460044,0.0,-0.057000000,0.001460044
4567,+Z,+Z,581577,-0.052000000,0.006431253,0.0,-0.052000000,0.006431253
4568,+Z,+Z,581656,-0.056000000,0.002454286,0.0,-0.056000000,0.002454286
4569,+Z,+Z,581736,-0.058000000,0.000465802,0.0,-0.058000000,0.000465802
4570,+Z,+Z,581817,-0.056000000,0.002454286,0.0,-0.056000000,0.002454286
4571,+Z,+Z,581896,-0.055000000,0.003448528,0.0,-0.055000000,0.003448528
4572,+Z,+Z,581977,-0.057000000,0.001460044,0.0,-0.057000000,0.001460044
4573,+Z,+Z,582056,-0.057000000,0.001460044,0.0,-0.057000000,0.001460044
4574,+Z,+Z,582136,-0.057000000,0.001460044,0.0,-0.057000000,0.001460044
4575,+Z,+Z,582217,-0.057000000,0.001460044,0.0,-0.057000000,0.001460044
4576,+Z,+Z,582296,-0.056000000,0.002454286,0.0,-0.056000000,0.002454286
4577,+Z,+Z,582376,-0.052000000,0.006431253,0.0,-0.052000000,0.006431253
4578,+Z,+Z,582457,-0.052000000,0.006431253,0.0,-0.052000000,0.006431253
4579,+Z,+Z,582536,-0.056000000,0.002454286,0.0,-0.056000000,0.002454286
4580,+Z,+Z,582617,-0.061000000,-0.002516923,0.0,-0.061000000,-0.002516923
4581,+Z,+Z,582696,-0.057000000,0.001460044,0.0,-0.057000000,0.001460044
4582,+Z,+Z,582776,-0.056000000,0.002454286,0.0,-0.056000000,0.002454286
4583,+Z,+Z,582857,-0.058000000,0.000465802,0.0,-0.058000000,0.000465802
4584,+Z,+Z,582936,-0.057000000,0.001460044,0.0,-0.057000000,0.001460044
4585,+Z,+Z,583016,-0.057000000,0.001460044,0.0,-0.057000000,0.001460044
4586,+Z,+Z,583097,-0.056000000,0.002454286,0.0,-0.056000000,0.002454286
4587,+Z,+Z,583176,-0.052000000,0.006431253,0.0,-0.052000000,0.006431253
4588,+Z,+Z,583257,-0.057000000,0.001460044,0.0,-0.057000000,0.001460044
4589,+Z,+Z,583337,-0.061000000,-0.002516923,0.0,-0.061000000,-0.002516923
4590,+Z,+Z,583416,-0.052000000,0.006431253,0.0,-0.052000000,0.006431253
4591,+Z,+Z,583497,-0.052000000,0.006431253,0.0,-0.052000000,0.006431253
4592,+Z,+Z,583576,-0.056000000,0.002454286,0.0,-0.056000000,0.002454286
4593,+Z,+Z,583656,-0.056000000,0.002454286,0.0,-0.056000000,0.002454286
4594,+Z,+Z,583737,-0.057000000,0.001460044,0.0,-0.057000000,0.001460044
4595,+Z,+Z,583816,-0.056000000,0.002454286,0.0,-0.056000000,0.002454286
4596,+Z,+Z,583896,-0.056000000,0.002454286,0.0,-0.056000000,0.002454286
4597,+Z,+Z,583977,-0.061000000,-0.002516923,0.0,-0.061000000,-0.002516923
4598,+Z,+Z,584056,-0.060000000,-0.001522681,0.0,-0.060000000,-0.001522681
4599,+Z,+Z,584137,-0.050000000,0.008419737,0.0,-0.050000000,0.008419737
4600,+Z,+Z,584216,-0.060000000,-0.001522681,0.0,-0.060000000,-0.001522681
4601,+Z,+Z,584296,-0.056000000,0.002454286,0.0,-0.056000000,0.002454286
4602,+Z,+Z,584377,-0.053000000,0.005437012,0.0,-0.053000000,0.005437012
4603,+Z,+Z,584456,-0.052000000,0.006431253,0.0,-0.052000000,0.006431253
4604,+Z,+Z,584536,-0.052000000,0.006431253,0.0,-0.052000000,0.006431253
4605,+Z,+Z,584617,-0.056000000,0.002454286,0.0,-0.056000000,0.002454286
4606,+Z,+Z,584696,-0.056000000,0.002454286,0.0,-0.056000000,0.002454286
4607,+Z,+Z,584776,-0.056000000,0.002454286,0.0,-0.056000000,0.002454286
4608,+Z,+Z,584857,-0.057000000,0.001460044,0.0,-0.057000000,0.001460044
4609,+Z,+Z,584936,-0.052000000,0.006431253,0.0,-0.052000000,0.006431253
4610,+Z,+Z,585017,-0.057000000,0.001460044,0.0,-0.057000000,0.001460044
4611,+Z,+Z,585097,-0.058000000,0.000465802,0.0,-0.058000000,0.000465802
4612,+Z,+Z,585176,-0.057000000,0.001460044,0.0,-0.057000000,0.001460044
4613,+Z,+Z,585257,-0.057000000,0.001460044,0.0,-0.057000000,0.001460044
4614,+Z,+Z,585336,-0.056000000,0.002454286,0.0,-0.056000000,0.002454286
4615,+Z,+Z,585416,-0.053000000,0.005437012,0.0,-0.053000000,0.005437012
4616,+Z,+Z,585497,-0.053000000,0.005437012,0.0,-0.053000000,0.005437012
4617,+Z,+Z,585576,-0.057000000,0.001460044,0.0,-0.057000000,0.001460044
4618,+Z,+Z,585656,-0.057000000,0.001460044,0.0,-0.057000000,0.001460044
4619,+Z,+Z,585737,-0.055000000,0.003448528,0.0,-0.055000000,0.003448528
4620,+Z,+Z,585816,-0.055000000,0.003448528,0.0,-0.055000000,0.003448528
4621,+Z,+Z,585897,-0.052000000,0.006431253,0.0,-0.052000000,0.006431253
4622,+Z,+Z,585976,-0.056000000,0.002454286,0.0,-0.056000000,0.002454286
4623,+Z,+Z,586056,-0.057000000,0.001460044,0.0,-0.057000000,0.001460044
4624,+Z,+Z,586137,-0.057000000,0.001460044,0.0,-0.057000000,0.001460044
4625,+Z,+Z,586216,-0.047000000,0.011402463,0.0,-0.047000000,0.011402463
4626,+Z,+Z,586296,-0.056000000,0.002454286,0.0,-0.056000000,0.002454286
4627,+Z,+Z,586377,-0.058000000,0.000465802,0.0,-0.058000000,0.000465802
4628,+Z,+Z,586456,-0.057000000,0.001460044,0.0,-0.057000000,0.001460044
4629,+Z,+Z,586537,-0.057000000,0.001460044,0.0,-0.057000000,0.001460044
4630,+Z,+Z,586617,-0.055000000,0.003448528,0.0,-0.055000000,0.003448528
4631,+Z,+Z,586696,-0.056000000,0.002454286,0.0,-0.056000000,0.002454286
4632,+Z,+Z,586777,-0.061000000,-0.002516923,0.0,-0.061000000,-0.002516923
4633,+Z,+Z,586856,-0.057000000,0.001460044,0.0,-0.057000000,0.001460044
4634,+Z,+Z,586936,-0.057000000,0.001460044,0.0,-0.057000000,0.001460044
4635,+Z,+Z,587017,-0.058000000,0.000465802,0.0,-0.058000000,0.000465802
4636,+Z,+Z,587096,-0.056000000,0.002454286,0.0,-0.056000000,0.002454286
4637,+Z,+Z,587176,-0.056000000,0.002454286,0.0,-0.056000000,0.002454286
4638,+Z,+Z,587257,-0.057000000,0.001460044,0.0,-0.057000000,0.001460044
4639,+Z,+Z,587336,-0.057000000,0.001460044,0.0,-0.057000000,0.001460044
4640,+Z,+Z,587417,-0.053000000,0.005437012,0.0,-0.053000000,0.005437012
4641,+Z,+Z,587496,-0.061000000,-0.002516923,0.0,-0.061000000,-0.002516923
4642,+Z,+Z,587576,-0.061000000,-0.002516923,0.0,-0.061000000,-0.002516923
4643,+Z,+Z,587657,-0.061000000,-0.002516923,0.0,-0.061000000,-0.002516923
4644,+Z,+Z,587736,-0.061000000,-0.002516923,0.0,-0.061000000,-0.002516923
4645,+Z,+Z,587816,-0.054000000,0.004442770,0.0,-0.054000000,0.004442770
4646,+Z,+Z,587897,-0.063000000,-0.004505407,0.0,-0.063000000,-0.004505407
4647,+Z,+Z,587976,-0.053000000,0.005437012,0.0,-0.053000000,0.005437012
4648,+Z,+Z,588057,-0.056000000,0.002454286,0.0,-0.056000000,0.002454286
4649,+Z,+Z,588136,-0.053000000,0.005437012,0.0,-0.053000000,0.005437012
4650,+Z,+Z,588216,-0.057000000,0.001460044,0.0,-0.057000000,0.001460044
4651,+Z,+Z,588297,-0.057000000,0.001460044,0.0,-0.057000000,0.001460044
4652,+Z,+Z,588376,-0.058000000,0.000465802,0.0,-0.058000000,0.000465802
4653,+Z,+Z,588456,-0.057000000,0.001460044,0.0,-0.057000000,0.001460044
4654,+Z,+Z,588537,-0.061000000,-0.002516923,0.0,-0.061000000,-0.002516923
4655,+Z,+Z,588616,-0.061000000,-0.002516923,0.0,-0.061000000,-0.002516923
4656,+Z,+Z,588696,-0.057000000,0.001460044,0.0,-0.057000000,0.001460044
4657,+Z,+Z,588777,-0.055000000,0.003448528,0.0,-0.055000000,0.003448528
4658,+Z,+Z,588856,-0.057000000,0.001460044,0.0,-0.057000000,0.001460044
4659,+Z,+Z,588937,-0.057000000,0.001460044,0.0,-0.057000000,0.001460044
4660,+Z,+Z,589016,-0.052000000,0.006431253,0.0,-0.052000000,0.006431253
4661,+Z,+Z,589096,-0.053000000,0.005437012,0.0,-0.053000000,0.005437012
4662,+Z,+Z,589177,-0.055000000,0.003448528,0.0,-0.055000000,0.003448528
4663,+Z,+Z,589256,-0.057000000,0.001460044,0.0,-0.057000000,0.001460044
4664,+Z,+Z,589336,-0.058000000,0.000465802,0.0,-0.058000000,0.000465802
4665,+Z,+Z,589417,-0.056000000,0.002454286,0.0,-0.056000000,0.002454286
4666,+Z,+Z,589496,-0.057000000,0.001460044,0.0,-0.057000000,0.001460044
4667,+Z,+Z,589577,-0.056000000,0.002454286,0.0,-0.056000000,0.002454286
4668,+Z,+Z,589656,-0.056000000,0.002454286,0.0,-0.056000000,0.002454286
4669,+Z,+Z,589736,-0.057000000,0.001460044,0.0,-0.057000000,0.001460044
4670,+Z,+Z,589817,-0.045000000,0.013390946,0.0,-0.045000000,0.013390946
4671,+Z,+Z,589896,-0.061000000,-0.002516923,0.0,-0.061000000,-0.002516923
4672,+Z,+Z,589976,-0.057000000,0.001460044,0.0,-0.057000000,0.001460044
4673,+Z,+Z,590057,-0.056000000,0.002454286,0.0,-0.056000000,0.002454286
4674,+Z,+Z,590136,-0.052000000,0.006431253,0.0,-0.052000000,0.006431253
4675,+Z,+Z,590216,-0.057000000,0.001460044,0.0,-0.057000000,0.001460044
4676,+Z,+Z,590297,-0.061000000,-0.002516923,0.0,-0.061000000,-0.002516923
4677,+Z,+Z,590376,-0.042000000,0.016373672,0.0,-0.042000000,0.016373672
4678,+Z,+Z,590457,-0.058000000,0.000465802,0.0,-0.058000000,0.000465802
4679,+Z,+Z,590536,-0.057000000,0.001460044,0.0,-0.057000000,0.001460044
4680,+Z,+Z,590616,-0.057000000,0.001460044,0.0,-0.057000000,0.001460044
4681,+Z,+Z,590697,-0.057000000,0.001460044,0.0,-0.057000000,0.001460044
4682,+Z,+Z,590776,-0.052000000,0.006431253,0.0,-0.052000000,0.006431253
4683,+Z,+Z,590856,-0.061000000,-0.002516923,0.0,-0.061000000,-0.002516923
4684,+Z,+Z,590937,-0.061000000,-0.002516923,0.0,-0.061000000,-0.002516923
4685,+Z,+Z,591016,-0.058000000,0.000465802,0.0,-0.058000000,0.000465802
4686,+Z,+Z,591097,-0.048000000,0.010408221,0.0,-0.048000000,0.010408221
4687,+Z,+Z,591177,-0.056000000,0.002454286,0.0,-0.056000000,0.002454286
4688,+Z,+Z,591256,-0.058000000,0.000465802,0.0,-0.058000000,0.000465802
4689,+Z,+Z,591337,-0.057000000,0.001460044,0.0,-0.057000000,0.001460044
4690,+Z,+Z,591416,-0.057000000,0.001460044,0.0,-0.057000000,0.001460044
4691,+Z,+Z,591496,-0.063000000,-0.004505407,0.0,-0.063000000,-0.004505407
4692,+Z,+Z,591577,-0.056000000,0.002454286,0.0,-0.056000000,0.002454286
4693,+Z,+Z,591656,-0.057000000,0.001460044,0.0,-0.057000000,0.001460044
4694,+Z,+Z,591736,-0.057000000,0.001460044,0.0,-0.057000000,0.001460044
4695,+Z,+Z,591817,-0.057000000,0.001460044,0.0,-0.057000000,0.001460044
4696,+Z,+Z,591896,-0.055000000,0.003448528,0.0,-0.055000000,0.003448528
4697,+Z,+Z,591977,-0.052000000,0.006431253,0.0,-0.052000000,0.006431253
4698,+Z,+Z,592056,-0.057000000,0.001460044,0.0,-0.057000000,0.001460044
4699,+Z,+Z,592136,-0.057000000,0.001460044,0.0,-0.057000000,0.001460044
4700,+Z,+Z,592217,-0.056000000,0.002454286,0.0,-0.056000000,0.002454286
4701,+Z,+Z,592296,-0.058000000,0.000465802,0.0,-0.058000000,0.000465802
4702,+Z,+Z,592376,-0.057000000,0.001460044,0.0,-0.057000000,0.001460044
4703,+Z,+Z,592457,-0.057000000,0.001460044,0.0,-0.057000000,0.001460044
4704,+Z,+Z,592536,-0.056000000,0.002454286,0.0,-0.056000000,0.002454286
4705,+Z,+Z,592617,-0.057000000,0.001460044,0.0,-0.057000000,0.001460044
4706,+Z,+Z,592696,-0.057000000,0.001460044,0.0,-0.057000000,0.001460044
4707,+Z,+Z,592776,-0.056000000,0.002454286,0.0,-0.056000000,0.002454286
4708,+Z,+Z,592857,-0.060000000,-0.001522681,0.0,-0.060000000,-0.001522681
4709,+Z,+Z,592936,-0.052000000,0.006431253,0.0,-0.052000000,0.006431253
4710,+Z,+Z,593016,-0.053000000,0.005437012,0.0,-0.053000000,0.005437012
4711,+Z,+Z,593097,-0.061000000,-0.002516923,0.0,-0.061000000,-0.002516923
4712,+Z,+Z,593176,-0.052000000,0.006431253,0.0,-0.052000000,0.006431253
4713,+Z,+Z,593257,-0.057000000,0.001460044,0.0,-0.057000000,0.001460044
4714,+Z,+Z,593336,-0.057000000,0.001460044,0.0,-0.057000000,0.001460044
4715,+Z,+Z,593416,-0.061000000,-0.002516923,0.0,-0.061000000,-0.002516923
4716,+Z,+Z,593497,-0.057000000,0.001460044,0.0,-0.057000000,0.001460044
4717,+Z,+Z,593576,-0.061000000,-0.002516923,0.0,-0.061000000,-0.002516923
4718,+Z,+Z,593656,-0.057000000,0.001460044,0.0,-0.057000000,0.001460044
4719,+Z,+Z,593737,-0.057000000,0.001460044,0.0,-0.057000000,0.001460044
4720,+Z,+Z,593816,-0.057000000,0.001460044,0.0,-0.057000000,0.001460044
4721,+Z,+Z,593896,-0.057000000,0.001460044,0.0,-0.057000000,0.001460044
4722,+Z,+Z,593977,-0.056000000,0.002454286,0.0,-0.056000000,0.002454286
4723,+Z,+Z,594056,-0.057000000,0.001460044,0.0,-0.057000000,0.001460044
4724,+Z,+Z,594137,-0.056000000,0.002454286,0.0,-0.056000000,0.002454286
4725,+Z,+Z,594216,-0.057000000,0.001460044,0.0,-0.057000000,0.001460044
4726,+Z,+Z,594296,-0.056000000,0.002454286,0.0,-0.056000000,0.002454286
4727,+Z,+Z,594377,-0.061000000,-0.002516923,0.0,-0.061000000,-0.002516923
4728,+Z,+Z,594456,-0.055000000,0.003448528,0.0,-0.055000000,0.003448528
4729,+Z,+Z,594536,-0.052000000,0.006431253,0.0,-0.052000000,0.006431253
4730,+Z,+Z,594617,-0.057000000,0.001460044,0.0,-0.057000000,0.001460044
4731,+Z,+Z,594696,-0.052000000,0.006431253,0.0,-0.052000000,0.006431253
4732,+Z,+Z,594777,-0.052000000,0.006431253,0.0,-0.052000000,0.006431253
4733,+Z,+Z,594856,-0.057000000,0.001460044,0.0,-0.057000000,0.001460044
4734,+Z,+Z,594936,-0.053000000,0.005437012,0.0,-0.053000000,0.005437012
4735,+Z,+Z,595017,-0.057000000,0.001460044,0.0,-0.057000000,0.001460044
4736,+Z,+Z,595096,-0.058000000,0.000465802,0.0,-0.058000000,0.000465802
4737,+Z,+Z,595176,-0.061000000,-0.002516923,0.0,-0.061000000,-0.002516923
4738,+Z,+Z,595257,-0.056000000,0.002454286,0.0,-0.056000000,0.002454286
4739,+Z,+Z,595336,-0.053000000,0.005437012,0.0,-0.053000000,0.005437012
4740,+Z,+Z,595417,-0.057000000,0.001460044,0.0,-0.057000000,0.001460044
4741,+Z,+Z,595496,-0.057000000,0.001460044,0.0,-0.057000000,0.001460044
4742,+Z,+Z,595576,-0.063000000,-0.004505407,0.0,-0.063000000,-0.004505407
4743,+Z,+Z,595657,-0.052000000,0.006431253,0.0,-0.052000000,0.006431253
4744,+Z,+Z,595736,-0.057000000,0.001460044,0.0,-0.057000000,0.001460044
4745,+Z,+Z,595816,-0.057000000,0.001460044,0.0,-0.057000000,0.001460044
4746,+Z,+Z,595897,-0.069000000,-0.010470858,0.0,-0.069000000,-0.010470858
4747,+Z,+Z,595976,-0.057000000,0.001460044,0.0,-0.057000000,0.001460044
4748,+Z,+Z,596057,-0.057000000,0.001460044,0.0,-0.057000000,0.001460044
4749,+Z,+Z,596136,-0.060000000,-0.001522681,0.0,-0.060000000,-0.001522681
4750,+Z,+Z,596216,-0.057000000,0.001460044,0.0,-0.057000000,0.001460044
4751,+Z,+Z,596297,-0.055000000,0.003448528,0.0,-0.055000000,0.003448528
4752,+Z,+Z,596376,-0.058000000,0.000465802,0.0,-0.058000000,0.000465802
4753,+Z,+Z,596456,-0.057000000,0.001460044,0.0,-0.057000000,0.001460044
4754,+Z,+Z,596537,-0.055000000,0.003448528,0.0,-0.055000000,0.003448528
4755,+Z,+Z,596616,-0.055000000,0.003448528,0.0,-0.055000000,0.003448528
4756,+Z,+Z,596697,-0.057000000,0.001460044,0.0,-0.057000000,0.001460044
4757,+Z,+Z,596777,-0.053000000,0.005437012,0.0,-0.053000000,0.005437012
4758,+Z,+Z,596856,-0.053000000,0.005437012,0.0,-0.053000000,0.005437012
4759,+Z,+Z,596937,-0.057000000,0.001460044,0.0,-0.057000000,0.001460044
4760,+Z,+Z,597016,-0.057000000,0.001460044,0.0,-0.057000000,0.001460044
4761,+Z,+Z,597096,-0.060000000,-0.001522681,0.0,-0.060000000,-0.001522681
4762,+Z,+Z,597177,-0.052000000,0.006431253,0.0,-0.052000000,0.006431253
4763,+Z,+Z,597256,-0.061000000,-0.002516923,0.0,-0.061000000,-0.002516923
4764,+Z,+Z,597336,-0.061000000,-0.002516923,0.0,-0.061000000,-0.002516923
4765,+Z,+Z,597417,-0.063000000,-0.004505407,0.0,-0.063000000,-0.004505407
4766,+Z,+Z,597496,-0.057000000,0.001460044,0.0,-0.057000000,0.001460044
4767,+Z,+Z,597577,-0.055000000,0.003448528,0.0,-0.055000000,0.003448528
4768,+Z,+Z,597656,-0.057000000,0.001460044,0.0,-0.057000000,0.001460044
4769,+Z,+Z,597736,-0.055000000,0.003448528,0.0,-0.055000000,0.003448528
4770,+Z,+Z,597817,-0.052000000,0.006431253,0.0,-0.052000000,0.006431253
4771,+Z,+Z,597896,-0.052000000,0.006431253,0.0,-0.052000000,0.006431253
4772,+Z,+Z,597976,-0.057000000,0.001460044,0.0,-0.057000000,0.001460044
4773,+Z,+Z,598057,-0.060000000,-0.001522681,0.0,-0.060000000,-0.001522681
4774,+Z,+Z,598136,-0.057000000,0.001460044,0.0,-0.057000000,0.001460044
4775,+Z,+Z,598216,-0.057000000,0.001460044,0.0,-0.057000000,0.001460044
4776,+Z,+Z,598297,-0.057000000,0.001460044,0.0,-0.057000000,0.001460044
4777,+Z,+Z,598376,-0.061000000,-0.002516923,0.0,-0.061000000,-0.002516923
4778,+Z,+Z,598457,-0.053000000,0.005437012,0.0,-0.053000000,0.005437012
4779,+Z,+Z,598536,-0.056000000,0.002454286,0.0,-0.056000000,0.002454286
4780,+Z,+Z,598616,-0.057000000,0.001460044,0.0,-0.057000000,0.001460044
4781,+Z,+Z,598697,-0.057000000,0.001460044,0.0,-0.057000000,0.001460044
4782,+Z,+Z,598776,-0.057000000,0.001460044,0.0,-0.057000000,0.001460044
4783,+Z,+Z,598856,-0.056000000,0.002454286,0.0,-0.056000000,0.002454286
4784,+Z,+Z,598937,-0.056000000,0.002454286,0.0,-0.056000000,0.002454286
4785,+Z,+Z,599016,-0.064000000,-0.005499649,0.0,-0.064000000,-0.005499649
4786,+Z,+Z,599097,-0.057000000,0.001460044,0.0,-0.057000000,0.001460044
4787,+Z,+Z,599177,-0.056000000,0.002454286,0.0,-0.056000000,0.002454286
4788,+Z,+Z,599256,-0.057000000,0.001460044,0.0,-0.057000000,0.001460044
4789,+Z,+Z,599337,-0.057000000,0.001460044,0.0,-0.057000000,0.001460044
4790,+Z,+Z,599416,-0.057000000,0.001460044,0.0,-0.057000000,0.001460044
4791,+Z,+Z,599496,-0.057000000,0.001460044,0.0,-0.057000000,0.001460044
4792,+Z,+Z,599577,-0.057000000,0.001460044,0.0,-0.057000000,0.001460044
4793,+Z,+Z,599656,-0.061000000,-0.002516923,0.0,-0.061000000,-0.002516923
4794,+Z,+Z,599736,-0.057000000,0.001460044,0.0,-0.057000000,0.001460044
4795,+Z,+Z,599817,-0.055000000,0.003448528,0.0,-0.055000000,0.003448528
4796,+Z,+Z,599896,-0.058000000,0.000465802,0.0,-0.058000000,0.000465802
4797,+Z,+Z,599977,-0.058000000,0.000465802,0.0,-0.058000000,0.000465802
4798,+Z,+Z,600056,-0.055000000,0.003448528,0.0,-0.055000000,0.003448528
4799,+Z,+Z,600136,-0.055000000,0.003448528,0.0,-0.055000000,0.003448528
4800,+Z,+Z,600217,-0.058000000,0.000465802,0.0,-0.058000000,0.000465802
4801,+Z,+Z,600296,-0.065000000,-0.006493891,0.0,-0.065000000,-0.006493891
4802,+Z,+Z,600376,-0.057000000,0.001460044,0.0,-0.057000000,0.001460044
4803,+Z,+Z,600457,-0.061000000,-0.002516923,0.0,-0.061000000,-0.002516923
4804,+Z,+Z,600536,-0.052000000,0.006431253,0.0,-0.052000000,0.006431253
4805,+Z,+Z,600616,-0.061000000,-0.002516923,0.0,-0.061000000,-0.002516923
4806,+Z,+Z,600697,-0.052000000,0.006431253,0.0,-0.052000000,0.006431253
4807,+Z,+Z,600776,-0.060000000,-0.001522681,0.0,-0.060000000,-0.001522681
4808,+Z,+Z,600856,-0.052000000,0.006431253,0.0,-0.052000000,0.006431253
4809,+Z,+Z,600937,-0.056000000,0.002454286,0.0,-0.056000000,0.002454286
4810,+Z,+Z,601016,-0.056000000,0.002454286,0.0,-0.056000000,0.002454286
4811,+Z,+Z,601097,-0.053000000,0.005437012,0.0,-0.053000000,0.005437012
4812,+Z,+Z,601176,-0.056000000,0.002454286,0.0,-0.056000000,0.002454286
4813,+Z,+Z,601256,-0.058000000,0.000465802,0.0,-0.058000000,0.000465802
4814,+Z,+Z,601337,-0.057000000,0.001460044,0.0,-0.057000000,0.001460044
4815,+Z,+Z,601416,-0.049000000,0.009413979,0.0,-0.049000000,0.009413979
4816,+Z,+Z,601496,-0.056000000,0.002454286,0.0,-0.056000000,0.002454286
4817,+Z,+Z,601577,-0.060000000,-0.001522681,0.0,-0.060000000,-0.001522681
4818,+Z,+Z,601656,-0.061000000,-0.002516923,0.0,-0.061000000,-0.002516923
4819,+Z,+Z,601737,-0.057000000,0.001460044,0.0,-0.057000000,0.001460044
4820,+Z,+Z,601816,-0.056000000,0.002454286,0.0,-0.056000000,0.002454286
4821,+Z,+Z,601896,-0.056000000,0.002454286,0.0,-0.056000000,0.002454286
4822,+Z,+Z,601977,-0.056000000,0.002454286,0.0,-0.056000000,0.002454286
4823,+Z,+Z,602056,-0.056000000,0.002454286,0.0,-0.056000000,0.002454286
4824,+Z,+Z,602136,-0.057000000,0.001460044,0.0,-0.057000000,0.001460044
4825,+Z,+Z,602217,-0.052000000,0.006431253,0.0,-0.052000000,0.006431253
4826,+Z,+Z,602296,-0.052000000,0.006431253,0.0,-0.052000000,0.006431253
4827,+Z,+Z,602377,-0.053000000,0.005437012,0.0,-0.053000000,0.005437012
4828,+Z,+Z,602457,-0.060000000,-0.001522681,0.0,-0.060000000,-0.001522681
4829,+Z,+Z,602536,-0.061000000,-0.002516923,0.0,-0.061000000,-0.002516923
4830,+Z,+Z,602617,-0.057000000,0.001460044,0.0,-0.057000000,0.001460044
4831,+Z,+Z,602696,-0.057000000,0.001460044,0.0,-0.057000000,0.001460044
4832,+Z,+Z,602776,-0.055000000,0.003448528,0.0,-0.055000000,0.003448528
4833,+Z,+Z,602857,-0.058000000,0.000465802,0.0,-0.058000000,0.000465802
4834,+Z,+Z,602936,-0.058000000,0.000465802,0.0,-0.058000000,0.000465802
4835,+Z,+Z,603016,-0.058000000,0.000465802,0.0,-0.058000000,0.000465802
4836,+Z,+Z,603097,-0.057000000,0.001460044,0.0,-0.057000000,0.001460044
4837,+Z,+Z,603176,-0.059000000,-0.000528440,0.0,-0.059000000,-0.000528440
4838,+Z,+Z,603257,-0.058000000,0.000465802,0.0,-0.058000000,0.000465802
4839,+Z,+Z,603336,-0.057000000,0.001460044,0.0,-0.057000000,0.001460044
4840,+Z,+Z,603416,-0.053000000,0.005437012,0.0,-0.053000000,0.005437012
4841,+Z,+Z,603497,-0.056000000,0.002454286,0.0,-0.056000000,0.002454286
4842,+Z,+Z,603576,-0.055000000,0.003448528,0.0,-0.055000000,0.003448528
4843,+Z,+Z,603656,-0.058000000,0.000465802,0.0,-0.058000000,0.000465802
4844,+Z,+Z,603737,-0.061000000,-0.002516923,0.0,-0.061000000,-0.002516923
4845,+Z,+Z,603816,-0.057000000,0.001460044,0.0,-0.057000000,0.001460044
4846,+Z,+Z,603897,-0.056000000,0.002454286,0.0,-0.056000000,0.002454286
4847,+Z,+Z,603976,-0.053000000,0.005437012,0.0,-0.053000000,0.005437012
4848,+Z,+Z,604056,-0.053000000,0.005437012,0.0,-0.053000000,0.005437012
4849,+Z,+Z,604137,-0.057000000,0.001460044,0.0,-0.057000000,0.001460044
4850,+Z,+Z,604216,-0.057000000,0.001460044,0.0,-0.057000000,0.001460044
4851,+Z,+Z,604296,-0.058000000,0.000465802,0.0,-0.058000000,0.000465802
4852,+Z,+Z,604377,-0.055000000,0.003448528,0.0,-0.055000000,0.003448528
4853,+Z,+Z,604456,-0.058000000,0.000465802,0.0,-0.058000000,0.000465802
4854,+Z,+Z,604536,-0.054000000,0.004442770,0.0,-0.054000000,0.004442770
4855,+Z,+Z,604617,-0.053000000,0.005437012,0.0,-0.053000000,0.005437012
4856,+Z,+Z,604696,-0.055000000,0.003448528,0.0,-0.055000000,0.003448528
4857,+Z,+Z,604777,-0.055000000,0.003448528,0.0,-0.055000000,0.003448528
4858,+Z,+Z,604856,-0.052000000,0.006431253,0.0,-0.052000000,0.006431253
4859,+Z,+Z,604936,-0.053000000,0.005437012,0.0,-0.053000000,0.005437012
4860,+Z,+Z,605017,-0.057000000,0.001460044,0.0,-0.057000000,0.001460044
4861,+Z,+Z,605096,-0.057000000,0.001460044,0.0,-0.057000000,0.001460044
4862,+Z,+Z,605177,-0.058000000,0.000465802,0.0,-0.058000000,0.000465802
4863,+Z,+Z,605257,-0.058000000,0.000465802,0.0,-0.058000000,0.000465802
4864,+Z,+Z,605336,-0.057000000,0.001460044,0.0,-0.057000000,0.001460044
4865,+Z,+Z,605417,-0.057000000,0.001460044,0.0,-0.057000000,0.001460044
4866,+Z,+Z,605496,-0.058000000,0.000465802,0.0,-0.058000000,0.000465802
4867,+Z,+Z,605576,-0.049000000,0.009413979,0.0,-0.049000000,0.009413979
4868,+Z,+Z,605657,-0.064000000,-0.005499649,0.0,-0.064000000,-0.005499649
4869,+Z,+Z,605736,-0.057000000,0.001460044,0.0,-0.057000000,0.001460044
4870,+Z,+Z,605816,-0.057000000,0.001460044,0.0,-0.057000000,0.001460044
4871,+Z,+Z,605897,-0.057000000,0.001460044,0.0,-0.057000000,0.001460044
4872,+Z,+Z,605976,-0.058000000,0.000465802,0.0,-0.058000000,0.000465802
4873,+Z,+Z,606057,-0.058000000,0.000465802,0.0,-0.058000000,0.000465802
4874,+Z,+Z,606137,-0.058000000,0.000465802,0.0,-0.058000000,0.000465802
4875,+Z,+Z,606216,-0.048000000,0.010408221,0.0,-0.048000000,0.010408221
4876,+Z,+Z,606297,-0.061000000,-0.002516923,0.0,-0.061000000,-0.002516923
4877,+Z,+Z,606376,-0.052000000,0.006431253,0.0,-0.052000000,0.006431253
4878,+Z,+Z,606456,-0.055000000,0.003448528,0.0,-0.055000000,0.003448528
4879,+Z,+Z,606537,-0.056000000,0.002454286,0.0,-0.056000000,0.002454286
4880,+Z,+Z,606616,-0.057000000,0.001460044,0.0,-0.057000000,0.001460044
4881,+Z,+Z,606696,-0.057000000,0.001460044,0.0,-0.057000000,0.001460044
4882,+Z,+Z,606777,-0.055000000,0.003448528,0.0,-0.055000000,0.003448528
4883,+Z,+Z,606856,-0.057000000,0.001460044,0.0,-0.057000000,0.001460044
4884,+Z,+Z,606937,-0.056000000,0.002454286,0.0,-0.056000000,0.002454286
4885,+Z,+Z,607016,-0.057000000,0.001460044,0.0,-0.057000000,0.001460044
4886,+Z,+Z,607096,-0.057000000,0.001460044,0.0,-0.057000000,0.001460044
4887,+Z,+Z,607177,-0.057000000,0.001460044,0.0,-0.057000000,0.001460044
4888,+Z,+Z,607256,-0.055000000,0.003448528,0.0,-0.055000000,0.003448528
4889,+Z,+Z,607336,-0.060000000,-0.001522681,0.0,-0.060000000,-0.001522681
4890,+Z,+Z,607417,-0.056000000,0.002454286,0.0,-0.056000000,0.002454286
4891,+Z,+Z,607496,-0.057000000,0.001460044,0.0,-0.057000000,0.001460044
4892,+Z,+Z,607577,-0.057000000,0.001460044,0.0,-0.057000000,0.001460044
4893,+Z,+Z,607657,-0.057000000,0.001460044,0.0,-0.057000000,0.001460044
4894,+Z,+Z,607736,-0.055000000,0.003448528,0.0,-0.055000000,0.003448528
4895,+Z,+Z,607817,-0.055000000,0.003448528,0.0,-0.055000000,0.003448528
4896,+Z,+Z,607896,-0.056000000,0.002454286,0.0,-0.056000000,0.002454286
4897,+Z,+Z,607976,-0.058000000,0.000465802,0.0,-0.058000000,0.000465802
4898,+Z,+Z,608057,-0.052000000,0.006431253,0.0,-0.052000000,0.006431253
4899,+Z,+Z,608136,-0.060000000,-0.001522681,0.0,-0.060000000,-0.001522681
4900,+Z,+Z,608216,-0.060000000,-0.001522681,0.0,-0.060000000,-0.001522681
4901,+Z,+Z,608297,-0.057000000,0.001460044,0.0,-0.057000000,0.001460044
4902,+Z,+Z,608376,-0.057000000,0.001460044,0.0,-0.057000000,0.001460044
4903,+Z,+Z,608457,-0.057000000,0.001460044,0.0,-0.057000000,0.001460044
4904,+Z,+Z,608536,-0.055000000,0.003448528,0.0,-0.055000000,0.003448528
4905,+Z,+Z,608616,-0.057000000,0.001460044,0.0,-0.057000000,0.001460044
4906,+Z,+Z,608697,-0.053000000,0.005437012,0.0,-0.053000000,0.005437012
4907,+Z,+Z,608776,-0.052000000,0.006431253,0.0,-0.052000000,0.006431253
4908,+Z,+Z,608856,-0.057000000,0.001460044,0.0,-0.057000000,0.001460044
4909,+Z,+Z,608937,-0.057000000,0.001460044,0.0,-0.057000000,0.001460044
4910,+Z,+Z,609016,-0.055000000,0.003448528,0.0,-0.055000000,0.003448528
4911,+Z,+Z,609097,-0.058000000,0.000465802,0.0,-0.058000000,0.000465802
4912,+Z,+Z,609177,-0.058000000,0.000465802,0.0,-0.058000000,0.000465802
4913,+Z,+Z,609256,-0.058000000,0.000465802,0.0,-0.058000000,0.000465802
4914,+Z,+Z,609337,-0.057000000,0.001460044,0.0,-0.057000000,0.001460044
4915,+Z,+Z,609416,-0.060000000,-0.001522681,0.0,-0.060000000,-0.001522681
4916,+Z,+Z,609496,-0.057000000,0.001460044,0.0,-0.057000000,0.001460044
4917,+Z,+Z,609577,-0.058000000,0.000465802,0.0,-0.058000000,0.000465802
4918,+Z,+Z,609656,-0.057000000,0.001460044,0.0,-0.057000000,0.001460044
4919,+Z,+Z,609736,-0.056000000,0.002454286,0.0,-0.056000000,0.002454286
4920,+Z,+Z,609817,-0.055000000,0.003448528,0.0,-0.055000000,0.003448528
4921,+Z,+Z,609896,-0.052000000,0.006431253,0.0,-0.052000000,0.006431253
4922,+Z,+Z,609977,-0.057000000,0.001460044,0.0,-0.057000000,0.001460044
4923,+Z,+Z,610056,-0.057000000,0.001460044,0.0,-0.057000000,0.001460044
4924,+Z,+Z,610136,-0.057000000,0.001460044,0.0,-0.057000000,0.001460044
4925,+Z,+Z,610217,-0.056000000,0.002454286,0.0,-0.056000000,0.002454286
4926,+Z,+Z,610296,-0.056000000,0.002454286,0.0,-0.056000000,0.002454286
4927,+Z,+Z,610376,-0.064000000,-0.005499649,0.0,-0.064000000,-0.005499649
4928,+Z,+Z,610457,-0.056000000,0.002454286,0.0,-0.056000000,0.002454286
4929,+Z,+Z,610536,-0.055000000,0.003448528,0.0,-0.055000000,0.003448528
4930,+Z,+Z,610617,-0.049000000,0.009413979,0.0,-0.049000000,0.009413979
4931,+Z,+Z,610696,-0.052000000,0.006431253,0.0,-0.052000000,0.006431253
4932,+Z,+Z,610776,-0.053000000,0.005437012,0.0,-0.053000000,0.005437012
4933,+Z,+Z,610857,-0.058000000,0.000465802,0.0,-0.058000000,0.000465802
4934,+Z,+Z,610936,-0.058000000,0.000465802,0.0,-0.058000000,0.000465802
4935,+Z,+Z,611016,-0.061000000,-0.002516923,0.0,-0.061000000,-0.002516923
4936,+Z,+Z,611097,-0.056000000,0.002454286,0.0,-0.056000000,0.002454286
4937,+Z,+Z,611176,-0.056000000,0.002454286,0.0,-0.056000000,0.002454286
4938,+Z,+Z,611257,-0.053000000,0.005437012,0.0,-0.053000000,0.005437012
4939,+Z,+Z,611336,-0.053000000,0.005437012,0.0,-0.053000000,0.005437012
4940,+Z,+Z,611416,-0.055000000,0.003448528,0.0,-0.055000000,0.003448528
4941,+Z,+Z,611497,-0.056000000,0.002454286,0.0,-0.056000000,0.002454286
4942,+Z,+Z,611576,-0.058000000,0.000465802,0.0,-0.058000000,0.000465802
4943,+Z,+Z,611656,-0.057000000,0.001460044,0.0,-0.057000000,0.001460044
4944,+Z,+Z,611737,-0.057000000,0.001460044,0.0,-0.057000000,0.001460044
4945,+Z,+Z,611816,-0.057000000,0.001460044,0.0,-0.057000000,0.001460044
4946,+Z,+Z,611896,-0.057000000,0.001460044,0.0,-0.057000000,0.001460044
4947,+Z,+Z,611977,-0.057000000,0.001460044,0.0,-0.057000000,0.001460044
4948,+Z,+Z,612056,-0.052000000,0.006431253,0.0,-0.052000000,0.006431253
4949,+Z,+Z,612137,-0.060000000,-0.001522681,0.0,-0.060000000,-0.001522681
4950,+Z,+Z,612216,-0.057000000,0.001460044,0.0,-0.057000000,0.001460044
4951,+Z,+Z,612296,-0.057000000,0.001460044,0.0,-0.057000000,0.001460044
4952,+Z,+Z,612377,-0.052000000,0.006431253,0.0,-0.052000000,0.006431253
4953,+Z,+Z,612456,-0.055000000,0.003448528,0.0,-0.055000000,0.003448528
4954,+Z,+Z,612536,-0.052000000,0.006431253,0.0,-0.052000000,0.006431253
4955,+Z,+Z,612617,-0.057000000,0.001460044,0.0,-0.057000000,0.001460044
4956,+Z,+Z,612696,-0.049000000,0.009413979,0.0,-0.049000000,0.009413979
4957,+Z,+Z,612777,-0.057000000,0.001460044,0.0,-0.057000000,0.001460044
4958,+Z,+Z,612857,-0.057000000,0.001460044,0.0,-0.057000000,0.001460044
4959,+Z,+Z,612936,-0.057000000,0.001460044,0.0,-0.057000000,0.001460044
4960,+Z,+Z,613017,-0.056000000,0.002454286,0.0,-0.056000000,0.002454286
4961,+Z,+Z,613096,-0.057000000,0.001460044,0.0,-0.057000000,0.001460044
4962,+Z,+Z,613176,-0.056000000,0.002454286,0.0,-0.056000000,0.002454286
4963,+Z,+Z,613257,-0.053000000,0.005437012,0.0,-0.053000000,0.005437012
4964,+Z,+Z,613336,-0.053000000,0.005437012,0.0,-0.053000000,0.005437012
4965,+Z,+Z,613416,-0.057000000,0.001460044,0.0,-0.057000000,0.001460044
4966,+Z,+Z,613497,-0.057000000,0.001460044,0.0,-0.057000000,0.001460044
4967,+Z,+Z,613576,-0.061000000,-0.002516923,0.0,-0.061000000,-0.002516923
4968,+Z,+Z,613657,-0.061000000,-0.002516923,0.0,-0.061000000,-0.002516923
4969,+Z,+Z,613736,-0.057000000,0.001460044,0.0,-0.057000000,0.001460044
4970,+Z,+Z,613816,-0.058000000,0.000465802,0.0,-0.058000000,0.000465802
4971,+Z,+Z,613897,-0.058000000,0.000465802,0.0,-0.058000000,0.000465802
4972,+Z,+Z,613976,-0.057000000,0.001460044,0.0,-0.057000000,0.001460044
4973,+Z,+Z,614056,-0.057000000,0.001460044,0.0,-0.057000000,0.001460044
4974,+Z,+Z,614137,-0.052000000,0.006431253,0.0,-0.052000000,0.006431253
4975,+Z,+Z,614216,-0.060000000,-0.001522681,0.0,-0.060000000,-0.001522681
4976,+Z,+Z,614297,-0.065000000,-0.006493891,0.0,-0.065000000,-0.006493891
4977,+Z,+Z,614376,-0.065000000,-0.006493891,0.0,-0.065000000,-0.006493891
4978,+Z,+Z,614456,-0.055000000,0.003448528,0.0,-0.055000000,0.003448528
4979,+Z,+Z,614537,-0.057000000,0.001460044,0.0,-0.057000000,0.001460044
4980,+Z,+Z,614616,-0.050000000,0.008419737,0.0,-0.050000000,0.008419737
4981,+Z,+Z,614696,-0.056000000,0.002454286,0.0,-0.056000000,0.002454286
4982,+Z,+Z,614777,-0.052000000,0.006431253,0.0,-0.052000000,0.006431253
4983,+Z,+Z,614856,-0.053000000,0.005437012,0.0,-0.053000000,0.005437012
4984,+Z,+Z,614937,-0.055000000,0.003448528,0.0,-0.055000000,0.003448528
4985,+Z,+Z,615016,-0.056000000,0.002454286,0.0,-0.056000000,0.002454286
4986,+Z,+Z,615096,-0.057000000,0.001460044,0.0,-0.057000000,0.001460044
4987,+Z,+Z,615177,-0.058000000,0.000465802,0.0,-0.058000000,0.000465802
4988,+Z,+Z,615256,-0.061000000,-0.002516923,0.0,-0.061000000,-0.002516923
4989,+Z,+Z,615336,-0.057000000,0.001460044,0.0,-0.057000000,0.001460044
4990,+Z,+Z,615417,-0.057000000,0.001460044,0.0,-0.057000000,0.001460044
4991,+Z,+Z,615496,-0.057000000,0.001460044,0.0,-0.057000000,0.001460044
4992,+Z,+Z,615577,-0.055000000,0.003448528,0.0,-0.055000000,0.003448528
4993,+Z,+Z,615657,-0.055000000,0.003448528,0.0,-0.055000000,0.003448528
4994,+Z,+Z,615736,-0.057000000,0.001460044,0.0,-0.057000000,0.001460044
4995,+Z,+Z,615817,-0.057000000,0.001460044,0.0,-0.057000000,0.001460044
4996,+Z,+Z,615896,-0.061000000,-0.002516923,0.0,-0.061000000,-0.002516923
4997,+Z,+Z,615976,-0.057000000,0.001460044,0.0,-0.057000000,0.001460044
4998,+Z,+Z,616057,-0.061000000,-0.002516923,0.0,-0.061000000,-0.002516923
4999,+Z,+Z,616136,-0.057000000,0.001460044,0.0,-0.057000000,0.001460044
5000,-Z,-Z,666032,-0.141000000,-0.082056271,0.0,-0.141000000,-0.082056271
5001,-Z,-Z,666111,-0.141000000,-0.082056271,0.0,-0.141000000,-0.082056271
5002,-Z,-Z,666191,-0.136000000,-0.077085062,0.0,-0.136000000,-0.077085062
5003,-Z,-Z,666272,-0.137000000,-0.078079304,0.0,-0.137000000,-0.078079304
5004,-Z,-Z,666352,-0.141000000,-0.082056271,0.0,-0.141000000,-0.082056271
5005,-Z,-Z,666431,-0.136000000,-0.077085062,0.0,-0.136000000,-0.077085062
5006,-Z,-Z,666511,-0.137000000,-0.078079304,0.0,-0.137000000,-0.078079304
5007,-Z,-Z,666592,-0.138000000,-0.079073546,0.0,-0.138000000,-0.079073546
5008,-Z,-Z,666671,-0.138000000,-0.079073546,0.0,-0.138000000,-0.079073546
5009,-Z,-Z,666751,-0.144000000,-0.085038997,0.0,-0.144000000,-0.085038997
5010,-Z,-Z,666832,-0.141000000,-0.082056271,0.0,-0.141000000,-0.082056271
5011,-Z,-Z,666911,-0.141000000,-0.082056271,0.0,-0.141000000,-0.082056271
5012,-Z,-Z,666991,-0.133000000,-0.074102336,0.0,-0.133000000,-0.074102336
5013,-Z,-Z,667072,-0.136000000,-0.077085062,0.0,-0.136000000,-0.077085062
5014,-Z,-Z,667152,-0.136000000,-0.077085062,0.0,-0.136000000,-0.077085062
5015,-Z,-Z,667231,-0.136000000,-0.077085062,0.0,-0.136000000,-0.077085062
5016,-Z,-Z,667311,-0.138000000,-0.079073546,0.0,-0.138000000,-0.079073546
5017,-Z,-Z,667392,-0.136000000,-0.077085062,0.0,-0.136000000,-0.077085062
5018,-Z,-Z,667471,-0.141000000,-0.082056271,0.0,-0.141000000,-0.082056271
5019,-Z,-Z,667551,-0.145000000,-0.086033238,0.0,-0.145000000,-0.086033238
5020,-Z,-Z,667632,-0.143000000,-0.084044755,0.0,-0.143000000,-0.084044755
5021,-Z,-Z,667711,-0.137000000,-0.078079304,0.0,-0.137000000,-0.078079304
5022,-Z,-Z,667791,-0.141000000,-0.082056271,0.0,-0.141000000,-0.082056271
5023,-Z,-Z,667872,-0.141000000,-0.082056271,0.0,-0.141000000,-0.082056271
5024,-Z,-Z,667952,-0.141000000,-0.082056271,0.0,-0.141000000,-0.082056271
5025,-Z,-Z,668031,-0.130000000,-0.071119611,0.0,-0.130000000,-0.071119611
5026,-Z,-Z,668111,-0.136000000,-0.077085062,0.0,-0.136000000,-0.077085062
5027,-Z,-Z,668192,-0.136000000,-0.077085062,0.0,-0.136000000,-0.077085062
5028,-Z,-Z,668271,-0.144000000,-0.085038997,0.0,-0.144000000,-0.085038997
5029,-Z,-Z,668351,-0.141000000,-0.082056271,0.0,-0.141000000,-0.082056271
5030,-Z,-Z,668432,-0.138000000,-0.079073546,0.0,-0.138000000,-0.079073546
5031,-Z,-Z,668512,-0.136000000,-0.077085062,0.0,-0.136000000,-0.077085062
5032,-Z,-Z,668591,-0.133000000,-0.074102336,0.0,-0.133000000,-0.074102336
5033,-Z,-Z,668671,-0.138000000,-0.079073546,0.0,-0.138000000,-0.079073546
5034,-Z,-Z,668752,-0.137000000,-0.078079304,0.0,-0.137000000,-0.078079304
5035,-Z,-Z,668831,-0.137000000,-0.078079304,0.0,-0.137000000,-0.078079304
5036,-Z,-Z,668911,-0.136000000,-0.077085062,0.0,-0.136000000,-0.077085062
5037,-Z,-Z,668992,-0.141000000,-0.082056271,0.0,-0.141000000,-0.082056271
5038,-Z,-Z,669072,-0.144000000,-0.085038997,0.0,-0.144000000,-0.085038997
5039,-Z,-Z,669151,-0.144000000,-0.085038997,0.0,-0.144000000,-0.085038997
5040,-Z,-Z,669231,-0.144000000,-0.085038997,0.0,-0.144000000,-0.085038997
5041,-Z,-Z,669312,-0.137000000,-0.078079304,0.0,-0.137000000,-0.078079304
5042,-Z,-Z,669391,-0.141000000,-0.082056271,0.0,-0.141000000,-0.082056271
5043,-Z,-Z,669471,-0.138000000,-0.079073546,0.0,-0.138000000,-0.079073546
5044,-Z,-Z,669552,-0.141000000,-0.082056271,0.0,-0.141000000,-0.082056271
5045,-Z,-Z,669632,-0.137000000,-0.078079304,0.0,-0.137000000,-0.078079304
5046,-Z,-Z,669711,-0.145000000,-0.086033238,0.0,-0.145000000,-0.086033238
5047,-Z,-Z,669791,-0.143000000,-0.084044755,0.0,-0.143000000,-0.084044755
5048,-Z,-Z,669872,-0.141000000,-0.082056271,0.0,-0.141000000,-0.082056271
5049,-Z,-Z,669951,-0.141000000,-0.082056271,0.0,-0.141000000,-0.082056271
5050,-Z,-Z,670031,-0.137000000,-0.078079304,0.0,-0.137000000,-0.078079304
5051,-Z,-Z,670112,-0.136000000,-0.077085062,0.0,-0.136000000,-0.077085062
5052,-Z,-Z,670192,-0.137000000,-0.078079304,0.0,-0.137000000,-0.078079304
5053,-Z,-Z,670271,-0.137000000,-0.078079304,0.0,-0.137000000,-0.078079304
5054,-Z,-Z,670351,-0.143000000,-0.084044755,0.0,-0.143000000,-0.084044755
5055,-Z,-Z,670432,-0.141000000,-0.082056271,0.0,-0.141000000,-0.082056271
5056,-Z,-Z,670511,-0.141000000,-0.082056271,0.0,-0.141000000,-0.082056271
5057,-Z,-Z,670591,-0.138000000,-0.079073546,0.0,-0.138000000,-0.079073546
5058,-Z,-Z,670672,-0.137000000,-0.078079304,0.0,-0.137000000,-0.078079304
5059,-Z,-Z,670752,-0.136000000,-0.077085062,0.0,-0.136000000,-0.077085062
5060,-Z,-Z,670831,-0.140000000,-0.081062029,0.0,-0.140000000,-0.081062029
5061,-Z,-Z,670911,-0.124000000,-0.065154160,0.0,-0.124000000,-0.065154160
5062,-Z,-Z,670992,-0.136000000,-0.077085062,0.0,-0.136000000,-0.077085062
5063,-Z,-Z,671071,-0.141000000,-0.082056271,0.0,-0.141000000,-0.082056271
5064,-Z,-Z,671151,-0.140000000,-0.081062029,0.0,-0.140000000,-0.081062029
5065,-Z,-Z,671232,-0.138000000,-0.079073546,0.0,-0.138000000,-0.079073546
5066,-Z,-Z,671311,-0.138000000,-0.079073546,0.0,-0.138000000,-0.079073546
5067,-Z,-Z,671391,-0.136000000,-0.077085062,0.0,-0.136000000,-0.077085062
5068,-Z,-Z,671472,-0.136000000,-0.077085062,0.0,-0.136000000,-0.077085062
5069,-Z,-Z,671552,-0.138000000,-0.079073546,0.0,-0.138000000,-0.079073546
5070,-Z,-Z,671631,-0.138000000,-0.079073546,0.0,-0.138000000,-0.079073546
5071,-Z,-Z,671711,-0.132000000,-0.073108094,0.0,-0.132000000,-0.073108094
5072,-Z,-Z,671792,-0.136000000,-0.077085062,0.0,-0.136000000,-0.077085062
5073,-Z,-Z,671871,-0.141000000,-0.082056271,0.0,-0.141000000,-0.082056271
5074,-Z,-Z,671951,-0.132000000,-0.073108094,0.0,-0.132000000,-0.073108094
5075,-Z,-Z,672032,-0.138000000,-0.079073546,0.0,-0.138000000,-0.079073546
5076,-Z,-Z,672112,-0.141000000,-0.082056271,0.0,-0.141000000,-0.082056271
5077,-Z,-Z,672191,-0.135000000,-0.076090820,0.0,-0.135000000,-0.076090820
5078,-Z,-Z,672271,-0.138000000,-0.079073546,0.0,-0.138000000,-0.079073546
5079,-Z,-Z,672352,-0.137000000,-0.078079304,0.0,-0.137000000,-0.078079304
5080,-Z,-Z,672431,-0.137000000,-0.078079304,0.0,-0.137000000,-0.078079304
5081,-Z,-Z,672511,-0.136000000,-0.077085062,0.0,-0.136000000,-0.077085062
5082,-Z,-Z,672592,-0.136000000,-0.077085062,0.0,-0.136000000,-0.077085062
5083,-Z,-Z,672672,-0.141000000,-0.082056271,0.0,-0.141000000,-0.082056271
5084,-Z,-Z,672751,-0.141000000,-0.082056271,0.0,-0.141000000,-0.082056271
5085,-Z,-Z,672831,-0.137000000,-0.078079304,0.0,-0.137000000,-0.078079304
5086,-Z,-Z,672912,-0.141000000,-0.082056271,0.0,-0.141000000,-0.082056271
5087,-Z,-Z,672991,-0.141000000,-0.082056271,0.0,-0.141000000,-0.082056271
5088,-Z,-Z,673071,-0.153000000,-0.093987173,0.0,-0.153000000,-0.093987173
5089,-Z,-Z,673152,-0.144000000,-0.085038997,0.0,-0.144000000,-0.085038997
5090,-Z,-Z,673231,-0.136000000,-0.077085062,0.0,-0.136000000,-0.077085062
5091,-Z,-Z,673311,-0.141000000,-0.082056271,0.0,-0.141000000,-0.082056271
5092,-Z,-Z,673391,-0.141000000,-0.082056271,0.0,-0.141000000,-0.082056271
5093,-Z,-Z,673472,-0.141000000,-0.082056271,0.0,-0.141000000,-0.082056271
5094,-Z,-Z,673551,-0.145000000,-0.086033238,0.0,-0.145000000,-0.086033238
5095,-Z,-Z,673631,-0.138000000,-0.079073546,0.0,-0.138000000,-0.079073546
5096,-Z,-Z,673712,-0.133000000,-0.074102336,0.0,-0.133000000,-0.074102336
5097,-Z,-Z,673791,-0.141000000,-0.082056271,0.0,-0.141000000,-0.082056271
5098,-Z,-Z,673871,-0.144000000,-0.085038997,0.0,-0.144000000,-0.085038997
5099,-Z,-Z,673952,-0.143000000,-0.084044755,0.0,-0.143000000,-0.084044755
5100,-Z,-Z,674032,-0.136000000,-0.077085062,0.0,-0.136000000,-0.077085062
5101,-Z,-Z,674111,-0.136000000,-0.077085062,0.0,-0.136000000,-0.077085062
5102,-Z,-Z,674191,-0.143000000,-0.084044755,0.0,-0.143000000,-0.084044755
5103,-Z,-Z,674272,-0.138000000,-0.079073546,0.0,-0.138000000,-0.079073546
5104,-Z,-Z,674351,-0.141000000,-0.082056271,0.0,-0.141000000,-0.082056271
5105,-Z,-Z,674431,-0.143000000,-0.084044755,0.0,-0.143000000,-0.084044755
5106,-Z,-Z,674512,-0.143000000,-0.084044755,0.0,-0.143000000,-0.084044755
5107,-Z,-Z,674591,-0.139000000,-0.080067787,0.0,-0.139000000,-0.080067787
5108,-Z,-Z,674671,-0.136000000,-0.077085062,0.0,-0.136000000,-0.077085062
5109,-Z,-Z,674752,-0.137000000,-0.078079304,0.0,-0.137000000,-0.078079304
5110,-Z,-Z,674832,-0.140000000,-0.081062029,0.0,-0.140000000,-0.081062029
5111,-Z,-Z,674911,-0.140000000,-0.081062029,0.0,-0.140000000,-0.081062029
5112,-Z,-Z,674991,-0.138000000,-0.079073546,0.0,-0.138000000,-0.079073546
5113,-Z,-Z,675072,-0.141000000,-0.082056271,0.0,-0.141000000,-0.082056271
5114,-Z,-Z,675151,-0.144000000,-0.085038997,0.0,-0.144000000,-0.085038997
5115,-Z,-Z,675231,-0.132000000,-0.073108094,0.0,-0.132000000,-0.073108094
5116,-Z,-Z,675312,-0.140000000,-0.081062029,0.0,-0.140000000,-0.081062029
5117,-Z,-Z,675392,-0.138000000,-0.079073546,0.0,-0.138000000,-0.079073546
5118,-Z,-Z,675471,-0.141000000,-0.082056271,0.0,-0.141000000,-0.082056271
5119,-Z,-Z,675551,-0.141000000,-0.082056271,0.0,-0.141000000,-0.082056271
5120,-Z,-Z,675632,-0.141000000,-0.082056271,0.0,-0.141000000,-0.082056271
5121,-Z,-Z,675711,-0.141000000,-0.082056271,0.0,-0.141000000,-0.082056271
5122,-Z,-Z,675791,-0.140000000,-0.081062029,0.0,-0.140000000,-0.081062029
5123,-Z,-Z,675872,-0.141000000,-0.082056271,0.0,-0.141000000,-0.082056271
5124,-Z,-Z,675951,-0.138000000,-0.079073546,0.0,-0.138000000,-0.079073546
5125,-Z,-Z,676031,-0.136000000,-0.077085062,0.0,-0.136000000,-0.077085062
5126,-Z,-Z,676111,-0.136000000,-0.077085062,0.0,-0.136000000,-0.077085062
5127,-Z,-Z,676192,-0.137000000,-0.078079304,0.0,-0.137000000,-0.078079304
5128,-Z,-Z,676271,-0.141000000,-0.082056271,0.0,-0.141000000,-0.082056271
5129,-Z,-Z,676351,-0.141000000,-0.082056271,0.0,-0.141000000,-0.082056271
5130,-Z,-Z,676432,-0.141000000,-0.082056271,0.0,-0.141000000,-0.082056271
5131,-Z,-Z,676511,-0.140000000,-0.081062029,0.0,-0.140000000,-0.081062029
5132,-Z,-Z,676591,-0.140000000,-0.081062029,0.0,-0.140000000,-0.081062029
5133,-Z,-Z,676672,-0.149000000,-0.090010206,0.0,-0.149000000,-0.090010206
5134,-Z,-Z,676751,-0.136000000,-0.077085062,0.0,-0.136000000,-0.077085062
5135,-Z,-Z,676831,-0.140000000,-0.081062029,0.0,-0.140000000,-0.081062029
5136,-Z,-Z,676912,-0.141000000,-0.082056271,0.0,-0.141000000,-0.082056271
5137,-Z,-Z,676992,-0.137000000,-0.078079304,0.0,-0.137000000,-0.078079304
5138,-Z,-Z,677071,-0.137000000,-0.078079304,0.0,-0.137000000,-0.078079304
5139,-Z,-Z,677151,-0.144000000,-0.085038997,0.0,-0.144000000,-0.085038997
5140,-Z,-Z,677232,-0.137000000,-0.078079304,0.0,-0.137000000,-0.078079304
5141,-Z,-Z,677311,-0.132000000,-0.073108094,0.0,-0.132000000,-0.073108094
5142,-Z,-Z,677391,-0.136000000,-0.077085062,0.0,-0.136000000,-0.077085062
5143,-Z,-Z,677472,-0.136000000,-0.077085062,0.0,-0.136000000,-0.077085062
5144,-Z,-Z,677552,-0.141000000,-0.082056271,0.0,-0.141000000,-0.082056271
5145,-Z,-Z,677631,-0.141000000,-0.082056271,0.0,-0.141000000,-0.082056271
5146,-Z,-Z,677711,-0.141000000,-0.082056271,0.0,-0.141000000,-0.082056271
5147,-Z,-Z,677792,-0.141000000,-0.082056271,0.0,-0.141000000,-0.082056271
5148,-Z,-Z,677871,-0.136000000,-0.077085062,0.0,-0.136000000,-0.077085062
5149,-Z,-Z,677951,-0.141000000,-0.082056271,0.0,-0.141000000,-0.082056271
5150,-Z,-Z,678032,-0.140000000,-0.081062029,0.0,-0.140000000,-0.081062029
5151,-Z,-Z,678112,-0.136000000,-0.077085062,0.0,-0.136000000,-0.077085062
5152,-Z,-Z,678191,-0.136000000,-0.077085062,0.0,-0.136000000,-0.077085062
5153,-Z,-Z,678271,-0.138000000,-0.079073546,0.0,-0.138000000,-0.079073546
5154,-Z,-Z,678352,-0.136000000,-0.077085062,0.0,-0.136000000,-0.077085062
5155,-Z,-Z,678431,-0.136000000,-0.077085062,0.0,-0.136000000,-0.077085062
5156,-Z,-Z,678511,-0.137000000,-0.078079304,0.0,-0.137000000,-0.078079304
5157,-Z,-Z,678592,-0.136000000,-0.077085062,0.0,-0.136000000,-0.077085062
5158,-Z,-Z,678671,-0.136000000,-0.077085062,0.0,-0.136000000,-0.077085062
5159,-Z,-Z,678751,-0.141000000,-0.082056271,0.0,-0.141000000,-0.082056271
5160,-Z,-Z,678832,-0.143000000,-0.084044755,0.0,-0.143000000,-0.084044755
5161,-Z,-Z,678912,-0.137000000,-0.078079304,0.0,-0.137000000,-0.078079304
5162,-Z,-Z,678991,-0.135000000,-0.076090820,0.0,-0.135000000,-0.076090820
5163,-Z,-Z,679071,-0.136000000,-0.077085062,0.0,-0.136000000,-0.077085062
5164,-Z,-Z,679152,-0.141000000,-0.082056271,0.0,-0.141000000,-0.082056271
5165,-Z,-Z,679231,-0.141000000,-0.082056271,0.0,-0.141000000,-0.082056271
5166,-Z,-Z,679311,-0.141000000,-0.082056271,0.0,-0.141000000,-0.082056271
5167,-Z,-Z,679392,-0.141000000,-0.082056271,0.0,-0.141000000,-0.082056271
5168,-Z,-Z,679472,-0.138000000,-0.079073546,0.0,-0.138000000,-0.079073546
5169,-Z,-Z,679551,-0.144000000,-0.085038997,0.0,-0.144000000,-0.085038997
5170,-Z,-Z,679631,-0.136000000,-0.077085062,0.0,-0.136000000,-0.077085062
5171,-Z,-Z,679712,-0.136000000,-0.077085062,0.0,-0.136000000,-0.077085062
5172,-Z,-Z,679791,-0.141000000,-0.082056271,0.0,-0.141000000,-0.082056271
5173,-Z,-Z,679871,-0.132000000,-0.073108094,0.0,-0.132000000,-0.073108094
5174,-Z,-Z,679952,-0.130000000,-0.071119611,0.0,-0.130000000,-0.071119611
5175,-Z,-Z,680032,-0.137000000,-0.078079304,0.0,-0.137000000,-0.078079304
5176,-Z,-Z,680111,-0.141000000,-0.082056271,0.0,-0.141000000,-0.082056271
5177,-Z,-Z,680191,-0.138000000,-0.079073546,0.0,-0.138000000,-0.079073546
5178,-Z,-Z,680272,-0.141000000,-0.082056271,0.0,-0.141000000,-0.082056271
5179,-Z,-Z,680351,-0.137000000,-0.078079304,0.0,-0.137000000,-0.078079304
5180,-Z,-Z,680431,-0.143000000,-0.084044755,0.0,-0.143000000,-0.084044755
5181,-Z,-Z,680512,-0.140000000,-0.081062029,0.0,-0.140000000,-0.081062029
5182,-Z,-Z,680592,-0.138000000,-0.079073546,0.0,-0.138000000,-0.079073546
5183,-Z,-Z,680671,-0.137000000,-0.078079304,0.0,-0.137000000,-0.078079304
5184,-Z,-Z,680752,-0.137000000,-0.078079304,0.0,-0.137000000,-0.078079304
5185,-Z,-Z,680832,-0.141000000,-0.082056271,0.0,-0.141000000,-0.082056271
5186,-Z,-Z,680911,-0.136000000,-0.077085062,0.0,-0.136000000,-0.077085062
5187,-Z,-Z,680991,-0.141000000,-0.082056271,0.0,-0.141000000,-0.082056271
5188,-Z,-Z,681072,-0.144000000,-0.085038997,0.0,-0.144000000,-0.085038997
5189,-Z,-Z,681151,-0.144000000,-0.085038997,0.0,-0.144000000,-0.085038997
5190,-Z,-Z,681231,-0.141000000,-0.082056271,0.0,-0.141000000,-0.082056271
5191,-Z,-Z,681312,-0.141000000,-0.082056271,0.0,-0.141000000,-0.082056271
5192,-Z,-Z,681392,-0.136000000,-0.077085062,0.0,-0.136000000,-0.077085062
5193,-Z,-Z,681471,-0.137000000,-0.078079304,0.0,-0.137000000,-0.078079304
5194,-Z,-Z,681551,-0.136000000,-0.077085062,0.0,-0.136000000,-0.077085062
5195,-Z,-Z,681632,-0.141000000,-0.082056271,0.0,-0.141000000,-0.082056271
5196,-Z,-Z,681711,-0.138000000,-0.079073546,0.0,-0.138000000,-0.079073546
5197,-Z,-Z,681791,-0.140000000,-0.081062029,0.0,-0.140000000,-0.081062029
5198,-Z,-Z,681872,-0.140000000,-0.081062029,0.0,-0.140000000,-0.081062029
5199,-Z,-Z,681952,-0.141000000,-0.082056271,0.0,-0.141000000,-0.082056271
5200,-Z,-Z,682031,-0.138000000,-0.079073546,0.0,-0.138000000,-0.079073546
5201,-Z,-Z,682111,-0.141000000,-0.082056271,0.0,-0.141000000,-0.082056271
5202,-Z,-Z,682192,-0.137000000,-0.078079304,0.0,-0.137000000,-0.078079304
5203,-Z,-Z,682271,-0.138000000,-0.079073546,0.0,-0.138000000,-0.079073546
5204,-Z,-Z,682351,-0.138000000,-0.079073546,0.0,-0.138000000,-0.079073546
5205,-Z,-Z,682432,-0.143000000,-0.084044755,0.0,-0.143000000,-0.084044755
5206,-Z,-Z,682511,-0.138000000,-0.079073546,0.0,-0.138000000,-0.079073546
5207,-Z,-Z,682591,-0.141000000,-0.082056271,0.0,-0.141000000,-0.082056271
5208,-Z,-Z,682672,-0.138000000,-0.079073546,0.0,-0.138000000,-0.079073546
5209,-Z,-Z,682752,-0.136000000,-0.077085062,0.0,-0.136000000,-0.077085062
5210,-Z,-Z,682831,-0.145000000,-0.086033238,0.0,-0.145000000,-0.086033238
5211,-Z,-Z,682911,-0.145000000,-0.086033238,0.0,-0.145000000,-0.086033238
5212,-Z,-Z,682992,-0.137000000,-0.078079304,0.0,-0.137000000,-0.078079304
5213,-Z,-Z,683071,-0.138000000,-0.079073546,0.0,-0.138000000,-0.079073546
5214,-Z,-Z,683151,-0.138000000,-0.079073546,0.0,-0.138000000,-0.079073546
5215,-Z,-Z,683232,-0.137000000,-0.078079304,0.0,-0.137000000,-0.078079304
5216,-Z,-Z,683312,-0.141000000,-0.082056271,0.0,-0.141000000,-0.082056271
5217,-Z,-Z,683391,-0.143000000,-0.084044755,0.0,-0.143000000,-0.084044755
5218,-Z,-Z,683472,-0.144000000,-0.085038997,0.0,-0.144000000,-0.085038997
5219,-Z,-Z,683552,-0.144000000,-0.085038997,0.0,-0.144000000,-0.085038997
5220,-Z,-Z,683631,-0.140000000,-0.081062029,0.0,-0.140000000,-0.081062029
5221,-Z,-Z,683711,-0.137000000,-0.078079304,0.0,-0.137000000,-0.078079304
5222,-Z,-Z,683792,-0.141000000,-0.082056271,0.0,-0.141000000,-0.082056271
5223,-Z,-Z,683871,-0.141000000,-0.082056271,0.0,-0.141000000,-0.082056271
5224,-Z,-Z,683951,-0.141000000,-0.082056271,0.0,-0.141000000,-0.082056271
5225,-Z,-Z,684032,-0.141000000,-0.082056271,0.0,-0.141000000,-0.082056271
5226,-Z,-Z,684112,-0.144000000,-0.085038997,0.0,-0.144000000,-0.085038997
5227,-Z,-Z,684191,-0.138000000,-0.079073546,0.0,-0.138000000,-0.079073546
5228,-Z,-Z,684271,-0.141000000,-0.082056271,0.0,-0.141000000,-0.082056271
5229,-Z,-Z,684352,-0.136000000,-0.077085062,0.0,-0.136000000,-0.077085062
5230,-Z,-Z,684431,-0.141000000,-0.082056271,0.0,-0.141000000,-0.082056271
5231,-Z,-Z,684511,-0.143000000,-0.084044755,0.0,-0.143000000,-0.084044755
5232,-Z,-Z,684592,-0.141000000,-0.082056271,0.0,-0.141000000,-0.082056271
5233,-Z,-Z,684672,-0.141000000,-0.082056271,0.0,-0.141000000,-0.082056271
5234,-Z,-Z,684751,-0.144000000,-0.085038997,0.0,-0.144000000,-0.085038997
5235,-Z,-Z,684831,-0.138000000,-0.079073546,0.0,-0.138000000,-0.079073546
5236,-Z,-Z,684912,-0.141000000,-0.082056271,0.0,-0.141000000,-0.082056271
5237,-Z,-Z,684991,-0.141000000,-0.082056271,0.0,-0.141000000,-0.082056271
5238,-Z,-Z,685071,-0.141000000,-0.082056271,0.0,-0.141000000,-0.082056271
5239,-Z,-Z,685152,-0.143000000,-0.084044755,0.0,-0.143000000,-0.084044755
5240,-Z,-Z,685232,-0.138000000,-0.079073546,0.0,-0.138000000,-0.079073546
5241,-Z,-Z,685311,-0.141000000,-0.082056271,0.0,-0.141000000,-0.082056271
5242,-Z,-Z,685391,-0.136000000,-0.077085062,0.0,-0.136000000,-0.077085062
5243,-Z,-Z,685472,-0.136000000,-0.077085062,0.0,-0.136000000,-0.077085062
5244,-Z,-Z,685551,-0.136000000,-0.077085062,0.0,-0.136000000,-0.077085062
5245,-Z,-Z,685631,-0.140000000,-0.081062029,0.0,-0.140000000,-0.081062029
5246,-Z,-Z,685712,-0.145000000,-0.086033238,0.0,-0.145000000,-0.086033238
5247,-Z,-Z,685792,-0.141000000,-0.082056271,0.0,-0.141000000,-0.082056271
5248,-Z,-Z,685871,-0.136000000,-0.077085062,0.0,-0.136000000,-0.077085062
5249,-Z,-Z,685951,-0.141000000,-0.082056271,0.0,-0.141000000,-0.082056271
5250,-Z,-Z,686032,-0.141000000,-0.082056271,0.0,-0.141000000,-0.082056271
5251,-Z,-Z,686111,-0.136000000,-0.077085062,0.0,-0.136000000,-0.077085062
5252,-Z,-Z,686191,-0.132000000,-0.073108094,0.0,-0.132000000,-0.073108094
5253,-Z,-Z,686272,-0.141000000,-0.082056271,0.0,-0.141000000,-0.082056271
5254,-Z,-Z,686351,-0.138000000,-0.079073546,0.0,-0.138000000,-0.079073546
5255,-Z,-Z,686431,-0.140000000,-0.081062029,0.0,-0.140000000,-0.081062029
5256,-Z,-Z,686511,-0.141000000,-0.082056271,0.0,-0.141000000,-0.082056271
5257,-Z,-Z,686592,-0.141000000,-0.082056271,0.0,-0.141000000,-0.082056271
5258,-Z,-Z,686671,-0.130000000,-0.071119611,0.0,-0.130000000,-0.071119611
5259,-Z,-Z,686751,-0.136000000,-0.077085062,0.0,-0.136000000,-0.077085062
5260,-Z,-Z,686832,-0.138000000,-0.079073546,0.0,-0.138000000,-0.079073546
5261,-Z,-Z,686911,-0.137000000,-0.078079304,0.0,-0.137000000,-0.078079304
5262,-Z,-Z,686991,-0.144000000,-0.085038997,0.0,-0.144000000,-0.085038997
5263,-Z,-Z,687072,-0.144000000,-0.085038997,0.0,-0.144000000,-0.085038997
5264,-Z,-Z,687152,-0.136000000,-0.077085062,0.0,-0.136000000,-0.077085062
5265,-Z,-Z,687231,-0.141000000,-0.082056271,0.0,-0.141000000,-0.082056271
5266,-Z,-Z,687311,-0.138000000,-0.079073546,0.0,-0.138000000,-0.079073546
5267,-Z,-Z,687392,-0.136000000,-0.077085062,0.0,-0.136000000,-0.077085062
5268,-Z,-Z,687471,-0.137000000,-0.078079304,0.0,-0.137000000,-0.078079304
5269,-Z,-Z,687551,-0.136000000,-0.077085062,0.0,-0.136000000,-0.077085062
5270,-Z,-Z,687632,-0.138000000,-0.079073546,0.0,-0.138000000,-0.079073546
5271,-Z,-Z,687712,-0.141000000,-0.082056271,0.0,-0.141000000,-0.082056271
5272,-Z,-Z,687791,-0.136000000,-0.077085062,0.0,-0.136000000,-0.077085062
5273,-Z,-Z,687871,-0.138000000,-0.079073546,0.0,-0.138000000,-0.079073546
5274,-Z,-Z,687952,-0.138000000,-0.079073546,0.0,-0.138000000,-0.079073546
5275,-Z,-Z,688031,-0.137000000,-0.078079304,0.0,-0.137000000,-0.078079304
5276,-Z,-Z,688111,-0.137000000,-0.078079304,0.0,-0.137000000,-0.078079304
5277,-Z,-Z,688192,-0.137000000,-0.078079304,0.0,-0.137000000,-0.078079304
5278,-Z,-Z,688272,-0.137000000,-0.078079304,0.0,-0.137000000,-0.078079304
5279,-Z,-Z,688351,-0.140000000,-0.081062029,0.0,-0.140000000,-0.081062029
5280,-Z,-Z,688431,-0.137000000,-0.078079304,0.0,-0.137000000,-0.078079304
5281,-Z,-Z,688512,-0.133000000,-0.074102336,0.0,-0.133000000,-0.074102336
5282,-Z,-Z,688591,-0.136000000,-0.077085062,0.0,-0.136000000,-0.077085062
5283,-Z,-Z,688671,-0.135000000,-0.076090820,0.0,-0.135000000,-0.076090820
5284,-Z,-Z,688752,-0.136000000,-0.077085062,0.0,-0.136000000,-0.077085062
5285,-Z,-Z,688831,-0.138000000,-0.079073546,0.0,-0.138000000,-0.079073546
5286,-Z,-Z,688911,-0.141000000,-0.082056271,0.0,-0.141000000,-0.082056271
5287,-Z,-Z,688992,-0.136000000,-0.077085062,0.0,-0.136000000,-0.077085062
5288,-Z,-Z,689072,-0.135000000,-0.076090820,0.0,-0.135000000,-0.076090820
5289,-Z,-Z,689151,-0.135000000,-0.076090820,0.0,-0.135000000,-0.076090820
5290,-Z,-Z,689231,-0.125000000,-0.066148402,0.0,-0.125000000,-0.066148402
5291,-Z,-Z,689312,-0.140000000,-0.081062029,0.0,-0.140000000,-0.081062029
5292,-Z,-Z,689391,-0.137000000,-0.078079304,0.0,-0.137000000,-0.078079304
5293,-Z,-Z,689471,-0.136000000,-0.077085062,0.0,-0.136000000,-0.077085062
5294,-Z,-Z,689552,-0.136000000,-0.077085062,0.0,-0.136000000,-0.077085062
5295,-Z,-Z,689632,-0.136000000,-0.077085062,0.0,-0.136000000,-0.077085062
5296,-Z,-Z,689711,-0.132000000,-0.073108094,0.0,-0.132000000,-0.073108094
5297,-Z,-Z,689791,-0.136000000,-0.077085062,0.0,-0.136000000,-0.077085062
5298,-Z,-Z,689872,-0.138000000,-0.079073546,0.0,-0.138000000,-0.079073546
5299,-Z,-Z,689951,-0.138000000,-0.079073546,0.0,-0.138000000,-0.079073546
5300,-Z,-Z,690031,-0.136000000,-0.077085062,0.0,-0.136000000,-0.077085062
5301,-Z,-Z,690112,-0.141000000,-0.082056271,0.0,-0.141000000,-0.082056271
5302,-Z,-Z,690192,-0.141000000,-0.082056271,0.0,-0.141000000,-0.082056271
5303,-Z,-Z,690271,-0.136000000,-0.077085062,0.0,-0.136000000,-0.077085062
5304,-Z,-Z,690351,-0.136000000,-0.077085062,0.0,-0.136000000,-0.077085062
5305,-Z,-Z,690432,-0.138000000,-0.079073546,0.0,-0.138000000,-0.079073546
5306,-Z,-Z,690511,-0.138000000,-0.079073546,0.0,-0.138000000,-0.079073546
5307,-Z,-Z,690591,-0.140000000,-0.081062029,0.0,-0.140000000,-0.081062029
5308,-Z,-Z,690672,-0.138000000,-0.079073546,0.0,-0.138000000,-0.079073546
5309,-Z,-Z,690751,-0.141000000,-0.082056271,0.0,-0.141000000,-0.082056271
5310,-Z,-Z,690831,-0.140000000,-0.081062029,0.0,-0.140000000,-0.081062029
5311,-Z,-Z,690912,-0.136000000,-0.077085062,0.0,-0.136000000,-0.077085062
5312,-Z,-Z,690992,-0.141000000,-0.082056271,0.0,-0.141000000,-0.082056271
5313,-Z,-Z,691071,-0.144000000,-0.085038997,0.0,-0.144000000,-0.085038997
5314,-Z,-Z,691151,-0.143000000,-0.084044755,0.0,-0.143000000,-0.084044755
5315,-Z,-Z,691232,-0.143000000,-0.084044755,0.0,-0.143000000,-0.084044755
5316,-Z,-Z,691311,-0.135000000,-0.076090820,0.0,-0.135000000,-0.076090820
5317,-Z,-Z,691391,-0.137000000,-0.078079304,0.0,-0.137000000,-0.078079304
5318,-Z,-Z,691472,-0.136000000,-0.077085062,0.0,-0.136000000,-0.077085062
5319,-Z,-Z,691552,-0.136000000,-0.077085062,0.0,-0.136000000,-0.077085062
5320,-Z,-Z,691631,-0.136000000,-0.077085062,0.0,-0.136000000,-0.077085062
5321,-Z,-Z,691711,-0.143000000,-0.084044755,0.0,-0.143000000,-0.084044755
5322,-Z,-Z,691792,-0.135000000,-0.076090820,0.0,-0.135000000,-0.076090820
5323,-Z,-Z,691871,-0.141000000,-0.082056271,0.0,-0.141000000,-0.082056271
5324,-Z,-Z,691951,-0.145000000,-0.086033238,0.0,-0.145000000,-0.086033238
5325,-Z,-Z,692032,-0.136000000,-0.077085062,0.0,-0.136000000,-0.077085062
5326,-Z,-Z,692112,-0.138000000,-0.079073546,0.0,-0.138000000,-0.079073546
5327,-Z,-Z,692191,-0.124000000,-0.065154160,0.0,-0.124000000,-0.065154160
5328,-Z,-Z,692271,-0.124000000,-0.065154160,0.0,-0.124000000,-0.065154160
5329,-Z,-Z,692352,-0.132000000,-0.073108094,0.0,-0.132000000,-0.073108094
5330,-Z,-Z,692431,-0.136000000,-0.077085062,0.0,-0.136000000,-0.077085062
5331,-Z,-Z,692511,-0.135000000,-0.076090820,0.0,-0.135000000,-0.076090820
5332,-Z,-Z,692592,-0.140000000,-0.081062029,0.0,-0.140000000,-0.081062029
5333,-Z,-Z,692671,-0.141000000,-0.082056271,0.0,-0.141000000,-0.082056271
5334,-Z,-Z,692751,-0.136000000,-0.077085062,0.0,-0.136000000,-0.077085062
5335,-Z,-Z,692831,-0.136000000,-0.077085062,0.0,-0.136000000,-0.077085062
5336,-Z,-Z,692912,-0.132000000,-0.073108094,0.0,-0.132000000,-0.073108094
5337,-Z,-Z,692991,-0.135000000,-0.076090820,0.0,-0.135000000,-0.076090820
5338,-Z,-Z,693071,-0.136000000,-0.077085062,0.0,-0.136000000,-0.077085062
5339,-Z,-Z,693152,-0.137000000,-0.078079304,0.0,-0.137000000,-0.078079304
5340,-Z,-Z,693231,-0.143000000,-0.084044755,0.0,-0.143000000,-0.084044755
5341,-Z,-Z,693311,-0.143000000,-0.084044755,0.0,-0.143000000,-0.084044755
5342,-Z,-Z,693391,-0.141000000,-0.082056271,0.0,-0.141000000,-0.082056271
5343,-Z,-Z,693472,-0.140000000,-0.081062029,0.0,-0.140000000,-0.081062029
5344,-Z,-Z,693551,-0.138000000,-0.079073546,0.0,-0.138000000,-0.079073546
5345,-Z,-Z,693631,-0.136000000,-0.077085062,0.0,-0.136000000,-0.077085062
5346,-Z,-Z,693712,-0.136000000,-0.077085062,0.0,-0.136000000,-0.077085062
5347,-Z,-Z,693791,-0.137000000,-0.078079304,0.0,-0.137000000,-0.078079304
5348,-Z,-Z,693871,-0.141000000,-0.082056271,0.0,-0.141000000,-0.082056271
5349,-Z,-Z,693952,-0.136000000,-0.077085062,0.0,-0.136000000,-0.077085062
5350,-Z,-Z,694032,-0.136000000,-0.077085062,0.0,-0.136000000,-0.077085062
5351,-Z,-Z,694111,-0.137000000,-0.078079304,0.0,-0.137000000,-0.078079304
5352,-Z,-Z,694191,-0.143000000,-0.084044755,0.0,-0.143000000,-0.084044755
5353,-Z,-Z,694272,-0.140000000,-0.081062029,0.0,-0.140000000,-0.081062029
5354,-Z,-Z,694351,-0.140000000,-0.081062029,0.0,-0.140000000,-0.081062029
5355,-Z,-Z,694431,-0.141000000,-0.082056271,0.0,-0.141000000,-0.082056271
5356,-Z,-Z,694512,-0.135000000,-0.076090820,0.0,-0.135000000,-0.076090820
5357,-Z,-Z,694592,-0.138000000,-0.079073546,0.0,-0.138000000,-0.079073546
5358,-Z,-Z,694671,-0.138000000,-0.079073546,0.0,-0.138000000,-0.079073546
5359,-Z,-Z,694752,-0.141000000,-0.082056271,0.0,-0.141000000,-0.082056271
5360,-Z,-Z,694832,-0.143000000,-0.084044755,0.0,-0.143000000,-0.084044755
5361,-Z,-Z,694911,-0.138000000,-0.079073546,0.0,-0.138000000,-0.079073546
5362,-Z,-Z,694991,-0.136000000,-0.077085062,0.0,-0.136000000,-0.077085062
5363,-Z,-Z,695072,-0.136000000,-0.077085062,0.0,-0.136000000,-0.077085062
5364,-Z,-Z,695151,-0.140000000,-0.081062029,0.0,-0.140000000,-0.081062029
5365,-Z,-Z,695231,-0.136000000,-0.077085062,0.0,-0.136000000,-0.077085062
5366,-Z,-Z,695312,-0.138000000,-0.079073546,0.0,-0.138000000,-0.079073546
5367,-Z,-Z,695392,-0.138000000,-0.079073546,0.0,-0.138000000,-0.079073546
5368,-Z,-Z,695471,-0.135000000,-0.076090820,0.0,-0.135000000,-0.076090820
5369,-Z,-Z,695551,-0.138000000,-0.079073546,0.0,-0.138000000,-0.079073546
5370,-Z,-Z,695632,-0.132000000,-0.073108094,0.0,-0.132000000,-0.073108094
5371,-Z,-Z,695711,-0.138000000,-0.079073546,0.0,-0.138000000,-0.079073546
5372,-Z,-Z,695791,-0.136000000,-0.077085062,0.0,-0.136000000,-0.077085062
5373,-Z,-Z,695872,-0.138000000,-0.079073546,0.0,-0.138000000,-0.079073546
5374,-Z,-Z,695952,-0.141000000,-0.082056271,0.0,-0.141000000,-0.082056271
5375,-Z,-Z,696031,-0.136000000,-0.077085062,0.0,-0.136000000,-0.077085062
5376,-Z,-Z,696111,-0.141000000,-0.082056271,0.0,-0.141000000,-0.082056271
5377,-Z,-Z,696192,-0.132000000,-0.073108094,0.0,-0.132000000,-0.073108094
5378,-Z,-Z,696271,-0.137000000,-0.078079304,0.0,-0.137000000,-0.078079304
5379,-Z,-Z,696351,-0.136000000,-0.077085062,0.0,-0.136000000,-0.077085062
5380,-Z,-Z,696432,-0.136000000,-0.077085062,0.0,-0.136000000,-0.077085062
5381,-Z,-Z,696511,-0.129000000,-0.070125369,0.0,-0.129000000,-0.070125369
5382,-Z,-Z,696591,-0.135000000,-0.076090820,0.0,-0.135000000,-0.076090820
5383,-Z,-Z,696672,-0.136000000,-0.077085062,0.0,-0.136000000,-0.077085062
5384,-Z,-Z,696752,-0.141000000,-0.082056271,0.0,-0.141000000,-0.082056271
5385,-Z,-Z,696831,-0.141000000,-0.082056271,0.0,-0.141000000,-0.082056271
5386,-Z,-Z,696911,-0.138000000,-0.079073546,0.0,-0.138000000,-0.079073546
5387,-Z,-Z,696992,-0.137000000,-0.078079304,0.0,-0.137000000,-0.078079304
5388,-Z,-Z,697071,-0.136000000,-0.077085062,0.0,-0.136000000,-0.077085062
5389,-Z,-Z,697151,-0.137000000,-0.078079304,0.0,-0.137000000,-0.078079304
5390,-Z,-Z,697232,-0.136000000,-0.077085062,0.0,-0.136000000,-0.077085062
5391,-Z,-Z,697312,-0.136000000,-0.077085062,0.0,-0.136000000,-0.077085062
5392,-Z,-Z,697391,-0.136000000,-0.077085062,0.0,-0.136000000,-0.077085062
5393,-Z,-Z,697471,-0.136000000,-0.077085062,0.0,-0.136000000,-0.077085062
5394,-Z,-Z,697552,-0.135000000,-0.076090820,0.0,-0.135000000,-0.076090820
5395,-Z,-Z,697631,-0.140000000,-0.081062029,0.0,-0.140000000,-0.081062029
5396,-Z,-Z,697711,-0.144000000,-0.085038997,0.0,-0.144000000,-0.085038997
5397,-Z,-Z,697792,-0.136000000,-0.077085062,0.0,-0.136000000,-0.077085062
5398,-Z,-Z,697871,-0.138000000,-0.079073546,0.0,-0.138000000,-0.079073546
5399,-Z,-Z,697951,-0.145000000,-0.086033238,0.0,-0.145000000,-0.086033238
5400,-Z,-Z,698032,-0.136000000,-0.077085062,0.0,-0.136000000,-0.077085062
5401,-Z,-Z,698112,-0.136000000,-0.077085062,0.0,-0.136000000,-0.077085062
5402,-Z,-Z,698191,-0.138000000,-0.079073546,0.0,-0.138000000,-0.079073546
5403,-Z,-Z,698271,-0.136000000,-0.077085062,0.0,-0.136000000,-0.077085062
5404,-Z,-Z,698352,-0.136000000,-0.077085062,0.0,-0.136000000,-0.077085062
5405,-Z,-Z,698431,-0.136000000,-0.077085062,0.0,-0.136000000,-0.077085062
5406,-Z,-Z,698511,-0.141000000,-0.082056271,0.0,-0.141000000,-0.082056271
5407,-Z,-Z,698592,-0.143000000,-0.084044755,0.0,-0.143000000,-0.084044755
5408,-Z,-Z,698671,-0.136000000,-0.077085062,0.0,-0.136000000,-0.077085062
5409,-Z,-Z,698751,-0.136000000,-0.077085062,0.0,-0.136000000,-0.077085062
5410,-Z,-Z,698832,-0.136000000,-0.077085062,0.0,-0.136000000,-0.077085062
5411,-Z,-Z,698912,-0.138000000,-0.079073546,0.0,-0.138000000,-0.079073546
5412,-Z,-Z,698991,-0.136000000,-0.077085062,0.0,-0.136000000,-0.077085062
5413,-Z,-Z,699071,-0.135000000,-0.076090820,0.0,-0.135000000,-0.076090820
5414,-Z,-Z,699152,-0.137000000,-0.078079304,0.0,-0.137000000,-0.078079304
5415,-Z,-Z,699231,-0.133000000,-0.074102336,0.0,-0.133000000,-0.074102336
5416,-Z,-Z,699311,-0.143000000,-0.084044755,0.0,-0.143000000,-0.084044755
5417,-Z,-Z,699392,-0.136000000,-0.077085062,0.0,-0.136000000,-0.077085062
5418,-Z,-Z,699472,-0.136000000,-0.077085062,0.0,-0.136000000,-0.077085062
5419,-Z,-Z,699551,-0.136000000,-0.077085062,0.0,-0.136000000,-0.077085062
5420,-Z,-Z,699631,-0.136000000,-0.077085062,0.0,-0.136000000,-0.077085062
5421,-Z,-Z,699712,-0.136000000,-0.077085062,0.0,-0.136000000,-0.077085062
5422,-Z,-Z,699791,-0.143000000,-0.084044755,0.0,-0.143000000,-0.084044755
5423,-Z,-Z,699871,-0.136000000,-0.077085062,0.0,-0.136000000,-0.077085062
5424,-Z,-Z,699952,-0.133000000,-0.074102336,0.0,-0.133000000,-0.074102336
5425,-Z,-Z,700032,-0.137000000,-0.078079304,0.0,-0.137000000,-0.078079304
5426,-Z,-Z,700111,-0.137000000,-0.078079304,0.0,-0.137000000,-0.078079304
5427,-Z,-Z,700191,-0.136000000,-0.077085062,0.0,-0.136000000,-0.077085062
5428,-Z,-Z,700272,-0.130000000,-0.071119611,0.0,-0.130000000,-0.071119611
5429,-Z,-Z,700351,-0.137000000,-0.078079304,0.0,-0.137000000,-0.078079304
5430,-Z,-Z,700431,-0.138000000,-0.079073546,0.0,-0.138000000,-0.079073546
5431,-Z,-Z,700512,-0.138000000,-0.079073546,0.0,-0.138000000,-0.079073546
5432,-Z,-Z,700592,-0.133000000,-0.074102336,0.0,-0.133000000,-0.074102336
5433,-Z,-Z,700671,-0.141000000,-0.082056271,0.0,-0.141000000,-0.082056271
5434,-Z,-Z,700751,-0.141000000,-0.082056271,0.0,-0.141000000,-0.082056271
5435,-Z,-Z,700832,-0.133000000,-0.074102336,0.0,-0.133000000,-0.074102336
5436,-Z,-Z,700911,-0.136000000,-0.077085062,0.0,-0.136000000,-0.077085062
5437,-Z,-Z,700991,-0.141000000,-0.082056271,0.0,-0.141000000,-0.082056271
5438,-Z,-Z,701072,-0.138000000,-0.079073546,0.0,-0.138000000,-0.079073546
5439,-Z,-Z,701152,-0.145000000,-0.086033238,0.0,-0.145000000,-0.086033238
5440,-Z,-Z,701231,-0.136000000,-0.077085062,0.0,-0.136000000,-0.077085062
5441,-Z,-Z,701311,-0.136000000,-0.077085062,0.0,-0.136000000,-0.077085062
5442,-Z,-Z,701392,-0.136000000,-0.077085062,0.0,-0.136000000,-0.077085062
5443,-Z,-Z,701471,-0.136000000,-0.077085062,0.0,-0.136000000,-0.077085062
5444,-Z,-Z,701551,-0.136000000,-0.077085062,0.0,-0.136000000,-0.077085062
5445,-Z,-Z,701632,-0.135000000,-0.076090820,0.0,-0.135000000,-0.076090820
5446,-Z,-Z,701711,-0.137000000,-0.078079304,0.0,-0.137000000,-0.078079304
5447,-Z,-Z,701791,-0.132000000,-0.073108094,0.0,-0.132000000,-0.073108094
5448,-Z,-Z,701872,-0.141000000,-0.082056271,0.0,-0.141000000,-0.082056271
5449,-Z,-Z,701952,-0.136000000,-0.077085062,0.0,-0.136000000,-0.077085062
5450,-Z,-Z,702031,-0.138000000,-0.079073546,0.0,-0.138000000,-0.079073546
5451,-Z,-Z,702111,-0.138000000,-0.079073546,0.0,-0.138000000,-0.079073546
5452,-Z,-Z,702192,-0.145000000,-0.086033238,0.0,-0.145000000,-0.086033238
5453,-Z,-Z,702271,-0.138000000,-0.079073546,0.0,-0.138000000,-0.079073546
5454,-Z,-Z,702351,-0.137000000,-0.078079304,0.0,-0.137000000,-0.078079304
5455,-Z,-Z,702432,-0.136000000,-0.077085062,0.0,-0.136000000,-0.077085062
5456,-Z,-Z,702512,-0.141000000,-0.082056271,0.0,-0.141000000,-0.082056271
5457,-Z,-Z,702591,-0.141000000,-0.082056271,0.0,-0.141000000,-0.082056271
5458,-Z,-Z,702671,-0.132000000,-0.073108094,0.0,-0.132000000,-0.073108094
5459,-Z,-Z,702752,-0.137000000,-0.078079304,0.0,-0.137000000,-0.078079304
5460,-Z,-Z,702831,-0.132000000,-0.073108094,0.0,-0.132000000,-0.073108094
5461,-Z,-Z,702911,-0.137000000,-0.078079304,0.0,-0.137000000,-0.078079304
5462,-Z,-Z,702992,-0.136000000,-0.077085062,0.0,-0.136000000,-0.077085062
5463,-Z,-Z,703072,-0.136000000,-0.077085062,0.0,-0.136000000,-0.077085062
5464,-Z,-Z,703151,-0.132000000,-0.073108094,0.0,-0.132000000,-0.073108094
5465,-Z,-Z,703231,-0.138000000,-0.079073546,0.0,-0.138000000,-0.079073546
5466,-Z,-Z,703312,-0.136000000,-0.077085062,0.0,-0.136000000,-0.077085062
5467,-Z,-Z,703391,-0.136000000,-0.077085062,0.0,-0.136000000,-0.077085062
5468,-Z,-Z,703471,-0.137000000,-0.078079304,0.0,-0.137000000,-0.078079304
5469,-Z,-Z,703552,-0.132000000,-0.073108094,0.0,-0.132000000,-0.073108094
5470,-Z,-Z,703631,-0.132000000,-0.073108094,0.0,-0.132000000,-0.073108094
5471,-Z,-Z,703711,-0.136000000,-0.077085062,0.0,-0.136000000,-0.077085062
5472,-Z,-Z,703792,-0.136000000,-0.077085062,0.0,-0.136000000,-0.077085062
5473,-Z,-Z,703872,-0.141000000,-0.082056271,0.0,-0.141000000,-0.082056271
5474,-Z,-Z,703951,-0.138000000,-0.079073546,0.0,-0.138000000,-0.079073546
5475,-Z,-Z,704031,-0.136000000,-0.077085062,0.0,-0.136000000,-0.077085062
5476,-Z,-Z,704112,-0.132000000,-0.073108094,0.0,-0.132000000,-0.073108094
5477,-Z,-Z,704191,-0.136000000,-0.077085062,0.0,-0.136000000,-0.077085062
5478,-Z,-Z,704271,-0.136000000,-0.077085062,0.0,-0.136000000,-0.077085062
5479,-Z,-Z,704352,-0.136000000,-0.077085062,0.0,-0.136000000,-0.077085062
5480,-Z,-Z,704432,-0.137000000,-0.078079304,0.0,-0.137000000,-0.078079304
5481,-Z,-Z,704511,-0.141000000,-0.082056271,0.0,-0.141000000,-0.082056271
5482,-Z,-Z,704592,-0.138000000,-0.079073546,0.0,-0.138000000,-0.079073546
5483,-Z,-Z,704672,-0.138000000,-0.079073546,0.0,-0.138000000,-0.079073546
5484,-Z,-Z,704751,-0.136000000,-0.077085062,0.0,-0.136000000,-0.077085062
5485,-Z,-Z,704831,-0.129000000,-0.070125369,0.0,-0.129000000,-0.070125369
5486,-Z,-Z,704912,-0.140000000,-0.081062029,0.0,-0.140000000,-0.081062029
5487,-Z,-Z,704991,-0.136000000,-0.077085062,0.0,-0.136000000,-0.077085062
5488,-Z,-Z,705071,-0.137000000,-0.078079304,0.0,-0.137000000,-0.078079304
5489,-Z,-Z,705152,-0.136000000,-0.077085062,0.0,-0.136000000,-0.077085062
5490,-Z,-Z,705232,-0.136000000,-0.077085062,0.0,-0.136000000,-0.077085062
5491,-Z,-Z,705311,-0.137000000,-0.078079304,0.0,-0.137000000,-0.078079304
5492,-Z,-Z,705391,-0.136000000,-0.077085062,0.0,-0.136000000,-0.077085062
5493,-Z,-Z,705472,-0.140000000,-0.081062029,0.0,-0.140000000,-0.081062029
5494,-Z,-Z,705551,-0.141000000,-0.082056271,0.0,-0.141000000,-0.082056271
5495,-Z,-Z,705631,-0.133000000,-0.074102336,0.0,-0.133000000,-0.074102336
5496,-Z,-Z,705712,-0.133000000,-0.074102336,0.0,-0.133000000,-0.074102336
5497,-Z,-Z,705792,-0.140000000,-0.081062029,0.0,-0.140000000,-0.081062029
5498,-Z,-Z,705871,-0.134000000,-0.075096578,0.0,-0.134000000,-0.075096578
5499,-Z,-Z,705951,-0.136000000,-0.077085062,0.0,-0.136000000,-0.077085062
5500,-Z,-Z,706032,-0.135000000,-0.076090820,0.0,-0.135000000,-0.076090820
5501,-Z,-Z,706111,-0.137000000,-0.078079304,0.0,-0.137000000,-0.078079304
5502,-Z,-Z,706191,-0.137000000,-0.078079304,0.0,-0.137000000,-0.078079304
5503,-Z,-Z,706272,-0.138000000,-0.079073546,0.0,-0.138000000,-0.079073546
5504,-Z,-Z,706352,-0.141000000,-0.082056271,0.0,-0.141000000,-0.082056271
5505,-Z,-Z,706431,-0.133000000,-0.074102336,0.0,-0.133000000,-0.074102336
5506,-Z,-Z,706511,-0.138000000,-0.079073546,0.0,-0.138000000,-0.079073546
5507,-Z,-Z,706592,-0.136000000,-0.077085062,0.0,-0.136000000,-0.077085062
5508,-Z,-Z,706671,-0.136000000,-0.077085062,0.0,-0.136000000,-0.077085062
5509,-Z,-Z,706751,-0.136000000,-0.077085062,0.0,-0.136000000,-0.077085062
5510,-Z,-Z,706832,-0.137000000,-0.078079304,0.0,-0.137000000,-0.078079304
5511,-Z,-Z,706912,-0.140000000,-0.081062029,0.0,-0.140000000,-0.081062029
5512,-Z,-Z,706991,-0.136000000,-0.077085062,0.0,-0.136000000,-0.077085062
5513,-Z,-Z,707071,-0.137000000,-0.078079304,0.0,-0.137000000,-0.078079304
5514,-Z,-Z,707152,-0.135000000,-0.076090820,0.0,-0.135000000,-0.076090820
5515,-Z,-Z,707231,-0.136000000,-0.077085062,0.0,-0.136000000,-0.077085062
5516,-Z,-Z,707311,-0.133000000,-0.074102336,0.0,-0.133000000,-0.074102336
5517,-Z,-Z,707392,-0.133000000,-0.074102336,0.0,-0.133000000,-0.074102336
5518,-Z,-Z,707471,-0.137000000,-0.078079304,0.0,-0.137000000,-0.078079304
5519,-Z,-Z,707551,-0.138000000,-0.079073546,0.0,-0.138000000,-0.079073546
5520,-Z,-Z,707632,-0.136000000,-0.077085062,0.0,-0.136000000,-0.077085062
5521,-Z,-Z,707712,-0.132000000,-0.073108094,0.0,-0.132000000,-0.073108094
5522,-Z,-Z,707791,-0.132000000,-0.073108094,0.0,-0.132000000,-0.073108094
5523,-Z,-Z,707871,-0.136000000,-0.077085062,0.0,-0.136000000,-0.077085062
5524,-Z,-Z,707952,-0.136000000,-0.077085062,0.0,-0.136000000,-0.077085062
5525,-Z,-Z,708031,-0.136000000,-0.077085062,0.0,-0.136000000,-0.077085062
5526,-Z,-Z,708111,-0.135000000,-0.076090820,0.0,-0.135000000,-0.076090820
5527,-Z,-Z,708192,-0.137000000,-0.078079304,0.0,-0.137000000,-0.078079304
5528,-Z,-Z,708272,-0.137000000,-0.078079304,0.0,-0.137000000,-0.078079304
5529,-Z,-Z,708351,-0.136000000,-0.077085062,0.0,-0.136000000,-0.077085062
5530,-Z,-Z,708431,-0.125000000,-0.066148402,0.0,-0.125000000,-0.066148402
5531,-Z,-Z,708512,-0.136000000,-0.077085062,0.0,-0.136000000,-0.077085062
5532,-Z,-Z,708591,-0.137000000,-0.078079304,0.0,-0.137000000,-0.078079304
5533,-Z,-Z,708671,-0.136000000,-0.077085062,0.0,-0.136000000,-0.077085062
5534,-Z,-Z,708752,-0.136000000,-0.077085062,0.0,-0.136000000,-0.077085062
5535,-Z,-Z,708832,-0.138000000,-0.079073546,0.0,-0.138000000,-0.079073546
5536,-Z,-Z,708911,-0.136000000,-0.077085062,0.0,-0.136000000,-0.077085062
5537,-Z,-Z,708991,-0.136000000,-0.077085062,0.0,-0.136000000,-0.077085062
5538,-Z,-Z,709072,-0.135000000,-0.076090820,0.0,-0.135000000,-0.076090820
5539,-Z,-Z,709151,-0.138000000,-0.079073546,0.0,-0.138000000,-0.079073546
5540,-Z,-Z,709231,-0.136000000,-0.077085062,0.0,-0.136000000,-0.077085062
5541,-Z,-Z,709312,-0.136000000,-0.077085062,0.0,-0.136000000,-0.077085062
5542,-Z,-Z,709391,-0.137000000,-0.078079304,0.0,-0.137000000,-0.078079304
5543,-Z,-Z,709471,-0.135000000,-0.076090820,0.0,-0.135000000,-0.076090820
5544,-Z,-Z,709552,-0.138000000,-0.079073546,0.0,-0.138000000,-0.079073546
5545,-Z,-Z,709632,-0.135000000,-0.076090820,0.0,-0.135000000,-0.076090820
5546,-Z,-Z,709711,-0.132000000,-0.073108094,0.0,-0.132000000,-0.073108094
5547,-Z,-Z,709791,-0.132000000,-0.073108094,0.0,-0.132000000,-0.073108094
5548,-Z,-Z,709872,-0.133000000,-0.074102336,0.0,-0.133000000,-0.074102336
5549,-Z,-Z,709951,-0.136000000,-0.077085062,0.0,-0.136000000,-0.077085062
5550,-Z,-Z,710031,-0.136000000,-0.077085062,0.0,-0.136000000,-0.077085062
5551,-Z,-Z,710112,-0.138000000,-0.079073546,0.0,-0.138000000,-0.079073546
5552,-Z,-Z,710192,-0.137000000,-0.078079304,0.0,-0.137000000,-0.078079304
5553,-Z,-Z,710271,-0.133000000,-0.074102336,0.0,-0.133000000,-0.074102336
5554,-Z,-Z,710351,-0.132000000,-0.073108094,0.0,-0.132000000,-0.073108094
5555,-Z,-Z,710432,-0.128000000,-0.069131127,0.0,-0.128000000,-0.069131127
5556,-Z,-Z,710511,-0.140000000,-0.081062029,0.0,-0.140000000,-0.081062029
5557,-Z,-Z,710591,-0.138000000,-0.079073546,0.0,-0.138000000,-0.079073546
5558,-Z,-Z,710672,-0.135000000,-0.076090820,0.0,-0.135000000,-0.076090820
5559,-Z,-Z,710752,-0.145000000,-0.086033238,0.0,-0.145000000,-0.086033238
5560,-Z,-Z,710831,-0.145000000,-0.086033238,0.0,-0.145000000,-0.086033238
5561,-Z,-Z,710911,-0.144000000,-0.085038997,0.0,-0.144000000,-0.085038997
5562,-Z,-Z,710992,-0.132000000,-0.073108094,0.0,-0.132000000,-0.073108094
5563,-Z,-Z,711071,-0.132000000,-0.073108094,0.0,-0.132000000,-0.073108094
5564,-Z,-Z,711151,-0.137000000,-0.078079304,0.0,-0.137000000,-0.078079304
5565,-Z,-Z,711232,-0.136000000,-0.077085062,0.0,-0.136000000,-0.077085062
5566,-Z,-Z,711312,-0.136000000,-0.077085062,0.0,-0.136000000,-0.077085062
5567,-Z,-Z,711391,-0.138000000,-0.079073546,0.0,-0.138000000,-0.079073546
5568,-Z,-Z,711471,-0.136000000,-0.077085062,0.0,-0.136000000,-0.077085062
5569,-Z,-Z,711552,-0.137000000,-0.078079304,0.0,-0.137000000,-0.078079304
5570,-Z,-Z,711631,-0.140000000,-0.081062029,0.0,-0.140000000,-0.081062029
5571,-Z,-Z,711711,-0.136000000,-0.077085062,0.0,-0.136000000,-0.077085062
5572,-Z,-Z,711792,-0.135000000,-0.076090820,0.0,-0.135000000,-0.076090820
5573,-Z,-Z,711871,-0.135000000,-0.076090820,0.0,-0.135000000,-0.076090820
5574,-Z,-Z,711951,-0.136000000,-0.077085062,0.0,-0.136000000,-0.077085062
5575,-Z,-Z,712032,-0.133000000,-0.074102336,0.0,-0.133000000,-0.074102336
5576,-Z,-Z,712112,-0.136000000,-0.077085062,0.0,-0.136000000,-0.077085062
5577,-Z,-Z,712191,-0.143000000,-0.084044755,0.0,-0.143000000,-0.084044755
5578,-Z,-Z,712271,-0.136000000,-0.077085062,0.0,-0.136000000,-0.077085062
5579,-Z,-Z,712352,-0.132000000,-0.073108094,0.0,-0.132000000,-0.073108094
5580,-Z,-Z,712431,-0.137000000,-0.078079304,0.0,-0.137000000,-0.078079304
5581,-Z,-Z,712511,-0.138000000,-0.079073546,0.0,-0.138000000,-0.079073546
5582,-Z,-Z,712592,-0.137000000,-0.078079304,0.0,-0.137000000,-0.078079304
5583,-Z,-Z,712671,-0.136000000,-0.077085062,0.0,-0.136000000,-0.077085062
5584,-Z,-Z,712751,-0.136000000,-0.077085062,0.0,-0.136000000,-0.077085062
5585,-Z,-Z,712832,-0.135000000,-0.076090820,0.0,-0.135000000,-0.076090820
5586,-Z,-Z,712912,-0.135000000,-0.076090820,0.0,-0.135000000,-0.076090820
5587,-Z,-Z,712991,-0.128000000,-0.069131127,0.0,-0.128000000,-0.069131127
5588,-Z,-Z,713071,-0.135000000,-0.076090820,0.0,-0.135000000,-0.076090820
5589,-Z,-Z,713152,-0.136000000,-0.077085062,0.0,-0.136000000,-0.077085062
5590,-Z,-Z,713231,-0.136000000,-0.077085062,0.0,-0.136000000,-0.077085062
5591,-Z,-Z,713311,-0.136000000,-0.077085062,0.0,-0.136000000,-0.077085062
5592,-Z,-Z,713392,-0.136000000,-0.077085062,0.0,-0.136000000,-0.077085062
5593,-Z,-Z,713471,-0.138000000,-0.079073546,0.0,-0.138000000,-0.079073546
5594,-Z,-Z,713551,-0.134000000,-0.075096578,0.0,-0.134000000,-0.075096578
5595,-Z,-Z,713632,-0.132000000,-0.073108094,0.0,-0.132000000,-0.073108094
5596,-Z,-Z,713712,-0.141000000,-0.082056271,0.0,-0.141000000,-0.082056271
5597,-Z,-Z,713791,-0.133000000,-0.074102336,0.0,-0.133000000,-0.074102336
5598,-Z,-Z,713871,-0.136000000,-0.077085062,0.0,-0.136000000,-0.077085062
5599,-Z,-Z,713952,-0.136000000,-0.077085062,0.0,-0.136000000,-0.077085062
5600,-Z,-Z,714031,-0.122000000,-0.063165676,0.0,-0.122000000,-0.063165676
5601,-Z,-Z,714111,-0.137000000,-0.078079304,0.0,-0.137000000,-0.078079304
5602,-Z,-Z,714192,-0.133000000,-0.074102336,0.0,-0.133000000,-0.074102336
5603,-Z,-Z,714272,-0.135000000,-0.076090820,0.0,-0.135000000,-0.076090820
5604,-Z,-Z,714351,-0.138000000,-0.079073546,0.0,-0.138000000,-0.079073546
5605,-Z,-Z,714431,-0.135000000,-0.076090820,0.0,-0.135000000,-0.076090820
5606,-Z,-Z,714512,-0.132000000,-0.073108094,0.0,-0.132000000,-0.073108094
5607,-Z,-Z,714591,-0.133000000,-0.074102336,0.0,-0.133000000,-0.074102336
5608,-Z,-Z,714671,-0.135000000,-0.076090820,0.0,-0.135000000,-0.076090820
5609,-Z,-Z,714752,-0.130000000,-0.071119611,0.0,-0.130000000,-0.071119611
5610,-Z,-Z,714832,-0.133000000,-0.074102336,0.0,-0.133000000,-0.074102336
5611,-Z,-Z,714911,-0.135000000,-0.076090820,0.0,-0.135000000,-0.076090820
5612,-Z,-Z,714991,-0.135000000,-0.076090820,0.0,-0.135000000,-0.076090820
5613,-Z,-Z,715072,-0.136000000,-0.077085062,0.0,-0.136000000,-0.077085062
5614,-Z,-Z,715151,-0.135000000,-0.076090820,0.0,-0.135000000,-0.076090820
5615,-Z,-Z,715231,-0.133000000,-0.074102336,0.0,-0.133000000,-0.074102336
5616,-Z,-Z,715312,-0.133000000,-0.074102336,0.0,-0.133000000,-0.074102336
5617,-Z,-Z,715392,-0.137000000,-0.078079304,0.0,-0.137000000,-0.078079304
5618,-Z,-Z,715471,-0.133000000,-0.074102336,0.0,-0.133000000,-0.074102336
5619,-Z,-Z,715551,-0.137000000,-0.078079304,0.0,-0.137000000,-0.078079304
5620,-Z,-Z,715632,-0.136000000,-0.077085062,0.0,-0.136000000,-0.077085062
5621,-Z,-Z,715711,-0.136000000,-0.077085062,0.0,-0.136000000,-0.077085062
5622,-Z,-Z,715791,-0.136000000,-0.077085062,0.0,-0.136000000,-0.077085062
5623,-Z,-Z,715872,-0.135000000,-0.076090820,0.0,-0.135000000,-0.076090820
5624,-Z,-Z,715951,-0.135000000,-0.076090820,0.0,-0.135000000,-0.076090820
5625,-Z,-Z,716031,-0.135000000,-0.076090820,0.0,-0.135000000,-0.076090820
5626,-Z,-Z,716111,-0.136000000,-0.077085062,0.0,-0.136000000,-0.077085062
5627,-Z,-Z,716192,-0.133000000,-0.074102336,0.0,-0.133000000,-0.074102336
5628,-Z,-Z,716271,-0.136000000,-0.077085062,0.0,-0.136000000,-0.077085062
5629,-Z,-Z,716351,-0.140000000,-0.081062029,0.0,-0.140000000,-0.081062029
5630,-Z,-Z,716432,-0.141000000,-0.082056271,0.0,-0.141000000,-0.082056271
5631,-Z,-Z,716511,-0.141000000,-0.082056271,0.0,-0.141000000,-0.082056271
5632,-Z,-Z,716591,-0.136000000,-0.077085062,0.0,-0.136000000,-0.077085062
5633,-Z,-Z,716672,-0.137000000,-0.078079304,0.0,-0.137000000,-0.078079304
5634,-Z,-Z,716752,-0.130000000,-0.071119611,0.0,-0.130000000,-0.071119611
5635,-Z,-Z,716831,-0.133000000,-0.074102336,0.0,-0.133000000,-0.074102336
5636,-Z,-Z,716911,-0.132000000,-0.073108094,0.0,-0.132000000,-0.073108094
5637,-Z,-Z,716992,-0.132000000,-0.073108094,0.0,-0.132000000,-0.073108094
5638,-Z,-Z,717071,-0.133000000,-0.074102336,0.0,-0.133000000,-0.074102336
5639,-Z,-Z,717151,-0.136000000,-0.077085062,0.0,-0.136000000,-0.077085062
5640,-Z,-Z,717232,-0.138000000,-0.079073546,0.0,-0.138000000,-0.079073546
5641,-Z,-Z,717312,-0.135000000,-0.076090820,0.0,-0.135000000,-0.076090820
5642,-Z,-Z,717391,-0.138000000,-0.079073546,0.0,-0.138000000,-0.079073546
5643,-Z,-Z,717471,-0.137000000,-0.078079304,0.0,-0.137000000,-0.078079304
5644,-Z,-Z,717552,-0.136000000,-0.077085062,0.0,-0.136000000,-0.077085062
5645,-Z,-Z,717631,-0.137000000,-0.078079304,0.0,-0.137000000,-0.078079304
5646,-Z,-Z,717711,-0.136000000,-0.077085062,0.0,-0.136000000,-0.077085062
5647,-Z,-Z,717792,-0.127000000,-0.068136885,0.0,-0.127000000,-0.068136885
5648,-Z,-Z,717872,-0.136000000,-0.077085062,0.0,-0.136000000,-0.077085062
5649,-Z,-Z,717951,-0.136000000,-0.077085062,0.0,-0.136000000,-0.077085062
5650,-Z,-Z,718031,-0.136000000,-0.077085062,0.0,-0.136000000,-0.077085062
5651,-Z,-Z,718112,-0.127000000,-0.068136885,0.0,-0.127000000,-0.068136885
5652,-Z,-Z,718191,-0.141000000,-0.082056271,0.0,-0.141000000,-0.082056271
5653,-Z,-Z,718271,-0.132000000,-0.073108094,0.0,-0.132000000,-0.073108094
5654,-Z,-Z,718352,-0.136000000,-0.077085062,0.0,-0.136000000,-0.077085062
5655,-Z,-Z,718432,-0.136000000,-0.077085062,0.0,-0.136000000,-0.077085062
5656,-Z,-Z,718511,-0.132000000,-0.073108094,0.0,-0.132000000,-0.073108094
5657,-Z,-Z,718592,-0.136000000,-0.077085062,0.0,-0.136000000,-0.077085062
5658,-Z,-Z,718672,-0.141000000,-0.082056271,0.0,-0.141000000,-0.082056271
5659,-Z,-Z,718751,-0.136000000,-0.077085062,0.0,-0.136000000,-0.077085062
5660,-Z,-Z,718831,-0.141000000,-0.082056271,0.0,-0.141000000,-0.082056271
5661,-Z,-Z,718912,-0.132000000,-0.073108094,0.0,-0.132000000,-0.073108094
5662,-Z,-Z,718991,-0.137000000,-0.078079304,0.0,-0.137000000,-0.078079304
5663,-Z,-Z,719071,-0.137000000,-0.078079304,0.0,-0.137000000,-0.078079304
5664,-Z,-Z,719152,-0.135000000,-0.076090820,0.0,-0.135000000,-0.076090820
5665,-Z,-Z,719232,-0.136000000,-0.077085062,0.0,-0.136000000,-0.077085062
5666,-Z,-Z,719311,-0.137000000,-0.078079304,0.0,-0.137000000,-0.078079304
5667,-Z,-Z,719391,-0.136000000,-0.077085062,0.0,-0.136000000,-0.077085062
5668,-Z,-Z,719472,-0.135000000,-0.076090820,0.0,-0.135000000,-0.076090820
5669,-Z,-Z,719551,-0.133000000,-0.074102336,0.0,-0.133000000,-0.074102336
5670,-Z,-Z,719631,-0.137000000,-0.078079304,0.0,-0.137000000,-0.078079304
5671,-Z,-Z,719712,-0.136000000,-0.077085062,0.0,-0.136000000,-0.077085062
5672,-Z,-Z,719791,-0.137000000,-0.078079304,0.0,-0.137000000,-0.078079304
5673,-Z,-Z,719871,-0.140000000,-0.081062029,0.0,-0.140000000,-0.081062029
5674,-Z,-Z,719952,-0.141000000,-0.082056271,0.0,-0.141000000,-0.082056271
5675,-Z,-Z,720032,-0.136000000,-0.077085062,0.0,-0.136000000,-0.077085062
5676,-Z,-Z,720111,-0.136000000,-0.077085062,0.0,-0.136000000,-0.077085062
5677,-Z,-Z,720191,-0.136000000,-0.077085062,0.0,-0.136000000,-0.077085062
5678,-Z,-Z,720272,-0.128000000,-0.069131127,0.0,-0.128000000,-0.069131127
5679,-Z,-Z,720351,-0.132000000,-0.073108094,0.0,-0.132000000,-0.073108094
5680,-Z,-Z,720431,-0.130000000,-0.071119611,0.0,-0.130000000,-0.071119611
5681,-Z,-Z,720512,-0.133000000,-0.074102336,0.0,-0.133000000,-0.074102336
5682,-Z,-Z,720592,-0.136000000,-0.077085062,0.0,-0.136000000,-0.077085062
5683,-Z,-Z,720671,-0.136000000,-0.077085062,0.0,-0.136000000,-0.077085062
5684,-Z,-Z,720751,-0.136000000,-0.077085062,0.0,-0.136000000,-0.077085062
5685,-Z,-Z,720832,-0.130000000,-0.071119611,0.0,-0.130000000,-0.071119611
5686,-Z,-Z,720911,-0.137000000,-0.078079304,0.0,-0.137000000,-0.078079304
5687,-Z,-Z,720991,-0.136000000,-0.077085062,0.0,-0.136000000,-0.077085062
5688,-Z,-Z,721072,-0.135000000,-0.076090820,0.0,-0.135000000,-0.076090820
5689,-Z,-Z,721151,-0.135000000,-0.076090820,0.0,-0.135000000,-0.076090820
5690,-Z,-Z,721231,-0.130000000,-0.071119611,0.0,-0.130000000,-0.071119611
5691,-Z,-Z,721312,-0.132000000,-0.073108094,0.0,-0.132000000,-0.073108094
5692,-Z,-Z,721392,-0.130000000,-0.071119611,0.0,-0.130000000,-0.071119611
5693,-Z,-Z,721471,-0.136000000,-0.077085062,0.0,-0.136000000,-0.077085062
5694,-Z,-Z,721551,-0.136000000,-0.077085062,0.0,-0.136000000,-0.077085062
5695,-Z,-Z,721632,-0.132000000,-0.073108094,0.0,-0.132000000,-0.073108094
5696,-Z,-Z,721711,-0.138000000,-0.079073546,0.0,-0.138000000,-0.079073546
5697,-Z,-Z,721791,-0.135000000,-0.076090820,0.0,-0.135000000,-0.076090820
5698,-Z,-Z,721872,-0.132000000,-0.073108094,0.0,-0.132000000,-0.073108094
5699,-Z,-Z,721952,-0.136000000,-0.077085062,0.0,-0.136000000,-0.077085062
5700,-Z,-Z,722031,-0.132000000,-0.073108094,0.0,-0.132000000,-0.073108094
5701,-Z,-Z,722111,-0.132000000,-0.073108094,0.0,-0.132000000,-0.073108094
5702,-Z,-Z,722192,-0.136000000,-0.077085062,0.0,-0.136000000,-0.077085062
5703,-Z,-Z,722271,-0.129000000,-0.070125369,0.0,-0.129000000,-0.070125369
5704,-Z,-Z,722351,-0.136000000,-0.077085062,0.0,-0.136000000,-0.077085062
5705,-Z,-Z,722432,-0.137000000,-0.078079304,0.0,-0.137000000,-0.078079304
5706,-Z,-Z,722511,-0.133000000,-0.074102336,0.0,-0.133000000,-0.074102336
5707,-Z,-Z,722591,-0.136000000,-0.077085062,0.0,-0.136000000,-0.077085062
5708,-Z,-Z,722672,-0.136000000,-0.077085062,0.0,-0.136000000,-0.077085062
5709,-Z,-Z,722752,-0.133000000,-0.074102336,0.0,-0.133000000,-0.074102336
5710,-Z,-Z,722831,-0.145000000,-0.086033238,0.0,-0.145000000,-0.086033238
5711,-Z,-Z,722911,-0.136000000,-0.077085062,0.0,-0.136000000,-0.077085062
5712,-Z,-Z,722992,-0.136000000,-0.077085062,0.0,-0.136000000,-0.077085062
5713,-Z,-Z,723071,-0.132000000,-0.073108094,0.0,-0.132000000,-0.073108094
5714,-Z,-Z,723151,-0.132000000,-0.073108094,0.0,-0.132000000,-0.073108094
5715,-Z,-Z,723232,-0.141000000,-0.082056271,0.0,-0.141000000,-0.082056271
5716,-Z,-Z,723311,-0.137000000,-0.078079304,0.0,-0.137000000,-0.078079304
5717,-Z,-Z,723391,-0.135000000,-0.076090820,0.0,-0.135000000,-0.076090820
5718,-Z,-Z,723472,-0.132000000,-0.073108094,0.0,-0.132000000,-0.073108094
5719,-Z,-Z,723552,-0.141000000,-0.082056271,0.0,-0.141000000,-0.082056271
5720,-Z,-Z,723631,-0.133000000,-0.074102336,0.0,-0.133000000,-0.074102336
5721,-Z,-Z,723711,-0.137000000,-0.078079304,0.0,-0.137000000,-0.078079304
5722,-Z,-Z,723792,-0.136000000,-0.077085062,0.0,-0.136000000,-0.077085062
5723,-Z,-Z,723871,-0.136000000,-0.077085062,0.0,-0.136000000,-0.077085062
5724,-Z,-Z,723951,-0.138000000,-0.079073546,0.0,-0.138000000,-0.079073546
5725,-Z,-Z,724032,-0.136000000,-0.077085062,0.0,-0.136000000,-0.077085062
5726,-Z,-Z,724111,-0.133000000,-0.074102336,0.0,-0.133000000,-0.074102336
5727,-Z,-Z,724191,-0.133000000,-0.074102336,0.0,-0.133000000,-0.074102336
5728,-Z,-Z,724271,-0.136000000,-0.077085062,0.0,-0.136000000,-0.077085062
5729,-Z,-Z,724352,-0.136000000,-0.077085062,0.0,-0.136000000,-0.077085062
5730,-Z,-Z,724431,-0.132000000,-0.073108094,0.0,-0.132000000,-0.073108094
5731,-Z,-Z,724511,-0.136000000,-0.077085062,0.0,-0.136000000,-0.077085062
5732,-Z,-Z,724592,-0.135000000,-0.076090820,0.0,-0.135000000,-0.076090820
5733,-Z,-Z,724671,-0.132000000,-0.073108094,0.0,-0.132000000,-0.073108094
5734,-Z,-Z,724751,-0.132000000,-0.073108094,0.0,-0.132000000,-0.073108094
5735,-Z,-Z,724832,-0.133000000,-0.074102336,0.0,-0.133000000,-0.074102336
5736,-Z,-Z,724912,-0.127000000,-0.068136885,0.0,-0.127000000,-0.068136885
5737,-Z,-Z,724991,-0.135000000,-0.076090820,0.0,-0.135000000,-0.076090820
5738,-Z,-Z,725071,-0.132000000,-0.073108094,0.0,-0.132000000,-0.073108094
5739,-Z,-Z,725152,-0.136000000,-0.077085062,0.0,-0.136000000,-0.077085062
5740,-Z,-Z,725231,-0.136000000,-0.077085062,0.0,-0.136000000,-0.077085062
5741,-Z,-Z,725311,-0.136000000,-0.077085062,0.0,-0.136000000,-0.077085062
5742,-Z,-Z,725392,-0.130000000,-0.071119611,0.0,-0.130000000,-0.071119611
5743,-Z,-Z,725471,-0.130000000,-0.071119611,0.0,-0.130000000,-0.071119611
5744,-Z,-Z,725551,-0.137000000,-0.078079304,0.0,-0.137000000,-0.078079304
5745,-Z,-Z,725632,-0.136000000,-0.077085062,0.0,-0.136000000,-0.077085062
5746,-Z,-Z,725712,-0.137000000,-0.078079304,0.0,-0.137000000,-0.078079304
5747,-Z,-Z,725791,-0.135000000,-0.076090820,0.0,-0.135000000,-0.076090820
5748,-Z,-Z,725871,-0.137000000,-0.078079304,0.0,-0.137000000,-0.078079304
5749,-Z,-Z,725952,-0.130000000,-0.071119611,0.0,-0.130000000,-0.071119611
5750,-Z,-Z,726031,-0.128000000,-0.069131127,0.0,-0.128000000,-0.069131127
5751,-Z,-Z,726111,-0.132000000,-0.073108094,0.0,-0.132000000,-0.073108094
5752,-Z,-Z,726192,-0.128000000,-0.069131127,0.0,-0.128000000,-0.069131127
5753,-Z,-Z,726272,-0.128000000,-0.069131127,0.0,-0.128000000,-0.069131127
5754,-Z,-Z,726351,-0.144000000,-0.085038997,0.0,-0.144000000,-0.085038997
5755,-Z,-Z,726432,-0.137000000,-0.078079304,0.0,-0.137000000,-0.078079304
5756,-Z,-Z,726512,-0.136000000,-0.077085062,0.0,-0.136000000,-0.077085062
5757,-Z,-Z,726591,-0.130000000,-0.071119611,0.0,-0.130000000,-0.071119611
5758,-Z,-Z,726671,-0.136000000,-0.077085062,0.0,-0.136000000,-0.077085062
5759,-Z,-Z,726752,-0.132000000,-0.073108094,0.0,-0.132000000,-0.073108094
5760,-Z,-Z,726831,-0.135000000,-0.076090820,0.0,-0.135000000,-0.076090820
5761,-Z,-Z,726911,-0.136000000,-0.077085062,0.0,-0.136000000,-0.077085062
5762,-Z,-Z,726992,-0.132000000,-0.073108094,0.0,-0.132000000,-0.073108094
5763,-Z,-Z,727072,-0.136000000,-0.077085062,0.0,-0.136000000,-0.077085062
5764,-Z,-Z,727151,-0.140000000,-0.081062029,0.0,-0.140000000,-0.081062029
5765,-Z,-Z,727231,-0.140000000,-0.081062029,0.0,-0.140000000,-0.081062029
5766,-Z,-Z,727312,-0.136000000,-0.077085062,0.0,-0.136000000,-0.077085062
5767,-Z,-Z,727391,-0.130000000,-0.071119611,0.0,-0.130000000,-0.071119611
5768,-Z,-Z,727471,-0.127000000,-0.068136885,0.0,-0.127000000,-0.068136885
5769,-Z,-Z,727552,-0.133000000,-0.074102336,0.0,-0.133000000,-0.074102336
5770,-Z,-Z,727631,-0.135000000,-0.076090820,0.0,-0.135000000,-0.076090820
5771,-Z,-Z,727711,-0.136000000,-0.077085062,0.0,-0.136000000,-0.077085062
5772,-Z,-Z,727792,-0.132000000,-0.073108094,0.0,-0.132000000,-0.073108094
5773,-Z,-Z,727872,-0.132000000,-0.073108094,0.0,-0.132000000,-0.073108094
5774,-Z,-Z,727951,-0.129000000,-0.070125369,0.0,-0.129000000,-0.070125369
5775,-Z,-Z,728031,-0.136000000,-0.077085062,0.0,-0.136000000,-0.077085062
5776,-Z,-Z,728112,-0.130000000,-0.071119611,0.0,-0.130000000,-0.071119611
5777,-Z,-Z,728191,-0.133000000,-0.074102336,0.0,-0.133000000,-0.074102336
5778,-Z,-Z,728271,-0.133000000,-0.074102336,0.0,-0.133000000,-0.074102336
5779,-Z,-Z,728352,-0.125000000,-0.066148402,0.0,-0.125000000,-0.066148402
5780,-Z,-Z,728432,-0.127000000,-0.068136885,0.0,-0.127000000,-0.068136885
5781,-Z,-Z,728511,-0.137000000,-0.078079304,0.0,-0.137000000,-0.078079304
5782,-Z,-Z,728591,-0.132000000,-0.073108094,0.0,-0.132000000,-0.073108094
5783,-Z,-Z,728672,-0.132000000,-0.073108094,0.0,-0.132000000,-0.073108094
5784,-Z,-Z,728751,-0.130000000,-0.071119611,0.0,-0.130000000,-0.071119611
5785,-Z,-Z,728831,-0.132000000,-0.073108094,0.0,-0.132000000,-0.073108094
5786,-Z,-Z,728912,-0.137000000,-0.078079304,0.0,-0.137000000,-0.078079304
5787,-Z,-Z,728992,-0.137000000,-0.078079304,0.0,-0.137000000,-0.078079304
5788,-Z,-Z,729071,-0.135000000,-0.076090820,0.0,-0.135000000,-0.076090820
5789,-Z,-Z,729152,-0.136000000,-0.077085062,0.0,-0.136000000,-0.077085062
5790,-Z,-Z,729232,-0.135000000,-0.076090820,0.0,-0.135000000,-0.076090820
5791,-Z,-Z,729311,-0.135000000,-0.076090820,0.0,-0.135000000,-0.076090820
5792,-Z,-Z,729391,-0.130000000,-0.071119611,0.0,-0.130000000,-0.071119611
5793,-Z,-Z,729472,-0.141000000,-0.082056271,0.0,-0.141000000,-0.082056271
5794,-Z,-Z,729551,-0.133000000,-0.074102336,0.0,-0.133000000,-0.074102336
5795,-Z,-Z,729631,-0.133000000,-0.074102336,0.0,-0.133000000,-0.074102336
5796,-Z,-Z,729712,-0.136000000,-0.077085062,0.0,-0.136000000,-0.077085062
5797,-Z,-Z,729792,-0.136000000,-0.077085062,0.0,-0.136000000,-0.077085062
5798,-Z,-Z,729871,-0.132000000,-0.073108094,0.0,-0.132000000,-0.073108094
5799,-Z,-Z,729951,-0.136000000,-0.077085062,0.0,-0.136000000,-0.077085062
5800,-Z,-Z,730032,-0.132000000,-0.073108094,0.0,-0.132000000,-0.073108094
5801,-Z,-Z,730111,-0.132000000,-0.073108094,0.0,-0.132000000,-0.073108094
5802,-Z,-Z,730191,-0.130000000,-0.071119611,0.0,-0.130000000,-0.071119611
5803,-Z,-Z,730272,-0.137000000,-0.078079304,0.0,-0.137000000,-0.078079304
5804,-Z,-Z,730351,-0.137000000,-0.078079304,0.0,-0.137000000,-0.078079304
5805,-Z,-Z,730431,-0.128000000,-0.069131127,0.0,-0.128000000,-0.069131127
5806,-Z,-Z,730512,-0.132000000,-0.073108094,0.0,-0.132000000,-0.073108094
5807,-Z,-Z,730592,-0.129000000,-0.070125369,0.0,-0.129000000,-0.070125369
5808,-Z,-Z,730671,-0.132000000,-0.073108094,0.0,-0.132000000,-0.073108094
5809,-Z,-Z,730752,-0.133000000,-0.074102336,0.0,-0.133000000,-0.074102336
5810,-Z,-Z,730832,-0.130000000,-0.071119611,0.0,-0.130000000,-0.071119611
5811,-Z,-Z,730911,-0.132000000,-0.073108094,0.0,-0.132000000,-0.073108094
5812,-Z,-Z,730991,-0.137000000,-0.078079304,0.0,-0.137000000,-0.078079304
5813,-Z,-Z,731072,-0.132000000,-0.073108094,0.0,-0.132000000,-0.073108094
5814,-Z,-Z,731151,-0.132000000,-0.073108094,0.0,-0.132000000,-0.073108094
5815,-Z,-Z,731231,-0.136000000,-0.077085062,0.0,-0.136000000,-0.077085062
5816,-Z,-Z,731312,-0.133000000,-0.074102336,0.0,-0.133000000,-0.074102336
5817,-Z,-Z,731392,-0.133000000,-0.074102336,0.0,-0.133000000,-0.074102336
5818,-Z,-Z,731471,-0.135000000,-0.076090820,0.0,-0.135000000,-0.076090820
5819,-Z,-Z,731551,-0.133000000,-0.074102336,0.0,-0.133000000,-0.074102336
5820,-Z,-Z,731632,-0.135000000,-0.076090820,0.0,-0.135000000,-0.076090820
5821,-Z,-Z,731711,-0.136000000,-0.077085062,0.0,-0.136000000,-0.077085062
5822,-Z,-Z,731791,-0.125000000,-0.066148402,0.0,-0.125000000,-0.066148402
5823,-Z,-Z,731872,-0.137000000,-0.078079304,0.0,-0.137000000,-0.078079304
5824,-Z,-Z,731951,-0.135000000,-0.076090820,0.0,-0.135000000,-0.076090820
5825,-Z,-Z,732031,-0.138000000,-0.079073546,0.0,-0.138000000,-0.079073546
5826,-Z,-Z,732112,-0.136000000,-0.077085062,0.0,-0.136000000,-0.077085062
5827,-Z,-Z,732192,-0.133000000,-0.074102336,0.0,-0.133000000,-0.074102336
5828,-Z,-Z,732271,-0.134000000,-0.075096578,0.0,-0.134000000,-0.075096578
5829,-Z,-Z,732351,-0.134000000,-0.075096578,0.0,-0.134000000,-0.075096578
5830,-Z,-Z,732432,-0.132000000,-0.073108094,0.0,-0.132000000,-0.073108094
5831,-Z,-Z,732511,-0.132000000,-0.073108094,0.0,-0.132000000,-0.073108094
5832,-Z,-Z,732591,-0.132000000,-0.073108094,0.0,-0.132000000,-0.073108094
5833,-Z,-Z,732672,-0.137000000,-0.078079304,0.0,-0.137000000,-0.078079304
5834,-Z,-Z,732752,-0.136000000,-0.077085062,0.0,-0.136000000,-0.077085062
5835,-Z,-Z,732831,-0.138000000,-0.079073546,0.0,-0.138000000,-0.079073546
5836,-Z,-Z,732911,-0.132000000,-0.073108094,0.0,-0.132000000,-0.073108094
5837,-Z,-Z,732992,-0.137000000,-0.078079304,0.0,-0.137000000,-0.078079304
5838,-Z,-Z,733071,-0.137000000,-0.078079304,0.0,-0.137000000,-0.078079304
5839,-Z,-Z,733151,-0.129000000,-0.070125369,0.0,-0.129000000,-0.070125369
5840,-Z,-Z,733232,-0.138000000,-0.079073546,0.0,-0.138000000,-0.079073546
5841,-Z,-Z,733311,-0.137000000,-0.078079304,0.0,-0.137000000,-0.078079304
5842,-Z,-Z,733391,-0.137000000,-0.078079304,0.0,-0.137000000,-0.078079304
5843,-Z,-Z,733472,-0.121000000,-0.062171434,0.0,-0.121000000,-0.062171434
5844,-Z,-Z,733552,-0.138000000,-0.079073546,0.0,-0.138000000,-0.079073546
5845,-Z,-Z,733631,-0.137000000,-0.078079304,0.0,-0.137000000,-0.078079304
5846,-Z,-Z,733711,-0.135000000,-0.076090820,0.0,-0.135000000,-0.076090820
5847,-Z,-Z,733792,-0.133000000,-0.074102336,0.0,-0.133000000,-0.074102336
5848,-Z,-Z,733871,-0.132000000,-0.073108094,0.0,-0.132000000,-0.073108094
5849,-Z,-Z,733951,-0.125000000,-0.066148402,0.0,-0.125000000,-0.066148402
5850,-Z,-Z,734032,-0.136000000,-0.077085062,0.0,-0.136000000,-0.077085062
5851,-Z,-Z,734111,-0.132000000,-0.073108094,0.0,-0.132000000,-0.073108094
5852,-Z,-Z,734191,-0.132000000,-0.073108094,0.0,-0.132000000,-0.073108094
5853,-Z,-Z,734271,-0.136000000,-0.077085062,0.0,-0.136000000,-0.077085062
5854,-Z,-Z,734352,-0.141000000,-0.082056271,0.0,-0.141000000,-0.082056271
5855,-Z,-Z,734431,-0.141000000,-0.082056271,0.0,-0.141000000,-0.082056271
5856,-Z,-Z,734511,-0.138000000,-0.079073546,0.0,-0.138000000,-0.079073546
5857,-Z,-Z,734592,-0.135000000,-0.076090820,0.0,-0.135000000,-0.076090820
5858,-Z,-Z,734671,-0.132000000,-0.073108094,0.0,-0.132000000,-0.073108094
5859,-Z,-Z,734751,-0.136000000,-0.077085062,0.0,-0.136000000,-0.077085062
5860,-Z,-Z,734831,-0.137000000,-0.078079304,0.0,-0.137000000,-0.078079304
5861,-Z,-Z,734912,-0.132000000,-0.073108094,0.0,-0.132000000,-0.073108094
5862,-Z,-Z,734991,-0.132000000,-0.073108094,0.0,-0.132000000,-0.073108094
5863,-Z,-Z,735071,-0.132000000,-0.073108094,0.0,-0.132000000,-0.073108094
5864,-Z,-Z,735152,-0.136000000,-0.077085062,0.0,-0.136000000,-0.077085062
5865,-Z,-Z,735231,-0.135000000,-0.076090820,0.0,-0.135000000,-0.076090820
5866,-Z,-Z,735311,-0.127000000,-0.068136885,0.0,-0.127000000,-0.068136885
5867,-Z,-Z,735392,-0.132000000,-0.073108094,0.0,-0.132000000,-0.073108094
5868,-Z,-Z,735472,-0.132000000,-0.073108094,0.0,-0.132000000,-0.073108094
5869,-Z,-Z,735551,-0.136000000,-0.077085062,0.0,-0.136000000,-0.077085062
5870,-Z,-Z,735631,-0.125000000,-0.066148402,0.0,-0.125000000,-0.066148402
5871,-Z,-Z,735712,-0.137000000,-0.078079304,0.0,-0.137000000,-0.078079304
5872,-Z,-Z,735791,-0.132000000,-0.073108094,0.0,-0.132000000,-0.073108094
5873,-Z,-Z,735871,-0.133000000,-0.074102336,0.0,-0.133000000,-0.074102336
5874,-Z,-Z,735952,-0.136000000,-0.077085062,0.0,-0.136000000,-0.077085062
5875,-Z,-Z,736032,-0.136000000,-0.077085062,0.0,-0.136000000,-0.077085062
5876,-Z,-Z,736111,-0.132000000,-0.073108094,0.0,-0.132000000,-0.073108094
5877,-Z,-Z,736191,-0.132000000,-0.073108094,0.0,-0.132000000,-0.073108094
5878,-Z,-Z,736272,-0.136000000,-0.077085062,0.0,-0.136000000,-0.077085062
5879,-Z,-Z,736351,-0.138000000,-0.079073546,0.0,-0.138000000,-0.079073546
5880,-Z,-Z,736431,-0.138000000,-0.079073546,0.0,-0.138000000,-0.079073546
5881,-Z,-Z,736512,-0.136000000,-0.077085062,0.0,-0.136000000,-0.077085062
5882,-Z,-Z,736592,-0.130000000,-0.071119611,0.0,-0.130000000,-0.071119611
5883,-Z,-Z,736671,-0.122000000,-0.063165676,0.0,-0.122000000,-0.063165676
5884,-Z,-Z,736751,-0.129000000,-0.070125369,0.0,-0.129000000,-0.070125369
5885,-Z,-Z,736832,-0.133000000,-0.074102336,0.0,-0.133000000,-0.074102336
5886,-Z,-Z,736911,-0.133000000,-0.074102336,0.0,-0.133000000,-0.074102336
5887,-Z,-Z,736991,-0.135000000,-0.076090820,0.0,-0.135000000,-0.076090820
5888,-Z,-Z,737072,-0.138000000,-0.079073546,0.0,-0.138000000,-0.079073546
5889,-Z,-Z,737151,-0.136000000,-0.077085062,0.0,-0.136000000,-0.077085062
5890,-Z,-Z,737231,-0.129000000,-0.070125369,0.0,-0.129000000,-0.070125369
5891,-Z,-Z,737312,-0.135000000,-0.076090820,0.0,-0.135000000,-0.076090820
5892,-Z,-Z,737392,-0.132000000,-0.073108094,0.0,-0.132000000,-0.073108094
5893,-Z,-Z,737471,-0.132000000,-0.073108094,0.0,-0.132000000,-0.073108094
5894,-Z,-Z,737551,-0.132000000,-0.073108094,0.0,-0.132000000,-0.073108094
5895,-Z,-Z,737632,-0.132000000,-0.073108094,0.0,-0.132000000,-0.073108094
5896,-Z,-Z,737711,-0.127000000,-0.068136885,0.0,-0.127000000,-0.068136885
5897,-Z,-Z,737791,-0.141000000,-0.082056271,0.0,-0.141000000,-0.082056271
5898,-Z,-Z,737872,-0.135000000,-0.076090820,0.0,-0.135000000,-0.076090820
5899,-Z,-Z,737951,-0.137000000,-0.078079304,0.0,-0.137000000,-0.078079304
5900,-Z,-Z,738031,-0.132000000,-0.073108094,0.0,-0.132000000,-0.073108094
5901,-Z,-Z,738112,-0.136000000,-0.077085062,0.0,-0.136000000,-0.077085062
5902,-Z,-Z,738192,-0.132000000,-0.073108094,0.0,-0.132000000,-0.073108094
5903,-Z,-Z,738271,-0.136000000,-0.077085062,0.0,-0.136000000,-0.077085062
5904,-Z,-Z,738351,-0.135000000,-0.076090820,0.0,-0.135000000,-0.076090820
5905,-Z,-Z,738432,-0.136000000,-0.077085062,0.0,-0.136000000,-0.077085062
5906,-Z,-Z,738511,-0.136000000,-0.077085062,0.0,-0.136000000,-0.077085062
5907,-Z,-Z,738591,-0.135000000,-0.076090820,0.0,-0.135000000,-0.076090820
5908,-Z,-Z,738672,-0.132000000,-0.073108094,0.0,-0.132000000,-0.073108094
5909,-Z,-Z,738752,-0.136000000,-0.077085062,0.0,-0.136000000,-0.077085062
5910,-Z,-Z,738831,-0.132000000,-0.073108094,0.0,-0.132000000,-0.073108094
5911,-Z,-Z,738912,-0.132000000,-0.073108094,0.0,-0.132000000,-0.073108094
5912,-Z,-Z,738992,-0.132000000,-0.073108094,0.0,-0.132000000,-0.073108094
5913,-Z,-Z,739071,-0.130000000,-0.071119611,0.0,-0.130000000,-0.071119611
5914,-Z,-Z,739151,-0.132000000,-0.073108094,0.0,-0.132000000,-0.073108094
5915,-Z,-Z,739232,-0.136000000,-0.077085062,0.0,-0.136000000,-0.077085062
5916,-Z,-Z,739311,-0.136000000,-0.077085062,0.0,-0.136000000,-0.077085062
5917,-Z,-Z,739391,-0.132000000,-0.073108094,0.0,-0.132000000,-0.073108094
5918,-Z,-Z,739472,-0.132000000,-0.073108094,0.0,-0.132000000,-0.073108094
5919,-Z,-Z,739552,-0.135000000,-0.076090820,0.0,-0.135000000,-0.076090820
5920,-Z,-Z,739631,-0.136000000,-0.077085062,0.0,-0.136000000,-0.077085062
5921,-Z,-Z,739711,-0.133000000,-0.074102336,0.0,-0.133000000,-0.074102336
5922,-Z,-Z,739792,-0.133000000,-0.074102336,0.0,-0.133000000,-0.074102336
5923,-Z,-Z,739871,-0.132000000,-0.073108094,0.0,-0.132000000,-0.073108094
5924,-Z,-Z,739951,-0.135000000,-0.076090820,0.0,-0.135000000,-0.076090820
5925,-Z,-Z,740032,-0.135000000,-0.076090820,0.0,-0.135000000,-0.076090820
5926,-Z,-Z,740111,-0.137000000,-0.078079304,0.0,-0.137000000,-0.078079304
5927,-Z,-Z,740191,-0.132000000,-0.073108094,0.0,-0.132000000,-0.073108094
5928,-Z,-Z,740272,-0.130000000,-0.071119611,0.0,-0.130000000,-0.071119611
5929,-Z,-Z,740352,-0.125000000,-0.066148402,0.0,-0.125000000,-0.066148402
5930,-Z,-Z,740431,-0.140000000,-0.081062029,0.0,-0.140000000,-0.081062029
5931,-Z,-Z,740511,-0.140000000,-0.081062029,0.0,-0.140000000,-0.081062029
5932,-Z,-Z,740592,-0.133000000,-0.074102336,0.0,-0.133000000,-0.074102336
5933,-Z,-Z,740671,-0.132000000,-0.073108094,0.0,-0.132000000,-0.073108094
5934,-Z,-Z,740751,-0.130000000,-0.071119611,0.0,-0.130000000,-0.071119611
5935,-Z,-Z,740832,-0.133000000,-0.074102336,0.0,-0.133000000,-0.074102336
5936,-Z,-Z,740912,-0.132000000,-0.073108094,0.0,-0.132000000,-0.073108094
5937,-Z,-Z,740991,-0.132000000,-0.073108094,0.0,-0.132000000,-0.073108094
5938,-Z,-Z,741071,-0.133000000,-0.074102336,0.0,-0.133000000,-0.074102336
5939,-Z,-Z,741152,-0.132000000,-0.073108094,0.0,-0.132000000,-0.073108094
5940,-Z,-Z,741231,-0.135000000,-0.076090820,0.0,-0.135000000,-0.076090820
5941,-Z,-Z,741311,-0.142000000,-0.083050513,0.0,-0.142000000,-0.083050513
5942,-Z,-Z,741392,-0.125000000,-0.066148402,0.0,-0.125000000,-0.066148402
5943,-Z,-Z,741472,-0.137000000,-0.078079304,0.0,-0.137000000,-0.078079304
5944,-Z,-Z,741551,-0.137000000,-0.078079304,0.0,-0.137000000,-0.078079304
5945,-Z,-Z,741631,-0.138000000,-0.079073546,0.0,-0.138000000,-0.079073546
5946,-Z,-Z,741712,-0.135000000,-0.076090820,0.0,-0.135000000,-0.076090820
5947,-Z,-Z,741791,-0.136000000,-0.077085062,0.0,-0.136000000,-0.077085062
5948,-Z,-Z,741871,-0.136000000,-0.077085062,0.0,-0.136000000,-0.077085062
5949,-Z,-Z,741952,-0.130000000,-0.071119611,0.0,-0.130000000,-0.071119611
5950,-Z,-Z,742031,-0.122000000,-0.063165676,0.0,-0.122000000,-0.063165676
5951,-Z,-Z,742111,-0.137000000,-0.078079304,0.0,-0.137000000,-0.078079304
5952,-Z,-Z,742192,-0.141000000,-0.082056271,0.0,-0.141000000,-0.082056271
5953,-Z,-Z,742272,-0.133000000,-0.074102336,0.0,-0.133000000,-0.074102336
5954,-Z,-Z,742351,-0.132000000,-0.073108094,0.0,-0.132000000,-0.073108094
5955,-Z,-Z,742431,-0.132000000,-0.073108094,0.0,-0.132000000,-0.073108094
5956,-Z,-Z,742512,-0.128000000,-0.069131127,0.0,-0.128000000,-0.069131127
5957,-Z,-Z,742591,-0.128000000,-0.069131127,0.0,-0.128000000,-0.069131127
5958,-Z,-Z,742671,-0.143000000,-0.084044755,0.0,-0.143000000,-0.084044755
5959,-Z,-Z,742752,-0.136000000,-0.077085062,0.0,-0.136000000,-0.077085062
5960,-Z,-Z,742832,-0.129000000,-0.070125369,0.0,-0.129000000,-0.070125369
5961,-Z,-Z,742911,-0.129000000,-0.070125369,0.0,-0.129000000,-0.070125369
5962,-Z,-Z,742992,-0.132000000,-0.073108094,0.0,-0.132000000,-0.073108094
5963,-Z,-Z,743072,-0.133000000,-0.074102336,0.0,-0.133000000,-0.074102336
5964,-Z,-Z,743151,-0.137000000,-0.078079304,0.0,-0.137000000,-0.078079304
5965,-Z,-Z,743231,-0.136000000,-0.077085062,0.0,-0.136000000,-0.077085062
5966,-Z,-Z,743312,-0.132000000,-0.073108094,0.0,-0.132000000,-0.073108094
5967,-Z,-Z,743391,-0.133000000,-0.074102336,0.0,-0.133000000,-0.074102336
5968,-Z,-Z,743471,-0.133000000,-0.074102336,0.0,-0.133000000,-0.074102336
5969,-Z,-Z,743552,-0.133000000,-0.074102336,0.0,-0.133000000,-0.074102336
5970,-Z,-Z,743632,-0.125000000,-0.066148402,0.0,-0.125000000,-0.066148402
5971,-Z,-Z,743711,-0.137000000,-0.078079304,0.0,-0.137000000,-0.078079304
5972,-Z,-Z,743791,-0.132000000,-0.073108094,0.0,-0.132000000,-0.073108094
5973,-Z,-Z,743872,-0.129000000,-0.070125369,0.0,-0.129000000,-0.070125369
5974,-Z,-Z,743951,-0.132000000,-0.073108094,0.0,-0.132000000,-0.073108094
5975,-Z,-Z,744031,-0.136000000,-0.077085062,0.0,-0.136000000,-0.077085062
5976,-Z,-Z,744112,-0.128000000,-0.069131127,0.0,-0.128000000,-0.069131127
5977,-Z,-Z,744192,-0.141000000,-0.082056271,0.0,-0.141000000,-0.082056271
5978,-Z,-Z,744271,-0.135000000,-0.076090820,0.0,-0.135000000,-0.076090820
5979,-Z,-Z,744351,-0.135000000,-0.076090820,0.0,-0.135000000,-0.076090820
5980,-Z,-Z,744432,-0.130000000,-0.071119611,0.0,-0.130000000,-0.071119611
5981,-Z,-Z,744511,-0.135000000,-0.076090820,0.0,-0.135000000,-0.076090820
5982,-Z,-Z,744591,-0.135000000,-0.076090820,0.0,-0.135000000,-0.076090820
5983,-Z,-Z,744672,-0.137000000,-0.078079304,0.0,-0.137000000,-0.078079304
5984,-Z,-Z,744751,-0.136000000,-0.077085062,0.0,-0.136000000,-0.077085062
5985,-Z,-Z,744831,-0.133000000,-0.074102336,0.0,-0.133000000,-0.074102336
5986,-Z,-Z,744912,-0.133000000,-0.074102336,0.0,-0.133000000,-0.074102336
5987,-Z,-Z,744992,-0.130000000,-0.071119611,0.0,-0.130000000,-0.071119611
5988,-Z,-Z,745071,-0.130000000,-0.071119611,0.0,-0.130000000,-0.071119611
5989,-Z,-Z,745151,-0.125000000,-0.066148402,0.0,-0.125000000,-0.066148402
5990,-Z,-Z,745232,-0.133000000,-0.074102336,0.0,-0.133000000,-0.074102336
5991,-Z,-Z,745311,-0.136000000,-0.077085062,0.0,-0.136000000,-0.077085062
5992,-Z,-Z,745391,-0.135000000,-0.076090820,0.0,-0.135000000,-0.076090820
5993,-Z,-Z,745472,-0.129000000,-0.070125369,0.0,-0.129000000,-0.070125369
5994,-Z,-Z,745552,-0.133000000,-0.074102336,0.0,-0.133000000,-0.074102336
5995,-Z,-Z,745631,-0.133000000,-0.074102336,0.0,-0.133000000,-0.074102336
5996,-Z,-Z,745711,-0.129000000,-0.070125369,0.0,-0.129000000,-0.070125369
5997,-Z,-Z,745792,-0.137000000,-0.078079304,0.0,-0.137000000,-0.078079304
5998,-Z,-Z,745871,-0.129000000,-0.070125369,0.0,-0.129000000,-0.070125369
5999,-Z,-Z,745951,-0.132000000,-0.073108094,0.0,-0.132000000,-0.073108094
